{
"type": "FeatureCollection",
"name": "h3_grid",
"crs": { "type": "name", "properties": { "name": "urn:ogc:def:crs:OGC:1.3:CRS84" } },
"features": [
{ "type": "Feature", "properties": { "hex_id": "88a8a039e7fffff", "nome": "Guaratiba", "codbairro": "151", "codra": 26, "rp": "Guaratiba", "cod_rp": "5.4", "area_plane": "5", "ideb_bairro": "Guaratiba" }, "geometry": { "type": "Polygon", "coordinates": [ [ [ -43.560335066361006, -23.019821708226008 ], [ -43.556163969359972, -23.016833683857197 ], [ -43.557074176286754, -23.012161870064428 ], [ -43.562155406176402, -23.010478117907908 ], [ -43.566326466909473, -23.01346621081295 ], [ -43.565416334032548, -23.018137987326771 ], [ -43.560335066361006, -23.019821708226008 ] ] ] } },
{ "type": "Feature", "properties": { "hex_id": "88a8a075e5fffff", "nome": "Jacarepaguá", "codbairro": "115", "codra": 16, "rp": "Jacarepaguá", "cod_rp": "4.1", "area_plane": "4", "ideb_bairro": "Jacarepaguá" }, "geometry": { "type": "Polygon", "coordinates": [ [ [ -43.401988919821946, -22.954192410792228 ], [ -43.397818435908931, -22.951197634771731 ], [ -43.398729840611502, -22.946522861751223 ], [ -43.403811656002397, -22.944842900460106 ], [ -43.407982106072659, -22.947837744547375 ], [ -43.407070774606503, -22.95251248184746 ], [ -43.401988919821946, -22.954192410792228 ] ] ] } },
{ "type": "Feature", "properties": { "hex_id": "88a8a0290bfffff", "nome": "Campo Grande", "codbairro": "144", "codra": 18, "rp": "Campo Grande", "cod_rp": "5.2", "area_plane": "5", "ideb_bairro": "Campo Grande" }, "geometry": { "type": "Polygon", "coordinates": [ [ [ -43.548432800735299, -22.910075938888181 ], [ -43.544262437755194, -22.907083563123084 ], [ -43.545172584576754, -22.902405869813968 ], [ -43.550253020425757, -22.900720589410749 ], [ -43.554423347332076, -22.903713033481946 ], [ -43.553513274474874, -22.908390689638768 ], [ -43.548432800735299, -22.910075938888181 ] ] ] } },
{ "type": "Feature", "properties": { "hex_id": "88a8a06509fffff", "nome": "Deodoro", "codbairro": "134", "codra": 33, "rp": "Bangu", "cod_rp": "5.1", "area_plane": "5", "ideb_bairro": "Deodoro" }, "geometry": { "type": "Polygon", "coordinates": [ [ [ -43.390113706443778, -22.844343329478352 ], [ -43.385943961124717, -22.841344228729191 ], [ -43.386855304268359, -22.836663587380457 ], [ -43.391936319591707, -22.834982082355374 ], [ -43.396106031261084, -22.837981250936807 ], [ -43.395194761268506, -22.842661856699529 ], [ -43.390113706443778, -22.844343329478352 ] ] ] } },
{ "type": "Feature", "properties": { "hex_id": "88a8a0655dfffff", "nome": "Vila Militar", "codbairro": "135", "codra": 33, "rp": "Bangu", "cod_rp": "5.1", "area_plane": "5", "ideb_bairro": "Vila Militar" }, "geometry": { "type": "Polygon", "coordinates": [ [ [ -43.402623094603193, -22.853339296171079 ], [ -43.398453273226949, -22.850340863244487 ], [ -43.39936452780411, -22.845660657515431 ], [ -43.404445530552906, -22.843978920412127 ], [ -43.408615318087477, -22.846977421215644 ], [ -43.40770413672665, -22.851657591234034 ], [ -43.402623094603193, -22.853339296171079 ] ] ] } },
{ "type": "Feature", "properties": { "hex_id": "88a8a0768dfffff", "nome": "Vargem Grande", "codbairro": "131", "codra": 24, "rp": "Barra da Tijuca", "cod_rp": "4.2", "area_plane": "4", "ideb_bairro": "Vargem Grande" }, "geometry": { "type": "Polygon", "coordinates": [ [ [ -43.514072574274962, -23.013293178559245 ], [ -43.509901566645929, -23.010303640766328 ], [ -43.510812143119026, -23.005631641938763 ], [ -43.515893653417344, -23.003949217718212 ], [ -43.520064625485404, -23.006938823933226 ], [ -43.5191541228278, -23.011610785935172 ], [ -43.514072574274962, -23.013293178559245 ] ] ] } },
{ "type": "Feature", "properties": { "hex_id": "88a8a076e1fffff", "nome": "Vargem Grande", "codbairro": "131", "codra": 24, "rp": "Barra da Tijuca", "cod_rp": "4.2", "area_plane": "4", "ideb_bairro": "Vargem Grande" }, "geometry": { "type": "Polygon", "coordinates": [ [ [ -43.498827630635368, -23.018339230256938 ], [ -43.494656606205176, -23.015349458410039 ], [ -43.49556731455619, -23.010677788674677 ], [ -43.500648973609231, -23.008995927451632 ], [ -43.50481996271067, -23.011985767696331 ], [ -43.503909328099517, -23.01665740075476 ], [ -43.498827630635368, -23.018339230256938 ] ] ] } },
{ "type": "Feature", "properties": { "hex_id": "88a8a02a07fffff", "nome": "Guaratiba", "codbairro": "151", "codra": 26, "rp": "Guaratiba", "cod_rp": "5.4", "area_plane": "5", "ideb_bairro": "Guaratiba" }, "geometry": { "type": "Polygon", "coordinates": [ [ [ -43.62350334848032, -22.963900370623112 ], [ -43.619332565206975, -22.960912032080991 ], [ -43.620242172518402, -22.956236972905234 ], [ -43.625322488760659, -22.954550290154032 ], [ -43.629493234808585, -22.957538697269815 ], [ -43.628583701851333, -22.962213718551663 ], [ -43.62350334848032, -22.963900370623112 ] ] ] } },
{ "type": "Feature", "properties": { "hex_id": "88a8a06605fffff", "nome": "Bangu", "codbairro": "141", "codra": 17, "rp": "Bangu", "cod_rp": "5.1", "area_plane": "5", "ideb_bairro": "Bangu" }, "geometry": { "type": "Polygon", "coordinates": [ [ [ -43.465173422378285, -22.898289041074683 ], [ -43.461003226648977, -22.895293953348784 ], [ -43.461914037040309, -22.890615929766881 ], [ -43.466994969630335, -22.888933030232018 ], [ -43.471165130558049, -22.891928186057839 ], [ -43.470254393709034, -22.896606173307088 ], [ -43.465173422378285, -22.898289041074683 ] ] ] } },
{ "type": "Feature", "properties": { "hex_id": "88a8a02199fffff", "nome": "Santa Cruz", "codbairro": "149", "codra": 19, "rp": "Santa Cruz", "cod_rp": "5.3", "area_plane": "5", "ideb_bairro": "Santa Cruz" }, "geometry": { "type": "Polygon", "coordinates": [ [ [ -43.757929366429359, -22.932327279112044 ], [ -43.753758708001264, -22.929341490243548 ], [ -43.754667157938371, -22.924664272655654 ], [ -43.759746191294973, -22.922972883137358 ], [ -43.763916810451697, -22.925958740823045 ], [ -43.763008435534793, -22.930635919198362 ], [ -43.757929366429359, -22.932327279112044 ] ] ] } },
{ "type": "Feature", "properties": { "hex_id": "88a8a07735fffff", "nome": "Barra da Tijuca", "codbairro": "128", "codra": 24, "rp": "Barra da Tijuca", "cod_rp": "4.2", "area_plane": "4", "ideb_bairro": "Barra da Tijuca" }, "geometry": { "type": "Polygon", "coordinates": [ [ [ -43.403563983705872, -23.019245706728604 ], [ -43.39939306925632, -23.016253352505004 ], [ -43.400304554801735, -23.011582089860603 ], [ -43.405386881548999, -23.009903217173445 ], [ -43.409557762124784, -23.012895639587978 ], [ -43.408646349838797, -23.017566866487201 ], [ -43.403563983705872, -23.019245706728604 ] ] ] } },
{ "type": "Feature", "properties": { "hex_id": "88a8a02a5bfffff", "nome": "Guaratiba", "codbairro": "151", "codra": 26, "rp": "Guaratiba", "cod_rp": "5.4", "area_plane": "5", "ideb_bairro": "Guaratiba" }, "geometry": { "type": "Polygon", "coordinates": [ [ [ -43.657779772849871, -22.983125247067605 ], [ -43.653608837503803, -22.980138560610108 ], [ -43.654518189775423, -22.975464419754864 ], [ -43.659598402874067, -22.973777003576799 ], [ -43.663769300469575, -22.976763758720072 ], [ -43.662860022728637, -22.98143786134413 ], [ -43.657779772849871, -22.983125247067605 ] ] ] } },
{ "type": "Feature", "properties": { "hex_id": "88a8a06659fffff", "nome": "Campo Grande", "codbairro": "144", "codra": 18, "rp": "Campo Grande", "cod_rp": "5.2", "area_plane": "5", "ideb_bairro": "Campo Grande" }, "geometry": { "type": "Polygon", "coordinates": [ [ [ -43.499446413105012, -22.917564986610291 ], [ -43.495276051537786, -22.914571541172201 ], [ -43.496186609950996, -22.909894428914566 ], [ -43.501267456223609, -22.908210798755359 ], [ -43.505437782463872, -22.911204312405296 ], [ -43.504527297770188, -22.915881387991082 ], [ -43.499446413105012, -22.917564986610291 ] ] ] } },
{ "type": "Feature", "properties": { "hex_id": "88a8a021edfffff", "nome": "Santa Cruz", "codbairro": "149", "codra": 19, "rp": "Santa Cruz", "cod_rp": "5.3", "area_plane": "5", "ideb_bairro": "Santa Cruz" }, "geometry": { "type": "Polygon", "coordinates": [ [ [ -43.706226865697197, -22.953906378407758 ], [ -43.702056091788378, -22.950919954788958 ], [ -43.70296500154236, -22.946244072240763 ], [ -43.708044610450187, -22.944554652005181 ], [ -43.71221534587314, -22.947541144364536 ], [ -43.711306510885748, -22.952216988207422 ], [ -43.706226865697197, -22.953906378407758 ] ] ] } },
{ "type": "Feature", "properties": { "hex_id": "88a8a066adfffff", "nome": "Bangu", "codbairro": "141", "codra": 17, "rp": "Bangu", "cod_rp": "5.1", "area_plane": "5", "ideb_bairro": "Bangu" }, "geometry": { "type": "Polygon", "coordinates": [ [ [ -43.488611521786552, -22.851126846341405 ], [ -43.484441609155937, -22.848130680416897 ], [ -43.485352160644126, -22.843450035280448 ], [ -43.490432551125124, -22.841765592613807 ], [ -43.49460242860156, -22.844761826600042 ], [ -43.493691950762866, -22.849442435179682 ], [ -43.488611521786552, -22.851126846341405 ] ] ] } },
{ "type": "Feature", "properties": { "hex_id": "88a8a07591fffff", "nome": "Jacarepaguá", "codbairro": "115", "codra": 16, "rp": "Jacarepaguá", "cod_rp": "4.1", "area_plane": "4", "ideb_bairro": "Jacarepaguá" }, "geometry": { "type": "Polygon", "coordinates": [ [ [ -43.453716234355689, -22.932708953277604 ], [ -43.449545825876093, -22.929714808372228 ], [ -43.450456779082472, -22.925038681316593 ], [ -43.455538067287605, -22.923356735379585 ], [ -43.459708441136762, -22.926350948424659 ], [ -43.458797561422926, -22.931027039255525 ], [ -43.453716234355689, -22.932708953277604 ] ] ] } },
{ "type": "Feature", "properties": { "hex_id": "88a8a02b03fffff", "nome": "Guaratiba", "codbairro": "151", "codra": 26, "rp": "Guaratiba", "cod_rp": "5.4", "area_plane": "5", "ideb_bairro": "Guaratiba" }, "geometry": { "type": "Polygon", "coordinates": [ [ [ -43.567995552969634, -22.956080149631482 ], [ -43.563824868656212, -22.95308999598511 ], [ -43.564734921110457, -22.94841471135382 ], [ -43.5698155838163, -22.946729617706183 ], [ -43.573986231752158, -22.94971983978818 ], [ -43.57307625337139, -22.954395087070719 ], [ -43.567995552969634, -22.956080149631482 ] ] ] } },
{ "type": "Feature", "properties": { "hex_id": "88a8a06701fffff", "nome": "Realengo", "codbairro": "139", "codra": 33, "rp": "Bangu", "cod_rp": "5.1", "area_plane": "5", "ideb_bairro": "Realengo" }, "geometry": { "type": "Polygon", "coordinates": [ [ [ -43.409665595431875, -22.89040565026848 ], [ -43.405495520995665, -22.887408758098527 ], [ -43.406406771654602, -22.882730518434041 ], [ -43.411488023501022, -22.881049206713964 ], [ -43.41565806398404, -22.884046166847117 ], [ -43.414746886585547, -22.888724370725622 ], [ -43.409665595431875, -22.89040565026848 ] ] ] } },
{ "type": "Feature", "properties": { "hex_id": "88a8a02b57fffff", "nome": "Guaratiba", "codbairro": "151", "codra": 26, "rp": "Guaratiba", "cod_rp": "5.4", "area_plane": "5", "ideb_bairro": "Guaratiba" }, "geometry": { "type": "Polygon", "coordinates": [ [ [ -43.580507746851509, -22.965049264249618 ], [ -43.57633699211128, -22.96205978380825 ], [ -43.577246954722284, -22.957384938393396 ], [ -43.582327597946701, -22.955699610880643 ], [ -43.5864983161174, -22.958689159802073 ], [ -43.585588427644872, -22.963363967744694 ], [ -43.580507746851509, -22.965049264249618 ] ] ] } },
{ "type": "Feature", "properties": { "hex_id": "88a8a06461fffff", "nome": "Realengo", "codbairro": "139", "codra": 33, "rp": "Bangu", "cod_rp": "5.1", "area_plane": "5", "ideb_bairro": "Realengo" }, "geometry": { "type": "Polygon", "coordinates": [ [ [ -43.430375652199615, -22.857286886008374 ], [ -43.426205768707618, -22.854289353661411 ], [ -43.427116803494783, -22.849609255338141 ], [ -43.432197648428321, -22.847926725334759 ], [ -43.436367497654452, -22.850924325627055 ], [ -43.435456536224621, -22.855604387965887 ], [ -43.430375652199615, -22.857286886008374 ] ] ] } },
{ "type": "Feature", "properties": { "hex_id": "88a8a03993fffff", "nome": "Guaratiba", "codbairro": "151", "codra": 26, "rp": "Guaratiba", "cod_rp": "5.4", "area_plane": "5", "ideb_bairro": "Guaratiba" }, "geometry": { "type": "Polygon", "coordinates": [ [ [ -43.612055195333312, -22.998303307693547 ], [ -43.607884194634195, -22.995315917879285 ], [ -43.608793945629266, -22.990642756337913 ], [ -43.613874623030334, -22.988957022383186 ], [ -43.618045586674661, -22.991944480809064 ], [ -43.617135909984363, -22.996617604566556 ], [ -43.612055195333312, -22.998303307693547 ] ] ] } },
{ "type": "Feature", "properties": { "hex_id": "88a8a06755fffff", "nome": "Realengo", "codbairro": "139", "codra": 33, "rp": "Bangu", "cod_rp": "5.1", "area_plane": "5", "ideb_bairro": "Realengo" }, "geometry": { "type": "Polygon", "coordinates": [ [ [ -43.422175969721728, -22.899394988520186 ], [ -43.418005819838861, -22.896398765524335 ], [ -43.418916981781294, -22.891720962351766 ], [ -43.423998220292653, -22.890039418073805 ], [ -43.428168336030339, -22.893035709077285 ], [ -43.427257247413579, -22.897713476339579 ], [ -43.422175969721728, -22.899394988520186 ] ] ] } },
{ "type": "Feature", "properties": { "hex_id": "88a8a07885fffff", "nome": "Botafogo", "codbairro": "020", "codra": 4, "rp": "Zona Sul", "cod_rp": "2.1", "area_plane": "2", "ideb_bairro": "Botafogo" }, "geometry": { "type": "Polygon", "coordinates": [ [ [ -43.186955456839534, -22.959522868539249 ], [ -43.182785283830029, -22.956522424368465 ], [ -43.183698429208526, -22.951848792550667 ], [ -43.188781675460135, -22.950175638506789 ], [ -43.192951817913006, -22.953176150290428 ], [ -43.192038744682698, -22.95784974849353 ], [ -43.186955456839534, -22.959522868539249 ] ] ] } },
{ "type": "Feature", "properties": { "hex_id": "88a8a02863fffff", "nome": "Inhoaíba", "codbairro": "146", "codra": 18, "rp": "Campo Grande", "cod_rp": "5.2", "area_plane": "5", "ideb_bairro": "Inhoaíba" }, "geometry": { "type": "Polygon", "coordinates": [ [ [ -43.588696629742309, -22.922967780590692 ], [ -43.584526144772028, -22.919976982620533 ], [ -43.585435979671573, -22.915299839766135 ], [ -43.590516225383269, -22.913613532419543 ], [ -43.594686673663922, -22.916604398809515 ], [ -43.59377691293416, -22.92128150411477 ], [ -43.588696629742309, -22.922967780590692 ] ] ] } },
{ "type": "Feature", "properties": { "hex_id": "88a8a078d9fffff", "nome": "Lagoa", "codbairro": "027", "codra": 6, "rp": "Zona Sul", "cod_rp": "2.1", "area_plane": "2", "ideb_bairro": "Lagoa" }, "geometry": { "type": "Polygon", "coordinates": [ [ [ -43.221230712916167, -22.978846088621204 ], [ -43.21706034979853, -22.975847279029541 ], [ -43.217973248467906, -22.971174551172528 ], [ -43.223056437940009, -22.969500666850077 ], [ -43.227226769974976, -22.972499544164084 ], [ -43.226313943632292, -22.977172238066643 ], [ -43.221230712916167, -22.978846088621204 ] ] ] } },
{ "type": "Feature", "properties": { "hex_id": "88a8a06037fffff", "nome": "Encantado", "codbairro": "068", "codra": 13, "rp": "Méier", "cod_rp": "3.2", "area_plane": "3", "ideb_bairro": "Encantado" }, "geometry": { "type": "Polygon", "coordinates": [ [ [ -43.299168054826538, -22.896289036363921 ], [ -43.294998102883845, -22.893289346310233 ], [ -43.295910256022978, -22.888611850774581 ], [ -43.300992288413553, -22.886934079982538 ], [ -43.305162208090479, -22.889933837770254 ], [ -43.304250127654349, -22.894611298604442 ], [ -43.299168054826538, -22.896289036363921 ] ] ] } },
{ "type": "Feature", "properties": { "hex_id": "88a8a0608bfffff", "nome": "Osvaldo Cruz", "codbairro": "088", "codra": 15, "rp": "Madureira", "cod_rp": "3.3", "area_plane": "3", "ideb_bairro": "Oswaldo Cruz" }, "geometry": { "type": "Polygon", "coordinates": [ [ [ -43.354156630232865, -22.882501908992637 ], [ -43.349986684923664, -22.879503215218804 ], [ -43.350898374157367, -22.874824762752578 ], [ -43.355979935733906, -22.873145039287749 ], [ -43.360149847938601, -22.876143800888595 ], [ -43.359238231683015, -22.880822218115746 ], [ -43.354156630232865, -22.882501908992637 ] ] ] } },
{ "type": "Feature", "properties": { "hex_id": "88a8a071bbfffff", "nome": "Barra da Tijuca", "codbairro": "128", "codra": 24, "rp": "Barra da Tijuca", "cod_rp": "4.2", "area_plane": "4", "ideb_bairro": "Barra da Tijuca" }, "geometry": { "type": "Polygon", "coordinates": [ [ [ -43.292522061383814, -23.003442885311905 ], [ -43.288351414857047, -23.000446915426199 ], [ -43.289263775841505, -22.995775230913996 ], [ -43.294346710670574, -22.994099550932667 ], [ -43.298517325022239, -22.997095588739583 ], [ -43.297605036731703, -23.001767238595086 ], [ -43.292522061383814, -23.003442885311905 ] ] ] } },
{ "type": "Feature", "properties": { "hex_id": "88a8a06133fffff", "nome": "Manguinhos", "codbairro": "039", "codra": 10, "rp": "Ramos", "cod_rp": "3.1", "area_plane": "3", "ideb_bairro": "Manguinhos" }, "geometry": { "type": "Polygon", "coordinates": [ [ [ -43.243655239876077, -22.888347260441009 ], [ -43.239485432663677, -22.885345773143179 ], [ -43.240398021029883, -22.880668071312559 ], [ -43.245480344200438, -22.878991890922872 ], [ -43.249650119996254, -22.881993445819859 ], [ -43.248737604049879, -22.886671113495844 ], [ -43.243655239876077, -22.888347260441009 ] ] ] } },
{ "type": "Feature", "properties": { "hex_id": "88a8a06187fffff", "nome": "Complexo do Alemão", "codbairro": "156", "codra": 29, "rp": "Inhaúma", "cod_rp": "3.4", "area_plane": "3", "ideb_bairro": "Complexo do Alemão" }, "geometry": { "type": "Polygon", "coordinates": [ [ [ -43.276885596474912, -22.864252133478153 ], [ -43.272715891375178, -22.861250675030625 ], [ -43.273628177913125, -22.856571543841973 ], [ -43.278710096979772, -22.854893905565234 ], [ -43.282879770157464, -22.857895431637296 ], [ -43.281967556202311, -22.862574528350017 ], [ -43.276885596474912, -22.864252133478153 ] ] ] } },
{ "type": "Feature", "properties": { "hex_id": "88a8a02e4bfffff", "nome": "Santa Cruz", "codbairro": "149", "codra": 19, "rp": "Santa Cruz", "cod_rp": "5.3", "area_plane": "5", "ideb_bairro": "Santa Cruz" }, "geometry": { "type": "Polygon", "coordinates": [ [ [ -43.785140553401568, -22.914513147491579 ], [ -43.780970000915538, -22.911527455490152 ], [ -43.781878199035035, -22.906849190161839 ], [ -43.786956874500177, -22.905156656303319 ], [ -43.791127387302389, -22.908142417150451 ], [ -43.790219264334873, -22.912820642998931 ], [ -43.785140553401568, -22.914513147491579 ] ] ] } },
{ "type": "Feature", "properties": { "hex_id": "88a8a06a49fffff", "nome": "Catete", "codbairro": "018", "codra": 4, "rp": "Zona Sul", "cod_rp": "2.1", "area_plane": "2", "ideb_bairro": "Catete" }, "geometry": { "type": "Polygon", "coordinates": [ [ [ -43.177184588868975, -22.936498335814665 ], [ -43.173014585850922, -22.93349679048335 ], [ -43.173927776197814, -22.928821955538108 ], [ -43.179010897481277, -22.927148699426262 ], [ -43.183180870094333, -22.9301503123061 ], [ -43.182267751840733, -22.934825113737727 ], [ -43.177184588868975, -22.936498335814665 ] ] ] } },
{ "type": "Feature", "properties": { "hex_id": "88a8a061dbfffff", "nome": "Piedade", "codbairro": "069", "codra": 13, "rp": "Méier", "cod_rp": "3.2", "area_plane": "3", "ideb_bairro": "Piedade" }, "geometry": { "type": "Polygon", "coordinates": [ [ [ -43.311156214027619, -22.883577975380071 ], [ -43.306986326707445, -22.880578149857477 ], [ -43.307898364888011, -22.875899922868921 ], [ -43.312980217639719, -22.874221556208134 ], [ -43.317150072512234, -22.877221449466429 ], [ -43.31623810709246, -22.881899641638284 ], [ -43.311156214027619, -22.883577975380071 ] ] ] } },
{ "type": "Feature", "properties": { "hex_id": "88a8a06283fffff", "nome": "Taquara", "codbairro": "122", "codra": 16, "rp": "Jacarepaguá", "cod_rp": "4.1", "area_plane": "4", "ideb_bairro": "Taquara" }, "geometry": { "type": "Polygon", "coordinates": [ [ [ -43.373707647550098, -22.928548641985067 ], [ -43.369537371302762, -22.925552157572508 ], [ -43.37044896846448, -22.920876109620302 ], [ -43.375530768797667, -22.919196581508135 ], [ -43.379701011637003, -22.922193133877627 ], [ -43.378789487562869, -22.926869146390832 ], [ -43.373707647550098, -22.928548641985067 ] ] ] } },
{ "type": "Feature", "properties": { "hex_id": "88a8a02f47fffff", "nome": "Santa Cruz", "codbairro": "149", "codra": 19, "rp": "Santa Cruz", "cod_rp": "5.3", "area_plane": "5", "ideb_bairro": "Santa Cruz" }, "geometry": { "type": "Polygon", "coordinates": [ [ [ -43.707882897131256, -22.89648296226855 ], [ -43.703712500182121, -22.893494474474402 ], [ -43.704621313863996, -22.888815495352265 ], [ -43.709700449745299, -22.887125042732073 ], [ -43.713870808190293, -22.890113599163335 ], [ -43.712962069269757, -22.894792539566211 ], [ -43.707882897131256, -22.89648296226855 ] ] ] } },
{ "type": "Feature", "properties": { "hex_id": "88a8a0753dfffff", "nome": "Barra Olímpica", "codbairro": "165", "codra": 16, "rp": "Jacarepaguá", "cod_rp": "4.1", "area_plane": "4", "ideb_bairro": "Barra Olímpica" }, "geometry": { "type": "Polygon", "coordinates": [ [ [ -43.38400846496161, -22.973252426613584 ], [ -43.379837880065622, -22.970257854786219 ], [ -43.380749458061409, -22.965584179815416 ], [ -43.385831547814952, -22.963905112207549 ], [ -43.390002099140844, -22.966899752098076 ], [ -43.389090594295034, -22.971573391521783 ], [ -43.38400846496161, -22.973252426613584 ] ] ] } },
{ "type": "Feature", "properties": { "hex_id": "88a8a062d7fffff", "nome": "Jacarepaguá", "codbairro": "115", "codra": 16, "rp": "Jacarepaguá", "cod_rp": "4.1", "area_plane": "4", "ideb_bairro": "Jacarepaguá" }, "geometry": { "type": "Polygon", "coordinates": [ [ [ -43.38621862957794, -22.937536756432952 ], [ -43.382048276731638, -22.934540941460302 ], [ -43.382959785418485, -22.929865330123459 ], [ -43.388041573810455, -22.928185569310951 ], [ -43.392211893056675, -22.931181452284729 ], [ -43.391300457522732, -22.935857028058361 ], [ -43.38621862957794, -22.937536756432952 ] ] ] } },
{ "type": "Feature", "properties": { "hex_id": "88a8a07407fffff", "nome": "Vargem Pequena", "codbairro": "130", "codra": 24, "rp": "Barra da Tijuca", "cod_rp": "4.2", "area_plane": "4", "ideb_bairro": "Vargem Pequena" }, "geometry": { "type": "Polygon", "coordinates": [ [ [ -43.45203668598721, -22.990112281403537 ], [ -43.447865901624787, -22.987120189697329 ], [ -43.448776951063763, -22.982447167471886 ], [ -43.453858711379475, -22.980766273156831 ], [ -43.458029461130828, -22.983758433106097 ], [ -43.457118485189248, -22.98843141911582 ], [ -43.45203668598721, -22.990112281403537 ] ] ] } },
{ "type": "Feature", "properties": { "hex_id": "88a8a0632bfffff", "nome": "Alto da Boa Vista", "codbairro": "034", "codra": 8, "rp": "Tijuca", "cod_rp": "2.2", "area_plane": "2", "ideb_bairro": "Alto da Boa Vista" }, "geometry": { "type": "Polygon", "coordinates": [ [ [ -43.248471706406711, -22.961128416593112 ], [ -43.244301412034531, -22.958129703875517 ], [ -43.24521406650674, -22.953455907880087 ], [ -43.250296942902025, -22.951780858808107 ], [ -43.25446720577677, -22.954779639273205 ], [ -43.253554623765446, -22.959453401051231 ], [ -43.248471706406711, -22.961128416593112 ] ] ] } },
{ "type": "Feature", "properties": { "hex_id": "88a8a0640dfffff", "nome": "Realengo", "codbairro": "139", "codra": 33, "rp": "Bangu", "cod_rp": "5.1", "area_plane": "5", "ideb_bairro": "Realengo" }, "geometry": { "type": "Polygon", "coordinates": [ [ [ -43.445618158808649, -22.852238831312356 ], [ -43.441448289453788, -22.849241531348287 ], [ -43.442359192985855, -22.844561104884889 ], [ -43.44743989245142, -22.84287801450774 ], [ -43.451609727308259, -22.845875382440941 ], [ -43.450698897209243, -22.850555772770644 ], [ -43.445618158808649, -22.852238831312356 ] ] ] } },
{ "type": "Feature", "properties": { "hex_id": "88a8a0745bfffff", "nome": "Recreio dos Bandeirantes", "codbairro": "132", "codra": 24, "rp": "Barra da Tijuca", "cod_rp": "4.2", "area_plane": "4", "ideb_bairro": "Recreio dos Bandeirantes" }, "geometry": { "type": "Polygon", "coordinates": [ [ [ -43.486314630293904, -23.009369241559305 ], [ -43.482143678900805, -23.006378796644615 ], [ -43.48305447653884, -23.001706687884358 ], [ -43.48813615190695, -23.000025060580814 ], [ -43.492307068163377, -23.003015573849311 ], [ -43.491396344200062, -23.007687646056038 ], [ -43.486314630293904, -23.009369241559305 ] ] ] } },
{ "type": "Feature", "properties": { "hex_id": "88a8a038b1fffff", "nome": "Pedra de Guaratiba", "codbairro": "153", "codra": 26, "rp": "Guaratiba", "cod_rp": "5.4", "area_plane": "5", "ideb_bairro": "Pedra de Guaratiba" }, "geometry": { "type": "Polygon", "coordinates": [ [ [ -43.649061862865565, -23.003505431647113 ], [ -43.644890799461905, -23.000519254525415 ], [ -43.645800252957372, -22.995846244663856 ], [ -43.650880695376401, -22.994159450059232 ], [ -43.655051721160049, -22.997145695884637 ], [ -43.654142342156327, -23.001818667599462 ], [ -43.649061862865565, -23.003505431647113 ] ] ] } },
{ "type": "Feature", "properties": { "hex_id": "88a8a07503fffff", "nome": "Barra Olímpica", "codbairro": "165", "codra": 16, "rp": "Jacarepaguá", "cod_rp": "4.1", "area_plane": "4", "ideb_bairro": "Barra Olímpica" }, "geometry": { "type": "Polygon", "coordinates": [ [ [ -43.396520372301985, -22.98223480097462 ], [ -43.392349711123764, -22.979240899752664 ], [ -43.393261200559877, -22.974567662139364 ], [ -43.398343277970689, -22.972888361407477 ], [ -43.402513905386705, -22.975882330736578 ], [ -43.40160248916586, -22.980555532678888 ], [ -43.396520372301985, -22.98223480097462 ] ] ] } },
{ "type": "Feature", "properties": { "hex_id": "88a8a02829fffff", "nome": "Inhoaíba", "codbairro": "146", "codra": 18, "rp": "Campo Grande", "cod_rp": "5.2", "area_plane": "5", "ideb_bairro": "Inhoaíba" }, "geometry": { "type": "Polygon", "coordinates": [ [ [ -43.585435979671573, -22.915299839766135 ], [ -43.5812655480158, -22.912308671345698 ], [ -43.582175398699036, -22.907631127192001 ], [ -43.587255606898125, -22.905944788963698 ], [ -43.591426001914911, -22.908936025782292 ], [ -43.590516225383269, -22.913613532419543 ], [ -43.585435979671573, -22.915299839766135 ] ] ] } },
{ "type": "Feature", "properties": { "hex_id": "88a8a03959fffff", "nome": "Barra de Guaratiba", "codbairro": "152", "codra": 26, "rp": "Guaratiba", "cod_rp": "5.4", "area_plane": "5", "ideb_bairro": "Barra de Guaratiba" }, "geometry": { "type": "Polygon", "coordinates": [ [ [ -43.567918337420679, -23.078468265783393 ], [ -43.5637468466944, -23.07548260940429 ], [ -43.564657075764003, -23.07081394548381 ], [ -43.56973872146984, -23.069130975288214 ], [ -43.573910175805672, -23.072116700326774 ], [ -43.573000020837803, -23.076785326889969 ], [ -43.567918337420679, -23.078468265783393 ] ] ] } },
{ "type": "Feature", "properties": { "hex_id": "88a8a07557fffff", "nome": "Barra da Tijuca", "codbairro": "128", "codra": 24, "rp": "Barra da Tijuca", "cod_rp": "4.2", "area_plane": "4", "ideb_bairro": "Barra da Tijuca" }, "geometry": { "type": "Polygon", "coordinates": [ [ [ -43.409032507697688, -22.991215162711921 ], [ -43.404861770632927, -22.988221932499076 ], [ -43.40577317141905, -22.983549132511122 ], [ -43.410855236001105, -22.981869598519264 ], [ -43.415025939111551, -22.984862896883197 ], [ -43.414114611605996, -22.98953566107636 ], [ -43.409032507697688, -22.991215162711921 ] ] ] } },
{ "type": "Feature", "properties": { "hex_id": "88a8a039adfffff", "nome": "Guaratiba", "codbairro": "151", "codra": 26, "rp": "Guaratiba", "cod_rp": "5.4", "area_plane": "5", "ideb_bairro": "Guaratiba" }, "geometry": { "type": "Polygon", "coordinates": [ [ [ -43.557074176286754, -23.012161870064428 ], [ -43.552903132851249, -23.00917347434229 ], [ -43.553813355510997, -23.004501257960136 ], [ -43.558894547586284, -23.00281747453505 ], [ -43.563065554804481, -23.005805938772177 ], [ -43.562155406176402, -23.010478117907908 ], [ -43.557074176286754, -23.012161870064428 ] ] ] } },
{ "type": "Feature", "properties": { "hex_id": "88a8a075abfffff", "nome": "Jacarepaguá", "codbairro": "115", "codra": 16, "rp": "Jacarepaguá", "cod_rp": "4.1", "area_plane": "4", "ideb_bairro": "Jacarepaguá" }, "geometry": { "type": "Polygon", "coordinates": [ [ [ -43.419968029766622, -22.935126422238632 ], [ -43.41579764765445, -22.932131442014299 ], [ -43.416708878907684, -22.927455572167037 ], [ -43.42179041896199, -22.925774718426524 ], [ -43.425960766958838, -22.928769766721135 ], [ -43.425049609028413, -22.933445600674474 ], [ -43.419968029766622, -22.935126422238632 ] ] ] } },
{ "type": "Feature", "properties": { "hex_id": "88a8a028d1fffff", "nome": "Santa Cruz", "codbairro": "149", "codra": 19, "rp": "Santa Cruz", "cod_rp": "5.3", "area_plane": "5", "ideb_bairro": "Santa Cruz" }, "geometry": { "type": "Polygon", "coordinates": [ [ [ -43.667622871559203, -22.883617415956426 ], [ -43.663452584385972, -22.880627347360377 ], [ -43.66436171258978, -22.875947813281901 ], [ -43.669441053421821, -22.874258386110327 ], [ -43.67361130270627, -22.877248523228637 ], [ -43.672702249059093, -22.88192801898477 ], [ -43.667622871559203, -22.883617415956426 ] ] ] } },
{ "type": "Feature", "properties": { "hex_id": "88a8a02925fffff", "nome": "Santíssimo", "codbairro": "143", "codra": 18, "rp": "Campo Grande", "cod_rp": "5.2", "area_plane": "5", "ideb_bairro": "Santíssimo" }, "geometry": { "type": "Polygon", "coordinates": [ [ [ -43.508169151578628, -22.897171554713942 ], [ -43.503998914706564, -22.894177603330334 ], [ -43.504909372548397, -22.889499361397416 ], [ -43.509989993515262, -22.887815107591742 ], [ -43.514160194929516, -22.890809127167977 ], [ -43.513249810846403, -22.895487332345777 ], [ -43.508169151578628, -22.897171554713942 ] ] ] } },
{ "type": "Feature", "properties": { "hex_id": "88a8a06523fffff", "nome": "Pavuna", "codbairro": "114", "codra": 25, "rp": "Pavuna", "cod_rp": "3.6", "area_plane": "3", "ideb_bairro": "Pavuna" }, "geometry": { "type": "Polygon", "coordinates": [ [ [ -43.371088142767704, -22.819982902819756 ], [ -43.366918584014982, -22.816982399903793 ], [ -43.36783004635889, -22.812300523834541 ], [ -43.372910994417907, -22.810619186063995 ], [ -43.377080519814058, -22.81361975672359 ], [ -43.376169130519486, -22.81830159739858 ], [ -43.371088142767704, -22.819982902819756 ] ] ] } },
{ "type": "Feature", "properties": { "hex_id": "88a8a076a7fffff", "nome": "Vargem Grande", "codbairro": "131", "codra": 24, "rp": "Barra da Tijuca", "cod_rp": "4.2", "area_plane": "4", "ideb_bairro": "Vargem Grande" }, "geometry": { "type": "Polygon", "coordinates": [ [ [ -43.49503915509171, -22.988997821074832 ], [ -43.490868328137473, -22.986006868944472 ], [ -43.491779025230045, -22.981333626532749 ], [ -43.4968604755746, -22.979651372876635 ], [ -43.501031267261205, -22.98264239334242 ], [ -43.500120643882575, -22.987315599117387 ], [ -43.49503915509171, -22.988997821074832 ] ] ] } },
{ "type": "Feature", "properties": { "hex_id": "88a8a0210bfffff", "nome": "Sepetiba", "codbairro": "150", "codra": 19, "rp": "Santa Cruz", "cod_rp": "5.3", "area_plane": "5", "ideb_bairro": "Sepetiba" }, "geometry": { "type": "Polygon", "coordinates": [ [ [ -43.700773289754544, -22.981955433012637 ], [ -43.696602334327075, -22.978969891115796 ], [ -43.697511329491128, -22.974295539924157 ], [ -43.702591205348384, -22.972606769270605 ], [ -43.706762122369739, -22.9755923799475 ], [ -43.705853201951591, -22.980266692486399 ], [ -43.700773289754544, -22.981955433012637 ] ] ] } },
{ "type": "Feature", "properties": { "hex_id": "88a8a06e39fffff", "nome": "Jardim América", "codbairro": "049", "codra": 31, "rp": "Penha", "cod_rp": "3.5", "area_plane": "3", "ideb_bairro": "Jardim América" }, "geometry": { "type": "Polygon", "coordinates": [ [ [ -43.324834867558366, -22.813379959073838 ], [ -43.320665420381196, -22.810377959610491 ], [ -43.321577247265651, -22.805695907940866 ], [ -43.326658448525102, -22.804015890660317 ], [ -43.330827863052839, -22.807017957753693 ], [ -43.329916108982303, -22.811699974486068 ], [ -43.324834867558366, -22.813379959073838 ] ] ] } },
{ "type": "Feature", "properties": { "hex_id": "88a8a029cdfffff", "nome": "Campo Grande", "codbairro": "144", "codra": 18, "rp": "Campo Grande", "cod_rp": "5.2", "area_plane": "5", "ideb_bairro": "Campo Grande" }, "geometry": { "type": "Polygon", "coordinates": [ [ [ -43.575654444124254, -22.892291387729831 ], [ -43.571484172566095, -22.889299108692942 ], [ -43.572394070559845, -22.884620361309633 ], [ -43.577474166026384, -22.88293393036987 ], [ -43.581644401097456, -22.885926277739777 ], [ -43.580734577200751, -22.890604987704929 ], [ -43.575654444124254, -22.892291387729831 ] ] ] } },
{ "type": "Feature", "properties": { "hex_id": "88a8a074e9fffff", "nome": "Vargem Grande", "codbairro": "131", "codra": 24, "rp": "Barra da Tijuca", "cod_rp": "4.2", "area_plane": "4", "ideb_bairro": "Vargem Grande" }, "geometry": { "type": "Polygon", "coordinates": [ [ [ -43.479266779833225, -22.97235898676626 ], [ -43.475096080232092, -22.969366992118857 ], [ -43.476006882155318, -22.964692909213937 ], [ -43.481088310060798, -22.963010857425264 ], [ -43.485258974636992, -22.966002920342572 ], [ -43.484348246344346, -22.970676966767126 ], [ -43.479266779833225, -22.97235898676626 ] ] ] } },
{ "type": "Feature", "properties": { "hex_id": "88a8a02a21fffff", "nome": "Guaratiba", "codbairro": "151", "codra": 26, "rp": "Guaratiba", "cod_rp": "5.4", "area_plane": "5", "ideb_bairro": "Guaratiba" }, "geometry": { "type": "Polygon", "coordinates": [ [ [ -43.605000915906572, -22.961295900303217 ], [ -43.60083016474924, -22.958306956416706 ], [ -43.601739920628752, -22.953631821725669 ], [ -43.606820353416602, -22.951945668621846 ], [ -43.610991067631105, -22.954934681035944 ], [ -43.610081386012261, -22.959609778014766 ], [ -43.605000915906572, -22.961295900303217 ] ] ] } },
{ "type": "Feature", "properties": { "hex_id": "88a8a021b3fffff", "nome": "Santa Cruz", "codbairro": "149", "codra": 19, "rp": "Santa Cruz", "cod_rp": "5.3", "area_plane": "5", "ideb_bairro": "Santa Cruz" }, "geometry": { "type": "Polygon", "coordinates": [ [ [ -43.738893418649539, -22.90804021851088 ], [ -43.734722929056275, -22.905053010655511 ], [ -43.735631502237631, -22.900374549293112 ], [ -43.740710490104625, -22.898683334799369 ], [ -43.744880940719653, -22.90167061138354 ], [ -43.743972442457547, -22.90634903372117 ], [ -43.738893418649539, -22.90804021851088 ] ] ] } },
{ "type": "Feature", "properties": { "hex_id": "88a8a02ac9fffff", "nome": "Santa Cruz", "codbairro": "149", "codra": 19, "rp": "Santa Cruz", "cod_rp": "5.3", "area_plane": "5", "ideb_bairro": "Santa Cruz" }, "geometry": { "type": "Polygon", "coordinates": [ [ [ -43.672486245057229, -22.956376679216209 ], [ -43.668315475835357, -22.953389414955446 ], [ -43.669224668239863, -22.948713780387727 ], [ -43.674304555279761, -22.947025448443455 ], [ -43.678475286529974, -22.95001278137353 ], [ -43.677566168723594, -22.954688377567077 ], [ -43.672486245057229, -22.956376679216209 ] ] ] } },
{ "type": "Feature", "properties": { "hex_id": "88a8a066c7fffff", "nome": "Santíssimo", "codbairro": "143", "codra": 18, "rp": "Campo Grande", "cod_rp": "5.2", "area_plane": "5", "ideb_bairro": "Santíssimo" }, "geometry": { "type": "Polygon", "coordinates": [ [ [ -43.513631507448203, -22.869099154183264 ], [ -43.509461449357993, -22.866104327827724 ], [ -43.510371822239108, -22.861424556648707 ], [ -43.51545217944242, -22.859739648619158 ], [ -43.519622201994586, -22.862734543126077 ], [ -43.518711902893152, -22.86741427749967 ], [ -43.513631507448203, -22.869099154183264 ] ] ] } },
{ "type": "Feature", "properties": { "hex_id": "88a8a02b1dfffff", "nome": "Guaratiba", "codbairro": "151", "codra": 26, "rp": "Guaratiba", "cod_rp": "5.4", "area_plane": "5", "ideb_bairro": "Guaratiba" }, "geometry": { "type": "Polygon", "coordinates": [ [ [ -43.577246954722284, -22.957384938393396 ], [ -43.57307625337139, -22.954395087070719 ], [ -43.573986231752158, -22.94971983978818 ], [ -43.57906683737518, -22.94803448125646 ], [ -43.583237502207176, -22.951024401037738 ], [ -43.582327597946701, -22.955699610880643 ], [ -43.577246954722284, -22.957384938393396 ] ] ] } },
{ "type": "Feature", "properties": { "hex_id": "88a8a0671bfffff", "nome": "Realengo", "codbairro": "139", "codra": 33, "rp": "Bangu", "cod_rp": "5.1", "area_plane": "5", "ideb_bairro": "Realengo" }, "geometry": { "type": "Polygon", "coordinates": [ [ [ -43.440152618619273, -22.880315165692377 ], [ -43.435982571444427, -22.877318738670439 ], [ -43.436893559780692, -22.87263984142097 ], [ -43.441974521891517, -22.87095740726604 ], [ -43.446144534648724, -22.873953902298773 ], [ -43.445233619724448, -22.878632763464122 ], [ -43.440152618619273, -22.880315165692377 ] ] ] } },
{ "type": "Feature", "properties": { "hex_id": "88a8a06051fffff", "nome": "Freguesia (Jacarepaguá)", "codbairro": "120", "codra": 16, "rp": "Jacarepaguá", "cod_rp": "4.1", "area_plane": "4", "ideb_bairro": "Freguesia (Jacarepaguá)" }, "geometry": { "type": "Polygon", "coordinates": [ [ [ -43.324710639508346, -22.935983415193181 ], [ -43.320540386459271, -22.9329858645816 ], [ -43.321452390631585, -22.92831040790459 ], [ -43.326534575023274, -22.926632536787299 ], [ -43.330704795412188, -22.929630155263446 ], [ -43.32979286408132, -22.934305576980794 ], [ -43.324710639508346, -22.935983415193181 ] ] ] } },
{ "type": "Feature", "properties": { "hex_id": "88a8a060a5fffff", "nome": "Cavalcanti", "codbairro": "080", "codra": 15, "rp": "Madureira", "cod_rp": "3.3", "area_plane": "3", "ideb_bairro": "Cavalcanti" }, "geometry": { "type": "Polygon", "coordinates": [ [ [ -43.313892198314896, -22.869542963697359 ], [ -43.309722398992648, -22.866542703052673 ], [ -43.310634394916434, -22.861863710315127 ], [ -43.315716117402793, -22.860185013051566 ], [ -43.319885884237003, -22.863185341411018 ], [ -43.318973961084637, -22.86786429930773 ], [ -43.313892198314896, -22.869542963697359 ] ] ] } },
{ "type": "Feature", "properties": { "hex_id": "88a8a07a97fffff", "nome": "Vidigal", "codbairro": "030", "codra": 6, "rp": "Zona Sul", "cod_rp": "2.1", "area_plane": "2", "ideb_bairro": "Vidigal" }, "geometry": { "type": "Polygon", "coordinates": [ [ [ -43.236999669925304, -22.995510845343244 ], [ -43.232829169117146, -22.992513071898653 ], [ -43.233741965273502, -22.987841181351971 ], [ -43.238825189839275, -22.986167098350492 ], [ -43.242995659322006, -22.989164939582288 ], [ -43.242082935576171, -22.993836796016797 ], [ -43.236999669925304, -22.995510845343244 ] ] ] } },
{ "type": "Feature", "properties": { "hex_id": "88a8a0614dfffff", "nome": "Tijuca", "codbairro": "033", "codra": 8, "rp": "Tijuca", "cod_rp": "2.2", "area_plane": "2", "ideb_bairro": "Tijuca" }, "geometry": { "type": "Polygon", "coordinates": [ [ [ -43.232703432781832, -22.944457998844175 ], [ -43.228533275626049, -22.941458250872188 ], [ -43.229446032703557, -22.936783618373259 ], [ -43.234528874571552, -22.935108767894185 ], [ -43.238699000472636, -22.938108583548448 ], [ -43.237786315772198, -22.942783181987963 ], [ -43.232703432781832, -22.944457998844175 ] ] ] } },
{ "type": "Feature", "properties": { "hex_id": "88a8a061a1fffff", "nome": "Ramos", "codbairro": "041", "codra": 10, "rp": "Ramos", "cod_rp": "3.1", "area_plane": "3", "ideb_bairro": "Ramos" }, "geometry": { "type": "Polygon", "coordinates": [ [ [ -43.258382145452423, -22.861603333044684 ], [ -43.254212488769426, -22.858601276174571 ], [ -43.25512492033134, -22.853922076307761 ], [ -43.260206936099635, -22.852244967592988 ], [ -43.264376561143628, -22.855247092042607 ], [ -43.263464202070104, -22.859926257615957 ], [ -43.258382145452423, -22.861603333044684 ] ] ] } },
{ "type": "Feature", "properties": { "hex_id": "88a8a02e65fffff", "nome": "Santa Cruz", "codbairro": "149", "codra": 19, "rp": "Santa Cruz", "cod_rp": "5.3", "area_plane": "5", "ideb_bairro": "Santa Cruz" }, "geometry": { "type": "Polygon", "coordinates": [ [ [ -43.744880940719653, -22.90167061138354 ], [ -43.740710490104625, -22.898683334799369 ], [ -43.741619004461548, -22.89400451110064 ], [ -43.746697894497409, -22.892313003058117 ], [ -43.750868306043714, -22.895300348372697 ], [ -43.749959866634498, -22.899979132987934 ], [ -43.744880940719653, -22.90167061138354 ] ] ] } },
{ "type": "Feature", "properties": { "hex_id": "88a8a06249fffff", "nome": "Barra da Tijuca", "codbairro": "128", "codra": 24, "rp": "Barra da Tijuca", "cod_rp": "4.2", "area_plane": "4", "ideb_bairro": "Barra da Tijuca" }, "geometry": { "type": "Polygon", "coordinates": [ [ [ -43.329536485023084, -23.008719571382837 ], [ -43.325365745705014, -23.005724805455451 ], [ -43.326277815630689, -23.00105326011446 ], [ -43.331360552003567, -22.999376515708924 ], [ -43.335531258580211, -23.00237134964717 ], [ -43.334619261537156, -23.007042859968546 ], [ -43.329536485023084, -23.008719571382837 ] ] ] } },
{ "type": "Feature", "properties": { "hex_id": "88a8a02f0dfffff", "nome": "Santa Cruz", "codbairro": "149", "codra": 19, "rp": "Santa Cruz", "cod_rp": "5.3", "area_plane": "5", "ideb_bairro": "Santa Cruz" }, "geometry": { "type": "Polygon", "coordinates": [ [ [ -43.704621313863996, -22.888815495352265 ], [ -43.700450969238219, -22.88582663633396 ], [ -43.701359798935606, -22.881147256091591 ], [ -43.706438898527196, -22.879456773542863 ], [ -43.710609204699487, -22.882445701176497 ], [ -43.709700449745299, -22.887125042732073 ], [ -43.704621313863996, -22.888815495352265 ] ] ] } },
{ "type": "Feature", "properties": { "hex_id": "88a8a0629dfffff", "nome": "Taquara", "codbairro": "122", "codra": 16, "rp": "Jacarepaguá", "cod_rp": "4.1", "area_plane": "4", "ideb_bairro": "Taquara" }, "geometry": { "type": "Polygon", "coordinates": [ [ [ -43.382959785418485, -22.929865330123459 ], [ -43.378789487562869, -22.926869146390832 ], [ -43.379701011637003, -22.922193133877627 ], [ -43.384782760443812, -22.920513340615543 ], [ -43.388953024749924, -22.923509592327747 ], [ -43.388041573810455, -22.928185569310951 ], [ -43.382959785418485, -22.929865330123459 ] ] ] } },
{ "type": "Feature", "properties": { "hex_id": "88a8a02f61fffff", "nome": "Santa Cruz", "codbairro": "149", "codra": 19, "rp": "Santa Cruz", "cod_rp": "5.3", "area_plane": "5", "ideb_bairro": "Santa Cruz" }, "geometry": { "type": "Polygon", "coordinates": [ [ [ -43.689383590494103, -22.893885737583922 ], [ -43.68521322168332, -22.890896644646094 ], [ -43.68612218474798, -22.886217588358679 ], [ -43.691201441966989, -22.884527663534708 ], [ -43.695371772555973, -22.887516825063088 ], [ -43.694462884159385, -22.892195842813397 ], [ -43.689383590494103, -22.893885737583922 ] ] ] } },
{ "type": "Feature", "properties": { "hex_id": "88a8a03823fffff", "nome": "Guaratiba", "codbairro": "151", "codra": 26, "rp": "Guaratiba", "cod_rp": "5.4", "area_plane": "5", "ideb_bairro": "Guaratiba" }, "geometry": { "type": "Polygon", "coordinates": [ [ [ -43.591884771407379, -23.053058024410557 ], [ -43.587713426787317, -23.050072093382777 ], [ -43.588623422422422, -23.045401965957396 ], [ -43.59370468847299, -23.04371780713813 ], [ -43.597875996339695, -23.046703806832568 ], [ -43.596966074920857, -23.051373896668093 ], [ -43.591884771407379, -23.053058024410557 ] ] ] } },
{ "type": "Feature", "properties": { "hex_id": "88a8a07421fffff", "nome": "Camorim", "codbairro": "129", "codra": 24, "rp": "Barra da Tijuca", "cod_rp": "4.2", "area_plane": "4", "ideb_bairro": "Camorim" }, "geometry": { "type": "Polygon", "coordinates": [ [ [ -43.433531378293125, -22.987488723869081 ], [ -43.429360634121274, -22.984496028677238 ], [ -43.43027183041405, -22.979822934292685 ], [ -43.435353697486995, -22.978142571122603 ], [ -43.439524407330694, -22.981135334512132 ], [ -43.438613284441331, -22.98580839286252 ], [ -43.433531378293125, -22.987488723869081 ] ] ] } },
{ "type": "Feature", "properties": { "hex_id": "88a8a06345fffff", "nome": "Rocinha", "codbairro": "154", "codra": 27, "rp": "Zona Sul", "cod_rp": "2.1", "area_plane": "2", "ideb_bairro": "Rocinha" }, "geometry": { "type": "Polygon", "coordinates": [ [ [ -43.25224933043252, -22.990488131248977 ], [ -43.248078836260696, -22.987490590389331 ], [ -43.248991502681847, -22.982818366357421 ], [ -43.254074590799839, -22.981143717433941 ], [ -43.258245053413553, -22.98414132610413 ], [ -43.257332459479173, -22.988813515875712 ], [ -43.25224933043252, -22.990488131248977 ] ] ] } },
{ "type": "Feature", "properties": { "hex_id": "88a8a07495fffff", "nome": "Campo Grande", "codbairro": "144", "codra": 18, "rp": "Campo Grande", "cod_rp": "5.2", "area_plane": "5", "ideb_bairro": "Campo Grande" }, "geometry": { "type": "Polygon", "coordinates": [ [ [ -43.509226240340034, -22.940572033479636 ], [ -43.505055716771466, -22.937579697469221 ], [ -43.505966228318407, -22.932903789126705 ], [ -43.511047189671466, -22.931220253553608 ], [ -43.515217677761221, -22.934212657840625 ], [ -43.514307239988412, -22.938888529412626 ], [ -43.509226240340034, -22.940572033479636 ] ] ] } },
{ "type": "Feature", "properties": { "hex_id": "88a8a038cbfffff", "nome": "Guaratiba", "codbairro": "151", "codra": 26, "rp": "Guaratiba", "cod_rp": "5.4", "area_plane": "5", "ideb_bairro": "Guaratiba" }, "geometry": { "type": "Polygon", "coordinates": [ [ [ -43.65938082519471, -23.048146649189775 ], [ -43.655209460252856, -23.045162402540218 ], [ -43.656118892724884, -23.040491771772203 ], [ -43.661199615596402, -23.038805425891884 ], [ -43.66537094275553, -23.041789741349472 ], [ -43.664461584837518, -23.04646033386787 ], [ -43.65938082519471, -23.048146649189775 ] ] ] } },
{ "type": "Feature", "properties": { "hex_id": "88a8a074c9fffff", "nome": "Vargem Grande", "codbairro": "131", "codra": 24, "rp": "Barra da Tijuca", "cod_rp": "4.2", "area_plane": "4", "ideb_bairro": "Vargem Grande" }, "geometry": { "type": "Polygon", "coordinates": [ [ [ -43.501031267261205, -22.98264239334242 ], [ -43.4968604755746, -22.979651372876635 ], [ -43.497771114574874, -22.974977765007083 ], [ -43.502852471530787, -22.973295214286573 ], [ -43.50702322785898, -22.976286303089221 ], [ -43.50611266260136, -22.980959874264002 ], [ -43.501031267261205, -22.98264239334242 ] ] ] } },
{ "type": "Feature", "properties": { "hex_id": "88a8a0751dfffff", "nome": "Barra Olímpica", "codbairro": "165", "codra": 16, "rp": "Jacarepaguá", "cod_rp": "4.1", "area_plane": "4", "ideb_bairro": "Barra Olímpica" }, "geometry": { "type": "Polygon", "coordinates": [ [ [ -43.40577317141905, -22.983549132511122 ], [ -43.40160248916586, -22.980555532678888 ], [ -43.402513905386705, -22.975882330736578 ], [ -43.407595930610135, -22.974202764376766 ], [ -43.411766578959629, -22.977196432338754 ], [ -43.410855236001105, -22.981869598519264 ], [ -43.40577317141905, -22.983549132511122 ] ] ] } },
{ "type": "Feature", "properties": { "hex_id": "88a8a06365fffff", "nome": "Gávea", "codbairro": "029", "codra": 6, "rp": "Zona Sul", "cod_rp": "2.1", "area_plane": "2", "ideb_bairro": "Gávea" }, "geometry": { "type": "Polygon", "coordinates": [ [ [ -43.230484331950493, -22.980170747547458 ], [ -43.226313943632292, -22.977172238066643 ], [ -43.227226769974976, -22.972499544164084 ], [ -43.232309912273685, -22.97082539377606 ], [ -43.236480269367597, -22.973823971001508 ], [ -43.235567515398863, -22.978496630858803 ], [ -43.230484331950493, -22.980170747547458 ] ] ] } },
{ "type": "Feature", "properties": { "hex_id": "88a8a02843fffff", "nome": "Cosmos", "codbairro": "147", "codra": 18, "rp": "Campo Grande", "cod_rp": "5.2", "area_plane": "5", "ideb_bairro": "Cosmos" }, "geometry": { "type": "Polygon", "coordinates": [ [ [ -43.610459058031573, -22.933242141595315 ], [ -43.606288487045695, -22.930252318738606 ], [ -43.607198157732086, -22.925575652549337 ], [ -43.612278325134518, -22.92388884696901 ], [ -43.616448859097581, -22.926878738313242 ], [ -43.615539262692685, -22.931555366738785 ], [ -43.610459058031573, -22.933242141595315 ] ] ] } },
{ "type": "Feature", "properties": { "hex_id": "88a8a06441fffff", "nome": "Padre Miguel", "codbairro": "140", "codra": 17, "rp": "Bangu", "cod_rp": "5.1", "area_plane": "5", "ideb_bairro": "Padre Miguel" }, "geometry": { "type": "Polygon", "coordinates": [ [ [ -43.452136300334288, -22.867591978136893 ], [ -43.447966322085506, -22.864595415092339 ], [ -43.448877194597728, -22.859915789141549 ], [ -43.453957971900984, -22.85823276242391 ], [ -43.458127915550556, -22.86122939348132 ], [ -43.457217116507806, -22.865908983232 ], [ -43.452136300334288, -22.867591978136893 ] ] ] } },
{ "type": "Feature", "properties": { "hex_id": "88a8a039c7fffff", "nome": "Guaratiba", "codbairro": "151", "codra": 26, "rp": "Guaratiba", "cod_rp": "5.4", "area_plane": "5", "ideb_bairro": "Guaratiba" }, "geometry": { "type": "Polygon", "coordinates": [ [ [ -43.582100931790833, -23.030087523880901 ], [ -43.577929747177954, -23.027100477099584 ], [ -43.578839790182073, -23.022429140719971 ], [ -43.583920943649005, -23.020744888602877 ], [ -43.588092091660513, -23.023732003987394 ], [ -43.587182122818135, -23.028403302874313 ], [ -43.582100931790833, -23.030087523880901 ] ] ] } },
{ "type": "Feature", "properties": { "hex_id": "88a8a075c5fffff", "nome": "Jacarepaguá", "codbairro": "115", "codra": 16, "rp": "Jacarepaguá", "cod_rp": "4.1", "area_plane": "4", "ideb_bairro": "Jacarepaguá" }, "geometry": { "type": "Polygon", "coordinates": [ [ [ -43.423752944948198, -22.964489040144933 ], [ -43.419582364678732, -22.961495235919632 ], [ -43.420493607399109, -22.956820936040408 ], [ -43.425575357051962, -22.955140476310213 ], [ -43.429745903145133, -22.958134348669056 ], [ -43.428834733773471, -22.962808612613028 ], [ -43.423752944948198, -22.964489040144933 ] ] ] } },
{ "type": "Feature", "properties": { "hex_id": "88a8a028ebfffff", "nome": "Paciência", "codbairro": "148", "codra": 19, "rp": "Santa Cruz", "cod_rp": "5.3", "area_plane": "5", "ideb_bairro": "Paciência" }, "geometry": { "type": "Polygon", "coordinates": [ [ [ -43.633884577461778, -22.886080469064936 ], [ -43.629714298287787, -22.883089562547635 ], [ -43.630623708380881, -22.878410276950653 ], [ -43.635703323271613, -22.876721935849968 ], [ -43.639873565071014, -22.879712910818522 ], [ -43.638964229365911, -22.884392158425026 ], [ -43.633884577461778, -22.886080469064936 ] ] ] } },
{ "type": "Feature", "properties": { "hex_id": "88a8a0653dfffff", "nome": "Pavuna", "codbairro": "114", "codra": 25, "rp": "Pavuna", "cod_rp": "3.6", "area_plane": "3", "ideb_bairro": "Pavuna" }, "geometry": { "type": "Polygon", "coordinates": [ [ [ -43.380338710934716, -22.821301800766612 ], [ -43.376169130519486, -22.81830159739858 ], [ -43.377080519814058, -22.81361975672359 ], [ -43.382161416439203, -22.811938154890758 ], [ -43.386330963356464, -22.814938426025176 ], [ -43.385419647158258, -22.819620231214518 ], [ -43.380338710934716, -22.821301800766612 ] ] ] } },
{ "type": "Feature", "properties": { "hex_id": "88a8a076c1fffff", "nome": "Recreio dos Bandeirantes", "codbairro": "132", "codra": 24, "rp": "Barra da Tijuca", "cod_rp": "4.2", "area_plane": "4", "ideb_bairro": "Recreio dos Bandeirantes" }, "geometry": { "type": "Polygon", "coordinates": [ [ [ -43.520593645278488, -23.028613931039388 ], [ -43.516422529832212, -23.02562513531392 ], [ -43.517333075001069, -23.020953941670118 ], [ -43.522414661776018, -23.019271580631131 ], [ -43.526585741560034, -23.022260444821121 ], [ -43.52567527024307, -23.026931601574059 ], [ -43.520593645278488, -23.028613931039388 ] ] ] } },
{ "type": "Feature", "properties": { "hex_id": "88a8a02125fffff", "nome": "Guaratiba", "codbairro": "151", "codra": 26, "rp": "Guaratiba", "cod_rp": "5.4", "area_plane": "5", "ideb_bairro": "Guaratiba" }, "geometry": { "type": "Polygon", "coordinates": [ [ [ -43.660507696555094, -22.969102498681973 ], [ -43.656336851661635, -22.966115371754899 ], [ -43.657246161275978, -22.961440464699852 ], [ -43.662326241254355, -22.959752722817651 ], [ -43.666497048357321, -22.962739918410751 ], [ -43.665587813284041, -22.967414787208533 ], [ -43.660507696555094, -22.969102498681973 ] ] ] } },
{ "type": "Feature", "properties": { "hex_id": "88a8a06e53fffff", "nome": "Coelho Neto", "codbairro": "110", "codra": 25, "rp": "Pavuna", "cod_rp": "3.6", "area_plane": "3", "ideb_bairro": "Coelho Neto" }, "geometry": { "type": "Polygon", "coordinates": [ [ [ -43.349852096876262, -22.831387292833849 ], [ -43.345682493845857, -22.828386625888879 ], [ -43.346594144440743, -22.823705443355255 ], [ -43.351675325133165, -22.822024962942319 ], [ -43.35584489513014, -22.825025697606677 ], [ -43.354933317479862, -22.829706844953073 ], [ -43.349852096876262, -22.831387292833849 ] ] ] } },
{ "type": "Feature", "properties": { "hex_id": "88a8a029e7fffff", "nome": "Campo Grande", "codbairro": "144", "codra": 18, "rp": "Campo Grande", "cod_rp": "5.2", "area_plane": "5", "ideb_bairro": "Campo Grande" }, "geometry": { "type": "Polygon", "coordinates": [ [ [ -43.556623342756183, -22.867968836418445 ], [ -43.552453248827057, -22.864975146520898 ], [ -43.55336326806615, -22.860295159683734 ], [ -43.558443307250322, -22.858608899961062 ], [ -43.562613364985509, -22.861602658103166 ], [ -43.561703419742123, -22.866282607711891 ], [ -43.556623342756183, -22.867968836418445 ] ] ] } },
{ "type": "Feature", "properties": { "hex_id": "88a8a02a3bfffff", "nome": "Santa Cruz", "codbairro": "149", "codra": 19, "rp": "Santa Cruz", "cod_rp": "5.3", "area_plane": "5", "ideb_bairro": "Santa Cruz" }, "geometry": { "type": "Polygon", "coordinates": [ [ [ -43.635482966828008, -22.951176364433532 ], [ -43.631312258096123, -22.948187888742499 ], [ -43.632221748426154, -22.943512101586805 ], [ -43.637301873088411, -22.941824828121327 ], [ -43.641472544413631, -22.944813372389177 ], [ -43.640563128494911, -22.949489121534207 ], [ -43.635482966828008, -22.951176364433532 ] ] ] } },
{ "type": "Feature", "properties": { "hex_id": "88a8a06639fffff", "nome": "Bangu", "codbairro": "141", "codra": 17, "rp": "Bangu", "cod_rp": "5.1", "area_plane": "5", "ideb_bairro": "Bangu" }, "geometry": { "type": "Polygon", "coordinates": [ [ [ -43.477156687849217, -22.885566670279257 ], [ -43.472986561813883, -22.882571446352376 ], [ -43.473897256220461, -22.87789269398635 ], [ -43.478978003074282, -22.87620920198442 ], [ -43.483148094126463, -22.879204494013461 ], [ -43.482237473319678, -22.883883209930765 ], [ -43.477156687849217, -22.885566670279257 ] ] ] } },
{ "type": "Feature", "properties": { "hex_id": "88a8a0668dfffff", "nome": "Bangu", "codbairro": "141", "codra": 17, "rp": "Bangu", "cod_rp": "5.1", "area_plane": "5", "ideb_bairro": "Bangu" }, "geometry": { "type": "Polygon", "coordinates": [ [ [ -43.510371822239108, -22.861424556648707 ], [ -43.506201818075105, -22.858429361184974 ], [ -43.507112206590193, -22.853749189573684 ], [ -43.51219252551946, -22.852064250187009 ], [ -43.516362494196017, -22.855059513780258 ], [ -43.51545217944242, -22.859739648619158 ], [ -43.510371822239108, -22.861424556648707 ] ] ] } },
{ "type": "Feature", "properties": { "hex_id": "88a8a02ae3fffff", "nome": "Santa Cruz", "codbairro": "149", "codra": 19, "rp": "Santa Cruz", "cod_rp": "5.3", "area_plane": "5", "ideb_bairro": "Santa Cruz" }, "geometry": { "type": "Polygon", "coordinates": [ [ [ -43.653451235783763, -22.932085411776701 ], [ -43.649280639543683, -22.929096730350551 ], [ -43.650189954272896, -22.924419852250747 ], [ -43.655269790756854, -22.922731693751555 ], [ -43.659440349318466, -22.925720443759175 ], [ -43.658531109086233, -22.930397283673035 ], [ -43.653451235783763, -22.932085411776701 ] ] ] } },
{ "type": "Feature", "properties": { "hex_id": "88a8a066e1fffff", "nome": "Bangu", "codbairro": "141", "codra": 17, "rp": "Bangu", "cod_rp": "5.1", "area_plane": "5", "ideb_bairro": "Bangu" }, "geometry": { "type": "Polygon", "coordinates": [ [ [ -43.495130453137946, -22.866478161119037 ], [ -43.490960432324307, -22.863482732882328 ], [ -43.491870952624119, -22.858802888366046 ], [ -43.496951420063354, -22.857118508697994 ], [ -43.501121405621596, -22.860114005040192 ], [ -43.500210959007703, -22.864793812933435 ], [ -43.495130453137946, -22.866478161119037 ] ] ] } },
{ "type": "Feature", "properties": { "hex_id": "88a8a07441fffff", "nome": "Recreio dos Bandeirantes", "codbairro": "132", "codra": 24, "rp": "Barra da Tijuca", "cod_rp": "4.2", "area_plane": "4", "ideb_bairro": "Recreio dos Bandeirantes" }, "geometry": { "type": "Polygon", "coordinates": [ [ [ -43.455823314718458, -23.019454870278199 ], [ -43.451652332469536, -23.016463957617709 ], [ -43.452563393287676, -23.011792508275846 ], [ -43.457645362843131, -23.010112007839293 ], [ -43.461816310419927, -23.013102988805233 ], [ -43.460905323125097, -23.017774401890762 ], [ -43.455823314718458, -23.019454870278199 ] ] ] } },
{ "type": "Feature", "properties": { "hex_id": "88a8a02b37fffff", "nome": "Campo Grande", "codbairro": "144", "codra": 18, "rp": "Campo Grande", "cod_rp": "5.2", "area_plane": "5", "ideb_bairro": "Campo Grande" }, "geometry": { "type": "Polygon", "coordinates": [ [ [ -43.558213865119519, -22.933081517883096 ], [ -43.554043341357222, -22.930090252626986 ], [ -43.554953441025575, -22.925413763156484 ], [ -43.560033990448993, -22.92372857618124 ], [ -43.564204477985626, -22.926719909808352 ], [ -43.563294452336194, -22.931396362028202 ], [ -43.558213865119519, -22.933081517883096 ] ] ] } },
{ "type": "Feature", "properties": { "hex_id": "88a8a06735fffff", "nome": "Vila Militar", "codbairro": "135", "codra": 33, "rp": "Bangu", "cod_rp": "5.1", "area_plane": "5", "ideb_bairro": "Vila Militar" }, "geometry": { "type": "Polygon", "coordinates": [ [ [ -43.399889334778742, -22.867377948101858 ], [ -43.395719424786002, -22.864379951086143 ], [ -43.396630721717763, -22.859700510075008 ], [ -43.401711855448234, -22.858019101754198 ], [ -43.405881731639546, -22.861017166667782 ], [ -43.404970507913546, -22.865696571992803 ], [ -43.399889334778742, -22.867377948101858 ] ] ] } },
{ "type": "Feature", "properties": { "hex_id": "88a8a078b9fffff", "nome": "Cosme Velho", "codbairro": "019", "codra": 4, "rp": "Zona Sul", "cod_rp": "2.1", "area_plane": "2", "ideb_bairro": "Cosme Velho" }, "geometry": { "type": "Polygon", "coordinates": [ [ [ -43.198948034042445, -22.946828764566462 ], [ -43.1947779222373, -22.943828185169139 ], [ -43.195690953331003, -22.939153818340394 ], [ -43.200774024035425, -22.937480064626644 ], [ -43.204944105101767, -22.940480711638465 ], [ -43.204031146214284, -22.945155044737994 ], [ -43.198948034042445, -22.946828764566462 ] ] ] } },
{ "type": "Feature", "properties": { "hex_id": "88a8a06311fffff", "nome": "Alto da Boa Vista", "codbairro": "034", "codra": 8, "rp": "Tijuca", "cod_rp": "2.2", "area_plane": "2", "ideb_bairro": "Alto da Boa Vista" }, "geometry": { "type": "Polygon", "coordinates": [ [ [ -43.282226480454625, -22.958747437679907 ], [ -43.278056144983587, -22.95574955775729 ], [ -43.278968524519492, -22.951075497765196 ], [ -43.284051166906714, -22.949399352231687 ], [ -43.288221470364562, -22.952397299969917 ], [ -43.287309163460144, -22.957071325414478 ], [ -43.282226480454625, -22.958747437679907 ] ] ] } },
{ "type": "Feature", "properties": { "hex_id": "88a8a06017fffff", "nome": "Piedade", "codbairro": "069", "codra": 13, "rp": "Méier", "cod_rp": "3.2", "area_plane": "3", "ideb_bairro": "Piedade" }, "geometry": { "type": "Polygon", "coordinates": [ [ [ -43.320930186286716, -22.906607524274058 ], [ -43.316760132317249, -22.903608801718551 ], [ -43.317672124745748, -22.898931776318303 ], [ -43.3227540983399, -22.897253508379169 ], [ -43.326924119710007, -22.900252298735463 ], [ -43.326012200097068, -22.904929289218565 ], [ -43.320930186286716, -22.906607524274058 ] ] ] } },
{ "type": "Feature", "properties": { "hex_id": "88a8a0606bfffff", "nome": "Jacarepaguá", "codbairro": "115", "codra": 16, "rp": "Jacarepaguá", "cod_rp": "4.1", "area_plane": "4", "ideb_bairro": "Jacarepaguá" }, "geometry": { "type": "Polygon", "coordinates": [ [ [ -43.290958306588649, -22.938373687578057 ], [ -43.286788090986548, -22.935375304012513 ], [ -43.287700370853059, -22.930700109439389 ], [ -43.292782793662376, -22.929023333049436 ], [ -43.296952977119879, -22.932021784411095 ], [ -43.296040769924439, -22.936696944355056 ], [ -43.290958306588649, -22.938373687578057 ] ] ] } },
{ "type": "Feature", "properties": { "hex_id": "88a8a0719bfffff", "nome": "Barra da Tijuca", "codbairro": "128", "codra": 24, "rp": "Barra da Tijuca", "cod_rp": "4.2", "area_plane": "4", "ideb_bairro": "Barra da Tijuca" }, "geometry": { "type": "Polygon", "coordinates": [ [ [ -43.31428787483339, -23.01374857481149 ], [ -43.310117125877682, -23.010753575763108 ], [ -43.311029326177547, -23.00608236276608 ], [ -43.316112202638323, -23.004406183677254 ], [ -43.320282919085152, -23.007401250712867 ], [ -43.319370791591851, -23.012072428838525 ], [ -43.31428787483339, -23.01374857481149 ] ] ] } },
{ "type": "Feature", "properties": { "hex_id": "88a8a06113fffff", "nome": "Cachambi", "codbairro": "065", "codra": 13, "rp": "Méier", "cod_rp": "3.2", "area_plane": "3", "ideb_bairro": "Cachambi" }, "geometry": { "type": "Polygon", "coordinates": [ [ [ -43.26541709250796, -22.898674532238147 ], [ -43.261247180200961, -22.895674010869087 ], [ -43.262159608532428, -22.890996777879 ], [ -43.267241876650132, -22.889320100616985 ], [ -43.271411757206906, -22.892320689651772 ], [ -43.270499401407974, -22.896997888271308 ], [ -43.26541709250796, -22.898674532238147 ] ] ] } },
{ "type": "Feature", "properties": { "hex_id": "88a8a06167fffff", "nome": "Tijuca", "codbairro": "033", "codra": 8, "rp": "Tijuca", "cod_rp": "2.2", "area_plane": "2", "ideb_bairro": "Tijuca" }, "geometry": { "type": "Polygon", "coordinates": [ [ [ -43.21367865172553, -22.920106354681391 ], [ -43.209508688795594, -22.917105205368113 ], [ -43.210421563384678, -22.912429336273053 ], [ -43.215504328640534, -22.910754650347283 ], [ -43.21967426060904, -22.913755867255954 ], [ -43.218761458294892, -22.91843170248346 ], [ -43.21367865172553, -22.920106354681391 ] ] ] } },
{ "type": "Feature", "properties": { "hex_id": "88a8a061bbfffff", "nome": "Penha", "codbairro": "043", "codra": 11, "rp": "Penha", "cod_rp": "3.5", "area_plane": "3", "ideb_bairro": "Penha" }, "geometry": { "type": "Polygon", "coordinates": [ [ [ -43.288873797006694, -22.851538066403716 ], [ -43.284704155841986, -22.848536472706407 ], [ -43.285616327571077, -22.843856610578516 ], [ -43.290698067836011, -22.842178376727528 ], [ -43.294867676896779, -22.845180038050792 ], [ -43.293955577808298, -22.849859865587547 ], [ -43.288873797006694, -22.851538066403716 ] ] ] } },
{ "type": "Feature", "properties": { "hex_id": "88a8a06ad1fffff", "nome": "Maré", "codbairro": "157", "codra": 30, "rp": "Ramos", "cod_rp": "3.1", "area_plane": "3", "ideb_bairro": "Maré" }, "geometry": { "type": "Polygon", "coordinates": [ [ [ -43.237140873446585, -22.872988115085555 ], [ -43.232971178576364, -22.86998589423613 ], [ -43.233883797144891, -22.865307391996392 ], [ -43.238966038212141, -22.863631144681737 ], [ -43.243135701766882, -22.866633433086843 ], [ -43.24222315558162, -22.87131190123937 ], [ -43.237140873446585, -22.872988115085555 ] ] ] } },
{ "type": "Feature", "properties": { "hex_id": "88a8a06263fffff", "nome": "Itanhangá", "codbairro": "127", "codra": 24, "rp": "Barra da Tijuca", "cod_rp": "4.2", "area_plane": "4", "ideb_bairro": "Itanhangá" }, "geometry": { "type": "Polygon", "coordinates": [ [ [ -43.310507410471679, -22.984398995944112 ], [ -43.306336860743222, -22.981402822291372 ], [ -43.307249049267149, -22.976730036253759 ], [ -43.312331714750641, -22.975053458686567 ], [ -43.31650223203102, -22.978049700263902 ], [ -43.315590116287751, -22.982722451472284 ], [ -43.310507410471679, -22.984398995944112 ] ] ] } },
{ "type": "Feature", "properties": { "hex_id": "88a8a062b7fffff", "nome": "Praça Seca", "codbairro": "124", "codra": 16, "rp": "Jacarepaguá", "cod_rp": "4.1", "area_plane": "4", "ideb_bairro": "Praça Seca" }, "geometry": { "type": "Polygon", "coordinates": [ [ [ -43.363931821676154, -22.90552873642498 ], [ -43.359761710782841, -22.902531146776457 ], [ -43.360673354011041, -22.897853896064284 ], [ -43.365755035111427, -22.89617427032827 ], [ -43.369925112748497, -22.899171927868906 ], [ -43.369013542553148, -22.903849143241924 ], [ -43.363931821676154, -22.90552873642498 ] ] ] } },
{ "type": "Feature", "properties": { "hex_id": "88a8a0630bfffff", "nome": "Alto da Boa Vista", "codbairro": "034", "codra": 8, "rp": "Tijuca", "cod_rp": "2.2", "area_plane": "2", "ideb_bairro": "Alto da Boa Vista" }, "geometry": { "type": "Polygon", "coordinates": [ [ [ -43.270236060162553, -22.971445714918296 ], [ -43.266065660938139, -22.968447970623934 ], [ -43.266978155280505, -22.963774644610243 ], [ -43.272060976285424, -22.962099097311945 ], [ -43.27623134367866, -22.965096909419923 ], [ -43.275318921909921, -22.96977020100103 ], [ -43.270236060162553, -22.971445714918296 ] ] ] } },
{ "type": "Feature", "properties": { "hex_id": "88a8a0383dfffff", "nome": "Guaratiba", "codbairro": "151", "codra": 26, "rp": "Guaratiba", "cod_rp": "5.4", "area_plane": "5", "ideb_bairro": "Guaratiba" }, "geometry": { "type": "Polygon", "coordinates": [ [ [ -43.601137436021205, -23.054359524223511 ], [ -43.596966074920857, -23.051373896668093 ], [ -43.597875996339695, -23.046703806832568 ], [ -43.602957204607456, -23.045019382221319 ], [ -43.607128528813071, -23.048005078466279 ], [ -43.606218681657325, -23.052675130621427 ], [ -43.601137436021205, -23.054359524223511 ] ] ] } },
{ "type": "Feature", "properties": { "hex_id": "88a8a0743bfffff", "nome": "Vargem Pequena", "codbairro": "130", "codra": 24, "rp": "Barra da Tijuca", "cod_rp": "4.2", "area_plane": "4", "ideb_bairro": "Vargem Pequena" }, "geometry": { "type": "Polygon", "coordinates": [ [ [ -43.464022085623675, -22.97740392145997 ], [ -43.459851370574214, -22.974411693266294 ], [ -43.460762304075743, -22.969737939525661 ], [ -43.465843879083558, -22.968056450298743 ], [ -43.470014559340299, -22.971048746738198 ], [ -43.469103699393649, -22.975722464147285 ], [ -43.464022085623675, -22.97740392145997 ] ] ] } },
{ "type": "Feature", "properties": { "hex_id": "88a8a074e3fffff", "nome": "Vargem Grande", "codbairro": "131", "codra": 24, "rp": "Barra da Tijuca", "cod_rp": "4.2", "area_plane": "4", "ideb_bairro": "Vargem Grande" }, "geometry": { "type": "Polygon", "coordinates": [ [ [ -43.481999053943333, -22.958336409160516 ], [ -43.477828443544446, -22.955343976225461 ], [ -43.478739203010086, -22.950669126231485 ], [ -43.483820499245219, -22.948986745666531 ], [ -43.487991074578986, -22.951979246851394 ], [ -43.487080388754443, -22.956654060339893 ], [ -43.481999053943333, -22.958336409160516 ] ] ] } },
{ "type": "Feature", "properties": { "hex_id": "88a8a02809fffff", "nome": "Cosmos", "codbairro": "147", "codra": 18, "rp": "Campo Grande", "cod_rp": "5.2", "area_plane": "5", "ideb_bairro": "Cosmos" }, "geometry": { "type": "Polygon", "coordinates": [ [ [ -43.607198157732086, -22.925575652549337 ], [ -43.603027639882335, -22.922585458918952 ], [ -43.603937326395545, -22.917908391253828 ], [ -43.609017456506848, -22.916221554938708 ], [ -43.613187937384417, -22.919211817034995 ], [ -43.612278325134518, -22.92388884696901 ], [ -43.607198157732086, -22.925575652549337 ] ] ] } },
{ "type": "Feature", "properties": { "hex_id": "88a8a03939fffff", "nome": "Grumari", "codbairro": "133", "codra": 24, "rp": "Barra da Tijuca", "cod_rp": "4.2", "area_plane": "4", "ideb_bairro": "Grumari" }, "geometry": { "type": "Polygon", "coordinates": [ [ [ -43.545620840997323, -23.046541986440968 ], [ -43.541449582045047, -23.043554539209325 ], [ -43.542359948059072, -23.038884225192792 ], [ -43.54744149905499, -23.037201395533504 ], [ -43.551612721960886, -23.040188911317557 ], [ -43.550702429928933, -23.044859188196977 ], [ -43.545620840997323, -23.046541986440968 ] ] ] } },
{ "type": "Feature", "properties": { "hex_id": "88a8a07537fffff", "nome": "Curicica", "codbairro": "119", "codra": 16, "rp": "Jacarepaguá", "cod_rp": "4.1", "area_plane": "4", "ideb_bairro": "Curicica" }, "geometry": { "type": "Polygon", "coordinates": [ [ [ -43.386743068063694, -22.959231071084417 ], [ -43.382572571702347, -22.956236062043651 ], [ -43.383484107347236, -22.951561619332193 ], [ -43.388566066204639, -22.949882221221714 ], [ -43.392736528955588, -22.95287729830542 ], [ -43.391825066471256, -22.957551705445148 ], [ -43.386743068063694, -22.959231071084417 ] ] ] } },
{ "type": "Feature", "properties": { "hex_id": "88a8a0285dfffff", "nome": "Cosmos", "codbairro": "147", "codra": 18, "rp": "Campo Grande", "cod_rp": "5.2", "area_plane": "5", "ideb_bairro": "Cosmos" }, "geometry": { "type": "Polygon", "coordinates": [ [ [ -43.619709849715527, -22.934544887208848 ], [ -43.615539262692685, -22.931555366738785 ], [ -43.616448859097581, -22.926878738313242 ], [ -43.621528968208736, -22.925191668200966 ], [ -43.625699518067485, -22.928181257181638 ], [ -43.624789995990824, -22.932857847752491 ], [ -43.619709849715527, -22.934544887208848 ] ] ] } },
{ "type": "Feature", "properties": { "hex_id": "88a8a0645bfffff", "nome": "Vila Kennedy", "codbairro": "162", "codra": 17, "rp": "Bangu", "cod_rp": "5.1", "area_plane": "5", "ideb_bairro": "Vila Kennedy" }, "geometry": { "type": "Polygon", "coordinates": [ [ [ -43.482620463728686, -22.857491206691908 ], [ -43.478450516034613, -22.854495108828079 ], [ -43.479361125552792, -22.849814827446988 ], [ -43.484441609155937, -22.848130680416897 ], [ -43.488611521786552, -22.851126846341405 ], [ -43.487700985889177, -22.855807091223806 ], [ -43.482620463728686, -22.857491206691908 ] ] ] } },
{ "type": "Feature", "properties": { "hex_id": "88a8a0398dfffff", "nome": "Guaratiba", "codbairro": "151", "codra": 26, "rp": "Guaratiba", "cod_rp": "5.4", "area_plane": "5", "ideb_bairro": "Guaratiba" }, "geometry": { "type": "Polygon", "coordinates": [ [ [ -43.578839790182073, -23.022429140719971 ], [ -43.57466865895632, -23.019441722263348 ], [ -43.575578717736548, -23.014769983119134 ], [ -43.580659833610667, -23.013085699880271 ], [ -43.584830928285712, -23.016073186918895 ], [ -43.583920943649005, -23.020744888602877 ], [ -43.578839790182073, -23.022429140719971 ] ] ] } },
{ "type": "Feature", "properties": { "hex_id": "88a8a062bdfffff", "nome": "Tanque", "codbairro": "123", "codra": 16, "rp": "Jacarepaguá", "cod_rp": "4.1", "area_plane": "4", "ideb_bairro": "Tanque" }, "geometry": { "type": "Polygon", "coordinates": [ [ [ -43.361196895714698, -22.919558519622729 ], [ -43.35702669646188, -22.916561366175632 ], [ -43.357938382008136, -22.911884881877089 ], [ -43.363020193796672, -22.910205586328829 ], [ -43.367190359833565, -22.91320280768867 ], [ -43.366278747309579, -22.917879256672489 ], [ -43.361196895714698, -22.919558519622729 ] ] ] } },
{ "type": "Feature", "properties": { "hex_id": "88a8a0758bfffff", "nome": "Jacarepaguá", "codbairro": "115", "codra": 16, "rp": "Jacarepaguá", "cod_rp": "4.1", "area_plane": "4", "ideb_bairro": "Jacarepaguá" }, "geometry": { "type": "Polygon", "coordinates": [ [ [ -43.441731369316784, -22.945422976324387 ], [ -43.437560891848747, -22.942428967694724 ], [ -43.438471960912672, -22.937753571101428 ], [ -43.443553434021325, -22.936072219235147 ], [ -43.447723877040552, -22.93906629600205 ], [ -43.44681288141166, -22.943741656486466 ], [ -43.441731369316784, -22.945422976324387 ] ] ] } },
{ "type": "Feature", "properties": { "hex_id": "88a8a039e1fffff", "nome": "Guaratiba", "codbairro": "151", "codra": 26, "rp": "Guaratiba", "cod_rp": "5.4", "area_plane": "5", "ideb_bairro": "Guaratiba" }, "geometry": { "type": "Polygon", "coordinates": [ [ [ -43.563596025714816, -23.027480772213096 ], [ -43.559424875173953, -23.024493119319146 ], [ -43.560335066361006, -23.019821708226008 ], [ -43.565416334032548, -23.018137987326771 ], [ -43.569587448254794, -23.021125708778172 ], [ -43.56867733113581, -23.025797082559855 ], [ -43.563596025714816, -23.027480772213096 ] ] ] } },
{ "type": "Feature", "properties": { "hex_id": "88a8a02905fffff", "nome": "Senador Vasconcelos", "codbairro": "145", "codra": 18, "rp": "Campo Grande", "cod_rp": "5.2", "area_plane": "5", "ideb_bairro": "Senador Vasconcelos" }, "geometry": { "type": "Polygon", "coordinates": [ [ [ -43.529930976235754, -22.907460590530299 ], [ -43.525760648899187, -22.90446761156014 ], [ -43.526670943508911, -22.899789844219583 ], [ -43.531751491596232, -22.898105092807871 ], [ -43.535921783141674, -22.901098140038208 ], [ -43.535011562402616, -22.905775870408579 ], [ -43.529930976235754, -22.907460590530299 ] ] ] } },
{ "type": "Feature", "properties": { "hex_id": "88a8a06503fffff", "nome": "Anchieta", "codbairro": "107", "codra": 22, "rp": "Pavuna", "cod_rp": "3.6", "area_plane": "3", "ideb_bairro": "Anchieta" }, "geometry": { "type": "Polygon", "coordinates": [ [ [ -43.39284760499293, -22.830301076671311 ], [ -43.388677948215367, -22.82730154044825 ], [ -43.389589249018449, -22.822620134955283 ], [ -43.394670133449203, -22.820938301284357 ], [ -43.398839756536816, -22.823937905318587 ], [ -43.397928528895363, -22.828619275201071 ], [ -43.39284760499293, -22.830301076671311 ] ] ] } },
{ "type": "Feature", "properties": { "hex_id": "88a8a07633fffff", "nome": "Recreio dos Bandeirantes", "codbairro": "132", "codra": 24, "rp": "Barra da Tijuca", "cod_rp": "4.2", "area_plane": "4", "ideb_bairro": "Recreio dos Bandeirantes" }, "geometry": { "type": "Polygon", "coordinates": [ [ [ -43.48358224168787, -23.023383591965914 ], [ -43.479411201047931, -23.020393586095842 ], [ -43.480322041155219, -23.015722245794958 ], [ -43.485403848249959, -23.014040947880929 ], [ -43.4895748537934, -23.017031022124531 ], [ -43.488664087350308, -23.02170232589711 ], [ -43.48358224168787, -23.023383591965914 ] ] ] } },
{ "type": "Feature", "properties": { "hex_id": "88a8a02959fffff", "nome": "Campo Grande", "codbairro": "144", "codra": 18, "rp": "Campo Grande", "cod_rp": "5.2", "area_plane": "5", "ideb_bairro": "Campo Grande" }, "geometry": { "type": "Polygon", "coordinates": [ [ [ -43.564204477985626, -22.926719909808352 ], [ -43.560033990448993, -22.92372857618124 ], [ -43.560944031841139, -22.919051722537795 ], [ -43.56602448673403, -22.917366239818858 ], [ -43.570194937954334, -22.920357641818363 ], [ -43.569284970609736, -22.925034458152918 ], [ -43.564204477985626, -22.926719909808352 ] ] ] } },
{ "type": "Feature", "properties": { "hex_id": "88a8a06557fffff", "nome": "Parque Anchieta", "codbairro": "108", "codra": 22, "rp": "Pavuna", "cod_rp": "3.6", "area_plane": "3", "ideb_bairro": "Parque Anchieta" }, "geometry": { "type": "Polygon", "coordinates": [ [ [ -43.405356727347382, -22.839298350326697 ], [ -43.401186994602874, -22.836299481655757 ], [ -43.40209820682422, -22.831618511615606 ], [ -43.407179078574913, -22.829936445970088 ], [ -43.411348777437496, -22.832935382496927 ], [ -43.410437638443035, -22.837616316801864 ], [ -43.405356727347382, -22.839298350326697 ] ] ] } },
{ "type": "Feature", "properties": { "hex_id": "88a8a07687fffff", "nome": "Vargem Grande", "codbairro": "131", "codra": 24, "rp": "Barra da Tijuca", "cod_rp": "4.2", "area_plane": "4", "ideb_bairro": "Vargem Grande" }, "geometry": { "type": "Polygon", "coordinates": [ [ [ -43.516804171735103, -22.999276853257278 ], [ -43.512633253563521, -22.996286876212434 ], [ -43.513543787534672, -22.991614109402967 ], [ -43.518625165863135, -22.989931356477811 ], [ -43.522796048433619, -22.992921401925006 ], [ -43.521885588288441, -22.997594131883481 ], [ -43.516804171735103, -22.999276853257278 ] ] ] } },
{ "type": "Feature", "properties": { "hex_id": "88a8a06e19fffff", "nome": "Parque Colúmbia", "codbairro": "159", "codra": 25, "rp": "Pavuna", "cod_rp": "3.6", "area_plane": "3", "ideb_bairro": "Parque Columbia" }, "geometry": { "type": "Polygon", "coordinates": [ [ [ -43.346594144440743, -22.823705443355255 ], [ -43.342424596682783, -22.820704409279102 ], [ -43.343336262588373, -22.81602282710411 ], [ -43.348417403337294, -22.814342314147432 ], [ -43.352586918112387, -22.817343415920995 ], [ -43.351675325133165, -22.822024962942319 ], [ -43.346594144440743, -22.823705443355255 ] ] ] } },
{ "type": "Feature", "properties": { "hex_id": "88a8a029adfffff", "nome": "Campo Grande", "codbairro": "144", "codra": 18, "rp": "Campo Grande", "cod_rp": "5.2", "area_plane": "5", "ideb_bairro": "Campo Grande" }, "geometry": { "type": "Polygon", "coordinates": [ [ [ -43.55336326806615, -22.860295159683734 ], [ -43.549193227707576, -22.857301100295135 ], [ -43.55010326266482, -22.852620712972652 ], [ -43.555183264014786, -22.850934422222803 ], [ -43.559353268230048, -22.853928549834098 ], [ -43.558443307250322, -22.858608899961062 ], [ -43.55336326806615, -22.860295159683734 ] ] ] } },
{ "type": "Feature", "properties": { "hex_id": "88a8a076dbfffff", "nome": "Guaratiba", "codbairro": "151", "codra": 26, "rp": "Guaratiba", "cod_rp": "5.4", "area_plane": "5", "ideb_bairro": "Guaratiba" }, "geometry": { "type": "Polygon", "coordinates": [ [ [ -43.551082644982984, -23.018517139127638 ], [ -43.546911565420892, -23.015528811918866 ], [ -43.547821846350693, -23.010856960937797 ], [ -43.552903132851249, -23.00917347434229 ], [ -43.557074176286754, -23.012161870064428 ], [ -43.556163969359972, -23.016833683857197 ], [ -43.551082644982984, -23.018517139127638 ] ] ] } },
{ "type": "Feature", "properties": { "hex_id": "88a8a02f2dfffff", "nome": "Santa Cruz", "codbairro": "149", "codra": 19, "rp": "Santa Cruz", "cod_rp": "5.3", "area_plane": "5", "ideb_bairro": "Santa Cruz" }, "geometry": { "type": "Polygon", "coordinates": [ [ [ -43.682860847457249, -22.878548667054631 ], [ -43.678690583624501, -22.875558832191814 ], [ -43.679599578640875, -22.870878973905395 ], [ -43.684678762869815, -22.869188988942362 ], [ -43.688848988582052, -22.872178892352117 ], [ -43.68794006819747, -22.876858712166488 ], [ -43.682860847457249, -22.878548667054631 ] ] ] } },
{ "type": "Feature", "properties": { "hex_id": "88a8a06e6dfffff", "nome": "Penha Circular", "codbairro": "044", "codra": 11, "rp": "Penha", "cod_rp": "3.5", "area_plane": "3", "ideb_bairro": "Penha Circular" }, "geometry": { "type": "Polygon", "coordinates": [ [ [ -43.294867676896779, -22.845180038050792 ], [ -43.290698067836011, -22.842178376727528 ], [ -43.291610182134526, -22.837498149334564 ], [ -43.296691832836046, -22.835819617902104 ], [ -43.300861409701938, -22.838821346852011 ], [ -43.299949368072937, -22.8435015395962 ], [ -43.294867676896779, -22.845180038050792 ] ] ] } },
{ "type": "Feature", "properties": { "hex_id": "88a8a02a01fffff", "nome": "Guaratiba", "codbairro": "151", "codra": 26, "rp": "Guaratiba", "cod_rp": "5.4", "area_plane": "5", "ideb_bairro": "Guaratiba" }, "geometry": { "type": "Polygon", "coordinates": [ [ [ -43.626764593310469, -22.971562994927318 ], [ -43.622593757029541, -22.968575027768392 ], [ -43.62350334848032, -22.963900370623112 ], [ -43.628583701851333, -22.962213718551663 ], [ -43.63275450085618, -22.96520175430571 ], [ -43.631844983777754, -22.969876373524588 ], [ -43.626764593310469, -22.971562994927318 ] ] ] } },
{ "type": "Feature", "properties": { "hex_id": "88a8a39349fffff", "nome": "Campo Grande", "codbairro": "144", "codra": 18, "rp": "Campo Grande", "cod_rp": "5.2", "area_plane": "5", "ideb_bairro": "Campo Grande" }, "geometry": { "type": "Polygon", "coordinates": [ [ [ -43.562083066098282, -22.839885972403113 ], [ -43.557913151612006, -22.836891407243691 ], [ -43.558823085790351, -22.832209893421751 ], [ -43.563902860450057, -22.830522982026899 ], [ -43.568072738662302, -22.833517615389383 ], [ -43.567162878500554, -22.838199091932161 ], [ -43.562083066098282, -22.839885972403113 ] ] ] } },
{ "type": "Feature", "properties": { "hex_id": "88a8a02193fffff", "nome": "Santa Cruz", "codbairro": "149", "codra": 19, "rp": "Santa Cruz", "cod_rp": "5.3", "area_plane": "5", "ideb_bairro": "Santa Cruz" }, "geometry": { "type": "Polygon", "coordinates": [ [ [ -43.760654582345097, -22.918295303035581 ], [ -43.756484015052287, -22.915309073260275 ], [ -43.757392422228875, -22.910631091542971 ], [ -43.762471321679342, -22.908939378828588 ], [ -43.766641849660964, -22.911925677401126 ], [ -43.765733517514896, -22.916603619879336 ], [ -43.760654582345097, -22.918295303035581 ] ] ] } },
{ "type": "Feature", "properties": { "hex_id": "88a8a02a55fffff", "nome": "Guaratiba", "codbairro": "151", "codra": 26, "rp": "Guaratiba", "cod_rp": "5.4", "area_plane": "5", "ideb_bairro": "Guaratiba" }, "geometry": { "type": "Polygon", "coordinates": [ [ [ -43.639277239362542, -22.98052554750608 ], [ -43.635106334520991, -22.977538254840493 ], [ -43.63601583571382, -22.972864037795205 ], [ -43.641096167322615, -22.971177151453634 ], [ -43.645267034696161, -22.97416451275884 ], [ -43.644357607940577, -22.9788386917545 ], [ -43.639277239362542, -22.98052554750608 ] ] ] } },
{ "type": "Feature", "properties": { "hex_id": "88a8a06653fffff", "nome": "Senador Camará", "codbairro": "142", "codra": 17, "rp": "Bangu", "cod_rp": "5.1", "area_plane": "5", "ideb_bairro": "Senador Camará" }, "geometry": { "type": "Polygon", "coordinates": [ [ [ -43.502177956544038, -22.903533322054347 ], [ -43.498007684304895, -22.900539438862129 ], [ -43.498918200245321, -22.895861561157378 ], [ -43.503998914706564, -22.894177603330334 ], [ -43.508169151578628, -22.897171554713942 ], [ -43.50725870936823, -22.901849395721705 ], [ -43.502177956544038, -22.903533322054347 ] ] ] } },
{ "type": "Feature", "properties": { "hex_id": "88a8a021e7fffff", "nome": "Santa Cruz", "codbairro": "149", "codra": 19, "rp": "Santa Cruz", "cod_rp": "5.3", "area_plane": "5", "ideb_bairro": "Santa Cruz" }, "geometry": { "type": "Polygon", "coordinates": [ [ [ -43.708953461470898, -22.939878406218384 ], [ -43.704782778343862, -22.936891541982689 ], [ -43.705691645391127, -22.932214894362758 ], [ -43.710771120800146, -22.930525149698614 ], [ -43.714941765401456, -22.933512082654971 ], [ -43.714032973131118, -22.938188691543321 ], [ -43.708953461470898, -22.939878406218384 ] ] ] } },
{ "type": "Feature", "properties": { "hex_id": "88a8a06269fffff", "nome": "Itanhangá", "codbairro": "127", "codra": 24, "rp": "Barra da Tijuca", "cod_rp": "4.2", "area_plane": "4", "ideb_bairro": "Itanhangá" }, "geometry": { "type": "Polygon", "coordinates": [ [ [ -43.307770848369088, -22.998415379593247 ], [ -43.303600210634599, -22.995419642634818 ], [ -43.304512441426809, -22.99074762552652 ], [ -43.309595237195232, -22.98907138017006 ], [ -43.313765842522024, -22.992067185073246 ], [ -43.312853684499849, -22.996739167376596 ], [ -43.307770848369088, -22.998415379593247 ] ] ] } },
{ "type": "Feature", "properties": { "hex_id": "88a8a02aa9fffff", "nome": "Paciência", "codbairro": "148", "codra": 19, "rp": "Santa Cruz", "cod_rp": "5.3", "area_plane": "5", "ideb_bairro": "Paciência" }, "geometry": { "type": "Polygon", "coordinates": [ [ [ -43.650189954272896, -22.924419852250747 ], [ -43.646019410812855, -22.921430799670848 ], [ -43.64692874145296, -22.916753520043414 ], [ -43.652008541085934, -22.915065331137832 ], [ -43.65617904691814, -22.91805445227757 ], [ -43.655269790756854, -22.922731693751555 ], [ -43.650189954272896, -22.924419852250747 ] ] ] } },
{ "type": "Feature", "properties": { "hex_id": "88a8a066a7fffff", "nome": "Bangu", "codbairro": "141", "codra": 17, "rp": "Bangu", "cod_rp": "5.1", "area_plane": "5", "ideb_bairro": "Bangu" }, "geometry": { "type": "Polygon", "coordinates": [ [ [ -43.491343044566044, -22.837084583859117 ], [ -43.487173221168966, -22.834087981235893 ], [ -43.488083730205361, -22.82940657241835 ], [ -43.493163988990524, -22.82772180279434 ], [ -43.497333777193283, -22.830718473458379 ], [ -43.496423341816893, -22.835399845694113 ], [ -43.491343044566044, -22.837084583859117 ] ] ] } },
{ "type": "Feature", "properties": { "hex_id": "88a8a02b51fffff", "nome": "Guaratiba", "codbairro": "151", "codra": 26, "rp": "Guaratiba", "cod_rp": "5.4", "area_plane": "5", "ideb_bairro": "Guaratiba" }, "geometry": { "type": "Polygon", "coordinates": [ [ [ -43.58376860812092, -22.972712817124116 ], [ -43.579597800017034, -22.969723707685983 ], [ -43.580507746851509, -22.965049264249618 ], [ -43.585588427644872, -22.963363967744694 ], [ -43.589759199128572, -22.966353145684327 ], [ -43.588849326450763, -22.971027551615865 ], [ -43.58376860812092, -22.972712817124116 ] ] ] } },
{ "type": "Feature", "properties": { "hex_id": "88a8a078d3fffff", "nome": "Jardim Botânico", "codbairro": "028", "codra": 6, "rp": "Zona Sul", "cod_rp": "2.1", "area_plane": "2", "ideb_bairro": "Jardim Botânico" }, "geometry": { "type": "Polygon", "coordinates": [ [ [ -43.223969279365683, -22.964827571436324 ], [ -43.219799003639444, -22.961828326412547 ], [ -43.220711860141314, -22.957154829598878 ], [ -43.225794920043853, -22.95548061177567 ], [ -43.229965164646941, -22.958479924501365 ], [ -43.229052380482443, -22.963153387336785 ], [ -43.223969279365683, -22.964827571436324 ] ] ] } },
{ "type": "Feature", "properties": { "hex_id": "88a8a06031fffff", "nome": "Encantado", "codbairro": "068", "codra": 13, "rp": "Méier", "cod_rp": "3.2", "area_plane": "3", "ideb_bairro": "Encantado" }, "geometry": { "type": "Polygon", "coordinates": [ [ [ -43.302425924527491, -22.903965453803533 ], [ -43.298255916908353, -22.900966131325173 ], [ -43.299168054826538, -22.896289036363921 ], [ -43.304250127654349, -22.894611298604442 ], [ -43.308420102957129, -22.897610688838508 ], [ -43.307508037760208, -22.902287749064797 ], [ -43.302425924527491, -22.903965453803533 ] ] ] } },
{ "type": "Feature", "properties": { "hex_id": "88a8a06085fffff", "nome": "Madureira", "codbairro": "083", "codra": 15, "rp": "Madureira", "cod_rp": "3.3", "area_plane": "3", "ideb_bairro": "Madureira" }, "geometry": { "type": "Polygon", "coordinates": [ [ [ -43.335653406892447, -22.879862808737752 ], [ -43.331483506366389, -22.876863515062858 ], [ -43.332395341415072, -22.872184992392 ], [ -43.337477004117609, -22.870505798441251 ], [ -43.3416468718221, -22.873505159897885 ], [ -43.340735109657359, -22.87818364751201 ], [ -43.335653406892447, -22.879862808737752 ] ] ] } },
{ "type": "Feature", "properties": { "hex_id": "88a8a071b5fffff", "nome": "São Conrado", "codbairro": "031", "codra": 6, "rp": "Zona Sul", "cod_rp": "2.1", "area_plane": "2", "ideb_bairro": "São Conrado" }, "geometry": { "type": "Polygon", "coordinates": [ [ [ -43.274014694503016, -23.000801139561158 ], [ -43.269844095678238, -22.997804568171496 ], [ -43.270756601908943, -22.993132814618111 ], [ -43.275839634376659, -22.991457666918059 ], [ -43.280010201309523, -22.994454306184213 ], [ -43.279097767678337, -22.999126025262381 ], [ -43.274014694503016, -23.000801139561158 ] ] ] } },
{ "type": "Feature", "properties": { "hex_id": "88a8a060d9fffff", "nome": "Vila Valqueire", "codbairro": "125", "codra": 16, "rp": "Jacarepaguá", "cod_rp": "4.1", "area_plane": "4", "ideb_bairro": "Vila Valqueire" }, "geometry": { "type": "Polygon", "coordinates": [ [ [ -43.369925112748497, -22.899171927868906 ], [ -43.365755035111427, -22.89617427032827 ], [ -43.366666620666955, -22.891496654225353 ], [ -43.371748210809585, -22.889816731048484 ], [ -43.375918255099521, -22.892814456482217 ], [ -43.375006742605684, -22.897492037188204 ], [ -43.369925112748497, -22.899171927868906 ] ] ] } },
{ "type": "Feature", "properties": { "hex_id": "88a8a0612dfffff", "nome": "Praça da Bandeira", "codbairro": "032", "codra": 8, "rp": "Tijuca", "cod_rp": "2.2", "area_plane": "2", "ideb_bairro": "Praça da Bandeira" }, "geometry": { "type": "Polygon", "coordinates": [ [ [ -43.210421563384678, -22.912429336273053 ], [ -43.206251656865824, -22.909427820013722 ], [ -43.207164546501936, -22.904751550266354 ], [ -43.212247270412036, -22.903076830600643 ], [ -43.216417146019992, -22.906078414433779 ], [ -43.215504328640534, -22.910754650347283 ], [ -43.210421563384678, -22.912429336273053 ] ] ] } },
{ "type": "Feature", "properties": { "hex_id": "88a8a06181fffff", "nome": "Inhaúma", "codbairro": "054", "codra": 12, "rp": "Inhaúma", "cod_rp": "3.4", "area_plane": "3", "ideb_bairro": "Inhaúma" }, "geometry": { "type": "Polygon", "coordinates": [ [ [ -43.280143086066872, -22.871931956044559 ], [ -43.275973325112552, -22.868930864574441 ], [ -43.276885596474912, -22.864252133478153 ], [ -43.281967556202311, -22.862574528350017 ], [ -43.28613728518404, -22.865575687466457 ], [ -43.28522508642272, -22.870254384053155 ], [ -43.280143086066872, -22.871931956044559 ] ] ] } },
{ "type": "Feature", "properties": { "hex_id": "88a8a02e45fffff", "nome": "Santa Cruz", "codbairro": "149", "codra": 19, "rp": "Santa Cruz", "cod_rp": "5.3", "area_plane": "5", "ideb_bairro": "Santa Cruz" }, "geometry": { "type": "Polygon", "coordinates": [ [ [ -43.766641849660964, -22.911925677401126 ], [ -43.762471321679342, -22.908939378828588 ], [ -43.763379669963228, -22.904261034813597 ], [ -43.768458471181425, -22.902569028657517 ], [ -43.772628959761434, -22.905555396028944 ], [ -43.771720686536483, -22.910233700746094 ], [ -43.766641849660964, -22.911925677401126 ] ] ] } },
{ "type": "Feature", "properties": { "hex_id": "88a8a06a43fffff", "nome": "Santa Teresa", "codbairro": "014", "codra": 23, "rp": "Centro", "cod_rp": "1.1", "area_plane": "1", "ideb_bairro": "Santa Teresa" }, "geometry": { "type": "Polygon", "coordinates": [ [ [ -43.179924030729076, -22.922473497141748 ], [ -43.175754114780212, -22.919471517477689 ], [ -43.176667263015432, -22.914795914452096 ], [ -43.181750255107296, -22.913122324616154 ], [ -43.185920140610612, -22.916124371807964 ], [ -43.185007064479422, -22.920799941296423 ], [ -43.179924030729076, -22.922473497141748 ] ] ] } },
{ "type": "Feature", "properties": { "hex_id": "88a8a061d5fffff", "nome": "Pilares", "codbairro": "071", "codra": 13, "rp": "Méier", "cod_rp": "3.2", "area_plane": "3", "ideb_bairro": "Pilares" }, "geometry": { "type": "Polygon", "coordinates": [ [ [ -43.292652528135541, -22.880933897271252 ], [ -43.288482687622285, -22.877933472438315 ], [ -43.289394871182978, -22.873255176089849 ], [ -43.294476822602206, -22.871577339197152 ], [ -43.298646630950813, -22.874577831720707 ], [ -43.297734520056601, -22.879256093434797 ], [ -43.292652528135541, -22.880933897271252 ] ] ] } },
{ "type": "Feature", "properties": { "hex_id": "88a8a06229fffff", "nome": "Itanhangá", "codbairro": "127", "codra": 24, "rp": "Barra da Tijuca", "cod_rp": "4.2", "area_plane": "4", "ideb_bairro": "Itanhangá" }, "geometry": { "type": "Polygon", "coordinates": [ [ [ -43.307249049267149, -22.976730036253759 ], [ -43.303078555162578, -22.973733493974393 ], [ -43.303990758927227, -22.969060306236123 ], [ -43.309073384045803, -22.96738369556164 ], [ -43.313243845752879, -22.970380305744264 ], [ -43.312331714750641, -22.975053458686567 ], [ -43.307249049267149, -22.976730036253759 ] ] ] } },
{ "type": "Feature", "properties": { "hex_id": "88a8a02f41fffff", "nome": "Santa Cruz", "codbairro": "149", "codra": 19, "rp": "Santa Cruz", "cod_rp": "5.3", "area_plane": "5", "ideb_bairro": "Santa Cruz" }, "geometry": { "type": "Polygon", "coordinates": [ [ [ -43.711144548718423, -22.904149656607157 ], [ -43.706974099471665, -22.90116154015913 ], [ -43.707882897131256, -22.89648296226855 ], [ -43.712962069269757, -22.894792539566211 ], [ -43.71713247996172, -22.897780724673094 ], [ -43.716223757081593, -22.902459263811991 ], [ -43.711144548718423, -22.904149656607157 ] ] ] } },
{ "type": "Feature", "properties": { "hex_id": "88a8a062d1fffff", "nome": "Jacarepaguá", "codbairro": "115", "codra": 16, "rp": "Jacarepaguá", "cod_rp": "4.1", "area_plane": "4", "ideb_bairro": "Jacarepaguá" }, "geometry": { "type": "Polygon", "coordinates": [ [ [ -43.389477544096579, -22.945207412571698 ], [ -43.385307136285157, -22.942211966482034 ], [ -43.38621862957794, -22.937536756432952 ], [ -43.391300457522732, -22.935857028058361 ], [ -43.395470831683468, -22.938852542170658 ], [ -43.394559411561829, -22.943527716623386 ], [ -43.389477544096579, -22.945207412571698 ] ] ] } },
{ "type": "Feature", "properties": { "hex_id": "88a8a07401fffff", "nome": "Vargem Pequena", "codbairro": "130", "codra": 24, "rp": "Barra da Tijuca", "cod_rp": "4.2", "area_plane": "4", "ideb_bairro": "Vargem Pequena" }, "geometry": { "type": "Polygon", "coordinates": [ [ [ -43.455296490866964, -22.997776623091507 ], [ -43.451125652074118, -22.994784901509902 ], [ -43.45203668598721, -22.990112281403537 ], [ -43.457118485189248, -22.98843141911582 ], [ -43.461289289320398, -22.991423208961791 ], [ -43.460378328922921, -22.996095792819585 ], [ -43.455296490866964, -22.997776623091507 ] ] ] } },
{ "type": "Feature", "properties": { "hex_id": "88a8a06325fffff", "nome": "Alto da Boa Vista", "codbairro": "034", "codra": 8, "rp": "Tijuca", "cod_rp": "2.2", "area_plane": "2", "ideb_bairro": "Alto da Boa Vista" }, "geometry": { "type": "Polygon", "coordinates": [ [ [ -43.229965164646941, -22.958479924501365 ], [ -43.225794920043853, -22.95548061177567 ], [ -43.226707719296066, -22.950806747618135 ], [ -43.231790690796778, -22.949132230210346 ], [ -43.235960904185646, -22.952131610638869 ], [ -43.235048177299802, -22.956805440760803 ], [ -43.229965164646941, -22.958479924501365 ] ] ] } },
{ "type": "Feature", "properties": { "hex_id": "88a8a07455fffff", "nome": "Recreio dos Bandeirantes", "codbairro": "132", "codra": 24, "rp": "Barra da Tijuca", "cod_rp": "4.2", "area_plane": "4", "ideb_bairro": "Recreio dos Bandeirantes" }, "geometry": { "type": "Polygon", "coordinates": [ [ [ -43.467809155375477, -23.006750443308128 ], [ -43.463638242561629, -23.003759394035278 ], [ -43.464549187408238, -22.999087212440056 ], [ -43.469630971499591, -22.997406116478292 ], [ -43.473801849459662, -23.000397234059488 ], [ -43.472890978193853, -23.005069379282585 ], [ -43.467809155375477, -23.006750443308128 ] ] ] } },
{ "type": "Feature", "properties": { "hex_id": "88a8a06215fffff", "nome": "Anil", "codbairro": "116", "codra": 16, "rp": "Jacarepaguá", "cod_rp": "4.1", "area_plane": "4", "ideb_bairro": "Anil" }, "geometry": { "type": "Polygon", "coordinates": [ [ [ -43.337744342284921, -22.966667747391352 ], [ -43.333573867498615, -22.963671670697739 ], [ -43.334485810537899, -22.958997819354195 ], [ -43.339568155460761, -22.957320079785543 ], [ -43.343738597384551, -22.960316224429555 ], [ -43.342826727259741, -22.964990040680284 ], [ -43.337744342284921, -22.966667747391352 ] ] ] } },
{ "type": "Feature", "properties": { "hex_id": "88a8a074a9fffff", "nome": "Vargem Grande", "codbairro": "131", "codra": 24, "rp": "Barra da Tijuca", "cod_rp": "4.2", "area_plane": "4", "ideb_bairro": "Vargem Grande" }, "geometry": { "type": "Polygon", "coordinates": [ [ [ -43.478739203010086, -22.950669126231485 ], [ -43.47456864681412, -22.947676323401087 ], [ -43.4754794218561, -22.94300107178892 ], [ -43.480560679482849, -22.941318659468212 ], [ -43.484731200664314, -22.944311530526932 ], [ -43.483820499245219, -22.948986745666531 ], [ -43.478739203010086, -22.950669126231485 ] ] ] } },
{ "type": "Feature", "properties": { "hex_id": "88a8a02823fffff", "nome": "Campo Grande", "codbairro": "144", "codra": 18, "rp": "Campo Grande", "cod_rp": "5.2", "area_plane": "5", "ideb_bairro": "Campo Grande" }, "geometry": { "type": "Polygon", "coordinates": [ [ [ -43.588165399224884, -22.90126688110573 ], [ -43.583995057497646, -22.898275273980882 ], [ -43.584904865612756, -22.893596965013579 ], [ -43.589984941304756, -22.891910300701674 ], [ -43.594155246352983, -22.894901976204345 ], [ -43.593245512399903, -22.899580247629615 ], [ -43.588165399224884, -22.90126688110573 ] ] ] } },
{ "type": "Feature", "properties": { "hex_id": "88a8a03953fffff", "nome": "Guaratiba", "codbairro": "151", "codra": 26, "rp": "Guaratiba", "cod_rp": "5.4", "area_plane": "5", "ideb_bairro": "Guaratiba" }, "geometry": { "type": "Polygon", "coordinates": [ [ [ -43.570648892206663, -23.064461945288251 ], [ -43.566477491332847, -23.06147584814746 ], [ -43.567387677831839, -23.056806414820457 ], [ -43.572469191104112, -23.055123116005756 ], [ -43.576640555547385, -23.058109281786784 ], [ -43.575730443160595, -23.062778677730762 ], [ -43.570648892206663, -23.064461945288251 ] ] ] } },
{ "type": "Feature", "properties": { "hex_id": "88a8a07551fffff", "nome": "Barra da Tijuca", "codbairro": "128", "codra": 24, "rp": "Barra da Tijuca", "cod_rp": "4.2", "area_plane": "4", "ideb_bairro": "Barra da Tijuca" }, "geometry": { "type": "Polygon", "coordinates": [ [ [ -43.412291914203792, -22.998880421105724 ], [ -43.408121122353045, -22.995887560634721 ], [ -43.409032507697688, -22.991215162711921 ], [ -43.414114611605996, -22.98953566107636 ], [ -43.418285369451795, -22.992528589719761 ], [ -43.417374057405958, -22.997200951814801 ], [ -43.412291914203792, -22.998880421105724 ] ] ] } },
{ "type": "Feature", "properties": { "hex_id": "88a8a039a7fffff", "nome": "Ilha de Guaratiba", "codbairro": "164", "codra": 26, "rp": "Guaratiba", "cod_rp": "5.4", "area_plane": "5", "ideb_bairro": "Ilha de Guaratiba" }, "geometry": { "type": "Polygon", "coordinates": [ [ [ -43.559804711958755, -22.998144892887744 ], [ -43.555633758281111, -22.995156057440141 ], [ -43.556543938391215, -22.990483073391665 ], [ -43.561624998148517, -22.98879896205128 ], [ -43.565795915568792, -22.991787865994166 ], [ -43.564885809500808, -22.996460812770625 ], [ -43.559804711958755, -22.998144892887744 ] ] ] } },
{ "type": "Feature", "properties": { "hex_id": "88a8a075a5fffff", "nome": "Jacarepaguá", "codbairro": "115", "codra": 16, "rp": "Jacarepaguá", "cod_rp": "4.1", "area_plane": "4", "ideb_bairro": "Jacarepaguá" }, "geometry": { "type": "Polygon", "coordinates": [ [ [ -43.401463969982331, -22.932497008402084 ], [ -43.397293629563144, -22.929501426266022 ], [ -43.398205007320904, -22.924825484903813 ], [ -43.403286652280833, -22.923145161378137 ], [ -43.407456958867606, -22.92614081153911 ], [ -43.406545654338586, -22.930816717189341 ], [ -43.401463969982331, -22.932497008402084 ] ] ] } },
{ "type": "Feature", "properties": { "hex_id": "88a8a028cbfffff", "nome": "Santa Cruz", "codbairro": "149", "codra": 19, "rp": "Santa Cruz", "cod_rp": "5.3", "area_plane": "5", "ideb_bairro": "Santa Cruz" }, "geometry": { "type": "Polygon", "coordinates": [ [ [ -43.655645544126997, -22.896353230520294 ], [ -43.65147518144785, -22.893363298964481 ], [ -43.652384426804836, -22.888684490476003 ], [ -43.657463960353034, -22.886995651737173 ], [ -43.661634285324517, -22.889985651812381 ], [ -43.660725114467098, -22.894664422095556 ], [ -43.655645544126997, -22.896353230520294 ] ] ] } },
{ "type": "Feature", "properties": { "hex_id": "88a8a064c9fffff", "nome": "Bangu", "codbairro": "141", "codra": 17, "rp": "Bangu", "cod_rp": "5.1", "area_plane": "5", "ideb_bairro": "Bangu" }, "geometry": { "type": "Polygon", "coordinates": [ [ [ -43.497333777193283, -22.830718473458379 ], [ -43.493163988990524, -22.82772180279434 ], [ -43.494074439973829, -22.823040030574873 ], [ -43.499154605482872, -22.821354965647906 ], [ -43.50332435840059, -22.824351704353745 ], [ -43.502413981105995, -22.829033439933244 ], [ -43.497333777193283, -22.830718473458379 ] ] ] } },
{ "type": "Feature", "properties": { "hex_id": "88a8a0651dfffff", "nome": "Parque Anchieta", "codbairro": "108", "codra": 22, "rp": "Pavuna", "cod_rp": "3.6", "area_plane": "3", "ideb_bairro": "Parque Anchieta" }, "geometry": { "type": "Polygon", "coordinates": [ [ [ -43.40209820682422, -22.831618511615606 ], [ -43.397928528895363, -22.828619275201071 ], [ -43.398839756536816, -22.823937905318587 ], [ -43.403920588910182, -22.822255807540948 ], [ -43.408090233007698, -22.825255111789435 ], [ -43.407179078574913, -22.829936445970088 ], [ -43.40209820682422, -22.831618511615606 ] ] ] } },
{ "type": "Feature", "properties": { "hex_id": "88a8a076a1fffff", "nome": "Vargem Grande", "codbairro": "131", "codra": 24, "rp": "Barra da Tijuca", "cod_rp": "4.2", "area_plane": "4", "ideb_bairro": "Vargem Grande" }, "geometry": { "type": "Polygon", "coordinates": [ [ [ -43.498299354638277, -22.996661242937829 ], [ -43.494128473609329, -22.993670661314056 ], [ -43.49503915509171, -22.988997821074832 ], [ -43.500120643882575, -22.987315599117387 ], [ -43.504291489593257, -22.99030624909792 ], [ -43.503380881843036, -22.994979052667635 ], [ -43.498299354638277, -22.996661242937829 ] ] ] } },
{ "type": "Feature", "properties": { "hex_id": "88a8a02105fffff", "nome": "Sepetiba", "codbairro": "150", "codra": 19, "rp": "Santa Cruz", "cod_rp": "5.3", "area_plane": "5", "ideb_bairro": "Sepetiba" }, "geometry": { "type": "Polygon", "coordinates": [ [ [ -43.682271386774389, -22.97936073230575 ], [ -43.678100459827576, -22.976374583632111 ], [ -43.679009604343477, -22.971700155407316 ], [ -43.684089601165233, -22.970011914315847 ], [ -43.688260489988387, -22.972998131723202 ], [ -43.687351420125083, -22.977672521476816 ], [ -43.682271386774389, -22.97936073230575 ] ] ] } },
{ "type": "Feature", "properties": { "hex_id": "88a8a029c7fffff", "nome": "Campo Grande", "codbairro": "144", "codra": 18, "rp": "Campo Grande", "cod_rp": "5.2", "area_plane": "5", "ideb_bairro": "Campo Grande" }, "geometry": { "type": "Polygon", "coordinates": [ [ [ -43.578384005697899, -22.878254819518396 ], [ -43.574213823993432, -22.875262102209859 ], [ -43.575123679432998, -22.870582590583723 ], [ -43.580203642481209, -22.868895833698303 ], [ -43.584373787658556, -22.871888619319364 ], [ -43.58346400632648, -22.876568093501827 ], [ -43.578384005697899, -22.878254819518396 ] ] ] } },
{ "type": "Feature", "properties": { "hex_id": "88a8a02a1bfffff", "nome": "Santa Cruz", "codbairro": "149", "codra": 19, "rp": "Santa Cruz", "cod_rp": "5.3", "area_plane": "5", "ideb_bairro": "Santa Cruz" }, "geometry": { "type": "Polygon", "coordinates": [ [ [ -43.657246161275978, -22.961440464699852 ], [ -43.653075369110304, -22.958452966110478 ], [ -43.653984694651207, -22.953777657005862 ], [ -43.659064737846514, -22.95208988470398 ], [ -43.663235492272356, -22.955077451937893 ], [ -43.662326241254355, -22.959752722817651 ], [ -43.657246161275978, -22.961440464699852 ] ] ] } },
{ "type": "Feature", "properties": { "hex_id": "88a8a06619fffff", "nome": "Senador Camará", "codbairro": "142", "codra": 17, "rp": "Bangu", "cod_rp": "5.1", "area_plane": "5", "ideb_bairro": "Senador Camará" }, "geometry": { "type": "Polygon", "coordinates": [ [ [ -43.498918200245321, -22.895861561157378 ], [ -43.494747982032933, -22.8928673085457 ], [ -43.495658513586569, -22.888189029948769 ], [ -43.500739189652478, -22.886505040616047 ], [ -43.504909372548397, -22.889499361397416 ], [ -43.503998914706564, -22.894177603330334 ], [ -43.498918200245321, -22.895861561157378 ] ] ] } },
{ "type": "Feature", "properties": { "hex_id": "88a8a021adfffff", "nome": "Santa Cruz", "codbairro": "149", "codra": 19, "rp": "Santa Cruz", "cod_rp": "5.3", "area_plane": "5", "ideb_bairro": "Santa Cruz" }, "geometry": { "type": "Polygon", "coordinates": [ [ [ -43.705691645391127, -22.932214894362758 ], [ -43.701521014585751, -22.929227658372284 ], [ -43.702429897652827, -22.924550609030096 ], [ -43.707509336778124, -22.922860834366141 ], [ -43.711679929108435, -22.925848139055667 ], [ -43.710771120800146, -22.930525149698614 ], [ -43.705691645391127, -22.932214894362758 ] ] ] } },
{ "type": "Feature", "properties": { "hex_id": "88a8a0666dfffff", "nome": "Jacarepaguá", "codbairro": "115", "codra": 16, "rp": "Jacarepaguá", "cod_rp": "4.1", "area_plane": "4", "ideb_bairro": "Jacarepaguá" }, "geometry": { "type": "Polygon", "coordinates": [ [ [ -43.447197393761115, -22.917367638811822 ], [ -43.443027094171718, -22.914372755378871 ], [ -43.44393807841049, -22.909695825997566 ], [ -43.449019288794268, -22.908013816196362 ], [ -43.453189553854443, -22.911008767725814 ], [ -43.452278643071772, -22.915685660948434 ], [ -43.447197393761115, -22.917367638811822 ] ] ] } },
{ "type": "Feature", "properties": { "hex_id": "88a8a02ac3fffff", "nome": "Santa Cruz", "codbairro": "149", "codra": 19, "rp": "Santa Cruz", "cod_rp": "5.3", "area_plane": "5", "ideb_bairro": "Santa Cruz" }, "geometry": { "type": "Polygon", "coordinates": [ [ [ -43.675213689053642, -22.942349450324606 ], [ -43.671043010379229, -22.939361745796756 ], [ -43.67195216011384, -22.934685345863407 ], [ -43.677031913926008, -22.93299668884671 ], [ -43.681202554588857, -22.935984462023953 ], [ -43.680293479462726, -22.940660823557018 ], [ -43.675213689053642, -22.942349450324606 ] ] ] } },
{ "type": "Feature", "properties": { "hex_id": "88a8a066c1fffff", "nome": "Santíssimo", "codbairro": "143", "codra": 18, "rp": "Campo Grande", "cod_rp": "5.2", "area_plane": "5", "ideb_bairro": "Santíssimo" }, "geometry": { "type": "Polygon", "coordinates": [ [ [ -43.516891262198612, -22.876772981942377 ], [ -43.512721150207831, -22.873778524818093 ], [ -43.513631507448203, -22.869099154183264 ], [ -43.518711902893152, -22.86741427749967 ], [ -43.522881979295278, -22.870408802797158 ], [ -43.521971695852784, -22.87508813659354 ], [ -43.516891262198612, -22.876772981942377 ] ] ] } },
{ "type": "Feature", "properties": { "hex_id": "88a8a02b17fffff", "nome": "Guaratiba", "codbairro": "151", "codra": 26, "rp": "Guaratiba", "cod_rp": "5.4", "area_plane": "5", "ideb_bairro": "Guaratiba" }, "geometry": { "type": "Polygon", "coordinates": [ [ [ -43.579976757416837, -22.943358869624127 ], [ -43.575806145949237, -22.940368579105037 ], [ -43.576716081765312, -22.935692565794234 ], [ -43.581796554929916, -22.934006880456259 ], [ -43.585967129838586, -22.936997239413891 ], [ -43.585057268153243, -22.94167321525946 ], [ -43.579976757416837, -22.943358869624127 ] ] ] } },
{ "type": "Feature", "properties": { "hex_id": "88a8a061c1fffff", "nome": "Cachambi", "codbairro": "065", "codra": 13, "rp": "Méier", "cod_rp": "3.2", "area_plane": "3", "ideb_bairro": "Cachambi" }, "geometry": { "type": "Polygon", "coordinates": [ [ [ -43.280663881469025, -22.893644036702394 ], [ -43.276493976899339, -22.89064374724828 ], [ -43.277406275302958, -22.885966182583093 ], [ -43.282488405679388, -22.884288941879678 ], [ -43.286658278266344, -22.887289299022797 ], [ -43.285746052471374, -22.891966829168787 ], [ -43.280663881469025, -22.893644036702394 ] ] ] } },
{ "type": "Feature", "properties": { "hex_id": "88a8a06715fffff", "nome": "Realengo", "codbairro": "139", "codra": 33, "rp": "Bangu", "cod_rp": "5.1", "area_plane": "5", "ideb_bairro": "Realengo" }, "geometry": { "type": "Polygon", "coordinates": [ [ [ -43.421650382841079, -22.877686021831526 ], [ -43.417480376402061, -22.874688993734189 ], [ -43.418391511421333, -22.870010024589977 ], [ -43.423472579573314, -22.868328119433365 ], [ -43.427642551877497, -22.871325215495897 ], [ -43.426731490176238, -22.876004148738328 ], [ -43.421650382841079, -22.877686021831526 ] ] ] } },
{ "type": "Feature", "properties": { "hex_id": "88a8a02b6bfffff", "nome": "Guaratiba", "codbairro": "151", "codra": 26, "rp": "Guaratiba", "cod_rp": "5.4", "area_plane": "5", "ideb_bairro": "Guaratiba" }, "geometry": { "type": "Polygon", "coordinates": [ [ [ -43.55002259916629, -22.97515711449358 ], [ -43.545851806264402, -22.972167166145216 ], [ -43.546762033546742, -22.967492975556507 ], [ -43.551842979755122, -22.965808770478819 ], [ -43.556013736551556, -22.968798787258375 ], [ -43.555103583256752, -22.973472940672909 ], [ -43.55002259916629, -22.97515711449358 ] ] ] } },
{ "type": "Feature", "properties": { "hex_id": "88a8a06769fffff", "nome": "Taquara", "codbairro": "122", "codra": 16, "rp": "Jacarepaguá", "cod_rp": "4.1", "area_plane": "4", "ideb_bairro": "Taquara" }, "geometry": { "type": "Polygon", "coordinates": [ [ [ -43.391687292859594, -22.909480128228171 ], [ -43.387517117108928, -22.906483439941606 ], [ -43.388428541097333, -22.901806295520153 ], [ -43.393510067674093, -22.900125874986127 ], [ -43.397680209744117, -22.903122631232783 ], [ -43.396768858929768, -22.907799740041849 ], [ -43.391687292859594, -22.909480128228171 ] ] ] } },
{ "type": "Feature", "properties": { "hex_id": "88a8a07899fffff", "nome": "Alto da Boa Vista", "codbairro": "034", "codra": 8, "rp": "Tijuca", "cod_rp": "2.2", "area_plane": "2", "ideb_bairro": "Alto da Boa Vista" }, "geometry": { "type": "Polygon", "coordinates": [ [ [ -43.220711860141314, -22.957154829598878 ], [ -43.216541640749284, -22.954155216988799 ], [ -43.2174545123206, -22.949481318886573 ], [ -43.222537530976631, -22.947807067327556 ], [ -43.226707719296066, -22.950806747618135 ], [ -43.225794920043853, -22.95548061177567 ], [ -43.220711860141314, -22.957154829598878 ] ] ] } },
{ "type": "Feature", "properties": { "hex_id": "88a8a0604bfffff", "nome": "Jacarepaguá", "codbairro": "115", "codra": 16, "rp": "Jacarepaguá", "cod_rp": "4.1", "area_plane": "4", "ideb_bairro": "Jacarepaguá" }, "geometry": { "type": "Polygon", "coordinates": [ [ [ -43.312721884522418, -22.948687940961207 ], [ -43.308551566425848, -22.945690526075722 ], [ -43.309463685659708, -22.941015802062932 ], [ -43.314546050218205, -22.939338527768538 ], [ -43.318716335836498, -22.94233601051657 ], [ -43.317804289386316, -22.947010699684903 ], [ -43.312721884522418, -22.948687940961207 ] ] ] } },
{ "type": "Feature", "properties": { "hex_id": "88a8a07a91fffff", "nome": "Vidigal", "codbairro": "030", "codra": 6, "rp": "Zona Sul", "cod_rp": "2.1", "area_plane": "2", "ideb_bairro": "Vidigal" }, "geometry": { "type": "Polygon", "coordinates": [ [ [ -43.240257445887167, -23.003179739287102 ], [ -43.236086888872272, -23.000182334045416 ], [ -43.236999669925304, -22.995510845343244 ], [ -43.242082935576171, -22.993836796016797 ], [ -43.246253461215062, -22.996834269066941 ], [ -43.245340752590863, -23.001505723623524 ], [ -43.240257445887167, -23.003179739287102 ] ] ] } },
{ "type": "Feature", "properties": { "hex_id": "88a8a06147fffff", "nome": "Tijuca", "codbairro": "033", "codra": 8, "rp": "Tijuca", "cod_rp": "2.2", "area_plane": "2", "ideb_bairro": "Tijuca" }, "geometry": { "type": "Polygon", "coordinates": [ [ [ -43.235441574375933, -22.930433768399897 ], [ -43.231271504682873, -22.927433585347284 ], [ -43.232184219584418, -22.922758184909831 ], [ -43.237266931803035, -22.921083001596688 ], [ -43.241436970200908, -22.92408325231094 ], [ -43.240524327687126, -22.928758618665146 ], [ -43.235441574375933, -22.930433768399897 ] ] ] } },
{ "type": "Feature", "properties": { "hex_id": "88a8a06a09fffff", "nome": "Centro", "codbairro": "005", "codra": 2, "rp": "Centro", "cod_rp": "1.1", "area_plane": "1", "ideb_bairro": "Centro" }, "geometry": { "type": "Polygon", "coordinates": [ [ [ -43.176667263015432, -22.914795914452096 ], [ -43.172497403756232, -22.911793568127859 ], [ -43.173410566972095, -22.907117564473065 ], [ -43.178493517373234, -22.905443940634289 ], [ -43.182663346237433, -22.908446354464701 ], [ -43.181750255107296, -22.913122324616154 ], [ -43.176667263015432, -22.914795914452096 ] ] ] } },
{ "type": "Feature", "properties": { "hex_id": "88a8a0619bfffff", "nome": "Vicente de Carvalho", "codbairro": "073", "codra": 14, "rp": "Madureira", "cod_rp": "3.3", "area_plane": "3", "ideb_bairro": "Vicente de Carvalho" }, "geometry": { "type": "Polygon", "coordinates": [ [ [ -43.310634394916434, -22.861863710315127 ], [ -43.306464651169982, -22.858863082408 ], [ -43.307376662335621, -22.854183689555889 ], [ -43.312458344506283, -22.852504959406666 ], [ -43.316628055815251, -22.855505655006741 ], [ -43.315716117402793, -22.860185013051566 ], [ -43.310634394916434, -22.861863710315127 ] ] ] } },
{ "type": "Feature", "properties": { "hex_id": "88a8a06a5dfffff", "nome": "Santa Teresa", "codbairro": "014", "codra": 23, "rp": "Centro", "cod_rp": "1.1", "area_plane": "1", "ideb_bairro": "Santa Teresa" }, "geometry": { "type": "Polygon", "coordinates": [ [ [ -43.189177006596395, -22.923801621725538 ], [ -43.185007064479422, -22.920799941296423 ], [ -43.185920140610612, -22.916124371807964 ], [ -43.191003086719249, -22.914450516365214 ], [ -43.19517299824907, -22.917452264344355 ], [ -43.19425999426921, -22.922127800204645 ], [ -43.189177006596395, -22.923801621725538 ] ] ] } },
{ "type": "Feature", "properties": { "hex_id": "88a8a06243fffff", "nome": "Itanhangá", "codbairro": "127", "codra": 24, "rp": "Barra da Tijuca", "cod_rp": "4.2", "area_plane": "4", "ideb_bairro": "Itanhangá" }, "geometry": { "type": "Polygon", "coordinates": [ [ [ -43.332272564344194, -22.994704603287733 ], [ -43.32810191318805, -22.991709400274093 ], [ -43.329013940819479, -22.987037085863879 ], [ -43.334096546725561, -22.9853600094998 ], [ -43.3382671650999, -22.988355280504244 ], [ -43.337355210361714, -22.993027559870431 ], [ -43.332272564344194, -22.994704603287733 ] ] ] } },
{ "type": "Feature", "properties": { "hex_id": "88a8a02f07fffff", "nome": "Santa Cruz", "codbairro": "149", "codra": 19, "rp": "Santa Cruz", "cod_rp": "5.3", "area_plane": "5", "ideb_bairro": "Santa Cruz" }, "geometry": { "type": "Polygon", "coordinates": [ [ [ -43.707347669508287, -22.874777030945999 ], [ -43.703177415634471, -22.871787732232072 ], [ -43.7040862026357, -22.86710758870537 ], [ -43.70916516876882, -22.865416782594099 ], [ -43.713335384149303, -22.868406149903006 ], [ -43.712426671901611, -22.873086254716743 ], [ -43.707347669508287, -22.874777030945999 ] ] ] } },
{ "type": "Feature", "properties": { "hex_id": "88a8a06297fffff", "nome": "Taquara", "codbairro": "122", "codra": 16, "rp": "Jacarepaguá", "cod_rp": "4.1", "area_plane": "4", "ideb_bairro": "Taquara" }, "geometry": { "type": "Polygon", "coordinates": [ [ [ -43.385694226782029, -22.915836962534254 ], [ -43.381524017441599, -22.912840342206749 ], [ -43.382435499171791, -22.908163563138906 ], [ -43.387517117108928, -22.906483439941606 ], [ -43.391687292859594, -22.909480128228171 ], [ -43.390775884274632, -22.914156871741437 ], [ -43.385694226782029, -22.915836962534254 ] ] ] } },
{ "type": "Feature", "properties": { "hex_id": "88a8a02f5bfffff", "nome": "Santa Cruz", "codbairro": "149", "codra": 19, "rp": "Santa Cruz", "cod_rp": "5.3", "area_plane": "5", "ideb_bairro": "Santa Cruz" }, "geometry": { "type": "Polygon", "coordinates": [ [ [ -43.741619004461548, -22.89400451110064 ], [ -43.737448605864216, -22.891016862891746 ], [ -43.738357136309205, -22.886337637943136 ], [ -43.743435990433532, -22.884646100243106 ], [ -43.747606350012802, -22.887633817160655 ], [ -43.746697894497409, -22.892313003058117 ], [ -43.741619004461548, -22.89400451110064 ] ] ] } },
{ "type": "Feature", "properties": { "hex_id": "88a8a062ebfffff", "nome": "Freguesia (Jacarepaguá)", "codbairro": "120", "codra": 16, "rp": "Jacarepaguá", "cod_rp": "4.1", "area_plane": "4", "ideb_bairro": "Freguesia (Jacarepaguá)" }, "geometry": { "type": "Polygon", "coordinates": [ [ [ -43.355726662894348, -22.947611184161364 ], [ -43.351556286968389, -22.9446149036132 ], [ -43.352468057147114, -22.93993995335434 ], [ -43.357550130262474, -22.938261318897929 ], [ -43.36172047305314, -22.941257667399807 ], [ -43.360808775875476, -22.945932582392849 ], [ -43.355726662894348, -22.947611184161364 ] ] ] } },
{ "type": "Feature", "properties": { "hex_id": "88a8a0741bfffff", "nome": "Vargem Grande", "codbairro": "131", "codra": 24, "rp": "Barra da Tijuca", "cod_rp": "4.2", "area_plane": "4", "ideb_bairro": "Vargem Grande" }, "geometry": { "type": "Polygon", "coordinates": [ [ [ -43.485786784512328, -22.987688825398816 ], [ -43.481615976532268, -22.984697571196598 ], [ -43.482526747291857, -22.980024292238888 ], [ -43.487608252376184, -22.978342304017882 ], [ -43.491779025230045, -22.981333626532749 ], [ -43.490868328137473, -22.986006868944472 ], [ -43.485786784512328, -22.987688825398816 ] ] ] } },
{ "type": "Feature", "properties": { "hex_id": "88a8a038c5fffff", "nome": "Guaratiba", "codbairro": "151", "codra": 26, "rp": "Guaratiba", "cod_rp": "5.4", "area_plane": "5", "ideb_bairro": "Guaratiba" }, "geometry": { "type": "Polygon", "coordinates": [ [ [ -43.640876412779399, -23.045549685822941 ], [ -43.636705078272996, -23.042564831628159 ], [ -43.637614659712895, -23.037894124632562 ], [ -43.642695501210305, -23.036208309888771 ], [ -43.646866798216614, -23.039193232845584 ], [ -43.645957291237274, -23.043863901772664 ], [ -43.640876412779399, -23.045549685822941 ] ] ] } },
{ "type": "Feature", "properties": { "hex_id": "88a8a074c3fffff", "nome": "Vargem Grande", "codbairro": "131", "codra": 24, "rp": "Barra da Tijuca", "cod_rp": "4.2", "area_plane": "4", "ideb_bairro": "Vargem Grande" }, "geometry": { "type": "Polygon", "coordinates": [ [ [ -43.503763052421476, -22.968621241095168 ], [ -43.499592350092385, -22.965629781950767 ], [ -43.50050294660938, -22.960955406853547 ], [ -43.505584171713998, -22.959272527609247 ], [ -43.509754838644525, -22.962264055070523 ], [ -43.508844315880687, -22.966938393447712 ], [ -43.503763052421476, -22.968621241095168 ] ] ] } },
{ "type": "Feature", "properties": { "hex_id": "88a8a03919fffff", "nome": "Guaratiba", "codbairro": "151", "codra": 26, "rp": "Guaratiba", "cod_rp": "5.4", "area_plane": "5", "ideb_bairro": "Guaratiba" }, "geometry": { "type": "Polygon", "coordinates": [ [ [ -43.567387677831839, -23.056806414820457 ], [ -43.563216330445755, -23.053819945698503 ], [ -43.564126532700129, -23.049150109154198 ], [ -43.569208008258279, -23.047466779070984 ], [ -43.573379319264504, -23.050453316812103 ], [ -43.572469191104112, -23.055123116005756 ], [ -43.567387677831839, -23.056806414820457 ] ] ] } },
{ "type": "Feature", "properties": { "hex_id": "88a8a0616dfffff", "nome": "Rio Comprido", "codbairro": "007", "codra": 3, "rp": "Centro", "cod_rp": "1.1", "area_plane": "1", "ideb_bairro": "Rio Comprido" }, "geometry": { "type": "Polygon", "coordinates": [ [ [ -43.210940030964906, -22.934131991777711 ], [ -43.206769980728431, -22.931131277150552 ], [ -43.207682897467329, -22.92645617585168 ], [ -43.212765792190268, -22.924781823012303 ], [ -43.216935811505806, -22.927782605255597 ], [ -43.216022967031137, -22.932457672710598 ], [ -43.210940030964906, -22.934131991777711 ] ] ] } },
{ "type": "Feature", "properties": { "hex_id": "88a8a07517fffff", "nome": "Jacarepaguá", "codbairro": "115", "codra": 16, "rp": "Jacarepaguá", "cod_rp": "4.1", "area_plane": "4", "ideb_bairro": "Jacarepaguá" }, "geometry": { "type": "Polygon", "coordinates": [ [ [ -43.408507289014835, -22.969529196319748 ], [ -43.404336695451903, -22.966535158882252 ], [ -43.405248069295993, -22.961861189059686 ], [ -43.410329963441853, -22.960181292449636 ], [ -43.414500523060823, -22.963175397996757 ], [ -43.413589222489612, -22.96784933203277 ], [ -43.408507289014835, -22.969529196319748 ] ] ] } },
{ "type": "Feature", "properties": { "hex_id": "88a8a0283dfffff", "nome": "Cosmos", "codbairro": "147", "codra": 18, "rp": "Campo Grande", "cod_rp": "5.2", "area_plane": "5", "ideb_bairro": "Cosmos" }, "geometry": { "type": "Polygon", "coordinates": [ [ [ -43.597415870687065, -22.90257155284775 ], [ -43.593245512399903, -22.899580247629615 ], [ -43.594155246352983, -22.894901976204345 ], [ -43.5992352643961, -22.89321504761881 ], [ -43.603405585862987, -22.896206421237839 ], [ -43.602495926118706, -22.900884655030016 ], [ -43.597415870687065, -22.90257155284775 ] ] ] } },
{ "type": "Feature", "properties": { "hex_id": "88a8a0756bfffff", "nome": "Barra da Tijuca", "codbairro": "128", "codra": 24, "rp": "Barra da Tijuca", "cod_rp": "4.2", "area_plane": "4", "ideb_bairro": "Barra da Tijuca" }, "geometry": { "type": "Polygon", "coordinates": [ [ [ -43.37853887756431, -23.001288223891734 ], [ -43.374368115644849, -22.998294526983621 ], [ -43.375279778338843, -22.993622388701123 ], [ -43.38036212983522, -22.991943982813012 ], [ -43.384532858265189, -22.994937747824473 ], [ -43.38362126869999, -22.999609850609161 ], [ -43.37853887756431, -23.001288223891734 ] ] ] } },
{ "type": "Feature", "properties": { "hex_id": "88a8a039c1fffff", "nome": "Guaratiba", "codbairro": "151", "codra": 26, "rp": "Guaratiba", "cod_rp": "5.4", "area_plane": "5", "ideb_bairro": "Guaratiba" }, "geometry": { "type": "Polygon", "coordinates": [ [ [ -43.585362142543936, -23.037745132370468 ], [ -43.581190904569624, -23.034758457385777 ], [ -43.582100931790833, -23.030087523880901 ], [ -43.587182122818135, -23.028403302874313 ], [ -43.591353324140414, -23.031390046483391 ], [ -43.590443371099106, -23.036060942463166 ], [ -43.585362142543936, -23.037745132370468 ] ] ] } },
{ "type": "Feature", "properties": { "hex_id": "88a8a028e5fffff", "nome": "Campo Grande", "codbairro": "144", "codra": 18, "rp": "Campo Grande", "cod_rp": "5.2", "area_plane": "5", "ideb_bairro": "Campo Grande" }, "geometry": { "type": "Polygon", "coordinates": [ [ [ -43.615384554926173, -22.883474183093927 ], [ -43.611214307371711, -22.88048267266905 ], [ -43.61212386610066, -22.875803311364457 ], [ -43.617203598101149, -22.874115498281498 ], [ -43.621373808563476, -22.877107077111326 ], [ -43.620464324129095, -22.881786400607673 ], [ -43.615384554926173, -22.883474183093927 ] ] ] } },
{ "type": "Feature", "properties": { "hex_id": "88a8a07613fffff", "nome": "Recreio dos Bandeirantes", "codbairro": "132", "codra": 24, "rp": "Barra da Tijuca", "cod_rp": "4.2", "area_plane": "4", "ideb_bairro": "Recreio dos Bandeirantes" }, "geometry": { "type": "Polygon", "coordinates": [ [ [ -43.505348471777275, -23.033659792763629 ], [ -43.501177339275934, -23.030670762825519 ], [ -43.502088016382025, -23.025999898363931 ], [ -43.507169752224854, -23.024318100571151 ], [ -43.511340849296175, -23.027307198949426 ], [ -43.510430245966369, -23.031978026668789 ], [ -43.505348471777275, -23.033659792763629 ] ] ] } },
{ "type": "Feature", "properties": { "hex_id": "88a8a02939fffff", "nome": "Senador Vasconcelos", "codbairro": "145", "codra": 18, "rp": "Campo Grande", "cod_rp": "5.2", "area_plane": "5", "ideb_bairro": "Senador Vasconcelos" }, "geometry": { "type": "Polygon", "coordinates": [ [ [ -43.54191243776782, -22.894735029758305 ], [ -43.537742182104196, -22.891741914266529 ], [ -43.538652360327397, -22.887063418955364 ], [ -43.543732720297925, -22.885378076211069 ], [ -43.547902939989029, -22.888371259965552 ], [ -43.5469928356938, -22.89304971819012 ], [ -43.54191243776782, -22.894735029758305 ] ] ] } },
{ "type": "Feature", "properties": { "hex_id": "88a8a0298dfffff", "nome": "Campo Grande", "codbairro": "144", "codra": 18, "rp": "Campo Grande", "cod_rp": "5.2", "area_plane": "5", "ideb_bairro": "Campo Grande" }, "geometry": { "type": "Polygon", "coordinates": [ [ [ -43.575123679432998, -22.870582590583723 ], [ -43.570953551120823, -22.867589503459254 ], [ -43.571863422321677, -22.862909591170169 ], [ -43.576943347757066, -22.861222803404882 ], [ -43.581113439592748, -22.864215958820033 ], [ -43.580203642481209, -22.868895833698303 ], [ -43.575123679432998, -22.870582590583723 ] ] ] } },
{ "type": "Feature", "properties": { "hex_id": "88a8a076bbfffff", "nome": "Guaratiba", "codbairro": "151", "codra": 26, "rp": "Guaratiba", "cod_rp": "5.4", "area_plane": "5", "ideb_bairro": "Guaratiba" }, "geometry": { "type": "Polygon", "coordinates": [ [ [ -43.528787773089299, -22.98656528821526 ], [ -43.524616926210655, -22.98357517436424 ], [ -43.525527343842249, -22.978901676851365 ], [ -43.530608534480827, -22.977218330145146 ], [ -43.534779345576865, -22.980208512401504 ], [ -43.533869001828613, -22.984881972947239 ], [ -43.528787773089299, -22.98656528821526 ] ] ] } },
{ "type": "Feature", "properties": { "hex_id": "88a8a06e4dfffff", "nome": "Irajá", "codbairro": "076", "codra": 14, "rp": "Madureira", "cod_rp": "3.3", "area_plane": "3", "ideb_bairro": "Irajá" }, "geometry": { "type": "Polygon", "coordinates": [ [ [ -43.316628055815251, -22.855505655006741 ], [ -43.312458344506283, -22.852504959406666 ], [ -43.313370298172075, -22.847825201326 ], [ -43.318451890376529, -22.846146173698852 ], [ -43.322621569157107, -22.849146936992639 ], [ -43.321709688273366, -22.853826660208348 ], [ -43.316628055815251, -22.855505655006741 ] ] ] } },
{ "type": "Feature", "properties": { "hex_id": "88a8a029e1fffff", "nome": "Campo Grande", "codbairro": "144", "codra": 18, "rp": "Campo Grande", "cod_rp": "5.2", "area_plane": "5", "ideb_bairro": "Campo Grande" }, "geometry": { "type": "Polygon", "coordinates": [ [ [ -43.559883486716011, -22.875641742942005 ], [ -43.555713339242018, -22.872648422658425 ], [ -43.556623342756183, -22.867968836418445 ], [ -43.561703419742123, -22.866282607711891 ], [ -43.565873530971565, -22.869275996261869 ], [ -43.564963601471291, -22.873955545240509 ], [ -43.559883486716011, -22.875641742942005 ] ] ] } },
{ "type": "Feature", "properties": { "hex_id": "88a8a02a35fffff", "nome": "Santa Cruz", "codbairro": "149", "codra": 19, "rp": "Santa Cruz", "cod_rp": "5.3", "area_plane": "5", "ideb_bairro": "Santa Cruz" }, "geometry": { "type": "Polygon", "coordinates": [ [ [ -43.616981065443682, -22.948572802006176 ], [ -43.612810388262652, -22.945583721062953 ], [ -43.613720027275086, -22.940907858158592 ], [ -43.618800269162385, -22.939221114014849 ], [ -43.622970909219312, -22.942210263488736 ], [ -43.622061344524703, -22.946886088564206 ], [ -43.616981065443682, -22.948572802006176 ] ] ] } },
{ "type": "Feature", "properties": { "hex_id": "88a8a06633fffff", "nome": "Bangu", "codbairro": "141", "codra": 17, "rp": "Bangu", "cod_rp": "5.1", "area_plane": "5", "ideb_bairro": "Bangu" }, "geometry": { "type": "Polygon", "coordinates": [ [ [ -43.479888639462537, -22.871530085431427 ], [ -43.475718602590256, -22.868534424453216 ], [ -43.476629254553217, -22.863854907376393 ], [ -43.481709869789874, -22.862171087739998 ], [ -43.485879871638858, -22.865166816799686 ], [ -43.484969293286198, -22.869846297402784 ], [ -43.479888639462537, -22.871530085431427 ] ] ] } },
{ "type": "Feature", "properties": { "hex_id": "88a8a021c7fffff", "nome": "Santa Cruz", "codbairro": "149", "codra": 19, "rp": "Santa Cruz", "cod_rp": "5.3", "area_plane": "5", "ideb_bairro": "Santa Cruz" }, "geometry": { "type": "Polygon", "coordinates": [ [ [ -43.730715891895279, -22.950133585463966 ], [ -43.726545129403782, -22.947147699649427 ], [ -43.727453830787717, -22.942471531481274 ], [ -43.732533219786482, -22.940781288061832 ], [ -43.736703943419222, -22.943767242665114 ], [ -43.735795316923571, -22.948443371887628 ], [ -43.730715891895279, -22.950133585463966 ] ] ] } },
{ "type": "Feature", "properties": { "hex_id": "88a8a02a89fffff", "nome": "Santa Cruz", "codbairro": "149", "codra": 19, "rp": "Santa Cruz", "cod_rp": "5.3", "area_plane": "5", "ideb_bairro": "Santa Cruz" }, "geometry": { "type": "Polygon", "coordinates": [ [ [ -43.67195216011384, -22.934685345863407 ], [ -43.667781534040984, -22.931697269859484 ], [ -43.668690699729559, -22.92702046822254 ], [ -43.673770416912312, -22.925331780945889 ], [ -43.677941005024266, -22.928319925577618 ], [ -43.677031913926008, -22.93299668884671 ], [ -43.67195216011384, -22.934685345863407 ] ] ] } },
{ "type": "Feature", "properties": { "hex_id": "88a8a06687fffff", "nome": "Bangu", "codbairro": "141", "codra": 17, "rp": "Bangu", "cod_rp": "5.1", "area_plane": "5", "ideb_bairro": "Bangu" }, "geometry": { "type": "Polygon", "coordinates": [ [ [ -43.513102855918461, -22.847383714994777 ], [ -43.508932941143165, -22.844388082438389 ], [ -43.509843287180793, -22.839707147004887 ], [ -43.514923474233456, -22.838021880913796 ], [ -43.519093353481225, -22.8410175815789 ], [ -43.518183081215554, -22.845698480214885 ], [ -43.513102855918461, -22.847383714994777 ] ] ] } },
{ "type": "Feature", "properties": { "hex_id": "88a8a06f49fffff", "nome": "Olaria", "codbairro": "042", "codra": 10, "rp": "Ramos", "cod_rp": "3.1", "area_plane": "3", "ideb_bairro": "Olaria" }, "geometry": { "type": "Polygon", "coordinates": [ [ [ -43.2611193103237, -22.847565402073286 ], [ -43.256949741261359, -22.844562910997112 ], [ -43.257862130629185, -22.83988294564352 ], [ -43.262944016572057, -22.838205505671848 ], [ -43.267113553954971, -22.841208064306361 ], [ -43.266201237086207, -22.845887995342675 ], [ -43.2611193103237, -22.847565402073286 ] ] ] } },
{ "type": "Feature", "properties": { "hex_id": "88a8a02addfffff", "nome": "Santa Cruz", "codbairro": "149", "codra": 19, "rp": "Santa Cruz", "cod_rp": "5.3", "area_plane": "5", "ideb_bairro": "Santa Cruz" }, "geometry": { "type": "Polygon", "coordinates": [ [ [ -43.684464172650706, -22.943648225158046 ], [ -43.680293479462726, -22.940660823557018 ], [ -43.681202554588857, -22.935984462023953 ], [ -43.686282248259431, -22.934295540571604 ], [ -43.690452903294627, -22.937283010845196 ], [ -43.689543902823658, -22.941959333887084 ], [ -43.684464172650706, -22.943648225158046 ] ] ] } },
{ "type": "Feature", "properties": { "hex_id": "88a8a066dbfffff", "nome": "Campo Grande", "codbairro": "144", "codra": 18, "rp": "Campo Grande", "cod_rp": "5.2", "area_plane": "5", "ideb_bairro": "Campo Grande" }, "geometry": { "type": "Polygon", "coordinates": [ [ [ -43.547373115268826, -22.866661111118194 ], [ -43.543203038857577, -22.863667119951113 ], [ -43.54411313204556, -22.858987095976708 ], [ -43.549193227707576, -22.857301100295135 ], [ -43.55336326806615, -22.860295159683734 ], [ -43.552453248827057, -22.864975146520898 ], [ -43.547373115268826, -22.866661111118194 ] ] ] } },
{ "type": "Feature", "properties": { "hex_id": "88a8a06119fffff", "nome": "Engenho Novo", "codbairro": "061", "codra": 13, "rp": "Méier", "cod_rp": "3.2", "area_plane": "3", "ideb_bairro": "Engenho Novo" }, "geometry": { "type": "Polygon", "coordinates": [ [ [ -43.262679810766777, -22.912704262582182 ], [ -43.258509810794756, -22.909704176190179 ], [ -43.259422281331986, -22.905027710069614 ], [ -43.264504679331154, -22.903351364676112 ], [ -43.268674647593393, -22.906351518754661 ], [ -43.26776224957802, -22.911027950528617 ], [ -43.262679810766777, -22.912704262582182 ] ] ] } },
{ "type": "Feature", "properties": { "hex_id": "88a8a02b31fffff", "nome": "Campo Grande", "codbairro": "144", "codra": 18, "rp": "Campo Grande", "cod_rp": "5.2", "area_plane": "5", "ideb_bairro": "Campo Grande" }, "geometry": { "type": "Polygon", "coordinates": [ [ [ -43.561474358487445, -22.940748500693317 ], [ -43.557303781182434, -22.937757605851587 ], [ -43.558213865119519, -22.933081517883096 ], [ -43.563294452336194, -22.931396362028202 ], [ -43.567464993364915, -22.934387325262509 ], [ -43.566554983464933, -22.939063375947626 ], [ -43.561474358487445, -22.940748500693317 ] ] ] } },
{ "type": "Feature", "properties": { "hex_id": "88a8a078b3fffff", "nome": "Rio Comprido", "codbairro": "007", "codra": 3, "rp": "Centro", "cod_rp": "1.1", "area_plane": "1", "ideb_bairro": "Rio Comprido" }, "geometry": { "type": "Polygon", "coordinates": [ [ [ -43.201686997960479, -22.932805330495178 ], [ -43.197516973380829, -22.929804316370362 ], [ -43.198429962336675, -22.925129181318603 ], [ -43.203512903667018, -22.923455094133029 ], [ -43.207682897467329, -22.92645617585168 ], [ -43.206769980728431, -22.931131277150552 ], [ -43.201686997960479, -22.932805330495178 ] ] ] } },
{ "type": "Feature", "properties": { "hex_id": "88a8a06011fffff", "nome": "Quintino Bocaiúva", "codbairro": "079", "codra": 15, "rp": "Madureira", "cod_rp": "3.3", "area_plane": "3", "ideb_bairro": "Quintino Bocaiúva" }, "geometry": { "type": "Polygon", "coordinates": [ [ [ -43.324188318590636, -22.914282503573641 ], [ -43.320018209122466, -22.911284148921098 ], [ -43.320930186286716, -22.906607524274058 ], [ -43.326012200097068, -22.904929289218565 ], [ -43.330182276915281, -22.907927711693507 ], [ -43.329270372584851, -22.912604301389997 ], [ -43.324188318590636, -22.914282503573641 ] ] ] } },
{ "type": "Feature", "properties": { "hex_id": "88a8a07ab7fffff", "nome": "Leblon", "codbairro": "026", "codra": 6, "rp": "Zona Sul", "cod_rp": "2.1", "area_plane": "2", "ideb_bairro": "Leblon" }, "geometry": { "type": "Polygon", "coordinates": [ [ [ -43.215234510293271, -22.985191965474456 ], [ -43.211064116184041, -22.982193223604185 ], [ -43.211977072079613, -22.977520863438926 ], [ -43.21706034979853, -22.975847279029541 ], [ -43.221230712916167, -22.978846088621204 ], [ -43.220317829318269, -22.983518414889311 ], [ -43.215234510293271, -22.985191965474456 ] ] ] } },
{ "type": "Feature", "properties": { "hex_id": "88a8a06065fffff", "nome": "Grajaú", "codbairro": "038", "codra": 9, "rp": "Tijuca", "cod_rp": "2.2", "area_plane": "2", "ideb_bairro": "Grajaú" }, "geometry": { "type": "Polygon", "coordinates": [ [ [ -43.272452825777606, -22.935729310108997 ], [ -43.268282657941249, -22.93273032639577 ], [ -43.269195083008327, -22.928055062837267 ], [ -43.274277603346839, -22.926378817427633 ], [ -43.278447739321713, -22.929377868892068 ], [ -43.277535386831325, -22.934053098003389 ], [ -43.272452825777606, -22.935729310108997 ] ] ] } },
{ "type": "Feature", "properties": { "hex_id": "88a8a07195fffff", "nome": "Barra da Tijuca", "codbairro": "128", "codra": 24, "rp": "Barra da Tijuca", "cod_rp": "4.2", "area_plane": "4", "ideb_bairro": "Barra da Tijuca" }, "geometry": { "type": "Polygon", "coordinates": [ [ [ -43.295780417889247, -23.011109768851934 ], [ -43.291609715612374, -23.008114167779542 ], [ -43.292522061383814, -23.003442885311905 ], [ -43.297605036731703, -23.001767238595086 ], [ -43.301775706782877, -23.004762907609919 ], [ -43.300863433723634, -23.009434155387591 ], [ -43.295780417889247, -23.011109768851934 ] ] ] } },
{ "type": "Feature", "properties": { "hex_id": "88a8a060b9fffff", "nome": "Turiaçú", "codbairro": "085", "codra": 15, "rp": "Madureira", "cod_rp": "3.3", "area_plane": "3", "ideb_bairro": "Turiaçu" }, "geometry": { "type": "Polygon", "coordinates": [ [ [ -43.347640188649315, -22.867146848357219 ], [ -43.343470353857299, -22.864147419117973 ], [ -43.344382073727481, -22.859468166042383 ], [ -43.349463555459785, -22.857788377366713 ], [ -43.353633357248441, -22.860787874389391 ], [ -43.352721710319898, -22.865467092292782 ], [ -43.347640188649315, -22.867146848357219 ] ] ] } },
{ "type": "Feature", "properties": { "hex_id": "88a8a0610dfffff", "nome": "Maracanã", "codbairro": "035", "codra": 9, "rp": "Tijuca", "cod_rp": "2.2", "area_plane": "2", "ideb_bairro": "Maracanã" }, "geometry": { "type": "Polygon", "coordinates": [ [ [ -43.232184219584418, -22.922758184909831 ], [ -43.228014206124882, -22.919757634582623 ], [ -43.228926936116814, -22.915081833313714 ], [ -43.234009607210574, -22.913406616410114 ], [ -43.238179589425492, -22.916407234377409 ], [ -43.237266931803035, -22.921083001596688 ], [ -43.232184219584418, -22.922758184909831 ] ] ] } },
{ "type": "Feature", "properties": { "hex_id": "88a8a06161fffff", "nome": "Tijuca", "codbairro": "033", "codra": 8, "rp": "Tijuca", "cod_rp": "2.2", "area_plane": "2", "ideb_bairro": "Tijuca" }, "geometry": { "type": "Polygon", "coordinates": [ [ [ -43.216935811505806, -22.927782605255597 ], [ -43.212765792190268, -22.924781823012303 ], [ -43.21367865172553, -22.920106354681391 ], [ -43.218761458294892, -22.91843170248346 ], [ -43.222931446598437, -22.921432552343699 ], [ -43.222018659356401, -22.926107986773381 ], [ -43.216935811505806, -22.927782605255597 ] ] ] } },
{ "type": "Feature", "properties": { "hex_id": "88a8a061b5fffff", "nome": "Penha", "codbairro": "043", "codra": 11, "rp": "Penha", "cod_rp": "3.5", "area_plane": "3", "ideb_bairro": "Penha" }, "geometry": { "type": "Polygon", "coordinates": [ [ [ -43.270370830400225, -22.848890187372486 ], [ -43.266201237086207, -22.845887995342675 ], [ -43.267113553954971, -22.841208064306361 ], [ -43.272195391603276, -22.839530359696884 ], [ -43.276364953096376, -22.842532619307551 ], [ -43.275452708773855, -22.847212515935308 ], [ -43.270370830400225, -22.848890187372486 ] ] ] } },
{ "type": "Feature", "properties": { "hex_id": "88a8a06209fffff", "nome": "Itanhangá", "codbairro": "127", "codra": 24, "rp": "Barra da Tijuca", "cod_rp": "4.2", "area_plane": "4", "ideb_bairro": "Itanhangá" }, "geometry": { "type": "Polygon", "coordinates": [ [ [ -43.329013940819479, -22.987037085863879 ], [ -43.324843345109386, -22.984041513897573 ], [ -43.325755388024824, -22.979368797609229 ], [ -43.330837953787132, -22.977691688286484 ], [ -43.335008516766024, -22.980687328222277 ], [ -43.334096546725561, -22.9853600094998 ], [ -43.329013940819479, -22.987037085863879 ] ] ] } },
{ "type": "Feature", "properties": { "hex_id": "88a8a06acbfffff", "nome": "Caju", "codbairro": "004", "codra": 1, "rp": "Centro", "cod_rp": "1.1", "area_plane": "1", "ideb_bairro": "Caju" }, "geometry": { "type": "Polygon", "coordinates": [ [ [ -43.225150779359446, -22.885695484937688 ], [ -43.220981022131312, -22.882693399197585 ], [ -43.221893755195417, -22.878015629331163 ], [ -43.226976173174101, -22.876339979165611 ], [ -43.231145899268789, -22.879342132460021 ], [ -43.230233238530012, -22.884019868354134 ], [ -43.225150779359446, -22.885695484937688 ] ] ] } },
{ "type": "Feature", "properties": { "hex_id": "88a8a0625dfffff", "nome": "Barra da Tijuca", "codbairro": "128", "codra": 24, "rp": "Barra da Tijuca", "cod_rp": "4.2", "area_plane": "4", "ideb_bairro": "Barra da Tijuca" }, "geometry": { "type": "Polygon", "coordinates": [ [ [ -43.34152588410597, -22.996022461820747 ], [ -43.337355210361714, -22.993027559870431 ], [ -43.3382671650999, -22.988355280504244 ], [ -43.343349720653713, -22.986677938211635 ], [ -43.347520361474601, -22.989672908175223 ], [ -43.346608479676782, -22.99434515240662 ], [ -43.34152588410597, -22.996022461820747 ] ] ] } },
{ "type": "Feature", "properties": { "hex_id": "88a8a02f21fffff", "nome": "Santa Cruz", "codbairro": "149", "codra": 19, "rp": "Santa Cruz", "cod_rp": "5.3", "area_plane": "5", "ideb_bairro": "Santa Cruz" }, "geometry": { "type": "Polygon", "coordinates": [ [ [ -43.688848988582052, -22.872178892352117 ], [ -43.684678762869815, -22.869188988942362 ], [ -43.685587699238255, -22.86450876826321 ], [ -43.690666786670249, -22.862818489512993 ], [ -43.694836974171444, -22.865808461471115 ], [ -43.693928112463297, -22.870488643619616 ], [ -43.688848988582052, -22.872178892352117 ] ] ] } },
{ "type": "Feature", "properties": { "hex_id": "88a8a062b1fffff", "nome": "Tanque", "codbairro": "123", "codra": 16, "rp": "Jacarepaguá", "cod_rp": "4.1", "area_plane": "4", "ideb_bairro": "Tanque" }, "geometry": { "type": "Polygon", "coordinates": [ [ [ -43.367190359833565, -22.91320280768867 ], [ -43.363020193796672, -22.910205586328829 ], [ -43.363931821676154, -22.90552873642498 ], [ -43.369013542553148, -22.903849143241924 ], [ -43.373183675283201, -22.906846432515508 ], [ -43.372272120454831, -22.911523247046883 ], [ -43.367190359833565, -22.91320280768867 ] ] ] } },
{ "type": "Feature", "properties": { "hex_id": "88a8a06305fffff", "nome": "Alto da Boa Vista", "codbairro": "034", "codra": 8, "rp": "Tijuca", "cod_rp": "2.2", "area_plane": "2", "ideb_bairro": "Alto da Boa Vista" }, "geometry": { "type": "Polygon", "coordinates": [ [ [ -43.251729417536993, -22.968800156024503 ], [ -43.247559067058788, -22.965801811199398 ], [ -43.248471706406711, -22.961128416593112 ], [ -43.253554623765446, -22.959453401051231 ], [ -43.25772494269566, -22.962451813645213 ], [ -43.256812375826897, -22.967125174000639 ], [ -43.251729417536993, -22.968800156024503 ] ] ] } },
{ "type": "Feature", "properties": { "hex_id": "88a8a03837fffff", "nome": "Guaratiba", "codbairro": "151", "codra": 26, "rp": "Guaratiba", "cod_rp": "5.4", "area_plane": "5", "ideb_bairro": "Guaratiba" }, "geometry": { "type": "Polygon", "coordinates": [ [ [ -43.60386706759602, -23.040348926906756 ], [ -43.599695796573371, -23.037362858543887 ], [ -43.600605675387968, -23.032692000179807 ], [ -43.605686750963365, -23.031007247873365 ], [ -43.609857985051256, -23.033993384906452 ], [ -43.608948180510168, -23.038664205564256 ], [ -43.60386706759602, -23.040348926906756 ] ] ] } },
{ "type": "Feature", "properties": { "hex_id": "88a8a07435fffff", "nome": "Vargem Pequena", "codbairro": "130", "codra": 24, "rp": "Barra da Tijuca", "cod_rp": "4.2", "area_plane": "4", "ideb_bairro": "Vargem Pequena" }, "geometry": { "type": "Polygon", "coordinates": [ [ [ -43.445517286115454, -22.974781281529555 ], [ -43.441346610690729, -22.971788449941016 ], [ -43.442257691161132, -22.967114623809739 ], [ -43.447339373607008, -22.965433665405392 ], [ -43.451510014521908, -22.96842656519426 ], [ -43.450599007512444, -22.973100355175628 ], [ -43.445517286115454, -22.974781281529555 ] ] ] } },
{ "type": "Feature", "properties": { "hex_id": "88a8a06359fffff", "nome": "Alto da Boa Vista", "codbairro": "034", "codra": 8, "rp": "Tijuca", "cod_rp": "2.2", "area_plane": "2", "ideb_bairro": "Alto da Boa Vista" }, "geometry": { "type": "Polygon", "coordinates": [ [ [ -43.286005561281087, -22.988106805891892 ], [ -43.281835026331144, -22.985110098748169 ], [ -43.282747417721303, -22.980437610479463 ], [ -43.287830271415793, -22.978761863933073 ], [ -43.2920007742918, -22.981758638955466 ], [ -43.29108845555902, -22.986431092634039 ], [ -43.286005561281087, -22.988106805891892 ] ] ] } },
{ "type": "Feature", "properties": { "hex_id": "88a8a060c5fffff", "nome": "Quintino Bocaiúva", "codbairro": "079", "codra": 15, "rp": "Madureira", "cod_rp": "3.3", "area_plane": "3", "ideb_bairro": "Quintino Bocaiúva" }, "geometry": { "type": "Polygon", "coordinates": [ [ [ -43.336176087367534, -22.901572256022245 ], [ -43.3320060432902, -22.898573765723963 ], [ -43.332917905334405, -22.893896409540815 ], [ -43.337999738576137, -22.892217578710319 ], [ -43.342169749821679, -22.895216136832868 ], [ -43.341257960669026, -22.899893457950117 ], [ -43.336176087367534, -22.901572256022245 ] ] ] } },
{ "type": "Feature", "properties": { "hex_id": "88a8a07489fffff", "nome": "Vargem Grande", "codbairro": "131", "codra": 24, "rp": "Barra da Tijuca", "cod_rp": "4.2", "area_plane": "4", "ideb_bairro": "Vargem Grande" }, "geometry": { "type": "Polygon", "coordinates": [ [ [ -43.50050294660938, -22.960955406853547 ], [ -43.496332298305063, -22.957963577489597 ], [ -43.497242910441571, -22.953288800597448 ], [ -43.502324097159182, -22.951605889744947 ], [ -43.506494710115582, -22.954597787404317 ], [ -43.505584171713998, -22.959272527609247 ], [ -43.50050294660938, -22.960955406853547 ] ] ] } },
{ "type": "Feature", "properties": { "hex_id": "88a8a074ddfffff", "nome": "Vargem Grande", "codbairro": "131", "codra": 24, "rp": "Barra da Tijuca", "cod_rp": "4.2", "area_plane": "4", "ideb_bairro": "Vargem Grande" }, "geometry": { "type": "Polygon", "coordinates": [ [ [ -43.513015036759697, -22.969929550588645 ], [ -43.508844315880687, -22.966938393447712 ], [ -43.509754838644525, -22.962264055070523 ], [ -43.514836008499024, -22.960580910633631 ], [ -43.519006693838087, -22.963572136114259 ], [ -43.518096244874293, -22.968246437680591 ], [ -43.513015036759697, -22.969929550588645 ] ] ] } },
{ "type": "Feature", "properties": { "hex_id": "88a8a02803fffff", "nome": "Cosmos", "codbairro": "147", "codra": 18, "rp": "Campo Grande", "cod_rp": "5.2", "area_plane": "5", "ideb_bairro": "Cosmos" }, "geometry": { "type": "Polygon", "coordinates": [ [ [ -43.609927084594972, -22.911544123607371 ], [ -43.605756656828589, -22.908553490881204 ], [ -43.606666300748181, -22.903875658263786 ], [ -43.611746298172079, -22.902188496117876 ], [ -43.615916688926276, -22.90517919728973 ], [ -43.615007119280421, -22.909856992150313 ], [ -43.609927084594972, -22.911544123607371 ] ] ] } },
{ "type": "Feature", "properties": { "hex_id": "88a8a03933fffff", "nome": "Barra de Guaratiba", "codbairro": "152", "codra": 26, "rp": "Guaratiba", "cod_rp": "5.4", "area_plane": "5", "ideb_bairro": "Barra de Guaratiba" }, "geometry": { "type": "Polygon", "coordinates": [ [ [ -43.548351806810601, -23.032530715689091 ], [ -43.54418063754585, -23.029542828387825 ], [ -43.545090961018353, -23.024871745688468 ], [ -43.550172379774722, -23.023188587441592 ], [ -43.55434351295299, -23.026176543275806 ], [ -43.553433263473032, -23.030847588812442 ], [ -43.548351806810601, -23.032530715689091 ] ] ] } },
{ "type": "Feature", "properties": { "hex_id": "88a8a07531fffff", "nome": "Barra Olímpica", "codbairro": "165", "codra": 16, "rp": "Jacarepaguá", "cod_rp": "4.1", "area_plane": "4", "ideb_bairro": "Barra Olímpica" }, "geometry": { "type": "Polygon", "coordinates": [ [ [ -43.390002099140844, -22.966899752098076 ], [ -43.385831547814952, -22.963905112207549 ], [ -43.386743068063694, -22.959231071084417 ], [ -43.391825066471256, -22.957551705445148 ], [ -43.395995584136152, -22.960546413400063 ], [ -43.395084137066213, -22.965220418918349 ], [ -43.390002099140844, -22.966899752098076 ] ] ] } },
{ "type": "Feature", "properties": { "hex_id": "88a8a02857fffff", "nome": "Cosmos", "codbairro": "147", "codra": 18, "rp": "Campo Grande", "cod_rp": "5.2", "area_plane": "5", "ideb_bairro": "Cosmos" }, "geometry": { "type": "Polygon", "coordinates": [ [ [ -43.622438506148562, -22.920514676089045 ], [ -43.618268009298951, -22.917524716255826 ], [ -43.619177563095178, -22.912847322713969 ], [ -43.62425753941401, -22.91115992687433 ], [ -43.628427999059546, -22.914149955198003 ], [ -43.627518519601971, -22.918827310859388 ], [ -43.622438506148562, -22.920514676089045 ] ] ] } },
{ "type": "Feature", "properties": { "hex_id": "88a8a03987fffff", "nome": "Guaratiba", "codbairro": "151", "codra": 26, "rp": "Guaratiba", "cod_rp": "5.4", "area_plane": "5", "ideb_bairro": "Guaratiba" }, "geometry": { "type": "Polygon", "coordinates": [ [ [ -43.581569834034909, -23.008413595509428 ], [ -43.57739879272205, -23.005425736938147 ], [ -43.578308808927062, -23.000753229990686 ], [ -43.583389792302654, -22.999068619088963 ], [ -43.587560797024771, -23.002056546222633 ], [ -43.586650854973726, -23.006729015684133 ], [ -43.581569834034909, -23.008413595509428 ] ] ] } },
{ "type": "Feature", "properties": { "hex_id": "88a8a06455fffff", "nome": "Bangu", "codbairro": "141", "codra": 17, "rp": "Bangu", "cod_rp": "5.1", "area_plane": "5", "ideb_bairro": "Bangu" }, "geometry": { "type": "Polygon", "coordinates": [ [ [ -43.464119380172171, -22.854866148606785 ], [ -43.459949471212589, -22.851869449535499 ], [ -43.460860227831589, -22.847189095430743 ], [ -43.465940819894946, -22.845505476701963 ], [ -43.470110694073796, -22.848502243788118 ], [ -43.469200010981737, -22.853182561576673 ], [ -43.464119380172171, -22.854866148606785 ] ] ] } },
{ "type": "Feature", "properties": { "hex_id": "88a8a07585fffff", "nome": "Jacarepaguá", "codbairro": "115", "codra": 16, "rp": "Jacarepaguá", "cod_rp": "4.1", "area_plane": "4", "ideb_bairro": "Jacarepaguá" }, "geometry": { "type": "Polygon", "coordinates": [ [ [ -43.423227250771731, -22.942796501835534 ], [ -43.419056813973626, -22.939801890776916 ], [ -43.419968029766622, -22.935126422238632 ], [ -43.425049609028413, -22.933445600674474 ], [ -43.42922001166059, -22.936440279824904 ], [ -43.428308869208621, -22.941115712436172 ], [ -43.423227250771731, -22.942796501835534 ] ] ] } },
{ "type": "Feature", "properties": { "hex_id": "88a8a028abfffff", "nome": "Paciência", "codbairro": "148", "codra": 19, "rp": "Santa Cruz", "cod_rp": "5.3", "area_plane": "5", "ideb_bairro": "Paciência" }, "geometry": { "type": "Polygon", "coordinates": [ [ [ -43.63335185342477, -22.864370892704393 ], [ -43.629181717418533, -22.861379177060691 ], [ -43.63009110076873, -22.856698727112303 ], [ -43.635170545756594, -22.855010030779709 ], [ -43.639340644398928, -22.858001814832338 ], [ -43.638431335428955, -22.862682226797148 ], [ -43.63335185342477, -22.864370892704393 ] ] ] } },
{ "type": "Feature", "properties": { "hex_id": "88a8a075d9fffff", "nome": "Vargem Grande", "codbairro": "131", "codra": 24, "rp": "Barra da Tijuca", "cod_rp": "4.2", "area_plane": "4", "ideb_bairro": "Vargem Grande" }, "geometry": { "type": "Polygon", "coordinates": [ [ [ -43.457502592424618, -22.962071185779273 ], [ -43.453331986110385, -22.95907821778875 ], [ -43.454242950689149, -22.954403660454176 ], [ -43.459324448075414, -22.95272210736433 ], [ -43.463495019698165, -22.955715143557807 ], [ -43.462584128637857, -22.960389664626643 ], [ -43.457502592424618, -22.962071185779273 ] ] ] } },
{ "type": "Feature", "properties": { "hex_id": "88a8a02953fffff", "nome": "Campo Grande", "codbairro": "144", "codra": 18, "rp": "Campo Grande", "cod_rp": "5.2", "area_plane": "5", "ideb_bairro": "Campo Grande" }, "geometry": { "type": "Polygon", "coordinates": [ [ [ -43.566934469832731, -22.91268902213919 ], [ -43.56276407207956, -22.909697249890844 ], [ -43.5636740709256, -22.905019630977367 ], [ -43.568754393478478, -22.903333821635112 ], [ -43.572924754875253, -22.906325662235556 ], [ -43.572014830087213, -22.911003243814662 ], [ -43.566934469832731, -22.91268902213919 ] ] ] } },
{ "type": "Feature", "properties": { "hex_id": "88a8a06551fffff", "nome": "Ricardo de Albuquerque", "codbairro": "109", "codra": 22, "rp": "Pavuna", "cod_rp": "3.6", "area_plane": "3", "ideb_bairro": "Ricardo de Albuquerque" }, "geometry": { "type": "Polygon", "coordinates": [ [ [ -43.408615318087477, -22.846977421215644 ], [ -43.404445530552906, -22.843978920412127 ], [ -43.405356727347382, -22.839298350326697 ], [ -43.410437638443035, -22.837616316801864 ], [ -43.414607392045127, -22.840614885483209 ], [ -43.413696268495762, -22.845295419800053 ], [ -43.408615318087477, -22.846977421215644 ] ] ] } },
{ "type": "Feature", "properties": { "hex_id": "88a8a07681fffff", "nome": "Vargem Grande", "codbairro": "131", "codra": 24, "rp": "Barra da Tijuca", "cod_rp": "4.2", "area_plane": "4", "ideb_bairro": "Vargem Grande" }, "geometry": { "type": "Polygon", "coordinates": [ [ [ -43.520064625485404, -23.006938823933226 ], [ -43.515893653417344, -23.003949217718212 ], [ -43.516804171735103, -22.999276853257278 ], [ -43.521885588288441, -22.997594131883481 ], [ -43.526056524704778, -23.000583806522119 ], [ -43.525146080231188, -23.005256134099408 ], [ -43.520064625485404, -23.006938823933226 ] ] ] } },
{ "type": "Feature", "properties": { "hex_id": "88a8a06e13fffff", "nome": "Pavuna", "codbairro": "114", "codra": 25, "rp": "Pavuna", "cod_rp": "3.6", "area_plane": "3", "ideb_bairro": "Pavuna" }, "geometry": { "type": "Polygon", "coordinates": [ [ [ -43.34932901163868, -22.809660367563815 ], [ -43.345159552111006, -22.806658898805289 ], [ -43.346071175727779, -22.8019765527721 ], [ -43.351152185946994, -22.8002957106638 ], [ -43.355321612451505, -22.803297247098428 ], [ -43.354410061771688, -22.807979557953743 ], [ -43.34932901163868, -22.809660367563815 ] ] ] } },
{ "type": "Feature", "properties": { "hex_id": "88a8a029a7fffff", "nome": "Campo Grande", "codbairro": "144", "codra": 18, "rp": "Campo Grande", "cod_rp": "5.2", "area_plane": "5", "ideb_bairro": "Campo Grande" }, "geometry": { "type": "Polygon", "coordinates": [ [ [ -43.556093240724095, -22.846253671689524 ], [ -43.551923290054432, -22.843259174732033 ], [ -43.552833282486546, -22.838578023904436 ], [ -43.557913151612006, -22.836891407243691 ], [ -43.562083066098282, -22.839885972403113 ], [ -43.561173147654152, -22.84456708600985 ], [ -43.556093240724095, -22.846253671689524 ] ] ] } },
{ "type": "Feature", "properties": { "hex_id": "88a8a076d5fffff", "nome": "Guaratiba", "codbairro": "151", "codra": 26, "rp": "Guaratiba", "cod_rp": "5.4", "area_plane": "5", "ideb_bairro": "Guaratiba" }, "geometry": { "type": "Polygon", "coordinates": [ [ [ -43.532577685703487, -23.015906295549449 ], [ -43.528406641672483, -23.012917362893333 ], [ -43.529317070467698, -23.008245437807659 ], [ -43.534398469396351, -23.006562482373578 ], [ -43.538569477583565, -23.009551483497397 ], [ -43.537659122697626, -23.014223371576087 ], [ -43.532577685703487, -23.015906295549449 ] ] ] } },
{ "type": "Feature", "properties": { "hex_id": "88a8a02139fffff", "nome": "Sepetiba", "codbairro": "150", "codra": 19, "rp": "Santa Cruz", "cod_rp": "5.3", "area_plane": "5", "ideb_bairro": "Sepetiba" }, "geometry": { "type": "Polygon", "coordinates": [ [ [ -43.694249437630056, -22.96663487236253 ], [ -43.690078587021112, -22.963648586219723 ], [ -43.690987614190291, -22.958973430559595 ], [ -43.696067417270427, -22.957284599618976 ], [ -43.70023822957458, -22.960270954498924 ], [ -43.699329277115012, -22.964946071570864 ], [ -43.694249437630056, -22.96663487236253 ] ] ] } },
{ "type": "Feature", "properties": { "hex_id": "88a8a06e67fffff", "nome": "Cordovil", "codbairro": "046", "codra": 31, "rp": "Penha", "cod_rp": "3.5", "area_plane": "3", "ideb_bairro": "Cordovil" }, "geometry": { "type": "Polygon", "coordinates": [ [ [ -43.29760388968657, -22.831139025380537 ], [ -43.293434368498581, -22.828136929664822 ], [ -43.294346440563842, -22.823455937478471 ], [ -43.299427961148709, -22.821777075669058 ], [ -43.303597450101449, -22.824779238990192 ], [ -43.302685450716332, -22.829460196503796 ], [ -43.29760388968657, -22.831139025380537 ] ] ] } },
{ "type": "Feature", "properties": { "hex_id": "88a8a0218dfffff", "nome": "Santa Cruz", "codbairro": "149", "codra": 19, "rp": "Santa Cruz", "cod_rp": "5.3", "area_plane": "5", "ideb_bairro": "Santa Cruz" }, "geometry": { "type": "Polygon", "coordinates": [ [ [ -43.727453830787717, -22.942471531481274 ], [ -43.72328312043927, -22.939485273590535 ], [ -43.724191837886053, -22.934808703524659 ], [ -43.729271190822757, -22.93311843025144 ], [ -43.733441862363108, -22.936104756909348 ], [ -43.732533219786482, -22.940781288061832 ], [ -43.727453830787717, -22.942471531481274 ] ] ] } },
{ "type": "Feature", "properties": { "hex_id": "88a8a0664dfffff", "nome": "Senador Camará", "codbairro": "142", "codra": 17, "rp": "Bangu", "cod_rp": "5.1", "area_plane": "5", "ideb_bairro": "Senador Camará" }, "geometry": { "type": "Polygon", "coordinates": [ [ [ -43.46896006896138, -22.92766264929778 ], [ -43.464789675528017, -22.924668737516662 ], [ -43.465700497258368, -22.919992281716954 ], [ -43.470781638865539, -22.918309774060585 ], [ -43.474951997436264, -22.92130375400539 ], [ -43.474041249274151, -22.925980173431373 ], [ -43.46896006896138, -22.92766264929778 ] ] ] } },
{ "type": "Feature", "properties": { "hex_id": "88a8a021e1fffff", "nome": "Santa Cruz", "codbairro": "149", "codra": 19, "rp": "Santa Cruz", "cod_rp": "5.3", "area_plane": "5", "ideb_bairro": "Santa Cruz" }, "geometry": { "type": "Polygon", "coordinates": [ [ [ -43.71221534587314, -22.947541144364536 ], [ -43.708044610450187, -22.944554652005181 ], [ -43.708953461470898, -22.939878406218384 ], [ -43.714032973131118, -22.938188691543321 ], [ -43.718203669977662, -22.941175252644896 ], [ -43.717294893752033, -22.945851459667818 ], [ -43.71221534587314, -22.947541144364536 ] ] ] } },
{ "type": "Feature", "properties": { "hex_id": "88a8a02aa3fffff", "nome": "Paciência", "codbairro": "148", "codra": 19, "rp": "Santa Cruz", "cod_rp": "5.3", "area_plane": "5", "ideb_bairro": "Paciência" }, "geometry": { "type": "Polygon", "coordinates": [ [ [ -43.652917813169502, -22.910387688214808 ], [ -43.648747360092415, -22.907398196064968 ], [ -43.649656648091515, -22.902720151804075 ], [ -43.654736314690169, -22.901031637860946 ], [ -43.658906730099517, -22.904021198550456 ], [ -43.657997516589603, -22.908699204631954 ], [ -43.652917813169502, -22.910387688214808 ] ] ] } },
{ "type": "Feature", "properties": { "hex_id": "88a8a066a1fffff", "nome": "Bangu", "codbairro": "141", "codra": 17, "rp": "Bangu", "cod_rp": "5.1", "area_plane": "5", "ideb_bairro": "Bangu" }, "geometry": { "type": "Polygon", "coordinates": [ [ [ -43.49460242860156, -22.844761826600042 ], [ -43.490432551125124, -22.841765592613807 ], [ -43.491343044566044, -22.837084583859117 ], [ -43.496423341816893, -22.835399845694113 ], [ -43.500593184048405, -22.83839614774309 ], [ -43.499682764285687, -22.843077119882835 ], [ -43.49460242860156, -22.844761826600042 ] ] ] } },
{ "type": "Feature", "properties": { "hex_id": "88a8a02b4bfffff", "nome": "Guaratiba", "codbairro": "151", "codra": 26, "rp": "Guaratiba", "cod_rp": "5.4", "area_plane": "5", "ideb_bairro": "Guaratiba" }, "geometry": { "type": "Polygon", "coordinates": [ [ [ -43.571786966215917, -22.985430177553106 ], [ -43.56761608514374, -22.982441205113364 ], [ -43.568526148650456, -22.977767491098515 ], [ -43.573607019141619, -22.976082786900257 ], [ -43.577777863775005, -22.979071827838425 ], [ -43.576867874367686, -22.983745504464896 ], [ -43.571786966215917, -22.985430177553106 ] ] ] } },
{ "type": "Feature", "properties": { "hex_id": "88a8a06749fffff", "nome": "Taquara", "codbairro": "122", "codra": 16, "rp": "Jacarepaguá", "cod_rp": "4.1", "area_plane": "4", "ideb_bairro": "Taquara" }, "geometry": { "type": "Polygon", "coordinates": [ [ [ -43.413449798213733, -22.919783951855024 ], [ -43.409279525550232, -22.916788233668036 ], [ -43.410190787703598, -22.912111561537021 ], [ -43.415272249245838, -22.910430643409153 ], [ -43.419442487895203, -22.913426429623268 ], [ -43.418531299028189, -22.918103065926605 ], [ -43.413449798213733, -22.919783951855024 ] ] ] } },
{ "type": "Feature", "properties": { "hex_id": "88a8a078cdfffff", "nome": "Copacabana", "codbairro": "024", "codra": 5, "rp": "Zona Sul", "cod_rp": "2.1", "area_plane": "2", "ideb_bairro": "Copacabana" }, "geometry": { "type": "Polygon", "coordinates": [ [ [ -43.190730383744338, -22.988885228113869 ], [ -43.186560010355414, -22.985885953892872 ], [ -43.187473167855146, -22.981213894146993 ], [ -43.192556626581556, -22.979541142268811 ], [ -43.196726969353286, -22.982540484165792 ], [ -43.195813884027615, -22.987212510253418 ], [ -43.190730383744338, -22.988885228113869 ] ] ] } },
{ "type": "Feature", "properties": { "hex_id": "88a8a070b3fffff", "nome": "Barra da Tijuca", "codbairro": "128", "codra": 24, "rp": "Barra da Tijuca", "cod_rp": "4.2", "area_plane": "4", "ideb_bairro": "Barra da Tijuca" }, "geometry": { "type": "Polygon", "coordinates": [ [ [ -43.354038060703708, -23.005005826920556 ], [ -43.349867309320921, -23.002011595390726 ], [ -43.350779175791423, -22.997339753214657 ], [ -43.355861720650708, -22.995662177815515 ], [ -43.360032438917997, -22.998656477402395 ], [ -43.359120645453253, -23.00332828431981 ], [ -43.354038060703708, -23.005005826920556 ] ] ] } },
{ "type": "Feature", "properties": { "hex_id": "88a8a0602bfffff", "nome": "Lins de Vasconcelos", "codbairro": "062", "codra": 13, "rp": "Méier", "cod_rp": "3.2", "area_plane": "3", "ideb_bairro": "Lins de Vasconcelos" }, "geometry": { "type": "Polygon", "coordinates": [ [ [ -43.290437125970421, -22.916672990847267 ], [ -43.286267053991473, -22.913673803877657 ], [ -43.2871793068215, -22.908997441070134 ], [ -43.292261558978794, -22.907320299840471 ], [ -43.296431598823325, -22.910319554564008 ], [ -43.295519418656738, -22.914995882751747 ], [ -43.290437125970421, -22.916672990847267 ] ] ] } },
{ "type": "Feature", "properties": { "hex_id": "88a8a060d3fffff", "nome": "Vila Valqueire", "codbairro": "125", "codra": 16, "rp": "Jacarepaguá", "cod_rp": "4.1", "area_plane": "4", "ideb_bairro": "Vila Valqueire" }, "geometry": { "type": "Polygon", "coordinates": [ [ [ -43.372659738675075, -22.885138749691098 ], [ -43.368489749453126, -22.882140656135448 ], [ -43.369401292683492, -22.877462274238521 ], [ -43.374482752075266, -22.875782021307124 ], [ -43.378652707909794, -22.878780182735113 ], [ -43.377741237751707, -22.883458529210646 ], [ -43.372659738675075, -22.885138749691098 ] ] ] } },
{ "type": "Feature", "properties": { "hex_id": "88a8a06127fffff", "nome": "Caju", "codbairro": "004", "codra": 1, "rp": "Centro", "cod_rp": "1.1", "area_plane": "1", "ideb_bairro": "Caju" }, "geometry": { "type": "Polygon", "coordinates": [ [ [ -43.213160102850026, -22.898400194113055 ], [ -43.208990283628083, -22.895398243479491 ], [ -43.209903131117841, -22.890721206529793 ], [ -43.214985725573982, -22.889046154059645 ], [ -43.219155513844541, -22.89204817224612 ], [ -43.218242738622131, -22.896725175338297 ], [ -43.213160102850026, -22.898400194113055 ] ] ] } },
{ "type": "Feature", "properties": { "hex_id": "88a8a06223fffff", "nome": "Jacarepaguá", "codbairro": "115", "codra": 16, "rp": "Jacarepaguá", "cod_rp": "4.1", "area_plane": "4", "ideb_bairro": "Jacarepaguá" }, "geometry": { "type": "Polygon", "coordinates": [ [ [ -43.309985530300246, -22.962710140996506 ], [ -43.305815124191994, -22.959713162331642 ], [ -43.306727285691863, -22.955039206254842 ], [ -43.311809780538681, -22.95336226365156 ], [ -43.315980154209043, -22.95635931019935 ], [ -43.315068065482222, -22.961033231455961 ], [ -43.309985530300246, -22.962710140996506 ] ] ] } },
{ "type": "Feature", "properties": { "hex_id": "88a8a062cbfffff", "nome": "Jacarepaguá", "codbairro": "115", "codra": 16, "rp": "Jacarepaguá", "cod_rp": "4.1", "area_plane": "4", "ideb_bairro": "Jacarepaguá" }, "geometry": { "type": "Polygon", "coordinates": [ [ [ -43.377490521561029, -22.957915162179322 ], [ -43.373320046720927, -22.954919852131521 ], [ -43.374231655479299, -22.950245373939211 ], [ -43.379313665976035, -22.948566241264043 ], [ -43.383484107347236, -22.951561619332193 ], [ -43.382572571702347, -22.956236062043651 ], [ -43.377490521561029, -22.957915162179322 ] ] ] } },
{ "type": "Feature", "properties": { "hex_id": "88a8a038a5fffff", "nome": "Guaratiba", "codbairro": "151", "codra": 26, "rp": "Guaratiba", "cod_rp": "5.4", "area_plane": "5", "ideb_bairro": "Guaratiba" }, "geometry": { "type": "Polygon", "coordinates": [ [ [ -43.618577901566738, -23.013622087644361 ], [ -43.614406794677087, -23.010635441332418 ], [ -43.615316513985455, -23.005963084872928 ], [ -43.620397265854002, -23.004277412562566 ], [ -43.624568335587547, -23.007264127528732 ], [ -43.623658690620296, -23.011936446139526 ], [ -43.618577901566738, -23.013622087644361 ] ] ] } },
{ "type": "Feature", "properties": { "hex_id": "88a8a074a3fffff", "nome": "Campo Grande", "codbairro": "144", "codra": 18, "rp": "Campo Grande", "cod_rp": "5.2", "area_plane": "5", "ideb_bairro": "Campo Grande" }, "geometry": { "type": "Polygon", "coordinates": [ [ [ -43.481471396489724, -22.936643042788621 ], [ -43.477300929486205, -22.933649801978564 ], [ -43.478211662074081, -22.928973783870145 ], [ -43.483292788043784, -22.927291043057956 ], [ -43.487463219992627, -22.930284352076104 ], [ -43.486552561038152, -22.934960333686846 ], [ -43.481471396489724, -22.936643042788621 ] ] ] } },
{ "type": "Feature", "properties": { "hex_id": "88a8a0281dfffff", "nome": "Cosmos", "codbairro": "147", "codra": 18, "rp": "Campo Grande", "cod_rp": "5.2", "area_plane": "5", "ideb_bairro": "Cosmos" }, "geometry": { "type": "Polygon", "coordinates": [ [ [ -43.619177563095178, -22.912847322713969 ], [ -43.615007119280421, -22.909856992150313 ], [ -43.615916688926276, -22.90517919728973 ], [ -43.620996628078068, -22.903491770829163 ], [ -43.625167034739384, -22.906482169861597 ], [ -43.62425753941401, -22.91115992687433 ], [ -43.619177563095178, -22.912847322713969 ] ] ] } },
{ "type": "Feature", "properties": { "hex_id": "88a8a0641bfffff", "nome": "Gericinó", "codbairro": "160", "codra": 17, "rp": "Bangu", "cod_rp": "5.1", "area_plane": "5", "ideb_bairro": "Gericinó" }, "geometry": { "type": "Polygon", "coordinates": [ [ [ -43.482092869215684, -22.835772455418667 ], [ -43.477923064870595, -22.832775552299761 ], [ -43.478833647520091, -22.828094106991724 ], [ -43.483913960913263, -22.82640960128159 ], [ -43.488083730205361, -22.82940657241835 ], [ -43.487173221168966, -22.834087981235893 ], [ -43.482092869215684, -22.835772455418667 ] ] ] } },
{ "type": "Feature", "properties": { "hex_id": "88a8a0754bfffff", "nome": "Barra da Tijuca", "codbairro": "128", "codra": 24, "rp": "Barra da Tijuca", "cod_rp": "4.2", "area_plane": "4", "ideb_bairro": "Barra da Tijuca" }, "geometry": { "type": "Polygon", "coordinates": [ [ [ -43.400304554801735, -23.011582089860603 ], [ -43.396133695213798, -23.008589365730355 ], [ -43.397045196184543, -23.003917700754769 ], [ -43.402127483513787, -23.002238795610129 ], [ -43.406298309278576, -23.005231587910092 ], [ -43.405386881548999, -23.009903217173445 ], [ -43.400304554801735, -23.011582089860603 ] ] ] } },
{ "type": "Feature", "properties": { "hex_id": "88a8a039a1fffff", "nome": "Ilha de Guaratiba", "codbairro": "164", "codra": 26, "rp": "Guaratiba", "cod_rp": "5.4", "area_plane": "5", "ideb_bairro": "Ilha de Guaratiba" }, "geometry": { "type": "Polygon", "coordinates": [ [ [ -43.563065554804481, -23.005805938772177 ], [ -43.558894547586284, -23.00281747453505 ], [ -43.559804711958755, -22.998144892887744 ], [ -43.564885809500808, -22.996460812770625 ], [ -43.569056780410982, -22.999449345524344 ], [ -43.568146690098821, -23.00412188986709 ], [ -43.563065554804481, -23.005805938772177 ] ] ] } },
{ "type": "Feature", "properties": { "hex_id": "88a8a0601dfffff", "nome": "Água Santa", "codbairro": "067", "codra": 13, "rp": "Méier", "cod_rp": "3.2", "area_plane": "3", "ideb_bairro": "Água Santa" }, "geometry": { "type": "Polygon", "coordinates": [ [ [ -43.318194212519316, -22.920636631389751 ], [ -43.314024070492138, -22.917638344558675 ], [ -43.314936105190313, -22.912962085883667 ], [ -43.320018209122466, -22.911284148921098 ], [ -43.324188318590636, -22.914282503573641 ], [ -43.323276356697406, -22.918958727355736 ], [ -43.318194212519316, -22.920636631389751 ] ] ] } },
{ "type": "Feature", "properties": { "hex_id": "88a8a028c5fffff", "nome": "Paciência", "codbairro": "148", "codra": 19, "rp": "Santa Cruz", "cod_rp": "5.3", "area_plane": "5", "ideb_bairro": "Paciência" }, "geometry": { "type": "Polygon", "coordinates": [ [ [ -43.637145515328385, -22.893749889665045 ], [ -43.63297518324574, -22.890759353690783 ], [ -43.633884577461778, -22.886080469064936 ], [ -43.638964229365911, -22.884392158425026 ], [ -43.643134524023303, -22.887382762872331 ], [ -43.642225204213446, -22.892061609475039 ], [ -43.637145515328385, -22.893749889665045 ] ] ] } },
{ "type": "Feature", "properties": { "hex_id": "88a8a02919fffff", "nome": "Campo Grande", "codbairro": "144", "codra": 18, "rp": "Campo Grande", "cod_rp": "5.2", "area_plane": "5", "ideb_bairro": "Campo Grande" }, "geometry": { "type": "Polygon", "coordinates": [ [ [ -43.5636740709256, -22.905019630977367 ], [ -43.559503726665227, -22.902027488602617 ], [ -43.56041374125185, -22.897349468566699 ], [ -43.565494026070681, -22.895663628195621 ], [ -43.569664334025276, -22.898655838900787 ], [ -43.568754393478478, -22.903333821635112 ], [ -43.5636740709256, -22.905019630977367 ] ] ] } },
{ "type": "Feature", "properties": { "hex_id": "88a8a0296dfffff", "nome": "Campo Grande", "codbairro": "144", "codra": 18, "rp": "Campo Grande", "cod_rp": "5.2", "area_plane": "5", "ideb_bairro": "Campo Grande" }, "geometry": { "type": "Polygon", "coordinates": [ [ [ -43.511957643091328, -22.926543980532418 ], [ -43.507787208925762, -22.923551206335148 ], [ -43.508697677985928, -22.918874531976005 ], [ -43.51377850743873, -22.91719066859838 ], [ -43.517948906085365, -22.920183511051984 ], [ -43.517038510809826, -22.924860148615377 ], [ -43.511957643091328, -22.926543980532418 ] ] ] } },
{ "type": "Feature", "properties": { "hex_id": "88a8a0656bfffff", "nome": "Guadalupe", "codbairro": "106", "codra": 22, "rp": "Pavuna", "cod_rp": "3.6", "area_plane": "3", "ideb_bairro": "Guadalupe" }, "geometry": { "type": "Polygon", "coordinates": [ [ [ -43.374870255779314, -22.849386625769711 ], [ -43.370700498476943, -22.846387292975159 ], [ -43.371611972420872, -22.841706980661719 ], [ -43.376693130603691, -22.840026036568183 ], [ -43.380862854488647, -22.843025437171413 ], [ -43.379951453619924, -22.847705714047994 ], [ -43.374870255779314, -22.849386625769711 ] ] ] } },
{ "type": "Feature", "properties": { "hex_id": "88a8a0769bfffff", "nome": "Ilha de Guaratiba", "codbairro": "164", "codra": 26, "rp": "Guaratiba", "cod_rp": "5.4", "area_plane": "5", "ideb_bairro": "Ilha de Guaratiba" }, "geometry": { "type": "Polygon", "coordinates": [ [ [ -43.550552604052648, -22.996839872145081 ], [ -43.54638166782523, -22.993850734081143 ], [ -43.547291921930608, -22.989177712851372 ], [ -43.552373038279804, -22.987493866855321 ], [ -43.556543938391215, -22.990483073391665 ], [ -43.555633758281111, -22.995156057440141 ], [ -43.550552604052648, -22.996839872145081 ] ] ] } },
{ "type": "Feature", "properties": { "hex_id": "88a8a06e2dfffff", "nome": "Cordovil", "codbairro": "046", "codra": 31, "rp": "Penha", "cod_rp": "3.5", "area_plane": "3", "ideb_bairro": "Cordovil" }, "geometry": { "type": "Polygon", "coordinates": [ [ [ -43.294346440563842, -22.823455937478471 ], [ -43.290176975079262, -22.820453475121298 ], [ -43.291089062352512, -22.8157720833828 ], [ -43.296170542460189, -22.814093188629002 ], [ -43.300339975760053, -22.817095718569615 ], [ -43.299427961148709, -22.821777075669058 ], [ -43.294346440563842, -22.823455937478471 ] ] ] } },
{ "type": "Feature", "properties": { "hex_id": "88a8a029c1fffff", "nome": "Campo Grande", "codbairro": "144", "codra": 18, "rp": "Campo Grande", "cod_rp": "5.2", "area_plane": "5", "ideb_bairro": "Campo Grande" }, "geometry": { "type": "Polygon", "coordinates": [ [ [ -43.581644401097456, -22.885926277739777 ], [ -43.577474166026384, -22.88293393036987 ], [ -43.578384005697899, -22.878254819518396 ], [ -43.58346400632648, -22.876568093501827 ], [ -43.587634204819814, -22.879560509206062 ], [ -43.586724439273958, -22.884239582581049 ], [ -43.581644401097456, -22.885926277739777 ] ] ] } },
{ "type": "Feature", "properties": { "hex_id": "88a8a02a15fffff", "nome": "Santa Cruz", "codbairro": "149", "codra": 19, "rp": "Santa Cruz", "cod_rp": "5.3", "area_plane": "5", "ideb_bairro": "Santa Cruz" }, "geometry": { "type": "Polygon", "coordinates": [ [ [ -43.638744254019599, -22.958839854066099 ], [ -43.634573492381435, -22.955851749715311 ], [ -43.635482966828008, -22.951176364433532 ], [ -43.640563128494911, -22.949489121534207 ], [ -43.644733852675749, -22.952477294483309 ], [ -43.643824452658663, -22.95715264172194 ], [ -43.638744254019599, -22.958839854066099 ] ] ] } },
{ "type": "Feature", "properties": { "hex_id": "88a8a06613fffff", "nome": "Senador Camará", "codbairro": "142", "codra": 17, "rp": "Bangu", "cod_rp": "5.1", "area_plane": "5", "ideb_bairro": "Senador Camará" }, "geometry": { "type": "Polygon", "coordinates": [ [ [ -43.501649663118961, -22.881826397869631 ], [ -43.49747953422483, -22.878831707813433 ], [ -43.498390023309177, -22.874152664365234 ], [ -43.503470567577047, -22.872468347650848 ], [ -43.507640661114586, -22.875463105856149 ], [ -43.506730245752529, -22.880142112615221 ], [ -43.501649663118961, -22.881826397869631 ] ] ] } },
{ "type": "Feature", "properties": { "hex_id": "88a8a021a7fffff", "nome": "Santa Cruz", "codbairro": "149", "codra": 19, "rp": "Santa Cruz", "cod_rp": "5.3", "area_plane": "5", "ideb_bairro": "Santa Cruz" }, "geometry": { "type": "Polygon", "coordinates": [ [ [ -43.708418161117592, -22.918183422079512 ], [ -43.704247621084043, -22.915195745778515 ], [ -43.705156461447935, -22.910517931959227 ], [ -43.710235767087852, -22.908827833154941 ], [ -43.714406268606467, -22.911815578134942 ], [ -43.713497503011723, -22.916493353228763 ], [ -43.708418161117592, -22.918183422079512 ] ] ] } },
{ "type": "Feature", "properties": { "hex_id": "88a8a02a69fffff", "nome": "Guaratiba", "codbairro": "151", "codra": 26, "rp": "Guaratiba", "cod_rp": "5.4", "area_plane": "5", "ideb_bairro": "Guaratiba" }, "geometry": { "type": "Polygon", "coordinates": [ [ [ -43.608793945629266, -22.990642756337913 ], [ -43.604622998063988, -22.987654994954678 ], [ -43.60553276489226, -22.982981431037942 ], [ -43.610613405010866, -22.981295666244382 ], [ -43.614784315572017, -22.984283496217888 ], [ -43.613874623030334, -22.988957022383186 ], [ -43.608793945629266, -22.990642756337913 ] ] ] } },
{ "type": "Feature", "properties": { "hex_id": "88a8a06667fffff", "nome": "Realengo", "codbairro": "139", "codra": 33, "rp": "Bangu", "cod_rp": "5.1", "area_plane": "5", "ideb_bairro": "Realengo" }, "geometry": { "type": "Polygon", "coordinates": [ [ [ -43.449930215101197, -22.903336521945047 ], [ -43.445760004473939, -22.900341201357811 ], [ -43.446670946298362, -22.895663506189386 ], [ -43.451752025295107, -22.893981167780222 ], [ -43.455922201352934, -22.896976556443434 ], [ -43.455011332995149, -22.901654215428312 ], [ -43.449930215101197, -22.903336521945047 ] ] ] } },
{ "type": "Feature", "properties": { "hex_id": "88a8a02abdfffff", "nome": "Santa Cruz", "codbairro": "149", "codra": 19, "rp": "Santa Cruz", "cod_rp": "5.3", "area_plane": "5", "ideb_bairro": "Santa Cruz" }, "geometry": { "type": "Polygon", "coordinates": [ [ [ -43.66216798470343, -22.911688394333037 ], [ -43.657997516589603, -22.908699204631954 ], [ -43.658906730099517, -22.904021198550456 ], [ -43.66398633719902, -22.90233242042898 ], [ -43.668156767503881, -22.905321678692921 ], [ -43.667247628529843, -22.909999646503998 ], [ -43.66216798470343, -22.911688394333037 ] ] ] } },
{ "type": "Feature", "properties": { "hex_id": "88a8a066bbfffff", "nome": "Bangu", "codbairro": "141", "codra": 17, "rp": "Bangu", "cod_rp": "5.1", "area_plane": "5", "ideb_bairro": "Bangu" }, "geometry": { "type": "Polygon", "coordinates": [ [ [ -43.525083699153242, -22.834650789601596 ], [ -43.52091385552373, -22.831655020826727 ], [ -43.52182408530031, -22.826973358801141 ], [ -43.526904084888784, -22.825287502452881 ], [ -43.531073892809374, -22.828283339338569 ], [ -43.530163736862093, -22.832964964450209 ], [ -43.525083699153242, -22.834650789601596 ] ] ] } },
{ "type": "Feature", "properties": { "hex_id": "88a8a02b11fffff", "nome": "Guaratiba", "codbairro": "151", "codra": 26, "rp": "Guaratiba", "cod_rp": "5.4", "area_plane": "5", "ideb_bairro": "Guaratiba" }, "geometry": { "type": "Polygon", "coordinates": [ [ [ -43.583237502207176, -22.951024401037738 ], [ -43.57906683737518, -22.94803448125646 ], [ -43.579976757416837, -22.943358869624127 ], [ -43.585057268153243, -22.94167321525946 ], [ -43.589227896375668, -22.944663203500806 ], [ -43.588318050482926, -22.949338777635258 ], [ -43.583237502207176, -22.951024401037738 ] ] ] } },
{ "type": "Feature", "properties": { "hex_id": "88a8a02b65fffff", "nome": "Guaratiba", "codbairro": "151", "codra": 26, "rp": "Guaratiba", "cod_rp": "5.4", "area_plane": "5", "ideb_bairro": "Guaratiba" }, "geometry": { "type": "Polygon", "coordinates": [ [ [ -43.531518893916761, -22.972544467484607 ], [ -43.527348136590952, -22.969553914584356 ], [ -43.52825851170779, -22.964879649919745 ], [ -43.533339570268318, -22.963195975136415 ], [ -43.537510291771426, -22.966186596422077 ], [ -43.536599990548403, -22.970860824094167 ], [ -43.531518893916761, -22.972544467484607 ] ] ] } },
{ "type": "Feature", "properties": { "hex_id": "88a8a06763fffff", "nome": "Jardim Sulacap", "codbairro": "137", "codra": 33, "rp": "Bangu", "cod_rp": "5.1", "area_plane": "5", "ideb_bairro": "Jardim Sulacap" }, "geometry": { "type": "Polygon", "coordinates": [ [ [ -43.394421433903354, -22.895448365347313 ], [ -43.390251346723403, -22.892451240651877 ], [ -43.39116272836079, -22.887773330295058 ], [ -43.396244124005236, -22.886092580259135 ], [ -43.400414177464285, -22.889089772894021 ], [ -43.399502869011513, -22.893767647613863 ], [ -43.394421433903354, -22.895448365347313 ] ] ] } },
{ "type": "Feature", "properties": { "hex_id": "88a8a07893fffff", "nome": "Alto da Boa Vista", "codbairro": "034", "codra": 8, "rp": "Tijuca", "cod_rp": "2.2", "area_plane": "2", "ideb_bairro": "Alto da Boa Vista" }, "geometry": { "type": "Polygon", "coordinates": [ [ [ -43.223450345309772, -22.943132801959329 ], [ -43.219280213299484, -22.940132754227459 ], [ -43.220193042706782, -22.935458087760054 ], [ -43.225275931806358, -22.933783502981441 ], [ -43.229446032703557, -22.936783618373259 ], [ -43.228533275626049, -22.941458250872188 ], [ -43.223450345309772, -22.943132801959329 ] ] ] } },
{ "type": "Feature", "properties": { "hex_id": "88a8a078e7fffff", "nome": "Copacabana", "codbairro": "024", "codra": 5, "rp": "Zona Sul", "cod_rp": "2.1", "area_plane": "2", "ideb_bairro": "Copacabana" }, "geometry": { "type": "Polygon", "coordinates": [ [ [ -43.171705326108693, -22.964541096313507 ], [ -43.167535148998653, -22.96154042014583 ], [ -43.168448423565103, -22.956867122569562 ], [ -43.173531803181568, -22.955194534616002 ], [ -43.177701949967712, -22.958195278373477 ], [ -43.17678874747309, -22.962868542483179 ], [ -43.171705326108693, -22.964541096313507 ] ] ] } },
{ "type": "Feature", "properties": { "hex_id": "88a8a06045fffff", "nome": "Jacarepaguá", "codbairro": "115", "codra": 16, "rp": "Jacarepaguá", "cod_rp": "4.1", "area_plane": "4", "ideb_bairro": "Jacarepaguá" }, "geometry": { "type": "Polygon", "coordinates": [ [ [ -43.294216313282611, -22.946046496561777 ], [ -43.290046041928946, -22.94304848100694 ], [ -43.290958306588649, -22.938373687578057 ], [ -43.296040769924439, -22.936696944355056 ], [ -43.300211009082922, -22.939695027727492 ], [ -43.299298817112557, -22.944369786493805 ], [ -43.294216313282611, -22.946046496561777 ] ] ] } },
{ "type": "Feature", "properties": { "hex_id": "88a8a06099fffff", "nome": "Marechal Hermes", "codbairro": "090", "codra": 15, "rp": "Madureira", "cod_rp": "3.3", "area_plane": "3", "ideb_bairro": "Marechal Hermes" }, "geometry": { "type": "Polygon", "coordinates": [ [ [ -43.369401292683492, -22.877462274238521 ], [ -43.365231358555086, -22.87446381268451 ], [ -43.366142917143563, -22.869785030360038 ], [ -43.371224336818138, -22.868104744966082 ], [ -43.375394237609704, -22.871103274370675 ], [ -43.374482752075266, -22.875782021307124 ], [ -43.369401292683492, -22.877462274238521 ] ] ] } },
{ "type": "Feature", "properties": { "hex_id": "88a8a060edfffff", "nome": "Quintino Bocaiúva", "codbairro": "079", "codra": 15, "rp": "Madureira", "cod_rp": "3.3", "area_plane": "3", "ideb_bairro": "Quintino Bocaiúva" }, "geometry": { "type": "Polygon", "coordinates": [ [ [ -43.317672124745748, -22.898931776318303 ], [ -43.313502126300492, -22.895932685983396 ], [ -43.314414133986453, -22.891255259941776 ], [ -43.319496067332111, -22.889576959107206 ], [ -43.323666033228555, -22.892576117221235 ], [ -43.3227540983399, -22.897253508379169 ], [ -43.317672124745748, -22.898931776318303 ] ] ] } },
{ "type": "Feature", "properties": { "hex_id": "88a8a06141fffff", "nome": "Tijuca", "codbairro": "033", "codra": 8, "rp": "Tijuca", "cod_rp": "2.2", "area_plane": "2", "ideb_bairro": "Tijuca" }, "geometry": { "type": "Polygon", "coordinates": [ [ [ -43.238699000472636, -22.938108583548448 ], [ -43.234528874571552, -22.935108767894185 ], [ -43.235441574375933, -22.930433768399897 ], [ -43.240524327687126, -22.928758618665146 ], [ -43.244694422242475, -22.931758502002562 ], [ -43.243781794844132, -22.936433467380034 ], [ -43.238699000472636, -22.938108583548448 ] ] ] } },
{ "type": "Feature", "properties": { "hex_id": "88a8a06a03fffff", "nome": "Centro", "codbairro": "005", "codra": 2, "rp": "Centro", "cod_rp": "1.1", "area_plane": "1", "ideb_bairro": "Centro" }, "geometry": { "type": "Polygon", "coordinates": [ [ [ -43.179406623495524, -22.90076756993178 ], [ -43.175236851295907, -22.897764789586937 ], [ -43.176149972403572, -22.893088018445386 ], [ -43.181232793626194, -22.891414061163957 ], [ -43.18540253539026, -22.894416908994057 ], [ -43.184489486379057, -22.899093646608762 ], [ -43.179406623495524, -22.90076756993178 ] ] ] } },
{ "type": "Feature", "properties": { "hex_id": "88a8a06195fffff", "nome": "Engenho da Rainha", "codbairro": "055", "codra": 12, "rp": "Inhaúma", "cod_rp": "3.4", "area_plane": "3", "ideb_bairro": "Engenho da Rainha" }, "geometry": { "type": "Polygon", "coordinates": [ [ [ -43.292131337394359, -22.859218755360121 ], [ -43.287961640476162, -22.856217528596627 ], [ -43.288873797006694, -22.851538066403716 ], [ -43.293955577808298, -22.849859865587547 ], [ -43.298125242571999, -22.852861159998838 ], [ -43.297213158700337, -22.857540587566969 ], [ -43.292131337394359, -22.859218755360121 ] ] ] } },
{ "type": "Feature", "properties": { "hex_id": "88a8a06a57fffff", "nome": "Centro", "codbairro": "005", "codra": 2, "rp": "Centro", "cod_rp": "1.1", "area_plane": "1", "ideb_bairro": "Centro" }, "geometry": { "type": "Polygon", "coordinates": [ [ [ -43.191916105716338, -22.909774579808182 ], [ -43.187746250749633, -22.906772465087919 ], [ -43.188659284757179, -22.902096127946042 ], [ -43.193742101581144, -22.900421939164598 ], [ -43.197911925920145, -22.90342412141403 ], [ -43.196998964074673, -22.908100424904188 ], [ -43.191916105716338, -22.909774579808182 ] ] ] } },
{ "type": "Feature", "properties": { "hex_id": "88a8a061e9fffff", "nome": "Maria da Graça", "codbairro": "052", "codra": 12, "rp": "Inhaúma", "cod_rp": "3.4", "area_plane": "3", "ideb_bairro": "Maria da Graça" }, "geometry": { "type": "Polygon", "coordinates": [ [ [ -43.262159608532428, -22.890996777879 ], [ -43.257989752206171, -22.887995889343333 ], [ -43.258902195685508, -22.883318255913135 ], [ -43.263984422988621, -22.88164154534401 ], [ -43.268154247615215, -22.884642501523729 ], [ -43.267241876650132, -22.889320100616985 ], [ -43.262159608532428, -22.890996777879 ] ] ] } },
{ "type": "Feature", "properties": { "hex_id": "88a8a0623dfffff", "nome": "Jacarepaguá", "codbairro": "115", "codra": 16, "rp": "Jacarepaguá", "cod_rp": "4.1", "area_plane": "4", "ideb_bairro": "Jacarepaguá" }, "geometry": { "type": "Polygon", "coordinates": [ [ [ -43.319238494700841, -22.964029909542923 ], [ -43.315068065482222, -22.961033231455961 ], [ -43.315980154209043, -22.95635931019935 ], [ -43.321062599346043, -22.954682101929276 ], [ -43.325232995985225, -22.957678847921652 ], [ -43.324320980078596, -22.962352734267174 ], [ -43.319238494700841, -22.964029909542923 ] ] ] } },
{ "type": "Feature", "properties": { "hex_id": "88a8a02f01fffff", "nome": "Santa Cruz", "codbairro": "149", "codra": 19, "rp": "Santa Cruz", "cod_rp": "5.3", "area_plane": "5", "ideb_bairro": "Santa Cruz" }, "geometry": { "type": "Polygon", "coordinates": [ [ [ -43.710609204699487, -22.882445701176497 ], [ -43.706438898527196, -22.879456773542863 ], [ -43.707347669508287, -22.874777030945999 ], [ -43.712426671901611, -22.873086254716743 ], [ -43.7165969395299, -22.876075250967194 ], [ -43.715688243320493, -22.880754954818624 ], [ -43.710609204699487, -22.882445701176497 ] ] ] } },
{ "type": "Feature", "properties": { "hex_id": "88a8a06291fffff", "nome": "Taquara", "codbairro": "122", "codra": 16, "rp": "Jacarepaguá", "cod_rp": "4.1", "area_plane": "4", "ideb_bairro": "Taquara" }, "geometry": { "type": "Polygon", "coordinates": [ [ [ -43.388953024749924, -22.923509592327747 ], [ -43.384782760443812, -22.920513340615543 ], [ -43.385694226782029, -22.915836962534254 ], [ -43.390775884274632, -22.914156871741437 ], [ -43.394946114940396, -22.917153191434309 ], [ -43.394034721765635, -22.921829533927806 ], [ -43.388953024749924, -22.923509592327747 ] ] ] } },
{ "type": "Feature", "properties": { "hex_id": "88a8a02f55fffff", "nome": "Santa Cruz", "codbairro": "149", "codra": 19, "rp": "Santa Cruz", "cod_rp": "5.3", "area_plane": "5", "ideb_bairro": "Santa Cruz" }, "geometry": { "type": "Polygon", "coordinates": [ [ [ -43.723120255053132, -22.891411136433486 ], [ -43.718949883006459, -22.888422882666188 ], [ -43.719858563170845, -22.883743579888527 ], [ -43.724937540557107, -22.882052569735674 ], [ -43.729107873867989, -22.88504089216493 ], [ -43.728199268540017, -22.889720156073615 ], [ -43.723120255053132, -22.891411136433486 ] ] ] } },
{ "type": "Feature", "properties": { "hex_id": "88a8a062e5fffff", "nome": "Freguesia (Jacarepaguá)", "codbairro": "120", "codra": 16, "rp": "Jacarepaguá", "cod_rp": "4.1", "area_plane": "4", "ideb_bairro": "Freguesia (Jacarepaguá)" }, "geometry": { "type": "Polygon", "coordinates": [ [ [ -43.337221555060225, -22.944974729507834 ], [ -43.333051223852763, -22.941977847701409 ], [ -43.333963139892283, -22.937302827183711 ], [ -43.339045314244167, -22.935624723544851 ], [ -43.343215612599359, -22.938621673259892 ], [ -43.342303769466675, -22.943296658693637 ], [ -43.337221555060225, -22.944974729507834 ] ] ] } },
{ "type": "Feature", "properties": { "hex_id": "88a8a03817fffff", "nome": "Guaratiba", "codbairro": "151", "codra": 26, "rp": "Guaratiba", "cod_rp": "5.4", "area_plane": "5", "ideb_bairro": "Guaratiba" }, "geometry": { "type": "Polygon", "coordinates": [ [ [ -43.625633467499014, -23.050605913755223 ], [ -43.621462111268812, -23.047620824640244 ], [ -43.622371825627205, -23.042950444893428 ], [ -43.627452821842226, -23.041265192169782 ], [ -43.631624140804298, -23.044250350021965 ], [ -43.630714500831147, -23.048920691849101 ], [ -43.625633467499014, -23.050605913755223 ] ] ] } },
{ "type": "Feature", "properties": { "hex_id": "88a8a07415fffff", "nome": "Vargem Pequena", "codbairro": "130", "codra": 24, "rp": "Barra da Tijuca", "cod_rp": "4.2", "area_plane": "4", "ideb_bairro": "Vargem Pequena" }, "geometry": { "type": "Polygon", "coordinates": [ [ [ -43.467281937049535, -22.985069131349032 ], [ -43.463111167670917, -22.982077273237305 ], [ -43.464022085623675, -22.97740392145997 ], [ -43.469103699393649, -22.975722464147285 ], [ -43.473274433928943, -22.978714390526154 ], [ -43.472363589549296, -22.983387705939062 ], [ -43.467281937049535, -22.985069131349032 ] ] ] } },
{ "type": "Feature", "properties": { "hex_id": "88a8a06339fffff", "nome": "Alto da Boa Vista", "codbairro": "034", "codra": 8, "rp": "Tijuca", "cod_rp": "2.2", "area_plane": "2", "ideb_bairro": "Alto da Boa Vista" }, "geometry": { "type": "Polygon", "coordinates": [ [ [ -43.263720321513148, -22.956102804749744 ], [ -43.259550034221959, -22.953104324385901 ], [ -43.260462558879219, -22.948430195571426 ], [ -43.265545298302378, -22.946754581474984 ], [ -43.269715553863534, -22.949753129609647 ], [ -43.268803101743337, -22.954427224058396 ], [ -43.263720321513148, -22.956102804749744 ] ] ] } },
{ "type": "Feature", "properties": { "hex_id": "88a8a07469fffff", "nome": "Barra da Tijuca", "codbairro": "128", "codra": 24, "rp": "Barra da Tijuca", "cod_rp": "4.2", "area_plane": "4", "ideb_bairro": "Barra da Tijuca" }, "geometry": { "type": "Polygon", "coordinates": [ [ [ -43.4373171924153, -23.016832881855301 ], [ -43.433146250182425, -23.013841365058358 ], [ -43.434057457906185, -23.00916984347586 ], [ -43.439139534445225, -23.007489874753745 ], [ -43.44331044228894, -23.010481459810816 ], [ -43.442399307994492, -23.015152945318338 ], [ -43.4373171924153, -23.016832881855301 ] ] ] } },
{ "type": "Feature", "properties": { "hex_id": "88a8a074bdfffff", "nome": "Campo Grande", "codbairro": "144", "codra": 18, "rp": "Campo Grande", "cod_rp": "5.2", "area_plane": "5", "ideb_bairro": "Campo Grande" }, "geometry": { "type": "Polygon", "coordinates": [ [ [ -43.490723047114336, -22.937953272975193 ], [ -43.486552561038152, -22.934960333686846 ], [ -43.487463219992627, -22.930284352076104 ], [ -43.492544291354683, -22.928601346330833 ], [ -43.496714742234808, -22.931594353850098 ], [ -43.495804156960645, -22.936270298872206 ], [ -43.490723047114336, -22.937953272975193 ] ] ] } },
{ "type": "Feature", "properties": { "hex_id": "88a8a03913fffff", "nome": "Guaratiba", "codbairro": "151", "codra": 26, "rp": "Guaratiba", "cod_rp": "5.4", "area_plane": "5", "ideb_bairro": "Guaratiba" }, "geometry": { "type": "Polygon", "coordinates": [ [ [ -43.570118152185493, -23.042796576737505 ], [ -43.565946894642032, -23.039809667157471 ], [ -43.566857054329297, -23.035139061794069 ], [ -43.57193839746725, -23.033455403375545 ], [ -43.576109618590785, -23.036442381555364 ], [ -43.575199533007961, -23.041112949542399 ], [ -43.570118152185493, -23.042796576737505 ] ] ] } },
{ "type": "Feature", "properties": { "hex_id": "88a8a07511fffff", "nome": "Jacarepaguá", "codbairro": "115", "codra": 16, "rp": "Jacarepaguá", "cod_rp": "4.1", "area_plane": "4", "ideb_bairro": "Jacarepaguá" }, "geometry": { "type": "Polygon", "coordinates": [ [ [ -43.411766578959629, -22.977196432338754 ], [ -43.407595930610135, -22.974202764376766 ], [ -43.408507289014835, -22.969529196319748 ], [ -43.413589222489612, -22.96784933203277 ], [ -43.417759836844532, -22.970843068125784 ], [ -43.416848551730965, -22.975516600363218 ], [ -43.411766578959629, -22.977196432338754 ] ] ] } },
{ "type": "Feature", "properties": { "hex_id": "88a8a02837fffff", "nome": "Campo Grande", "codbairro": "144", "codra": 18, "rp": "Campo Grande", "cod_rp": "5.2", "area_plane": "5", "ideb_bairro": "Campo Grande" }, "geometry": { "type": "Polygon", "coordinates": [ [ [ -43.600144939958319, -22.888536412763283 ], [ -43.595974671679727, -22.885544668881447 ], [ -43.596884363053114, -22.880865633074063 ], [ -43.601964248497545, -22.87917837879575 ], [ -43.60613447991588, -22.882170191058076 ], [ -43.605224862761702, -22.886849189206742 ], [ -43.600144939958319, -22.888536412763283 ] ] ] } },
{ "type": "Feature", "properties": { "hex_id": "88a8a07565fffff", "nome": "Barra da Tijuca", "codbairro": "128", "codra": 24, "rp": "Barra da Tijuca", "cod_rp": "4.2", "area_plane": "4", "ideb_bairro": "Barra da Tijuca" }, "geometry": { "type": "Polygon", "coordinates": [ [ [ -43.360032438917997, -22.998656477402395 ], [ -43.355861720650708, -22.995662177815515 ], [ -43.356773529461016, -22.990989968809686 ], [ -43.36185598351576, -22.989312094695478 ], [ -43.366026668576609, -22.992306462340611 ], [ -43.365114932800907, -22.996978636030153 ], [ -43.360032438917997, -22.998656477402395 ] ] ] } },
{ "type": "Feature", "properties": { "hex_id": "88a8a0288bfffff", "nome": "Paciência", "codbairro": "148", "codra": 19, "rp": "Santa Cruz", "cod_rp": "5.3", "area_plane": "5", "ideb_bairro": "Paciência" }, "geometry": { "type": "Polygon", "coordinates": [ [ [ -43.655112077589557, -22.874646537277741 ], [ -43.650941858054381, -22.871655795880187 ], [ -43.651851076686143, -22.866975822724488 ], [ -43.656930440372932, -22.86528662915347 ], [ -43.661100622211151, -22.868277439028233 ], [ -43.660191478071184, -22.872957373985315 ], [ -43.655112077589557, -22.874646537277741 ] ] ] } },
{ "type": "Feature", "properties": { "hex_id": "88a8a039bbfffff", "nome": "Guaratiba", "codbairro": "151", "codra": 26, "rp": "Guaratiba", "cod_rp": "5.4", "area_plane": "5", "ideb_bairro": "Guaratiba" }, "geometry": { "type": "Polygon", "coordinates": [ [ [ -43.593551606581009, -22.995698835532508 ], [ -43.589380638540334, -22.992710839834793 ], [ -43.590290538004602, -22.98803760299786 ], [ -43.595371331309991, -22.986352399449558 ], [ -43.599542262578524, -22.989340463712924 ], [ -43.59863243732547, -22.994013662947449 ], [ -43.593551606581009, -22.995698835532508 ] ] ] } },
{ "type": "Feature", "properties": { "hex_id": "88a8a075b9fffff", "nome": "Jacarepaguá", "codbairro": "115", "codra": 16, "rp": "Jacarepaguá", "cod_rp": "4.1", "area_plane": "4", "ideb_bairro": "Jacarepaguá" }, "geometry": { "type": "Polygon", "coordinates": [ [ [ -43.435212622538749, -22.93008339513506 ], [ -43.431042254163344, -22.927088647891626 ], [ -43.43195335421386, -22.922412448659397 ], [ -43.437034749252923, -22.920731032701884 ], [ -43.441205083280742, -22.923725848039489 ], [ -43.440294056628801, -22.928402011228915 ], [ -43.435212622538749, -22.93008339513506 ] ] ] } },
{ "type": "Feature", "properties": { "hex_id": "88a8a02933fffff", "nome": "Campo Grande", "codbairro": "144", "codra": 18, "rp": "Campo Grande", "cod_rp": "5.2", "area_plane": "5", "ideb_bairro": "Campo Grande" }, "geometry": { "type": "Polygon", "coordinates": [ [ [ -43.544642840301997, -22.880699217119943 ], [ -43.540472674257011, -22.877705663707925 ], [ -43.541382809963174, -22.873026403861918 ], [ -43.546463037787582, -22.871340734528353 ], [ -43.550633167819974, -22.874334356182526 ], [ -43.549723106052241, -22.879013578916624 ], [ -43.544642840301997, -22.880699217119943 ] ] ] } },
{ "type": "Feature", "properties": { "hex_id": "88a8a02987fffff", "nome": "Campo Grande", "codbairro": "144", "codra": 18, "rp": "Campo Grande", "cod_rp": "5.2", "area_plane": "5", "ideb_bairro": "Campo Grande" }, "geometry": { "type": "Polygon", "coordinates": [ [ [ -43.577853160641304, -22.856542527942604 ], [ -43.573683122172966, -22.853549002856184 ], [ -43.574592950823138, -22.848868326921757 ], [ -43.579672743853564, -22.847181213498541 ], [ -43.58384274580537, -22.850174806855009 ], [ -43.582932991254957, -22.854855445353156 ], [ -43.577853160641304, -22.856542527942604 ] ] ] } },
{ "type": "Feature", "properties": { "hex_id": "88a8a076b5fffff", "nome": "Vargem Grande", "codbairro": "131", "codra": 24, "rp": "Barra da Tijuca", "cod_rp": "4.2", "area_plane": "4", "ideb_bairro": "Vargem Grande" }, "geometry": { "type": "Polygon", "coordinates": [ [ [ -43.510283472903005, -22.983950592602746 ], [ -43.50611266260136, -22.980959874264002 ], [ -43.50702322785898, -22.976286303089221 ], [ -43.512104529640361, -22.974603487027235 ], [ -43.516275304442189, -22.977594273725657 ], [ -43.515364812974141, -22.982267808114866 ], [ -43.510283472903005, -22.983950592602746 ] ] ] } },
{ "type": "Feature", "properties": { "hex_id": "88a8a06e47fffff", "nome": "Irajá", "codbairro": "076", "codra": 14, "rp": "Madureira", "cod_rp": "3.3", "area_plane": "3", "ideb_bairro": "Irajá" }, "geometry": { "type": "Polygon", "coordinates": [ [ [ -43.319363786525066, -22.841466050526094 ], [ -43.315194163244698, -22.838464920137593 ], [ -43.316106074651259, -22.833784397120223 ], [ -43.321187536557261, -22.832105039368866 ], [ -43.32535712726888, -22.83510623742994 ], [ -43.324445288654992, -22.839786725558259 ], [ -43.319363786525066, -22.841466050526094 ] ] ] } },
{ "type": "Feature", "properties": { "hex_id": "88a8a029dbfffff", "nome": "Campo Grande", "codbairro": "144", "codra": 18, "rp": "Campo Grande", "cod_rp": "5.2", "area_plane": "5", "ideb_bairro": "Campo Grande" }, "geometry": { "type": "Polygon", "coordinates": [ [ [ -43.61212386610066, -22.875803311364457 ], [ -43.607953671633219, -22.872811430720315 ], [ -43.60886324619613, -22.868131668621562 ], [ -43.613942940961763, -22.866443824930982 ], [ -43.618113098387681, -22.869435773958262 ], [ -43.617203598101149, -22.874115498281498 ], [ -43.61212386610066, -22.875803311364457 ] ] ] } },
{ "type": "Feature", "properties": { "hex_id": "88a8a0662dfffff", "nome": "Padre Miguel", "codbairro": "140", "codra": 17, "rp": "Bangu", "cod_rp": "5.1", "area_plane": "5", "ideb_bairro": "Padre Miguel" }, "geometry": { "type": "Polygon", "coordinates": [ [ [ -43.446670946298362, -22.895663506189386 ], [ -43.442500790129635, -22.892667816667434 ], [ -43.443411747464772, -22.887989720693533 ], [ -43.448492787531919, -22.886307350380537 ], [ -43.452662909181818, -22.889303107956781 ], [ -43.451752025295107, -22.893981167780222 ], [ -43.446670946298362, -22.895663506189386 ] ] ] } },
{ "type": "Feature", "properties": { "hex_id": "88a8a021c1fffff", "nome": "Santa Cruz", "codbairro": "149", "codra": 19, "rp": "Santa Cruz", "cod_rp": "5.3", "area_plane": "5", "ideb_bairro": "Santa Cruz" }, "geometry": { "type": "Polygon", "coordinates": [ [ [ -43.733978021189699, -22.957794865240622 ], [ -43.729807206580936, -22.954809351623677 ], [ -43.730715891895279, -22.950133585463966 ], [ -43.735795316923571, -22.948443371887628 ], [ -43.739966092622915, -22.95142895431486 ], [ -43.73905748221501, -22.95610468149669 ], [ -43.733978021189699, -22.957794865240622 ] ] ] } },
{ "type": "Feature", "properties": { "hex_id": "88a8a02a83fffff", "nome": "Santa Cruz", "codbairro": "149", "codra": 19, "rp": "Santa Cruz", "cod_rp": "5.3", "area_plane": "5", "ideb_bairro": "Santa Cruz" }, "geometry": { "type": "Polygon", "coordinates": [ [ [ -43.674679523975925, -22.920654616051735 ], [ -43.670508988440602, -22.917666100087342 ], [ -43.671418111462799, -22.912988533679158 ], [ -43.676497695431259, -22.911299521617789 ], [ -43.680668192965754, -22.914288106189915 ], [ -43.679759144544249, -22.918965634204184 ], [ -43.674679523975925, -22.920654616051735 ] ] ] } },
{ "type": "Feature", "properties": { "hex_id": "88a8a06681fffff", "nome": "Campo Grande", "codbairro": "144", "codra": 18, "rp": "Campo Grande", "cod_rp": "5.2", "area_plane": "5", "ideb_bairro": "Campo Grande" }, "geometry": { "type": "Polygon", "coordinates": [ [ [ -43.516362494196017, -22.855059513780258 ], [ -43.51219252551946, -22.852064250187009 ], [ -43.513102855918461, -22.847383714994777 ], [ -43.518183081215554, -22.845698480214885 ], [ -43.522353014313957, -22.848693811938759 ], [ -43.52144275770511, -22.85337431030041 ], [ -43.516362494196017, -22.855059513780258 ] ] ] } },
{ "type": "Feature", "properties": { "hex_id": "88a8a06f43fffff", "nome": "Penha", "codbairro": "043", "codra": 11, "rp": "Penha", "cod_rp": "3.5", "area_plane": "3", "ideb_bairro": "Penha" }, "geometry": { "type": "Polygon", "coordinates": [ [ [ -43.263856348596079, -22.833525174880428 ], [ -43.259686867169776, -22.830522249765636 ], [ -43.260599214342271, -22.825841519331693 ], [ -43.265680970443107, -22.824163748342109 ], [ -43.269850420149567, -22.82716674099397 ], [ -43.268938145486786, -22.831847437086832 ], [ -43.263856348596079, -22.833525174880428 ] ] ] } },
{ "type": "Feature", "properties": { "hex_id": "88a8a02ad7fffff", "nome": "Santa Cruz", "codbairro": "149", "codra": 19, "rp": "Santa Cruz", "cod_rp": "5.3", "area_plane": "5", "ideb_bairro": "Santa Cruz" }, "geometry": { "type": "Polygon", "coordinates": [ [ [ -43.687191264720674, -22.929618815761302 ], [ -43.683020662159976, -22.926630973933072 ], [ -43.683929694604728, -22.921953847465272 ], [ -43.689009254956297, -22.920264601331557 ], [ -43.693179819324314, -22.923252511812379 ], [ -43.692270861545083, -22.927929599762841 ], [ -43.687191264720674, -22.929618815761302 ] ] ] } },
{ "type": "Feature", "properties": { "hex_id": "88a8a066d5fffff", "nome": "Campo Grande", "codbairro": "144", "codra": 18, "rp": "Campo Grande", "cod_rp": "5.2", "area_plane": "5", "ideb_bairro": "Campo Grande" }, "geometry": { "type": "Polygon", "coordinates": [ [ [ -43.528872544406028, -22.864043964406946 ], [ -43.52470250368328, -22.861049370935113 ], [ -43.525612744628518, -22.856369272959828 ], [ -43.530692952452995, -22.85468380539972 ], [ -43.534862957405693, -22.857678467047045 ], [ -43.533952790315659, -22.862358528067499 ], [ -43.528872544406028, -22.864043964406946 ] ] ] } },
{ "type": "Feature", "properties": { "hex_id": "88a8a02b2bfffff", "nome": "Guaratiba", "codbairro": "151", "codra": 26, "rp": "Guaratiba", "cod_rp": "5.4", "area_plane": "5", "ideb_bairro": "Guaratiba" }, "geometry": { "type": "Polygon", "coordinates": [ [ [ -43.549492630320344, -22.95346887030523 ], [ -43.545321980734855, -22.950478112244408 ], [ -43.546232181195542, -22.945802753188275 ], [ -43.551312957273602, -22.944118189348465 ], [ -43.555483570764203, -22.947109015799029 ], [ -43.554573444283314, -22.951784337688178 ], [ -43.549492630320344, -22.95346887030523 ] ] ] } },
{ "type": "Feature", "properties": { "hex_id": "88a8a06729fffff", "nome": "Campo dos Afonsos", "codbairro": "136", "codra": 33, "rp": "Bangu", "cod_rp": "5.1", "area_plane": "5", "ideb_bairro": "Campo dos Afonsos" }, "geometry": { "type": "Polygon", "coordinates": [ [ [ -43.39116272836079, -22.887773330295058 ], [ -43.386992696096506, -22.884775837274216 ], [ -43.387904093135248, -22.880097526311218 ], [ -43.392985449283621, -22.878416743961242 ], [ -43.397155447877594, -22.881414304899828 ], [ -43.396244124005236, -22.886092580259135 ], [ -43.39116272836079, -22.887773330295058 ] ] ] } },
{ "type": "Feature", "properties": { "hex_id": "88a8a078adfffff", "nome": "Urca", "codbairro": "022", "codra": 4, "rp": "Zona Sul", "cod_rp": "2.1", "area_plane": "2", "ideb_bairro": "Urca" }, "geometry": { "type": "Polygon", "coordinates": [ [ [ -43.168448423565103, -22.956867122569562 ], [ -43.16427830321998, -22.953866079305531 ], [ -43.165191592752848, -22.949192380531073 ], [ -43.170274930589137, -22.947519758441981 ], [ -43.174445020660919, -22.950520869274417 ], [ -43.173531803181568, -22.955194534616002 ], [ -43.168448423565103, -22.956867122569562 ] ] ] } },
{ "type": "Feature", "properties": { "hex_id": "88a8a07093fffff", "nome": "Barra da Tijuca", "codbairro": "128", "codra": 24, "rp": "Barra da Tijuca", "cod_rp": "4.2", "area_plane": "4", "ideb_bairro": "Barra da Tijuca" }, "geometry": { "type": "Polygon", "coordinates": [ [ [ -43.375803893276291, -23.015302663229743 ], [ -43.371633042868027, -23.012309404026944 ], [ -43.372544747909302, -23.007638034691109 ], [ -43.377627230252394, -23.005959960019663 ], [ -43.381798047211461, -23.008953287345737 ], [ -43.380886415288387, -23.013624621208447 ], [ -43.375803893276291, -23.015302663229743 ] ] ] } },
{ "type": "Feature", "properties": { "hex_id": "88a8a0600bfffff", "nome": "Jacarepaguá", "codbairro": "115", "codra": 16, "rp": "Jacarepaguá", "cod_rp": "4.1", "area_plane": "4", "ideb_bairro": "Jacarepaguá" }, "geometry": { "type": "Polygon", "coordinates": [ [ [ -43.312199958827073, -22.926990094869126 ], [ -43.308029784331836, -22.923991875858562 ], [ -43.308941876546513, -22.919315983291458 ], [ -43.314024070492138, -22.917638344558675 ], [ -43.318194212519316, -22.920636631389751 ], [ -43.317282193080679, -22.925312489121563 ], [ -43.312199958827073, -22.926990094869126 ] ] ] } },
{ "type": "Feature", "properties": { "hex_id": "88a8a060b3fffff", "nome": "Rocha Miranda", "codbairro": "086", "codra": 15, "rp": "Madureira", "cod_rp": "3.3", "area_plane": "3", "ideb_bairro": "Rocha Miranda" }, "geometry": { "type": "Polygon", "coordinates": [ [ [ -43.350375217714642, -22.85310875929342 ], [ -43.346205471172347, -22.850108894745549 ], [ -43.347117148746747, -22.845428876614598 ], [ -43.352198499922949, -22.843748758216478 ], [ -43.356368213421568, -22.846748690526788 ], [ -43.355456608799408, -22.85142867346125 ], [ -43.350375217714642, -22.85310875929342 ] ] ] } },
{ "type": "Feature", "properties": { "hex_id": "88a8a06107fffff", "nome": "Mangueira", "codbairro": "011", "codra": 7, "rp": "Centro", "cod_rp": "1.1", "area_plane": "1", "ideb_bairro": "Mangueira" }, "geometry": { "type": "Polygon", "coordinates": [ [ [ -43.234922279934914, -22.908730448437527 ], [ -43.230752353928459, -22.905729463341029 ], [ -43.23166504174791, -22.901052894727002 ], [ -43.236747583205428, -22.89937734527134 ], [ -43.240917477926786, -22.902378397987139 ], [ -43.240004862487496, -22.907054932527753 ], [ -43.234922279934914, -22.908730448437527 ] ] ] } },
{ "type": "Feature", "properties": { "hex_id": "88a8a0615bfffff", "nome": "Grajaú", "codbairro": "038", "codra": 9, "rp": "Tijuca", "cod_rp": "2.2", "area_plane": "2", "ideb_bairro": "Grajaú" }, "geometry": { "type": "Polygon", "coordinates": [ [ [ -43.269195083008327, -22.928055062837267 ], [ -43.265024971101226, -22.925055711440802 ], [ -43.265937411331798, -22.920380046916559 ], [ -43.271019890922823, -22.918703768190948 ], [ -43.275189971019003, -22.9217031873171 ], [ -43.274277603346839, -22.926378817427633 ], [ -43.269195083008327, -22.928055062837267 ] ] ] } },
{ "type": "Feature", "properties": { "hex_id": "88a8a06a1dfffff", "nome": "Gamboa", "codbairro": "002", "codra": 1, "rp": "Centro", "cod_rp": "1.1", "area_plane": "1", "ideb_bairro": "Gamboa" }, "geometry": { "type": "Polygon", "coordinates": [ [ [ -43.188659284757179, -22.902096127946042 ], [ -43.184489486379057, -22.899093646608762 ], [ -43.18540253539026, -22.894416908994057 ], [ -43.19048531064761, -22.892742686323004 ], [ -43.194655078448577, -22.895745235167816 ], [ -43.193742101581144, -22.900421939164598 ], [ -43.188659284757179, -22.902096127946042 ] ] ] } },
{ "type": "Feature", "properties": { "hex_id": "88a8a06203fffff", "nome": "Jacarepaguá", "codbairro": "115", "codra": 16, "rp": "Jacarepaguá", "cod_rp": "4.1", "area_plane": "4", "ideb_bairro": "Jacarepaguá" }, "geometry": { "type": "Polygon", "coordinates": [ [ [ -43.331749939123092, -22.973018605208591 ], [ -43.327579431565226, -22.970022596464275 ], [ -43.3284914321899, -22.965349111697019 ], [ -43.333573867498615, -22.963671670697739 ], [ -43.337744342284921, -22.966667747391352 ], [ -43.336832414545832, -22.97134119712339 ], [ -43.331749939123092, -22.973018605208591 ] ] ] } },
{ "type": "Feature", "properties": { "hex_id": "88a8a06257fffff", "nome": "Jacarepaguá", "codbairro": "115", "codra": 16, "rp": "Jacarepaguá", "cod_rp": "4.1", "area_plane": "4", "ideb_bairro": "Jacarepaguá" }, "geometry": { "type": "Polygon", "coordinates": [ [ [ -43.344261617772062, -22.982005292035751 ], [ -43.340091032270458, -22.979009953039323 ], [ -43.341002944702559, -22.974336905029855 ], [ -43.346085369697022, -22.972659231164531 ], [ -43.350255922234915, -22.975654638154122 ], [ -43.349344082753795, -22.980327651004341 ], [ -43.344261617772062, -22.982005292035751 ] ] ] } },
{ "type": "Feature", "properties": { "hex_id": "88a8a062abfffff", "nome": "Tanque", "codbairro": "123", "codra": 16, "rp": "Jacarepaguá", "cod_rp": "4.1", "area_plane": "4", "ideb_bairro": "Tanque" }, "geometry": { "type": "Polygon", "coordinates": [ [ [ -43.355203283052283, -22.925913568044582 ], [ -43.351033050674424, -22.922916482509216 ], [ -43.351944793870061, -22.918240363952002 ], [ -43.35702669646188, -22.916561366175632 ], [ -43.361196895714698, -22.919558519622729 ], [ -43.360285225512477, -22.92423460292294 ], [ -43.355203283052283, -22.925913568044582 ] ] ] } },
{ "type": "Feature", "properties": { "hex_id": "88a8a03831fffff", "nome": "Guaratiba", "codbairro": "151", "codra": 26, "rp": "Guaratiba", "cod_rp": "5.4", "area_plane": "5", "ideb_bairro": "Guaratiba" }, "geometry": { "type": "Polygon", "coordinates": [ [ [ -43.607128528813071, -23.048005078466279 ], [ -43.602957204607456, -23.045019382221319 ], [ -43.60386706759602, -23.040348926906756 ], [ -43.608948180510168, -23.038664205564256 ], [ -43.613119467730357, -23.041649970500565 ], [ -43.612209679033491, -23.046320388076527 ], [ -43.607128528813071, -23.048005078466279 ] ] ] } },
{ "type": "Feature", "properties": { "hex_id": "88a8a06353fffff", "nome": "Alto da Boa Vista", "codbairro": "034", "codra": 8, "rp": "Tijuca", "cod_rp": "2.2", "area_plane": "2", "ideb_bairro": "Alto da Boa Vista" }, "geometry": { "type": "Polygon", "coordinates": [ [ [ -43.288742605359523, -22.974089008509406 ], [ -43.284572158259643, -22.971091865063794 ], [ -43.285484507407553, -22.966418608006126 ], [ -43.290567230999066, -22.964742528996812 ], [ -43.294737645984597, -22.967739740300825 ], [ -43.293825369504724, -22.972412962744219 ], [ -43.288742605359523, -22.974089008509406 ] ] ] } },
{ "type": "Feature", "properties": { "hex_id": "88a8a07483fffff", "nome": "Campo Grande", "codbairro": "144", "codra": 18, "rp": "Campo Grande", "cod_rp": "5.2", "area_plane": "5", "ideb_bairro": "Campo Grande" }, "geometry": { "type": "Polygon", "coordinates": [ [ [ -43.503234651191718, -22.946930747823234 ], [ -43.499064092235102, -22.943938480088118 ], [ -43.499974661891841, -22.939262936560645 ], [ -43.505055716771466, -22.937579697469221 ], [ -43.509226240340034, -22.940572033479636 ], [ -43.508315744428728, -22.945247540294663 ], [ -43.503234651191718, -22.946930747823234 ] ] ] } },
{ "type": "Feature", "properties": { "hex_id": "88a8a074d7fffff", "nome": "Campo Grande", "codbairro": "144", "codra": 18, "rp": "Campo Grande", "cod_rp": "5.2", "area_plane": "5", "ideb_bairro": "Campo Grande" }, "geometry": { "type": "Polygon", "coordinates": [ [ [ -43.515746473118753, -22.955906207206798 ], [ -43.511575841677541, -22.952914611427261 ], [ -43.51248632194644, -22.948239506250818 ], [ -43.517567359857722, -22.946556033678601 ], [ -43.521737955718869, -22.949547697777785 ], [ -43.520827549260503, -22.954222766118043 ], [ -43.515746473118753, -22.955906207206798 ] ] ] } },
{ "type": "Feature", "properties": { "hex_id": "88a8a0752bfffff", "nome": "Barra da Tijuca", "codbairro": "128", "codra": 24, "rp": "Barra da Tijuca", "cod_rp": "4.2", "area_plane": "4", "ideb_bairro": "Barra da Tijuca" }, "geometry": { "type": "Polygon", "coordinates": [ [ [ -43.378014681724075, -22.979604436674062 ], [ -43.373844063348876, -22.976609932908662 ], [ -43.374755699074356, -22.971936624225826 ], [ -43.379837880065622, -22.970257854786219 ], [ -43.38400846496161, -22.973252426613584 ], [ -43.383096902357281, -22.977925699807059 ], [ -43.378014681724075, -22.979604436674062 ] ] ] } },
{ "type": "Feature", "properties": { "hex_id": "88a8a02851fffff", "nome": "Paciência", "codbairro": "148", "codra": 19, "rp": "Santa Cruz", "cod_rp": "5.3", "area_plane": "5", "ideb_bairro": "Paciência" }, "geometry": { "type": "Polygon", "coordinates": [ [ [ -43.625699518067485, -22.928181257181638 ], [ -43.621528968208736, -22.925191668200966 ], [ -43.622438506148562, -22.920514676089045 ], [ -43.627518519601971, -22.918827310859388 ], [ -43.631689032205983, -22.921816968352143 ], [ -43.630779568622984, -22.926493922550996 ], [ -43.625699518067485, -22.928181257181638 ] ] ] } },
{ "type": "Feature", "properties": { "hex_id": "88a8a03981fffff", "nome": "Guaratiba", "codbairro": "151", "codra": 26, "rp": "Guaratiba", "cod_rp": "5.4", "area_plane": "5", "ideb_bairro": "Guaratiba" }, "geometry": { "type": "Polygon", "coordinates": [ [ [ -43.584830928285712, -23.016073186918895 ], [ -43.580659833610667, -23.013085699880271 ], [ -43.581569834034909, -23.008413595509428 ], [ -43.586650854973726, -23.006729015684133 ], [ -43.590821913007346, -23.009716571306416 ], [ -43.589911986755254, -23.014388638158831 ], [ -43.584830928285712, -23.016073186918895 ] ] ] } },
{ "type": "Feature", "properties": { "hex_id": "88a8a039d5fffff", "nome": "Guaratiba", "codbairro": "151", "codra": 26, "rp": "Guaratiba", "cod_rp": "5.4", "area_plane": "5", "ideb_bairro": "Guaratiba" }, "geometry": { "type": "Polygon", "coordinates": [ [ [ -43.597344352207884, -23.025034298516555 ], [ -43.593173187628331, -23.022047486281352 ], [ -43.594083098074698, -23.017375822148271 ], [ -43.599164098875136, -23.015691007880392 ], [ -43.603335226621269, -23.018677888743412 ], [ -43.602425390412044, -23.02334951523498 ], [ -43.597344352207884, -23.025034298516555 ] ] ] } },
{ "type": "Feature", "properties": { "hex_id": "88a8a075d3fffff", "nome": "Jacarepaguá", "codbairro": "115", "codra": 16, "rp": "Jacarepaguá", "cod_rp": "4.1", "area_plane": "4", "ideb_bairro": "Jacarepaguá" }, "geometry": { "type": "Polygon", "coordinates": [ [ [ -43.460235354682389, -22.948047184632077 ], [ -43.456064837415056, -22.945053778745343 ], [ -43.456975759561942, -22.940378454460753 ], [ -43.462057125458891, -22.938696572342138 ], [ -43.466227607994554, -22.941690046411633 ], [ -43.465316759376641, -22.946365334405474 ], [ -43.460235354682389, -22.948047184632077 ] ] ] } },
{ "type": "Feature", "properties": { "hex_id": "88a8a0294dfffff", "nome": "Campo Grande", "codbairro": "144", "codra": 18, "rp": "Campo Grande", "cod_rp": "5.2", "area_plane": "5", "ideb_bairro": "Campo Grande" }, "geometry": { "type": "Polygon", "coordinates": [ [ [ -43.533720464795763, -22.936828695319864 ], [ -43.529549940366977, -22.933836894577269 ], [ -43.530460246134325, -22.929160695304301 ], [ -43.535541002445576, -22.927476333772962 ], [ -43.539711491022103, -22.930468202839307 ], [ -43.53880125915132, -22.935144365101724 ], [ -43.533720464795763, -22.936828695319864 ] ] ] } },
{ "type": "Feature", "properties": { "hex_id": "88a8a0654bfffff", "nome": "Vila Militar", "codbairro": "135", "codra": 33, "rp": "Bangu", "cod_rp": "5.1", "area_plane": "5", "ideb_bairro": "Vila Militar" }, "geometry": { "type": "Polygon", "coordinates": [ [ [ -43.396630721717763, -22.859700510075008 ], [ -43.392460866590682, -22.856702145024443 ], [ -43.393372178933177, -22.852022303788548 ], [ -43.398453273226949, -22.850340863244487 ], [ -43.402623094603193, -22.853339296171079 ], [ -43.401711855448234, -22.858019101754198 ], [ -43.396630721717763, -22.859700510075008 ] ] ] } },
{ "type": "Feature", "properties": { "hex_id": "88a8a06e0dfffff", "nome": "Vista Alegre", "codbairro": "075", "codra": 14, "rp": "Madureira", "cod_rp": "3.3", "area_plane": "3", "ideb_bairro": "Vista Alegre" }, "geometry": { "type": "Polygon", "coordinates": [ [ [ -43.316106074651259, -22.833784397120223 ], [ -43.311936506896636, -22.8307828997612 ], [ -43.312848433554457, -22.826101977011703 ], [ -43.317929855204213, -22.82442258646514 ], [ -43.322099390440648, -22.827424151474816 ], [ -43.321187536557261, -22.832105039368866 ], [ -43.316106074651259, -22.833784397120223 ] ] ] } },
{ "type": "Feature", "properties": { "hex_id": "88a8a029a1fffff", "nome": "Campo Grande", "codbairro": "144", "codra": 18, "rp": "Campo Grande", "cod_rp": "5.2", "area_plane": "5", "ideb_bairro": "Campo Grande" }, "geometry": { "type": "Polygon", "coordinates": [ [ [ -43.559353268230048, -22.853928549834098 ], [ -43.555183264014786, -22.850934422222803 ], [ -43.556093240724095, -22.846253671689524 ], [ -43.561173147654152, -22.84456708600985 ], [ -43.565343115635415, -22.847561281845014 ], [ -43.564433212932272, -22.852241995124487 ], [ -43.559353268230048, -22.853928549834098 ] ] ] } },
{ "type": "Feature", "properties": { "hex_id": "88a8a02133fffff", "nome": "Santa Cruz", "codbairro": "149", "codra": 19, "rp": "Santa Cruz", "cod_rp": "5.3", "area_plane": "5", "ideb_bairro": "Santa Cruz" }, "geometry": { "type": "Polygon", "coordinates": [ [ [ -43.69697638574057, -22.952609080446365 ], [ -43.692805625833643, -22.949622353646987 ], [ -43.69371461030758, -22.944946432484361 ], [ -43.698794279980099, -22.943257276724065 ], [ -43.70296500154236, -22.946244072240763 ], [ -43.702056091788378, -22.950919954788958 ], [ -43.69697638574057, -22.952609080446365 ] ] ] } },
{ "type": "Feature", "properties": { "hex_id": "88a8a06e61fffff", "nome": "Brás de Pina", "codbairro": "045", "codra": 11, "rp": "Penha", "cod_rp": "3.5", "area_plane": "3", "ideb_bairro": "Brás de Pina" }, "geometry": { "type": "Polygon", "coordinates": [ [ [ -43.300861409701938, -22.838821346852011 ], [ -43.296691832836046, -22.835819617902104 ], [ -43.29760388968657, -22.831139025380537 ], [ -43.302685450716332, -22.829460196503796 ], [ -43.306854995296412, -22.832461993081047 ], [ -43.305943011144301, -22.837142550896179 ], [ -43.300861409701938, -22.838821346852011 ] ] ] } },
{ "type": "Feature", "properties": { "hex_id": "88a8a02187fffff", "nome": "Santa Cruz", "codbairro": "149", "codra": 19, "rp": "Santa Cruz", "cod_rp": "5.3", "area_plane": "5", "ideb_bairro": "Santa Cruz" }, "geometry": { "type": "Polygon", "coordinates": [ [ [ -43.730179849473608, -22.928441497279763 ], [ -43.726009230051403, -22.925454798688712 ], [ -43.726917904769707, -22.920777464008712 ], [ -43.731997124041349, -22.919086866848026 ], [ -43.736167704615639, -22.922073634186301 ], [ -43.735259104777811, -22.926750929926559 ], [ -43.730179849473608, -22.928441497279763 ] ] ] } },
{ "type": "Feature", "properties": { "hex_id": "88a8a02a49fffff", "nome": "Pedra de Guaratiba", "codbairro": "153", "codra": 26, "rp": "Guaratiba", "cod_rp": "5.4", "area_plane": "5", "ideb_bairro": "Pedra de Guaratiba" }, "geometry": { "type": "Polygon", "coordinates": [ [ [ -43.630558615380572, -23.000905506567722 ], [ -43.626387582893798, -22.997918722945638 ], [ -43.627297185232564, -22.993245637062756 ], [ -43.632377745671477, -22.991559372755773 ], [ -43.636548740820849, -22.994546225035471 ], [ -43.635639212880363, -22.999219272953052 ], [ -43.630558615380572, -23.000905506567722 ] ] ] } },
{ "type": "Feature", "properties": { "hex_id": "88a8a06647fffff", "nome": "Bangu", "codbairro": "141", "codra": 17, "rp": "Bangu", "cod_rp": "5.1", "area_plane": "5", "ideb_bairro": "Bangu" }, "geometry": { "type": "Polygon", "coordinates": [ [ [ -43.471692402595117, -22.913632953428394 ], [ -43.467522098279247, -22.910638604100335 ], [ -43.468432877569505, -22.905961382373359 ], [ -43.473513887608597, -22.904278546361688 ], [ -43.477684157021649, -22.907272963833023 ], [ -43.476773451310144, -22.91195014916125 ], [ -43.471692402595117, -22.913632953428394 ] ] ] } },
{ "type": "Feature", "properties": { "hex_id": "88a8a02a9dfffff", "nome": "Santa Cruz", "codbairro": "149", "codra": 19, "rp": "Santa Cruz", "cod_rp": "5.3", "area_plane": "5", "ideb_bairro": "Santa Cruz" }, "geometry": { "type": "Polygon", "coordinates": [ [ [ -43.683929694604728, -22.921953847465272 ], [ -43.679759144544249, -22.918965634204184 ], [ -43.680668192965754, -22.914288106189915 ], [ -43.685747716811981, -22.912598829910159 ], [ -43.689918228730434, -22.915587111802203 ], [ -43.689009254956297, -22.920264601331557 ], [ -43.683929694604728, -22.921953847465272 ] ] ] } },
{ "type": "Feature", "properties": { "hex_id": "88a8a0673bfffff", "nome": "Realengo", "codbairro": "139", "codra": 33, "rp": "Bangu", "cod_rp": "5.1", "area_plane": "5", "ideb_bairro": "Realengo" }, "geometry": { "type": "Polygon", "coordinates": [ [ [ -43.418391511421333, -22.870010024589977 ], [ -43.414221559670047, -22.867012628130784 ], [ -43.415132710143276, -22.862333258583085 ], [ -43.42021373907972, -22.8606513213516 ], [ -43.424383656746762, -22.863648785754194 ], [ -43.423472579573314, -22.868328119433365 ], [ -43.418391511421333, -22.870010024589977 ] ] ] } },
{ "type": "Feature", "properties": { "hex_id": "88a8a0669bfffff", "nome": "Campo Grande", "codbairro": "144", "codra": 18, "rp": "Campo Grande", "cod_rp": "5.2", "area_plane": "5", "ideb_bairro": "Campo Grande" }, "geometry": { "type": "Polygon", "coordinates": [ [ [ -43.546843326571086, -22.844945496520126 ], [ -43.542673393430583, -22.841950698518417 ], [ -43.543583459803855, -22.837269510561239 ], [ -43.548663385388139, -22.83558315772386 ], [ -43.552833282486546, -22.838578023904436 ], [ -43.551923290054432, -22.843259174732033 ], [ -43.546843326571086, -22.844945496520126 ] ] ] } },
{ "type": "Feature", "properties": { "hex_id": "88a8a06f5dfffff", "nome": "Penha", "codbairro": "043", "codra": 11, "rp": "Penha", "cod_rp": "3.5", "area_plane": "3", "ideb_bairro": "Penha" }, "geometry": { "type": "Polygon", "coordinates": [ [ [ -43.273107651099316, -22.834850063280307 ], [ -43.268938145486786, -22.831847437086832 ], [ -43.269850420149567, -22.82716674099397 ], [ -43.274932127879715, -22.825488705515504 ], [ -43.279101601630884, -22.828491399268579 ], [ -43.278189399525026, -22.833172060929012 ], [ -43.273107651099316, -22.834850063280307 ] ] ] } },
{ "type": "Feature", "properties": { "hex_id": "88a8a02b45fffff", "nome": "Guaratiba", "codbairro": "151", "codra": 26, "rp": "Guaratiba", "cod_rp": "5.4", "area_plane": "5", "ideb_bairro": "Guaratiba" }, "geometry": { "type": "Polygon", "coordinates": [ [ [ -43.553283234120755, -22.982820480516153 ], [ -43.549112387601262, -22.979830903012861 ], [ -43.55002259916629, -22.97515711449358 ], [ -43.555103583256752, -22.973472940672909 ], [ -43.55927439362015, -22.976462586628788 ], [ -43.558364256060862, -22.981136337941248 ], [ -43.553283234120755, -22.982820480516153 ] ] ] } },
{ "type": "Feature", "properties": { "hex_id": "88a8a02b3dfffff", "nome": "Campo Grande", "codbairro": "144", "codra": 18, "rp": "Campo Grande", "cod_rp": "5.2", "area_plane": "5", "ideb_bairro": "Campo Grande" }, "geometry": { "type": "Polygon", "coordinates": [ [ [ -43.555483570764203, -22.947109015799029 ], [ -43.551312957273602, -22.944118189348465 ], [ -43.552223099481111, -22.939442465767907 ], [ -43.557303781182434, -22.937757605851587 ], [ -43.561474358487445, -22.940748500693317 ], [ -43.560564290288411, -22.945424187048705 ], [ -43.555483570764203, -22.947109015799029 ] ] ] } },
{ "type": "Feature", "properties": { "hex_id": "88a8a06743fffff", "nome": "Jardim Sulacap", "codbairro": "137", "codra": 33, "rp": "Bangu", "cod_rp": "5.1", "area_plane": "5", "ideb_bairro": "Jardim Sulacap" }, "geometry": { "type": "Polygon", "coordinates": [ [ [ -43.416183453570987, -22.905753606098042 ], [ -43.412013269633746, -22.902757451108776 ], [ -43.412924489410273, -22.898080012901488 ], [ -43.418005819838861, -22.896398765524335 ], [ -43.422175969721728, -22.899394988520186 ], [ -43.421264823242119, -22.904072390875083 ], [ -43.416183453570987, -22.905753606098042 ] ] ] } },
{ "type": "Feature", "properties": { "hex_id": "88a8a078c7fffff", "nome": "Copacabana", "codbairro": "024", "codra": 5, "rp": "Zona Sul", "cod_rp": "2.1", "area_plane": "2", "ideb_bairro": "Copacabana" }, "geometry": { "type": "Polygon", "coordinates": [ [ [ -43.193469726930616, -22.974868714581728 ], [ -43.189299440720809, -22.971869005136579 ], [ -43.190212556086458, -22.967196175961273 ], [ -43.195295885488925, -22.965523089901474 ], [ -43.199466141040986, -22.968522867002196 ], [ -43.198553097860106, -22.973195662495584 ], [ -43.193469726930616, -22.974868714581728 ] ] ] } },
{ "type": "Feature", "properties": { "hex_id": "88a8a06025fffff", "nome": "Engenho Novo", "codbairro": "061", "codra": 13, "rp": "Méier", "cod_rp": "3.2", "area_plane": "3", "ideb_bairro": "Engenho Novo" }, "geometry": { "type": "Polygon", "coordinates": [ [ [ -43.271932273769984, -22.914027737192839 ], [ -43.26776224957802, -22.911027950528617 ], [ -43.268674647593393, -22.906351518754661 ], [ -43.273756997243424, -22.904674908071069 ], [ -43.277926989584046, -22.90767476244428 ], [ -43.277014664137745, -22.912351159780545 ], [ -43.271932273769984, -22.914027737192839 ] ] ] } },
{ "type": "Feature", "properties": { "hex_id": "88a8a060cdfffff", "nome": "Praça Seca", "codbairro": "124", "codra": 16, "rp": "Jacarepaguá", "cod_rp": "4.1", "area_plane": "4", "ideb_bairro": "Praça Seca" }, "geometry": { "type": "Polygon", "coordinates": [ [ [ -43.339434340066617, -22.909247333812168 ], [ -43.335264240617306, -22.906249211497141 ], [ -43.336176087367534, -22.901572256022245 ], [ -43.341257960669026, -22.899893457950117 ], [ -43.345428027235975, -22.902891648111051 ], [ -43.344516253395554, -22.907568568486667 ], [ -43.339434340066617, -22.909247333812168 ] ] ] } },
{ "type": "Feature", "properties": { "hex_id": "88a8a06121fffff", "nome": "Imperial de São Cristóvão", "codbairro": "010", "codra": 7, "rp": "Centro", "cod_rp": "1.1", "area_plane": "1", "ideb_bairro": "Imperial de São Cristóvão" }, "geometry": { "type": "Polygon", "coordinates": [ [ [ -43.216417146019992, -22.906078414433779 ], [ -43.212247270412036, -22.903076830600643 ], [ -43.213160102850026, -22.898400194113055 ], [ -43.218242738622131, -22.896725175338297 ], [ -43.222412583228163, -22.89972682674599 ], [ -43.221499823075803, -22.904403429342345 ], [ -43.216417146019992, -22.906078414433779 ] ] ] } },
{ "type": "Feature", "properties": { "hex_id": "88a8a061c9fffff", "nome": "Todos os Santos", "codbairro": "064", "codra": 13, "rp": "Méier", "cod_rp": "3.2", "area_plane": "3", "ideb_bairro": "Todos os Santos" }, "geometry": { "type": "Polygon", "coordinates": [ [ [ -43.283921558648117, -22.901321122943319 ], [ -43.279751598249831, -22.898321200860273 ], [ -43.280663881469025, -22.893644036702394 ], [ -43.285746052471374, -22.891966829168787 ], [ -43.289915980836376, -22.894966818962516 ], [ -43.289003770244101, -22.899643948567629 ], [ -43.283921558648117, -22.901321122943319 ] ] ] } },
{ "type": "Feature", "properties": { "hex_id": "88a8a0621dfffff", "nome": "Anil", "codbairro": "116", "codra": 16, "rp": "Jacarepaguá", "cod_rp": "4.1", "area_plane": "4", "ideb_bairro": "Anil" }, "geometry": { "type": "Polygon", "coordinates": [ [ [ -43.341002944702559, -22.974336905029855 ], [ -43.336832414545832, -22.97134119712339 ], [ -43.337744342284921, -22.966667747391352 ], [ -43.342826727259741, -22.964990040680284 ], [ -43.346997224503369, -22.967985816558542 ], [ -43.346085369697022, -22.972659231164531 ], [ -43.341002944702559, -22.974336905029855 ] ] ] } },
{ "type": "Feature", "properties": { "hex_id": "88a8a062c5fffff", "nome": "Cidade de Deus", "codbairro": "118", "codra": 34, "rp": "Jacarepaguá", "cod_rp": "4.1", "area_plane": "4", "ideb_bairro": "Cidade de Deus" }, "geometry": { "type": "Polygon", "coordinates": [ [ [ -43.358985339194888, -22.95528164486791 ], [ -43.354814908050272, -22.952285733042654 ], [ -43.355726662894348, -22.947611184161364 ], [ -43.360808775875476, -22.945932582392849 ], [ -43.364979173834193, -22.948928562193295 ], [ -43.364067492009426, -22.95360307577554 ], [ -43.358985339194888, -22.95528164486791 ] ] ] } },
{ "type": "Feature", "properties": { "hex_id": "88a8a06319fffff", "nome": "Alto da Boa Vista", "codbairro": "034", "codra": 8, "rp": "Tijuca", "cod_rp": "2.2", "area_plane": "2", "ideb_bairro": "Alto da Boa Vista" }, "geometry": { "type": "Polygon", "coordinates": [ [ [ -43.285484507407553, -22.966418608006126 ], [ -43.281314116109328, -22.963421096260412 ], [ -43.282226480454625, -22.958747437679907 ], [ -43.287309163460144, -22.957071325414478 ], [ -43.291479522694594, -22.960068904997211 ], [ -43.290567230999066, -22.964742528996812 ], [ -43.285484507407553, -22.966418608006126 ] ] ] } },
{ "type": "Feature", "properties": { "hex_id": "88a8a07449fffff", "nome": "Recreio dos Bandeirantes", "codbairro": "132", "codra": 24, "rp": "Barra da Tijuca", "cod_rp": "4.2", "area_plane": "4", "ideb_bairro": "Recreio dos Bandeirantes" }, "geometry": { "type": "Polygon", "coordinates": [ [ [ -43.459083306088139, -23.027116459240048 ], [ -43.454912269435063, -23.024125917091631 ], [ -43.455823314718458, -23.019454870278199 ], [ -43.460905323125097, -23.017774401890762 ], [ -43.465076325055435, -23.020765012365818 ], [ -43.464165353313575, -23.025436022890144 ], [ -43.459083306088139, -23.027116459240048 ] ] ] } },
{ "type": "Feature", "properties": { "hex_id": "88a8a0636dfffff", "nome": "Gávea", "codbairro": "029", "codra": 6, "rp": "Zona Sul", "cod_rp": "2.1", "area_plane": "2", "ideb_bairro": "Gávea" }, "geometry": { "type": "Polygon", "coordinates": [ [ [ -43.233741965273502, -22.987841181351971 ], [ -43.229571520697576, -22.984843039827645 ], [ -43.230484331950493, -22.980170747547458 ], [ -43.235567515398863, -22.978496630858803 ], [ -43.239737928699938, -22.981494840149061 ], [ -43.238825189839275, -22.986167098350492 ], [ -43.233741965273502, -22.987841181351971 ] ] ] } },
{ "type": "Feature", "properties": { "hex_id": "88a8a0749dfffff", "nome": "Campo Grande", "codbairro": "144", "codra": 18, "rp": "Campo Grande", "cod_rp": "5.2", "area_plane": "5", "ideb_bairro": "Campo Grande" }, "geometry": { "type": "Polygon", "coordinates": [ [ [ -43.51248632194644, -22.948239506250818 ], [ -43.508315744428728, -22.945247540294663 ], [ -43.509226240340034, -22.940572033479636 ], [ -43.514307239988412, -22.938888529412626 ], [ -43.518477781976692, -22.941880563666935 ], [ -43.517567359857722, -22.946556033678601 ], [ -43.51248632194644, -22.948239506250818 ] ] ] } },
{ "type": "Feature", "properties": { "hex_id": "88a8a02817fffff", "nome": "Paciência", "codbairro": "148", "codra": 19, "rp": "Santa Cruz", "cod_rp": "5.3", "area_plane": "5", "ideb_bairro": "Paciência" }, "geometry": { "type": "Polygon", "coordinates": [ [ [ -43.621906139264489, -22.898813612576358 ], [ -43.617735785613071, -22.895822842957418 ], [ -43.618645312653761, -22.891144283575876 ], [ -43.623725119026631, -22.889456531675421 ], [ -43.627895435484632, -22.892447369742843 ], [ -43.626985982774819, -22.897125891250763 ], [ -43.621906139264489, -22.898813612576358 ] ] ] } },
{ "type": "Feature", "properties": { "hex_id": "88a8a07545fffff", "nome": "Barra da Tijuca", "codbairro": "128", "codra": 24, "rp": "Barra da Tijuca", "cod_rp": "4.2", "area_plane": "4", "ideb_bairro": "Barra da Tijuca" }, "geometry": { "type": "Polygon", "coordinates": [ [ [ -43.381798047211461, -23.008953287345737 ], [ -43.377627230252394, -23.005959960019663 ], [ -43.37853887756431, -23.001288223891734 ], [ -43.38362126869999, -22.999609850609161 ], [ -43.387792052118947, -23.002603246059838 ], [ -43.38688047795408, -23.007274946656942 ], [ -43.381798047211461, -23.008953287345737 ] ] ] } },
{ "type": "Feature", "properties": { "hex_id": "88a8a0286bfffff", "nome": "Inhoaíba", "codbairro": "146", "codra": 18, "rp": "Campo Grande", "cod_rp": "5.2", "area_plane": "5", "ideb_bairro": "Inhoaíba" }, "geometry": { "type": "Polygon", "coordinates": [ [ [ -43.591957348892322, -22.930634949432168 ], [ -43.587786810633247, -22.927644522034548 ], [ -43.588696629742309, -22.922967780590692 ], [ -43.59377691293416, -22.92128150411477 ], [ -43.597947414452982, -22.92427199995381 ], [ -43.597037669531872, -22.928948703815859 ], [ -43.591957348892322, -22.930634949432168 ] ] ] } },
{ "type": "Feature", "properties": { "hex_id": "88a8a066e7fffff", "nome": "Vila Kennedy", "codbairro": "162", "codra": 17, "rp": "Bangu", "cod_rp": "5.1", "area_plane": "5", "ideb_bairro": "Vila Kennedy" }, "geometry": { "type": "Polygon", "coordinates": [ [ [ -43.491870952624119, -22.858802888366046 ], [ -43.487700985889177, -22.855807091223806 ], [ -43.488611521786552, -22.851126846341405 ], [ -43.493691950762866, -22.849442435179682 ], [ -43.497861882293023, -22.852438300405538 ], [ -43.496951420063354, -22.857118508697994 ], [ -43.491870952624119, -22.858802888366046 ] ] ] } },
{ "type": "Feature", "properties": { "hex_id": "88a8a06469fffff", "nome": "Realengo", "codbairro": "139", "codra": 33, "rp": "Bangu", "cod_rp": "5.1", "area_plane": "5", "ideb_bairro": "Realengo" }, "geometry": { "type": "Polygon", "coordinates": [ [ [ -43.433634570967868, -22.864963748114501 ], [ -43.429464632889314, -22.861966584085781 ], [ -43.430375652199615, -22.857286886008374 ], [ -43.435456536224621, -22.855604387965887 ], [ -43.439626439986718, -22.858601619961796 ], [ -43.438715494051962, -22.8632812820215 ], [ -43.433634570967868, -22.864963748114501 ] ] ] } },
{ "type": "Feature", "properties": { "hex_id": "88a8a0399bfffff", "nome": "Guaratiba", "codbairro": "151", "codra": 26, "rp": "Guaratiba", "cod_rp": "5.4", "area_plane": "5", "ideb_bairro": "Guaratiba" }, "geometry": { "type": "Polygon", "coordinates": [ [ [ -43.615316513985455, -23.005963084872928 ], [ -43.611145460178214, -23.002976066749127 ], [ -43.612055195333312, -22.998303307693547 ], [ -43.617135909984363, -22.996617604566556 ], [ -43.621306926686152, -22.999604691323281 ], [ -43.620397265854002, -23.004277412562566 ], [ -43.615316513985455, -23.005963084872928 ] ] ] } },
{ "type": "Feature", "properties": { "hex_id": "88a8a07599fffff", "nome": "Jacarepaguá", "codbairro": "115", "codra": 16, "rp": "Jacarepaguá", "cod_rp": "4.1", "area_plane": "4", "ideb_bairro": "Jacarepaguá" }, "geometry": { "type": "Polygon", "coordinates": [ [ [ -43.456975759561942, -22.940378454460753 ], [ -43.45280529667567, -22.937384679003351 ], [ -43.453716234355689, -22.932708953277604 ], [ -43.458797561422926, -22.931027039255525 ], [ -43.462967989628147, -22.934020882874172 ], [ -43.462057125458891, -22.938696572342138 ], [ -43.456975759561942, -22.940378454460753 ] ] ] } },
{ "type": "Feature", "properties": { "hex_id": "88a8a02ae9fffff", "nome": "Santa Cruz", "codbairro": "149", "codra": 19, "rp": "Santa Cruz", "cod_rp": "5.3", "area_plane": "5", "ideb_bairro": "Santa Cruz" }, "geometry": { "type": "Polygon", "coordinates": [ [ [ -43.650723296699724, -22.946114075832355 ], [ -43.646552610066806, -22.94312583428334 ], [ -43.647461967440513, -22.938449721411828 ], [ -43.652541936972206, -22.936761888237847 ], [ -43.656712585966609, -22.939750198388367 ], [ -43.65580330307948, -22.944426273099882 ], [ -43.650723296699724, -22.946114075832355 ] ] ] } },
{ "type": "Feature", "properties": { "hex_id": "88a8a075edfffff", "nome": "Jacarepaguá", "codbairro": "115", "codra": 16, "rp": "Jacarepaguá", "cod_rp": "4.1", "area_plane": "4", "ideb_bairro": "Jacarepaguá" }, "geometry": { "type": "Polygon", "coordinates": [ [ [ -43.405248069295993, -22.961861189059686 ], [ -43.40107753054523, -22.958866782269332 ], [ -43.401988919821946, -22.954192410792228 ], [ -43.407070774606503, -22.95251248184746 ], [ -43.411241279463923, -22.955506956726037 ], [ -43.410329963441853, -22.960181292449636 ], [ -43.405248069295993, -22.961861189059686 ] ] ] } },
{ "type": "Feature", "properties": { "hex_id": "88a8a02913fffff", "nome": "Campo Grande", "codbairro": "144", "codra": 18, "rp": "Campo Grande", "cod_rp": "5.2", "area_plane": "5", "ideb_bairro": "Campo Grande" }, "geometry": { "type": "Polygon", "coordinates": [ [ [ -43.566403982369472, -22.890985244417511 ], [ -43.562233727882735, -22.887992663730202 ], [ -43.563143699926748, -22.883313879019845 ], [ -43.568223852418917, -22.881627712312341 ], [ -43.572394070559845, -22.884620361309633 ], [ -43.571484172566095, -22.889299108692942 ], [ -43.566403982369472, -22.890985244417511 ] ] ] } },
{ "type": "Feature", "properties": { "hex_id": "88a8a020a5fffff", "nome": "Santa Cruz", "codbairro": "149", "codra": 19, "rp": "Santa Cruz", "cod_rp": "5.3", "area_plane": "5", "ideb_bairro": "Santa Cruz" }, "geometry": { "type": "Polygon", "coordinates": [ [ [ -43.767179106529667, -22.933621404672966 ], [ -43.763008435534793, -22.930635919198362 ], [ -43.763916810451697, -22.925958740823045 ], [ -43.768995781308313, -22.924267087214389 ], [ -43.773166412890674, -22.927252641529552 ], [ -43.772258113040529, -22.931929780601344 ], [ -43.767179106529667, -22.933621404672966 ] ] ] } },
{ "type": "Feature", "properties": { "hex_id": "88a8a06f55fffff", "nome": "Penha", "codbairro": "043", "codra": 11, "rp": "Penha", "cod_rp": "3.5", "area_plane": "3", "ideb_bairro": "Penha" }, "geometry": { "type": "Polygon", "coordinates": [ [ [ -43.269850420149567, -22.82716674099397 ], [ -43.265680970443107, -22.824163748342109 ], [ -43.266593260265843, -22.819482652685654 ], [ -43.271674927268151, -22.817804584068181 ], [ -43.275844345163804, -22.820807644257705 ], [ -43.274932127879715, -22.825488705515504 ], [ -43.269850420149567, -22.82716674099397 ] ] ] } },
{ "type": "Feature", "properties": { "hex_id": "88a8a02967fffff", "nome": "Campo Grande", "codbairro": "144", "codra": 18, "rp": "Campo Grande", "cod_rp": "5.2", "area_plane": "5", "ideb_bairro": "Campo Grande" }, "geometry": { "type": "Polygon", "coordinates": [ [ [ -43.514688918366005, -22.912513629775461 ], [ -43.510518573618569, -22.909520417555797 ], [ -43.511429000190795, -22.904842977584732 ], [ -43.516509697727024, -22.903158786642809 ], [ -43.520680006915406, -22.906152067098454 ], [ -43.519769654138287, -22.910829470248533 ], [ -43.514688918366005, -22.912513629775461 ] ] ] } },
{ "type": "Feature", "properties": { "hex_id": "88a8a06565fffff", "nome": "Honório Gurgel", "codbairro": "087", "codra": 15, "rp": "Madureira", "cod_rp": "3.3", "area_plane": "3", "ideb_bairro": "Honório Gurgel" }, "geometry": { "type": "Polygon", "coordinates": [ [ [ -43.356368213421568, -22.846748690526788 ], [ -43.352198499922949, -22.843748758216478 ], [ -43.353110119876128, -22.839068375303203 ], [ -43.358191380358576, -22.837387959942987 ], [ -43.362361060722648, -22.840387960016535 ], [ -43.36144951375055, -22.845068307675525 ], [ -43.356368213421568, -22.846748690526788 ] ] ] } },
{ "type": "Feature", "properties": { "hex_id": "88a8a07695fffff", "nome": "Guaratiba", "codbairro": "151", "codra": 26, "rp": "Guaratiba", "cod_rp": "5.4", "area_plane": "5", "ideb_bairro": "Guaratiba" }, "geometry": { "type": "Polygon", "coordinates": [ [ [ -43.532048271807803, -22.994228126599165 ], [ -43.527877371133961, -22.991238383535361 ], [ -43.528787773089299, -22.98656528821526 ], [ -43.533869001828613, -22.984881972947239 ], [ -43.538039866669216, -22.987871784437719 ], [ -43.537129538615417, -22.992544842758026 ], [ -43.532048271807803, -22.994228126599165 ] ] ] } },
{ "type": "Feature", "properties": { "hex_id": "88a8a076e9fffff", "nome": "Recreio dos Bandeirantes", "codbairro": "132", "codra": 24, "rp": "Barra da Tijuca", "cod_rp": "4.2", "area_plane": "4", "ideb_bairro": "Recreio dos Bandeirantes" }, "geometry": { "type": "Polygon", "coordinates": [ [ [ -43.502088016382025, -23.025999898363931 ], [ -43.497916937903419, -23.023010497410564 ], [ -43.498827630635368, -23.018339230256938 ], [ -43.503909328099517, -23.01665740075476 ], [ -43.508080371198723, -23.019646870127119 ], [ -43.507169752224854, -23.024318100571151 ], [ -43.502088016382025, -23.025999898363931 ] ] ] } },
{ "type": "Feature", "properties": { "hex_id": "88a8a0660dfffff", "nome": "Bangu", "codbairro": "141", "codra": 17, "rp": "Bangu", "cod_rp": "5.1", "area_plane": "5", "ideb_bairro": "Bangu" }, "geometry": { "type": "Polygon", "coordinates": [ [ [ -43.468432877569505, -22.905961382373359 ], [ -43.464262627534104, -22.902966663784916 ], [ -43.465173422378285, -22.898289041074683 ], [ -43.470254393709034, -22.896606173307088 ], [ -43.474424608892242, -22.899600960017157 ], [ -43.473513887608597, -22.904278546361688 ], [ -43.468432877569505, -22.905961382373359 ] ] ] } },
{ "type": "Feature", "properties": { "hex_id": "88a8a021a1fffff", "nome": "Santa Cruz", "codbairro": "149", "codra": 19, "rp": "Santa Cruz", "cod_rp": "5.3", "area_plane": "5", "ideb_bairro": "Santa Cruz" }, "geometry": { "type": "Polygon", "coordinates": [ [ [ -43.711679929108435, -22.925848139055667 ], [ -43.707509336778124, -22.922860834366141 ], [ -43.708418161117592, -22.918183422079512 ], [ -43.713497503011723, -22.916493353228763 ], [ -43.717668056776425, -22.919480726618946 ], [ -43.716759307224244, -22.924158100147757 ], [ -43.711679929108435, -22.925848139055667 ] ] ] } },
{ "type": "Feature", "properties": { "hex_id": "88a8a02a63fffff", "nome": "Guaratiba", "codbairro": "151", "codra": 26, "rp": "Guaratiba", "cod_rp": "5.4", "area_plane": "5", "ideb_bairro": "Guaratiba" }, "geometry": { "type": "Polygon", "coordinates": [ [ [ -43.611523113397155, -22.976621737781734 ], [ -43.607352255944903, -22.973633536382181 ], [ -43.608261980169026, -22.968959205732727 ], [ -43.613342487560054, -22.967273114248584 ], [ -43.617513307968181, -22.97026138421862 ], [ -43.616603658041065, -22.974935677090819 ], [ -43.611523113397155, -22.976621737781734 ] ] ] } },
{ "type": "Feature", "properties": { "hex_id": "88a8a06661fffff", "nome": "Realengo", "codbairro": "139", "codra": 33, "rp": "Bangu", "cod_rp": "5.1", "area_plane": "5", "ideb_bairro": "Realengo" }, "geometry": { "type": "Polygon", "coordinates": [ [ [ -43.453189553854443, -22.911008767725814 ], [ -43.449019288794268, -22.908013816196362 ], [ -43.449930215101197, -22.903336521945047 ], [ -43.455011332995149, -22.901654215428312 ], [ -43.459181563435294, -22.904649235055405 ], [ -43.45827071061322, -22.909326493090084 ], [ -43.453189553854443, -22.911008767725814 ] ] ] } },
{ "type": "Feature", "properties": { "hex_id": "88a8a02ab7fffff", "nome": "Santa Cruz", "codbairro": "149", "codra": 19, "rp": "Santa Cruz", "cod_rp": "5.3", "area_plane": "5", "ideb_bairro": "Santa Cruz" }, "geometry": { "type": "Polygon", "coordinates": [ [ [ -43.664895492118127, -22.897654051326207 ], [ -43.660725114467098, -22.894664422095556 ], [ -43.661634285324517, -22.889985651812381 ], [ -43.666713759298347, -22.888296549044778 ], [ -43.670884099100498, -22.89128624681803 ], [ -43.669975002789329, -22.895964978804809 ], [ -43.664895492118127, -22.897654051326207 ] ] ] } },
{ "type": "Feature", "properties": { "hex_id": "88a8a066b5fffff", "nome": "Bangu", "codbairro": "141", "codra": 17, "rp": "Bangu", "cod_rp": "5.1", "area_plane": "5", "ideb_bairro": "Bangu" }, "geometry": { "type": "Polygon", "coordinates": [ [ [ -43.506583788001883, -22.832029810046013 ], [ -43.502413981105995, -22.829033439933244 ], [ -43.50332435840059, -22.824351704353745 ], [ -43.508404468867198, -22.822666375606808 ], [ -43.51257424033674, -22.825662813784369 ], [ -43.511663936777715, -22.830344512632578 ], [ -43.506583788001883, -22.832029810046013 ] ] ] } },
{ "type": "Feature", "properties": { "hex_id": "88a8a02b0bfffff", "nome": "Guaratiba", "codbairro": "151", "codra": 26, "rp": "Guaratiba", "cod_rp": "5.4", "area_plane": "5", "ideb_bairro": "Guaratiba" }, "geometry": { "type": "Polygon", "coordinates": [ [ [ -43.571256254046055, -22.963744815293317 ], [ -43.567085516266971, -22.960755032427738 ], [ -43.567995552969634, -22.956080149631482 ], [ -43.57307625337139, -22.954395087070719 ], [ -43.577246954722284, -22.957384938393396 ], [ -43.57633699211128, -22.96205978380825 ], [ -43.571256254046055, -22.963744815293317 ] ] ] } },
{ "type": "Feature", "properties": { "hex_id": "88a8a06693fffff", "nome": "Campo Grande", "codbairro": "144", "codra": 18, "rp": "Campo Grande", "cod_rp": "5.2", "area_plane": "5", "ideb_bairro": "Campo Grande" }, "geometry": { "type": "Polygon", "coordinates": [ [ [ -43.543583459803855, -22.837269510561239 ], [ -43.539413580310864, -22.834274343437666 ], [ -43.540323662382008, -22.829592755331287 ], [ -43.545403550034813, -22.82790637143356 ], [ -43.549573393536299, -22.830901606714054 ], [ -43.548663385388139, -22.83558315772386 ], [ -43.543583459803855, -22.837269510561239 ] ] ] } },
{ "type": "Feature", "properties": { "hex_id": "88a8a06709fffff", "nome": "Realengo", "codbairro": "139", "codra": 33, "rp": "Bangu", "cod_rp": "5.1", "area_plane": "5", "ideb_bairro": "Realengo" }, "geometry": { "type": "Polygon", "coordinates": [ [ [ -43.412924489410273, -22.898080012901488 ], [ -43.408754360210757, -22.895083489260248 ], [ -43.409665595431875, -22.89040565026848 ], [ -43.414746886585547, -22.888724370725622 ], [ -43.418916981781294, -22.891720962351766 ], [ -43.418005819838861, -22.896398765524335 ], [ -43.412924489410273, -22.898080012901488 ] ] ] } },
{ "type": "Feature", "properties": { "hex_id": "88a8a0675dfffff", "nome": "Realengo", "codbairro": "139", "codra": 33, "rp": "Bangu", "cod_rp": "5.1", "area_plane": "5", "ideb_bairro": "Realengo" }, "geometry": { "type": "Polygon", "coordinates": [ [ [ -43.42543502778652, -22.907068245117426 ], [ -43.421264823242119, -22.904072390875083 ], [ -43.422175969721728, -22.899394988520186 ], [ -43.427257247413579, -22.897713476339579 ], [ -43.431427417762194, -22.900709398611241 ], [ -43.430516344626476, -22.905386765022687 ], [ -43.42543502778652, -22.907068245117426 ] ] ] } },
{ "type": "Feature", "properties": { "hex_id": "88a8a0788dfffff", "nome": "Botafogo", "codbairro": "020", "codra": 4, "rp": "Zona Sul", "cod_rp": "2.1", "area_plane": "2", "ideb_bairro": "Botafogo" }, "geometry": { "type": "Polygon", "coordinates": [ [ [ -43.190212556086458, -22.967196175961273 ], [ -43.186042326464076, -22.964196099091492 ], [ -43.186955456839534, -22.959522868539249 ], [ -43.192038744682698, -22.95784974849353 ], [ -43.196208943697897, -22.960849892997537 ], [ -43.195295885488925, -22.965523089901474 ], [ -43.190212556086458, -22.967196175961273 ] ] ] } },
{ "type": "Feature", "properties": { "hex_id": "88a8a02a95fffff", "nome": "Santa Cruz", "codbairro": "149", "codra": 19, "rp": "Santa Cruz", "cod_rp": "5.3", "area_plane": "5", "ideb_bairro": "Santa Cruz" }, "geometry": { "type": "Polygon", "coordinates": [ [ [ -43.680668192965754, -22.914288106189915 ], [ -43.676497695431259, -22.911299521617789 ], [ -43.677406759822745, -22.90662159216814 ], [ -43.682486247131138, -22.904932285731579 ], [ -43.686656706574254, -22.907920938912959 ], [ -43.685747716811981, -22.912598829910159 ], [ -43.680668192965754, -22.914288106189915 ] ] ] } },
{ "type": "Feature", "properties": { "hex_id": "88a8a078e1fffff", "nome": "Copacabana", "codbairro": "024", "codra": 5, "rp": "Zona Sul", "cod_rp": "2.1", "area_plane": "2", "ideb_bairro": "Copacabana" }, "geometry": { "type": "Polygon", "coordinates": [ [ [ -43.174962300364939, -22.97221430152775 ], [ -43.170792066515453, -22.96921399258013 ], [ -43.171705326108693, -22.964541096313507 ], [ -43.17678874747309, -22.962868542483179 ], [ -43.180958950948146, -22.965868919041963 ], [ -43.18004576344503, -22.970541781808361 ], [ -43.174962300364939, -22.97221430152775 ] ] ] } },
{ "type": "Feature", "properties": { "hex_id": "88a8a06093fffff", "nome": "Marechal Hermes", "codbairro": "090", "codra": 15, "rp": "Madureira", "cod_rp": "3.3", "area_plane": "3", "ideb_bairro": "Marechal Hermes" }, "geometry": { "type": "Polygon", "coordinates": [ [ [ -43.372135837722148, -22.863425597680735 ], [ -43.367965991999114, -22.860426700423186 ], [ -43.368877508265932, -22.855747152901067 ], [ -43.373958797202867, -22.854066538037401 ], [ -43.378128609548767, -22.857065503124616 ], [ -43.377217166346583, -22.861745015234302 ], [ -43.372135837722148, -22.863425597680735 ] ] ] } },
{ "type": "Feature", "properties": { "hex_id": "88a8a060e7fffff", "nome": "Cascadura", "codbairro": "082", "codra": 15, "rp": "Madureira", "cod_rp": "3.3", "area_plane": "3", "ideb_bairro": "Cascadura" }, "geometry": { "type": "Polygon", "coordinates": [ [ [ -43.320408017489704, -22.88489916738634 ], [ -43.31623810709246, -22.881899641638284 ], [ -43.317150072512234, -22.877221449466429 ], [ -43.322231875533078, -22.875542817938975 ], [ -43.326401753341152, -22.878542411445316 ], [ -43.32548986072932, -22.883220568709294 ], [ -43.320408017489704, -22.88489916738634 ] ] ] } },
{ "type": "Feature", "properties": { "hex_id": "88a8a0613bfffff", "nome": "Rocha", "codbairro": "058", "codra": 13, "rp": "Méier", "cod_rp": "3.2", "area_plane": "3", "ideb_bairro": "Rocha" }, "geometry": { "type": "Polygon", "coordinates": [ [ [ -43.246912529966451, -22.896025682234708 ], [ -43.242742666621204, -22.893024561898834 ], [ -43.243655239876077, -22.888347260441009 ], [ -43.248737604049879, -22.886671113495844 ], [ -43.252907435928009, -22.889672301452553 ], [ -43.251994935111227, -22.894349568722067 ], [ -43.246912529966451, -22.896025682234708 ] ] ] } },
{ "type": "Feature", "properties": { "hex_id": "88a8a06a51fffff", "nome": "Cidade Nova", "codbairro": "008", "codra": 3, "rp": "Centro", "cod_rp": "1.1", "area_plane": "1", "ideb_bairro": "Cidade Nova" }, "geometry": { "type": "Polygon", "coordinates": [ [ [ -43.19517299824907, -22.917452264344355 ], [ -43.191003086719249, -22.914450516365214 ], [ -43.191916105716338, -22.909774579808182 ], [ -43.196998964074673, -22.908100424904188 ], [ -43.201168844926258, -22.911102240434062 ], [ -43.200255898109539, -22.915778143305637 ], [ -43.19517299824907, -22.917452264344355 ] ] ] } },
{ "type": "Feature", "properties": { "hex_id": "88a8a061e3fffff", "nome": "Higienópolis", "codbairro": "050", "codra": 12, "rp": "Inhaúma", "cod_rp": "3.4", "area_plane": "3", "ideb_bairro": "Higienópolis" }, "geometry": { "type": "Polygon", "coordinates": [ [ [ -43.264896809113083, -22.876963545889069 ], [ -43.260727040442191, -22.873962222688423 ], [ -43.26163944171924, -22.869283822983942 ], [ -43.266721539154034, -22.867606780829384 ], [ -43.270891276084832, -22.870608171653096 ], [ -43.269978947332703, -22.875286536996768 ], [ -43.264896809113083, -22.876963545889069 ] ] ] } },
{ "type": "Feature", "properties": { "hex_id": "88a8a06237fffff", "nome": "Jacarepaguá", "codbairro": "115", "codra": 16, "rp": "Jacarepaguá", "cod_rp": "4.1", "area_plane": "4", "ideb_bairro": "Jacarepaguá" }, "geometry": { "type": "Polygon", "coordinates": [ [ [ -43.321974630527833, -22.950007814116709 ], [ -43.317804289386316, -22.947010699684903 ], [ -43.318716335836498, -22.94233601051657 ], [ -43.32379865060912, -22.940658470703873 ], [ -43.327968959130835, -22.943655653020723 ], [ -43.327056985511476, -22.948330307253684 ], [ -43.321974630527833, -22.950007814116709 ] ] ] } },
{ "type": "Feature", "properties": { "hex_id": "88a8a0628bfffff", "nome": "Taquara", "codbairro": "122", "codra": 16, "rp": "Jacarepaguá", "cod_rp": "4.1", "area_plane": "4", "ideb_bairro": "Taquara" }, "geometry": { "type": "Polygon", "coordinates": [ [ [ -43.376966397071634, -22.936220404548269 ], [ -43.372796065757427, -22.93322428879414 ], [ -43.373707647550098, -22.928548641985067 ], [ -43.378789487562869, -22.926869146390832 ], [ -43.382959785418485, -22.929865330123459 ], [ -43.382048276731638, -22.934540941460302 ], [ -43.376966397071634, -22.936220404548269 ] ] ] } },
{ "type": "Feature", "properties": { "hex_id": "88a8a06333fffff", "nome": "Andaraí", "codbairro": "037", "codra": 9, "rp": "Tijuca", "cod_rp": "2.2", "area_plane": "2", "ideb_bairro": "Andaraí" }, "geometry": { "type": "Polygon", "coordinates": [ [ [ -43.266457765588143, -22.942080085759432 ], [ -43.262287565981303, -22.939081169796516 ], [ -43.263200048425844, -22.934406272925603 ], [ -43.268282657941249, -22.93273032639577 ], [ -43.272452825777606, -22.935729310108997 ], [ -43.2715404158808, -22.940404172590192 ], [ -43.266457765588143, -22.942080085759432 ] ] ] } },
{ "type": "Feature", "properties": { "hex_id": "88a8a07463fffff", "nome": "Recreio dos Bandeirantes", "codbairro": "132", "codra": 24, "rp": "Barra da Tijuca", "cod_rp": "4.2", "area_plane": "4", "ideb_bairro": "Recreio dos Bandeirantes" }, "geometry": { "type": "Polygon", "coordinates": [ [ [ -43.440050684249414, -23.002817986861064 ], [ -43.435879830937367, -22.999826031636832 ], [ -43.43679099624454, -22.99515374146954 ], [ -43.441872941435598, -22.993473442614913 ], [ -43.446043760318261, -22.996465466079428 ], [ -43.445132668450952, -23.001137720146762 ], [ -43.440050684249414, -23.002817986861064 ] ] ] } },
{ "type": "Feature", "properties": { "hex_id": "88a8a074b7fffff", "nome": "Senador Camará", "codbairro": "142", "codra": 17, "rp": "Bangu", "cod_rp": "5.1", "area_plane": "5", "ideb_bairro": "Senador Camará" }, "geometry": { "type": "Polygon", "coordinates": [ [ [ -43.493454892239505, -22.923924999925298 ], [ -43.489284495436081, -22.920931622697811 ], [ -43.490195111924791, -22.916254875020126 ], [ -43.495276051537786, -22.914571541172201 ], [ -43.499446413105012, -22.917564986610291 ], [ -43.498535870307123, -22.922241697674192 ], [ -43.493454892239505, -22.923924999925298 ] ] ] } },
{ "type": "Feature", "properties": { "hex_id": "88a8a021d3fffff", "nome": "Santa Cruz", "codbairro": "149", "codra": 19, "rp": "Santa Cruz", "cod_rp": "5.3", "area_plane": "5", "ideb_bairro": "Santa Cruz" }, "geometry": { "type": "Polygon", "coordinates": [ [ [ -43.76119164293101, -22.939989511530651 ], [ -43.757020932614104, -22.937004094894849 ], [ -43.757929366429359, -22.932327279112044 ], [ -43.763008435534793, -22.930635919198362 ], [ -43.767179106529667, -22.933621404672966 ], [ -43.766270747752742, -22.938298181210985 ], [ -43.76119164293101, -22.939989511530651 ] ] ] } },
{ "type": "Feature", "properties": { "hex_id": "88a8a0750bfffff", "nome": "Barra da Tijuca", "codbairro": "128", "codra": 24, "rp": "Barra da Tijuca", "cod_rp": "4.2", "area_plane": "4", "ideb_bairro": "Barra da Tijuca" }, "geometry": { "type": "Polygon", "coordinates": [ [ [ -43.399779614348361, -22.989901168370345 ], [ -43.395608898282347, -22.986907636666587 ], [ -43.396520372301985, -22.98223480097462 ], [ -43.40160248916586, -22.980555532678888 ], [ -43.40577317141905, -22.983549132511122 ], [ -43.404861770632927, -22.988221932499076 ], [ -43.399779614348361, -22.989901168370345 ] ] ] } },
{ "type": "Feature", "properties": { "hex_id": "88a8a02831fffff", "nome": "Cosmos", "codbairro": "147", "codra": 18, "rp": "Campo Grande", "cod_rp": "5.2", "area_plane": "5", "ideb_bairro": "Cosmos" }, "geometry": { "type": "Polygon", "coordinates": [ [ [ -43.603405585862987, -22.896206421237839 ], [ -43.5992352643961, -22.89321504761881 ], [ -43.600144939958319, -22.888536412763283 ], [ -43.605224862761702, -22.886849189206742 ], [ -43.609395147317684, -22.889840631228029 ], [ -43.608485545992856, -22.894519228392088 ], [ -43.603405585862987, -22.896206421237839 ] ] ] } },
{ "type": "Feature", "properties": { "hex_id": "88a8a02885fffff", "nome": "Paciência", "codbairro": "148", "codra": 19, "rp": "Santa Cruz", "cod_rp": "5.3", "area_plane": "5", "ideb_bairro": "Paciência" }, "geometry": { "type": "Polygon", "coordinates": [ [ [ -43.636612674865177, -22.872042287351203 ], [ -43.632442485949504, -22.869050941983815 ], [ -43.63335185342477, -22.864370892704393 ], [ -43.638431335428955, -22.862682226797148 ], [ -43.642601486930083, -22.865673640595325 ], [ -43.64169219385321, -22.870353651858466 ], [ -43.636612674865177, -22.872042287351203 ] ] ] } },
{ "type": "Feature", "properties": { "hex_id": "88a8a039b5fffff", "nome": "Ilha de Guaratiba", "codbairro": "164", "codra": 26, "rp": "Guaratiba", "cod_rp": "5.4", "area_plane": "5", "ideb_bairro": "Ilha de Guaratiba" }, "geometry": { "type": "Polygon", "coordinates": [ [ [ -43.575047852981093, -22.993092090594562 ], [ -43.570876918469665, -22.99010348932266 ], [ -43.571786966215917, -22.985430177553106 ], [ -43.576867874367686, -22.983745504464896 ], [ -43.581038772389661, -22.986734174256586 ], [ -43.580128798761002, -22.991407448605198 ], [ -43.575047852981093, -22.993092090594562 ] ] ] } },
{ "type": "Feature", "properties": { "hex_id": "88a8a075b3fffff", "nome": "Jacarepaguá", "codbairro": "115", "codra": 16, "rp": "Jacarepaguá", "cod_rp": "4.1", "area_plane": "4", "ideb_bairro": "Jacarepaguá" }, "geometry": { "type": "Polygon", "coordinates": [ [ [ -43.437945791406229, -22.916054468326962 ], [ -43.433775511912543, -22.913059283888316 ], [ -43.434686569560448, -22.908382318439376 ], [ -43.439767833304614, -22.906700573485193 ], [ -43.44393807841049, -22.909695825997566 ], [ -43.443027094171718, -22.914372755378871 ], [ -43.437945791406229, -22.916054468326962 ] ] ] } },
{ "type": "Feature", "properties": { "hex_id": "88a8a028d9fffff", "nome": "Santa Cruz", "codbairro": "149", "codra": 19, "rp": "Santa Cruz", "cod_rp": "5.3", "area_plane": "5", "ideb_bairro": "Santa Cruz" }, "geometry": { "type": "Polygon", "coordinates": [ [ [ -43.670884099100498, -22.89128624681803 ], [ -43.666713759298347, -22.888296549044778 ], [ -43.667622871559203, -22.883617415956426 ], [ -43.672702249059093, -22.88192801898477 ], [ -43.676872550921807, -22.884917785302079 ], [ -43.675963513235715, -22.889596880035512 ], [ -43.670884099100498, -22.89128624681803 ] ] ] } },
{ "type": "Feature", "properties": { "hex_id": "88a8a0292dfffff", "nome": "Campo Grande", "codbairro": "144", "codra": 18, "rp": "Campo Grande", "cod_rp": "5.2", "area_plane": "5", "ideb_bairro": "Campo Grande" }, "geometry": { "type": "Polygon", "coordinates": [ [ [ -43.511429000190795, -22.904842977584732 ], [ -43.50725870936823, -22.901849395721705 ], [ -43.508169151578628, -22.897171554713942 ], [ -43.513249810846403, -22.895487332345777 ], [ -43.517420066160533, -22.898480982423106 ], [ -43.516509697727024, -22.903158786642809 ], [ -43.511429000190795, -22.904842977584732 ] ] ] } },
{ "type": "Feature", "properties": { "hex_id": "88a8a02a41fffff", "nome": "Guaratiba", "codbairro": "151", "codra": 26, "rp": "Guaratiba", "cod_rp": "5.4", "area_plane": "5", "ideb_bairro": "Guaratiba" }, "geometry": { "type": "Polygon", "coordinates": [ [ [ -43.627297185232564, -22.993245637062756 ], [ -43.623126205726876, -22.990258481671408 ], [ -43.624035823935202, -22.985584993348279 ], [ -43.62911634728075, -22.983898698337935 ], [ -43.633287289499698, -22.986885922365563 ], [ -43.632377745671477, -22.991559372755773 ], [ -43.627297185232564, -22.993245637062756 ] ] ] } },
{ "type": "Feature", "properties": { "hex_id": "88a8a0652bfffff", "nome": "Costa Barros", "codbairro": "113", "codra": 25, "rp": "Pavuna", "cod_rp": "3.6", "area_plane": "3", "ideb_bairro": "Costa Barros" }, "geometry": { "type": "Polygon", "coordinates": [ [ [ -43.374346309604782, -22.827664514862047 ], [ -43.370176695782433, -22.824664379259623 ], [ -43.371088142767704, -22.819982902819756 ], [ -43.376169130519486, -22.81830159739858 ], [ -43.380338710934716, -22.821301800766612 ], [ -43.379427337017006, -22.825983241778694 ], [ -43.374346309604782, -22.827664514862047 ] ] ] } },
{ "type": "Feature", "properties": { "hex_id": "88a8a02981fffff", "nome": "Campo Grande", "codbairro": "144", "codra": 18, "rp": "Campo Grande", "cod_rp": "5.2", "area_plane": "5", "ideb_bairro": "Campo Grande" }, "geometry": { "type": "Polygon", "coordinates": [ [ [ -43.581113439592748, -22.864215958820033 ], [ -43.576943347757066, -22.861222803404882 ], [ -43.577853160641304, -22.856542527942604 ], [ -43.582932991254957, -22.854855445353156 ], [ -43.587103046523509, -22.857848669060218 ], [ -43.586193307757192, -22.862528907053346 ], [ -43.581113439592748, -22.864215958820033 ] ] ] } },
{ "type": "Feature", "properties": { "hex_id": "88a8a02113fffff", "nome": "Santa Cruz", "codbairro": "149", "codra": 19, "rp": "Santa Cruz", "cod_rp": "5.3", "area_plane": "5", "ideb_bairro": "Santa Cruz" }, "geometry": { "type": "Polygon", "coordinates": [ [ [ -43.718739319569039, -22.962864298599431 ], [ -43.714568479631559, -22.9598785503572 ], [ -43.715477298578861, -22.95520310856892 ], [ -43.720556882643898, -22.953513453839808 ], [ -43.724727683903652, -22.956499270867333 ], [ -43.723818939787712, -22.961174673827191 ], [ -43.718739319569039, -22.962864298599431 ] ] ] } },
{ "type": "Feature", "properties": { "hex_id": "88a8a06e41fffff", "nome": "Irajá", "codbairro": "076", "codra": 14, "rp": "Madureira", "cod_rp": "3.3", "area_plane": "3", "ideb_bairro": "Irajá" }, "geometry": { "type": "Polygon", "coordinates": [ [ [ -43.322621569157107, -22.849146936992639 ], [ -43.318451890376529, -22.846146173698852 ], [ -43.319363786525066, -22.841466050526094 ], [ -43.324445288654992, -22.839786725558259 ], [ -43.328614934816265, -22.842787556546529 ], [ -43.327703111478655, -22.84746764479663 ], [ -43.322621569157107, -22.849146936992639 ] ] ] } },
{ "type": "Feature", "properties": { "hex_id": "88a8a029d5fffff", "nome": "Campo Grande", "codbairro": "144", "codra": 18, "rp": "Campo Grande", "cod_rp": "5.2", "area_plane": "5", "ideb_bairro": "Campo Grande" }, "geometry": { "type": "Polygon", "coordinates": [ [ [ -43.593623855166292, -22.873194082404272 ], [ -43.589453693341348, -22.870201598364442 ], [ -43.590363416316777, -22.865521760988177 ], [ -43.595443226945946, -22.863834445233433 ], [ -43.599613352011879, -22.866826997610136 ], [ -43.598703703219321, -22.871506797393224 ], [ -43.593623855166292, -22.873194082404272 ] ] ] } },
{ "type": "Feature", "properties": { "hex_id": "88a8a02167fffff", "nome": "Guaratiba", "codbairro": "151", "codra": 26, "rp": "Guaratiba", "cod_rp": "5.4", "area_plane": "5", "ideb_bairro": "Guaratiba" }, "geometry": { "type": "Polygon", "coordinates": [ [ [ -43.667030973000443, -22.984424244582129 ], [ -43.662860022728637, -22.98143786134413 ], [ -43.663769300469575, -22.976763758720072 ], [ -43.668849453916579, -22.97507607764447 ], [ -43.673020366296562, -22.978062529591345 ], [ -43.67211116313301, -22.982736593893456 ], [ -43.667030973000443, -22.984424244582129 ] ] ] } },
{ "type": "Feature", "properties": { "hex_id": "88a8a02a29fffff", "nome": "Guaratiba", "codbairro": "151", "codra": 26, "rp": "Guaratiba", "cod_rp": "5.4", "area_plane": "5", "ideb_bairro": "Guaratiba" }, "geometry": { "type": "Polygon", "coordinates": [ [ [ -43.608261980169026, -22.968959205732727 ], [ -43.60409117585138, -22.965970633028828 ], [ -43.605000915906572, -22.961295900303217 ], [ -43.610081386012261, -22.959609778014766 ], [ -43.61425215333643, -22.962598419267731 ], [ -43.613342487560054, -22.967273114248584 ], [ -43.608261980169026, -22.968959205732727 ] ] ] } },
{ "type": "Feature", "properties": { "hex_id": "88a8a06627fffff", "nome": "Padre Miguel", "codbairro": "140", "codra": 17, "rp": "Bangu", "cod_rp": "5.1", "area_plane": "5", "ideb_bairro": "Padre Miguel" }, "geometry": { "type": "Polygon", "coordinates": [ [ [ -43.449403686940812, -22.881628889830235 ], [ -43.445233619724448, -22.878632763464122 ], [ -43.446144534648724, -22.873953902298773 ], [ -43.451225443342118, -22.872271203663299 ], [ -43.455395475999467, -22.875267398063023 ], [ -43.454484634534133, -22.879946223053089 ], [ -43.449403686940812, -22.881628889830235 ] ] ] } },
{ "type": "Feature", "properties": { "hex_id": "88a8a021bbfffff", "nome": "Santa Cruz", "codbairro": "149", "codra": 19, "rp": "Santa Cruz", "cod_rp": "5.3", "area_plane": "5", "ideb_bairro": "Santa Cruz" }, "geometry": { "type": "Polygon", "coordinates": [ [ [ -43.742155403187482, -22.915705114520538 ], [ -43.737984861551617, -22.912718278433381 ], [ -43.738893418649539, -22.90804021851088 ], [ -43.743972442457547, -22.90634903372117 ], [ -43.748142945064501, -22.90933593855884 ], [ -43.747234462903961, -22.914013959424246 ], [ -43.742155403187482, -22.915705114520538 ] ] ] } },
{ "type": "Feature", "properties": { "hex_id": "88a8a02ad1fffff", "nome": "Santa Cruz", "codbairro": "149", "codra": 19, "rp": "Santa Cruz", "cod_rp": "5.3", "area_plane": "5", "ideb_bairro": "Santa Cruz" }, "geometry": { "type": "Polygon", "coordinates": [ [ [ -43.690452903294627, -22.937283010845196 ], [ -43.686282248259431, -22.934295540571604 ], [ -43.687191264720674, -22.929618815761302 ], [ -43.692270861545083, -22.927929599762841 ], [ -43.696441478336922, -22.930917138710633 ], [ -43.695532536559341, -22.93559382497121 ], [ -43.690452903294627, -22.937283010845196 ] ] ] } },
{ "type": "Feature", "properties": { "hex_id": "88a8a02b25fffff", "nome": "Guaratiba", "codbairro": "151", "codra": 26, "rp": "Guaratiba", "cod_rp": "5.4", "area_plane": "5", "ideb_bairro": "Guaratiba" }, "geometry": { "type": "Polygon", "coordinates": [ [ [ -43.530989552026796, -22.950855322339098 ], [ -43.526818938039867, -22.947863960174825 ], [ -43.527729286319619, -22.943188527057444 ], [ -43.532810174711884, -22.941504493077996 ], [ -43.536980752886635, -22.944495923586171 ], [ -43.536070478492981, -22.949171319718371 ], [ -43.530989552026796, -22.950855322339098 ] ] ] } },
{ "type": "Feature", "properties": { "hex_id": "88a8a06723fffff", "nome": "Vila Militar", "codbairro": "135", "codra": 33, "rp": "Bangu", "cod_rp": "5.1", "area_plane": "5", "ideb_bairro": "Vila Militar" }, "geometry": { "type": "Polygon", "coordinates": [ [ [ -43.393896788568796, -22.873738068074378 ], [ -43.389726844865478, -22.870740138955572 ], [ -43.390638199556705, -22.866061062653099 ], [ -43.395719424786002, -22.864379951086143 ], [ -43.399889334778742, -22.867377948101858 ], [ -43.398978053264479, -22.872056988776098 ], [ -43.393896788568796, -22.873738068074378 ] ] ] } },
{ "type": "Feature", "properties": { "hex_id": "88a8a078a7fffff", "nome": "Flamengo", "codbairro": "015", "codra": 4, "rp": "Zona Sul", "cod_rp": "2.1", "area_plane": "2", "ideb_bairro": "Flamengo" }, "geometry": { "type": "Polygon", "coordinates": [ [ [ -43.171188163046438, -22.942845691980018 ], [ -43.167018129714485, -22.939844214196455 ], [ -43.167931377142942, -22.935169746725713 ], [ -43.173014585850922, -22.93349679048335 ], [ -43.177184588868975, -22.936498335814665 ], [ -43.176271413504764, -22.941172769829041 ], [ -43.171188163046438, -22.942845691980018 ] ] ] } },
{ "type": "Feature", "properties": { "hex_id": "88a8a06005fffff", "nome": "Lins de Vasconcelos", "codbairro": "062", "codra": 13, "rp": "Méier", "cod_rp": "3.2", "area_plane": "3", "ideb_bairro": "Lins de Vasconcelos" }, "geometry": { "type": "Polygon", "coordinates": [ [ [ -43.293695016076121, -22.924347772039336 ], [ -43.289524888345142, -22.921348952811929 ], [ -43.290437125970421, -22.916672990847267 ], [ -43.295519418656738, -22.914995882751747 ], [ -43.299689514202733, -22.917994769754674 ], [ -43.298777349259169, -22.922670697066053 ], [ -43.293695016076121, -22.924347772039336 ] ] ] } },
{ "type": "Feature", "properties": { "hex_id": "88a8a06059fffff", "nome": "Freguesia (Jacarepaguá)", "codbairro": "120", "codra": 16, "rp": "Jacarepaguá", "cod_rp": "4.1", "area_plane": "4", "ideb_bairro": "Freguesia (Jacarepaguá)" }, "geometry": { "type": "Polygon", "coordinates": [ [ [ -43.327968959130835, -22.943655653020723 ], [ -43.32379865060912, -22.940658470703873 ], [ -43.324710639508346, -22.935983415193181 ], [ -43.32979286408132, -22.934305576980794 ], [ -43.333963139892283, -22.937302827183711 ], [ -43.333051223852763, -22.941977847701409 ], [ -43.327968959130835, -22.943655653020723 ] ] ] } },
{ "type": "Feature", "properties": { "hex_id": "88a8a060adfffff", "nome": "Cavalcanti", "codbairro": "080", "codra": 15, "rp": "Madureira", "cod_rp": "3.3", "area_plane": "3", "ideb_bairro": "Cavalcanti" }, "geometry": { "type": "Polygon", "coordinates": [ [ [ -43.317150072512234, -22.877221449466429 ], [ -43.312980217639719, -22.874221556208134 ], [ -43.313892198314896, -22.869542963697359 ], [ -43.318973961084637, -22.86786429930773 ], [ -43.323143783418566, -22.870864260302572 ], [ -43.322231875533078, -22.875542817938975 ], [ -43.317150072512234, -22.877221449466429 ] ] ] } },
{ "type": "Feature", "properties": { "hex_id": "88a8a06101fffff", "nome": "Maracanã", "codbairro": "035", "codra": 9, "rp": "Tijuca", "cod_rp": "2.2", "area_plane": "2", "ideb_bairro": "Maracanã" }, "geometry": { "type": "Polygon", "coordinates": [ [ [ -43.238179589425492, -22.916407234377409 ], [ -43.234009607210574, -22.913406616410114 ], [ -43.234922279934914, -22.908730448437527 ], [ -43.240004862487496, -22.907054932527753 ], [ -43.244174813366762, -22.910055618135964 ], [ -43.243262213040872, -22.914731752001497 ], [ -43.238179589425492, -22.916407234377409 ] ] ] } },
{ "type": "Feature", "properties": { "hex_id": "88a8a06155fffff", "nome": "Andaraí", "codbairro": "037", "codra": 9, "rp": "Tijuca", "cod_rp": "2.2", "area_plane": "2", "ideb_bairro": "Andaraí" }, "geometry": { "type": "Polygon", "coordinates": [ [ [ -43.250689697965413, -22.925407754478265 ], [ -43.24651963484682, -22.922407803456842 ], [ -43.247432220052552, -22.917732070378225 ], [ -43.252514795924682, -22.916056322541159 ], [ -43.256684827515485, -22.919056341247458 ], [ -43.255772314773722, -22.923732040094396 ], [ -43.250689697965413, -22.925407754478265 ] ] ] } },
{ "type": "Feature", "properties": { "hex_id": "88a8a061a9fffff", "nome": "Complexo do Alemão", "codbairro": "156", "codra": 29, "rp": "Inhaúma", "cod_rp": "3.4", "area_plane": "3", "ideb_bairro": "Complexo do Alemão" }, "geometry": { "type": "Polygon", "coordinates": [ [ [ -43.26163944171924, -22.869283822983942 ], [ -43.257469729029552, -22.866282132886479 ], [ -43.258382145452423, -22.861603333044684 ], [ -43.263464202070104, -22.859926257615957 ], [ -43.267633883070253, -22.862928015314736 ], [ -43.266721539154034, -22.867606780829384 ], [ -43.26163944171924, -22.869283822983942 ] ] ] } },
{ "type": "Feature", "properties": { "hex_id": "88a8a029edfffff", "nome": "Campo Grande", "codbairro": "144", "codra": 18, "rp": "Campo Grande", "cod_rp": "5.2", "area_plane": "5", "ideb_bairro": "Campo Grande" }, "geometry": { "type": "Polygon", "coordinates": [ [ [ -43.553893289680133, -22.882006830935033 ], [ -43.549723106052241, -22.879013578916624 ], [ -43.550633167819974, -22.874334356182526 ], [ -43.555713339242018, -22.872648422658425 ], [ -43.559883486716011, -22.875641742942005 ], [ -43.55897349893354, -22.880320928473033 ], [ -43.553893289680133, -22.882006830935033 ] ] ] } },
{ "type": "Feature", "properties": { "hex_id": "88a8a02e6dfffff", "nome": "Santa Cruz", "codbairro": "149", "codra": 19, "rp": "Santa Cruz", "cod_rp": "5.3", "area_plane": "5", "ideb_bairro": "Santa Cruz" }, "geometry": { "type": "Polygon", "coordinates": [ [ [ -43.748142945064501, -22.90933593855884 ], [ -43.743972442457547, -22.90634903372117 ], [ -43.744880940719653, -22.90167061138354 ], [ -43.749959866634498, -22.899979132987934 ], [ -43.754130330122074, -22.902966106577765 ], [ -43.7532219068258, -22.907644489799591 ], [ -43.748142945064501, -22.90933593855884 ] ] ] } },
{ "type": "Feature", "properties": { "hex_id": "88a8a06a6bfffff", "nome": "Centro", "codbairro": "005", "codra": 2, "rp": "Centro", "cod_rp": "1.1", "area_plane": "1", "ideb_bairro": "Centro" }, "geometry": { "type": "Polygon", "coordinates": [ [ [ -43.161418020543636, -22.919815553279857 ], [ -43.157248157583894, -22.916812975386744 ], [ -43.158161449885156, -22.912137305560009 ], [ -43.163244533148635, -22.910464246969887 ], [ -43.167414365946094, -22.91346689234625 ], [ -43.166501145654173, -22.918142528817924 ], [ -43.161418020543636, -22.919815553279857 ] ] ] } },
{ "type": "Feature", "properties": { "hex_id": "88a8a06251fffff", "nome": "Barra da Tijuca", "codbairro": "128", "codra": 24, "rp": "Barra da Tijuca", "cod_rp": "4.2", "area_plane": "4", "ideb_bairro": "Barra da Tijuca" }, "geometry": { "type": "Polygon", "coordinates": [ [ [ -43.347520361474601, -22.989672908175223 ], [ -43.343349720653713, -22.986677938211635 ], [ -43.344261617772062, -22.982005292035751 ], [ -43.349344082753795, -22.980327651004341 ], [ -43.353514690560388, -22.983322688982412 ], [ -43.352602866411281, -22.987995299965881 ], [ -43.347520361474601, -22.989672908175223 ] ] ] } },
{ "type": "Feature", "properties": { "hex_id": "88a8a06e59fffff", "nome": "Rocha Miranda", "codbairro": "086", "codra": 15, "rp": "Madureira", "cod_rp": "3.3", "area_plane": "3", "ideb_bairro": "Rocha Miranda" }, "geometry": { "type": "Polygon", "coordinates": [ [ [ -43.347117148746747, -22.845428876614598 ], [ -43.342947457476349, -22.842428644665503 ], [ -43.343859150363521, -22.837748226589234 ], [ -43.348940461598836, -22.83606807561355 ], [ -43.353110119876128, -22.839068375303203 ], [ -43.352198499922949, -22.843748758216478 ], [ -43.347117148746747, -22.845428876614598 ] ] ] } },
{ "type": "Feature", "properties": { "hex_id": "88a8a062a5fffff", "nome": "Freguesia (Jacarepaguá)", "codbairro": "120", "codra": 16, "rp": "Jacarepaguá", "cod_rp": "4.1", "area_plane": "4", "ideb_bairro": "Freguesia (Jacarepaguá)" }, "geometry": { "type": "Polygon", "coordinates": [ [ [ -43.33669880342228, -22.923276230999935 ], [ -43.332528615784476, -22.920278544658217 ], [ -43.333440504825639, -22.915602355860049 ], [ -43.338522508617146, -22.91392388846705 ], [ -43.342692663412905, -22.916921642675327 ], [ -43.341780847270947, -22.921597796398519 ], [ -43.33669880342228, -22.923276230999935 ] ] ] } },
{ "type": "Feature", "properties": { "hex_id": "88a8a02f69fffff", "nome": "Santa Cruz", "codbairro": "149", "codra": 19, "rp": "Santa Cruz", "cod_rp": "5.3", "area_plane": "5", "ideb_bairro": "Santa Cruz" }, "geometry": { "type": "Polygon", "coordinates": [ [ [ -43.69264506467664, -22.901553114496885 ], [ -43.688474643415439, -22.898564392704714 ], [ -43.689383590494103, -22.893885737583922 ], [ -43.694462884159385, -22.892195842813397 ], [ -43.698633267148132, -22.895184633217891 ], [ -43.697724394755681, -22.899863249769101 ], [ -43.69264506467664, -22.901553114496885 ] ] ] } },
{ "type": "Feature", "properties": { "hex_id": "88a8a07429fffff", "nome": "Vargem Pequena", "codbairro": "130", "codra": 24, "rp": "Barra da Tijuca", "cod_rp": "4.2", "area_plane": "4", "ideb_bairro": "Vargem Pequena" }, "geometry": { "type": "Polygon", "coordinates": [ [ [ -43.43679099624454, -22.99515374146954 ], [ -43.432620197489776, -22.992161416200361 ], [ -43.433531378293125, -22.987488723869081 ], [ -43.438613284441331, -22.98580839286252 ], [ -43.442784048817316, -22.988800786350701 ], [ -43.441872941435598, -22.993473442614913 ], [ -43.43679099624454, -22.99515374146954 ] ] ] } },
{ "type": "Feature", "properties": { "hex_id": "88a8a0634dfffff", "nome": "São Conrado", "codbairro": "031", "codra": 6, "rp": "Zona Sul", "cod_rp": "2.1", "area_plane": "2", "ideb_bairro": "São Conrado" }, "geometry": { "type": "Polygon", "coordinates": [ [ [ -43.255507229396386, -22.998157126056668 ], [ -43.251336679144487, -22.995159953480535 ], [ -43.25224933043252, -22.990488131248977 ], [ -43.257332459479173, -22.988813515875712 ], [ -43.261502978122387, -22.991810756283662 ], [ -43.260590399339407, -22.996482544221507 ], [ -43.255507229396386, -22.998157126056668 ] ] ] } },
{ "type": "Feature", "properties": { "hex_id": "88a8a074d1fffff", "nome": "Guaratiba", "codbairro": "151", "codra": 26, "rp": "Guaratiba", "cod_rp": "5.4", "area_plane": "5", "ideb_bairro": "Guaratiba" }, "geometry": { "type": "Polygon", "coordinates": [ [ [ -43.519006693838087, -22.963572136114259 ], [ -43.514836008499024, -22.960580910633631 ], [ -43.515746473118753, -22.955906207206798 ], [ -43.520827549260503, -22.954222766118043 ], [ -43.524998198968866, -22.95721405993979 ], [ -43.524087808177875, -22.961888726497673 ], [ -43.519006693838087, -22.963572136114259 ] ] ] } },
{ "type": "Feature", "properties": { "hex_id": "88a8a03927fffff", "nome": "Grumari", "codbairro": "133", "codra": 24, "rp": "Barra da Tijuca", "cod_rp": "4.2", "area_plane": "4", "ideb_bairro": "Grumari" }, "geometry": { "type": "Polygon", "coordinates": [ [ [ -43.517862014243676, -23.04262553484104 ], [ -43.513690809305146, -23.039637178815834 ], [ -43.514601396984119, -23.034966753931322 ], [ -43.51968311577189, -23.033284721925909 ], [ -43.523854285088305, -23.036273146435178 ], [ -43.522943771250752, -23.040943534454271 ], [ -43.517862014243676, -23.04262553484104 ] ] ] } },
{ "type": "Feature", "properties": { "hex_id": "88a8a07525fffff", "nome": "Barra Olímpica", "codbairro": "165", "codra": 16, "rp": "Jacarepaguá", "cod_rp": "4.1", "area_plane": "4", "ideb_bairro": "Barra Olímpica" }, "geometry": { "type": "Polygon", "coordinates": [ [ [ -43.359508871237615, -22.976971804514246 ], [ -43.355338296536253, -22.973976698520506 ], [ -43.356250078362756, -22.969303319131395 ], [ -43.361332361875391, -22.967625081032221 ], [ -43.36550290338058, -22.970620255042817 ], [ -43.364591194581045, -22.975293599124196 ], [ -43.359508871237615, -22.976971804514246 ] ] ] } },
{ "type": "Feature", "properties": { "hex_id": "88a8a0212bfffff", "nome": "Sepetiba", "codbairro": "150", "codra": 19, "rp": "Santa Cruz", "cod_rp": "5.3", "area_plane": "5", "ideb_bairro": "Sepetiba" }, "geometry": { "type": "Polygon", "coordinates": [ [ [ -43.679009604343477, -22.971700155407316 ], [ -43.674838729945904, -22.968713634749847 ], [ -43.675747890431431, -22.964038804300127 ], [ -43.680827850691749, -22.962350532935265 ], [ -43.684998687016325, -22.965337122305009 ], [ -43.684089601165233, -22.970011914315847 ], [ -43.679009604343477, -22.971700155407316 ] ] ] } },
{ "type": "Feature", "properties": { "hex_id": "88a8a076c7fffff", "nome": "Recreio dos Bandeirantes", "codbairro": "132", "codra": 24, "rp": "Barra da Tijuca", "cod_rp": "4.2", "area_plane": "4", "ideb_bairro": "Recreio dos Bandeirantes" }, "geometry": { "type": "Polygon", "coordinates": [ [ [ -43.517333075001069, -23.020953941670118 ], [ -43.513162013450589, -23.017964774850086 ], [ -43.514072574274962, -23.013293178559245 ], [ -43.5191541228278, -23.011610785935172 ], [ -43.523325148766688, -23.01460002119854 ], [ -43.522414661776018, -23.019271580631131 ], [ -43.517333075001069, -23.020953941670118 ] ] ] } },
{ "type": "Feature", "properties": { "hex_id": "88a8a0284bfffff", "nome": "Santa Cruz", "codbairro": "149", "codra": 19, "rp": "Santa Cruz", "cod_rp": "5.3", "area_plane": "5", "ideb_bairro": "Santa Cruz" }, "geometry": { "type": "Polygon", "coordinates": [ [ [ -43.613720027275086, -22.940907858158592 ], [ -43.609549403178782, -22.937918406197635 ], [ -43.610459058031573, -22.933242141595315 ], [ -43.615539262692685, -22.931555366738785 ], [ -43.619709849715527, -22.934544887208848 ], [ -43.618800269162385, -22.939221114014849 ], [ -43.613720027275086, -22.940907858158592 ] ] ] } },
{ "type": "Feature", "properties": { "hex_id": "88a8a06449fffff", "nome": "Bangu", "codbairro": "141", "codra": 17, "rp": "Bangu", "cod_rp": "5.1", "area_plane": "5", "ideb_bairro": "Bangu" }, "geometry": { "type": "Polygon", "coordinates": [ [ [ -43.455395475999467, -22.875267398063023 ], [ -43.451225443342118, -22.872271203663299 ], [ -43.452136300334288, -22.867591978136893 ], [ -43.457217116507806, -22.865908983232 ], [ -43.461387114515347, -22.868905245666397 ], [ -43.460476331010867, -22.873584434959501 ], [ -43.455395475999467, -22.875267398063023 ] ] ] } },
{ "type": "Feature", "properties": { "hex_id": "88a8a075cdfffff", "nome": "Camorim", "codbairro": "129", "codra": 24, "rp": "Barra da Tijuca", "cod_rp": "4.2", "area_plane": "4", "ideb_bairro": "Camorim" }, "geometry": { "type": "Polygon", "coordinates": [ [ [ -43.427012352626129, -22.972156372973526 ], [ -43.422841717696919, -22.969162938303548 ], [ -43.423752944948198, -22.964489040144933 ], [ -43.428834733773471, -22.962808612613028 ], [ -43.433005334475766, -22.965802115437963 ], [ -43.43209418059142, -22.970475977628325 ], [ -43.427012352626129, -22.972156372973526 ] ] ] } },
{ "type": "Feature", "properties": { "hex_id": "88a8a02947fffff", "nome": "Campo Grande", "codbairro": "144", "codra": 18, "rp": "Campo Grande", "cod_rp": "5.2", "area_plane": "5", "ideb_bairro": "Campo Grande" }, "geometry": { "type": "Polygon", "coordinates": [ [ [ -43.53645125001124, -22.922799770074061 ], [ -43.532280815155708, -22.919807530917261 ], [ -43.533191078409494, -22.915130565893119 ], [ -43.538271702623454, -22.91344587705019 ], [ -43.54244210158663, -22.916438184510483 ], [ -43.541531912239883, -22.921115112498715 ], [ -43.53645125001124, -22.922799770074061 ] ] ] } },
{ "type": "Feature", "properties": { "hex_id": "88a8a06545fffff", "nome": "Deodoro", "codbairro": "134", "codra": 33, "rp": "Bangu", "cod_rp": "5.1", "area_plane": "5", "ideb_bairro": "Deodoro" }, "geometry": { "type": "Polygon", "coordinates": [ [ [ -43.378128609548767, -22.857065503124616 ], [ -43.373958797202867, -22.854066538037401 ], [ -43.374870255779314, -22.849386625769711 ], [ -43.379951453619924, -22.847705714047994 ], [ -43.384121232497826, -22.850704746965746 ], [ -43.38320984701484, -22.855384623763165 ], [ -43.378128609548767, -22.857065503124616 ] ] ] } },
{ "type": "Feature", "properties": { "hex_id": "88a8a06e07fffff", "nome": "Jardim América", "codbairro": "049", "codra": 31, "rp": "Penha", "cod_rp": "3.5", "area_plane": "3", "ideb_bairro": "Jardim América" }, "geometry": { "type": "Polygon", "coordinates": [ [ [ -43.318841724350335, -22.819741298917947 ], [ -43.314672244614627, -22.816739367083954 ], [ -43.315584129016713, -22.812057679996236 ], [ -43.320665420381196, -22.810377959610491 ], [ -43.324834867558366, -22.813379959073838 ], [ -43.323923055941329, -22.81806161128204 ], [ -43.318841724350335, -22.819741298917947 ] ] ] } },
{ "type": "Feature", "properties": { "hex_id": "88a8a076c9fffff", "nome": "Recreio dos Bandeirantes", "codbairro": "132", "codra": 24, "rp": "Barra da Tijuca", "cod_rp": "4.2", "area_plane": "4", "ideb_bairro": "Recreio dos Bandeirantes" }, "geometry": { "type": "Polygon", "coordinates": [ [ [ -43.523854285088305, -23.036273146435178 ], [ -43.51968311577189, -23.033284721925909 ], [ -43.520593645278488, -23.028613931039388 ], [ -43.52567527024307, -23.026931601574059 ], [ -43.529846403846584, -23.029920094569047 ], [ -43.528935948210098, -23.034590848532119 ], [ -43.523854285088305, -23.036273146435178 ] ] ] } },
{ "type": "Feature", "properties": { "hex_id": "88a8a0212dfffff", "nome": "Guaratiba", "codbairro": "151", "codra": 26, "rp": "Guaratiba", "cod_rp": "5.4", "area_plane": "5", "ideb_bairro": "Guaratiba" }, "geometry": { "type": "Polygon", "coordinates": [ [ [ -43.663769300469575, -22.976763758720072 ], [ -43.659598402874067, -22.973777003576799 ], [ -43.660507696555094, -22.969102498681973 ], [ -43.665587813284041, -22.967414787208533 ], [ -43.669758673038388, -22.970401611039261 ], [ -43.668849453916579, -22.97507607764447 ], [ -43.663769300469575, -22.976763758720072 ] ] ] } },
{ "type": "Feature", "properties": { "hex_id": "88a8a06e5bfffff", "nome": "Coelho Neto", "codbairro": "110", "codra": 25, "rp": "Pavuna", "cod_rp": "3.6", "area_plane": "3", "ideb_bairro": "Coelho Neto" }, "geometry": { "type": "Polygon", "coordinates": [ [ [ -43.353110119876128, -22.839068375303203 ], [ -43.348940461598836, -22.83606807561355 ], [ -43.349852096876262, -22.831387292833849 ], [ -43.354933317479862, -22.829706844953073 ], [ -43.359102942673154, -22.832707212384062 ], [ -43.358191380358576, -22.837387959942987 ], [ -43.353110119876128, -22.839068375303203 ] ] ] } },
{ "type": "Feature", "properties": { "hex_id": "88a8a02181fffff", "nome": "Santa Cruz", "codbairro": "149", "codra": 19, "rp": "Santa Cruz", "cod_rp": "5.3", "area_plane": "5", "ideb_bairro": "Santa Cruz" }, "geometry": { "type": "Polygon", "coordinates": [ [ [ -43.733441862363108, -22.936104756909348 ], [ -43.729271190822757, -22.93311843025144 ], [ -43.730179849473608, -22.928441497279763 ], [ -43.735259104777811, -22.926750929926559 ], [ -43.739429737419577, -22.929737325353326 ], [ -43.738521153667342, -22.934414219352966 ], [ -43.733441862363108, -22.936104756909348 ] ] ] } },
{ "type": "Feature", "properties": { "hex_id": "88a8a06e05fffff", "nome": "Parada de Lucas", "codbairro": "047", "codra": 31, "rp": "Penha", "cod_rp": "3.5", "area_plane": "3", "ideb_bairro": "Parada de Lucas" }, "geometry": { "type": "Polygon", "coordinates": [ [ [ -43.312848433554457, -22.826101977011703 ], [ -43.308678921351103, -22.823100112806422 ], [ -43.309590863253405, -22.818418790437399 ], [ -43.314672244614627, -22.816739367083954 ], [ -43.318841724350335, -22.819741298917947 ], [ -43.317929855204213, -22.82442258646514 ], [ -43.312848433554457, -22.826101977011703 ] ] ] } },
{ "type": "Feature", "properties": { "hex_id": "88a8a02a43fffff", "nome": "Guaratiba", "codbairro": "151", "codra": 26, "rp": "Guaratiba", "cod_rp": "5.4", "area_plane": "5", "ideb_bairro": "Guaratiba" }, "geometry": { "type": "Polygon", "coordinates": [ [ [ -43.633287289499698, -22.986885922365563 ], [ -43.62911634728075, -22.983898698337935 ], [ -43.630025906989907, -22.979224845585513 ], [ -43.635106334520991, -22.977538254840493 ], [ -43.639277239362542, -22.98052554750608 ], [ -43.63836775406206, -22.985199362267242 ], [ -43.633287289499698, -22.986885922365563 ] ] ] } },
{ "type": "Feature", "properties": { "hex_id": "88a8a06641fffff", "nome": "Senador Camará", "codbairro": "142", "codra": 17, "rp": "Bangu", "cod_rp": "5.1", "area_plane": "5", "ideb_bairro": "Senador Camará" }, "geometry": { "type": "Polygon", "coordinates": [ [ [ -43.474951997436264, -22.92130375400539 ], [ -43.470781638865539, -22.918309774060585 ], [ -43.471692402595117, -22.913632953428394 ], [ -43.476773451310144, -22.91195014916125 ], [ -43.480943774927425, -22.91494419727097 ], [ -43.480033084794833, -22.919620981471414 ], [ -43.474951997436264, -22.92130375400539 ] ] ] } },
{ "type": "Feature", "properties": { "hex_id": "88a8a021d5fffff", "nome": "Santa Cruz", "codbairro": "149", "codra": 19, "rp": "Santa Cruz", "cod_rp": "5.3", "area_plane": "5", "ideb_bairro": "Santa Cruz" }, "geometry": { "type": "Polygon", "coordinates": [ [ [ -43.745954007390353, -22.945062386134161 ], [ -43.741783270690938, -22.942076734894897 ], [ -43.742691838350815, -22.937400242746715 ], [ -43.747771067758379, -22.935709440921496 ], [ -43.75194176536737, -22.9386951609745 ], [ -43.751033272670831, -22.943371614027516 ], [ -43.745954007390353, -22.945062386134161 ] ] ] } },
{ "type": "Feature", "properties": { "hex_id": "88a8a02a97fffff", "nome": "Santa Cruz", "codbairro": "149", "codra": 19, "rp": "Santa Cruz", "cod_rp": "5.3", "area_plane": "5", "ideb_bairro": "Santa Cruz" }, "geometry": { "type": "Polygon", "coordinates": [ [ [ -43.686656706574254, -22.907920938912959 ], [ -43.682486247131138, -22.904932285731579 ], [ -43.683395252874782, -22.900253993377692 ], [ -43.688474643415439, -22.898564392704714 ], [ -43.69264506467664, -22.901553114496885 ], [ -43.691736133590723, -22.906231368339764 ], [ -43.686656706574254, -22.907920938912959 ] ] ] } },
{ "type": "Feature", "properties": { "hex_id": "88a8a06695fffff", "nome": "Campo Grande", "codbairro": "144", "codra": 18, "rp": "Campo Grande", "cod_rp": "5.2", "area_plane": "5", "ideb_bairro": "Campo Grande" }, "geometry": { "type": "Polygon", "coordinates": [ [ [ -43.52834338246771, -22.842327451399658 ], [ -43.524173485038148, -22.83933205154408 ], [ -43.525083699153242, -22.834650789601596 ], [ -43.530163736862093, -22.832964964450209 ], [ -43.534333598532115, -22.835960432438569 ], [ -43.533423458264508, -22.840641657434048 ], [ -43.52834338246771, -22.842327451399658 ] ] ] } },
{ "type": "Feature", "properties": { "hex_id": "88a8a06f57fffff", "nome": "Penha Circular", "codbairro": "044", "codra": 11, "rp": "Penha", "cod_rp": "3.5", "area_plane": "3", "ideb_bairro": "Penha Circular" }, "geometry": { "type": "Polygon", "coordinates": [ [ [ -43.275844345163804, -22.820807644257705 ], [ -43.271674927268151, -22.817804584068181 ], [ -43.272587159723699, -22.813123123325735 ], [ -43.277668737519079, -22.811444757217561 ], [ -43.281838123512983, -22.814447884945341 ], [ -43.280925963625002, -22.81912931123151 ], [ -43.275844345163804, -22.820807644257705 ] ] ] } },
{ "type": "Feature", "properties": { "hex_id": "88a8a02aebfffff", "nome": "Santa Cruz", "codbairro": "149", "codra": 19, "rp": "Santa Cruz", "cod_rp": "5.3", "area_plane": "5", "ideb_bairro": "Santa Cruz" }, "geometry": { "type": "Polygon", "coordinates": [ [ [ -43.656712585966609, -22.939750198388367 ], [ -43.652541936972206, -22.936761888237847 ], [ -43.653451235783763, -22.932085411776701 ], [ -43.658531109086233, -22.930397283673035 ], [ -43.662701720351507, -22.933385662426598 ], [ -43.661792496055085, -22.938062100669313 ], [ -43.656712585966609, -22.939750198388367 ] ] ] } },
{ "type": "Feature", "properties": { "hex_id": "88a8a066e9fffff", "nome": "Senador Camará", "codbairro": "142", "codra": 17, "rp": "Bangu", "cod_rp": "5.1", "area_plane": "5", "ideb_bairro": "Senador Camará" }, "geometry": { "type": "Polygon", "coordinates": [ [ [ -43.498390023309177, -22.874152664365234 ], [ -43.494219948442485, -22.871157605157222 ], [ -43.495130453137946, -22.866478161119037 ], [ -43.500210959007703, -22.864793812933435 ], [ -43.504380998568408, -22.867788940268746 ], [ -43.503470567577047, -22.872468347650848 ], [ -43.498390023309177, -22.874152664365234 ] ] ] } },
{ "type": "Feature", "properties": { "hex_id": "88a8a0673dfffff", "nome": "Vila Militar", "codbairro": "135", "codra": 33, "rp": "Bangu", "cod_rp": "5.1", "area_plane": "5", "ideb_bairro": "Vila Militar" }, "geometry": { "type": "Polygon", "coordinates": [ [ [ -43.403148018097291, -22.875054617633381 ], [ -43.398978053264479, -22.872056988776098 ], [ -43.399889334778742, -22.867377948101858 ], [ -43.404970507913546, -22.865696571992803 ], [ -43.409140438894347, -22.868694268769747 ], [ -43.408229230604071, -22.873373273724567 ], [ -43.403148018097291, -22.875054617633381 ] ] ] } },
{ "type": "Feature", "properties": { "hex_id": "88a8a078c1fffff", "nome": "Lagoa", "codbairro": "027", "codra": 6, "rp": "Zona Sul", "cod_rp": "2.1", "area_plane": "2", "ideb_bairro": "Lagoa" }, "geometry": { "type": "Polygon", "coordinates": [ [ [ -43.196726969353286, -22.982540484165792 ], [ -43.192556626581556, -22.979541142268811 ], [ -43.193469726930616, -22.974868714581728 ], [ -43.198553097860106, -22.973195662495584 ], [ -43.202723409923536, -22.976195072069462 ], [ -43.20181038177757, -22.98086746604104 ], [ -43.196726969353286, -22.982540484165792 ] ] ] } },
{ "type": "Feature", "properties": { "hex_id": "88a8a070a7fffff", "nome": "Barra da Tijuca", "codbairro": "128", "codra": 24, "rp": "Barra da Tijuca", "cod_rp": "4.2", "area_plane": "4", "ideb_bairro": "Barra da Tijuca" }, "geometry": { "type": "Polygon", "coordinates": [ [ [ -43.323541563560383, -23.015067126756257 ], [ -43.319370791591851, -23.012072428838525 ], [ -43.320282919085152, -23.007401250712867 ], [ -43.325365745705014, -23.005724805455451 ], [ -43.329536485023084, -23.008719571382837 ], [ -43.328624430383506, -23.013390714546432 ], [ -43.323541563560383, -23.015067126756257 ] ] ] } },
{ "type": "Feature", "properties": { "hex_id": "88a8a06543fffff", "nome": "Deodoro", "codbairro": "134", "codra": 33, "rp": "Bangu", "cod_rp": "5.1", "area_plane": "5", "ideb_bairro": "Deodoro" }, "geometry": { "type": "Polygon", "coordinates": [ [ [ -43.393372178933177, -22.852022303788548 ], [ -43.38920237869732, -22.849023570826805 ], [ -43.390113706443778, -22.844343329478352 ], [ -43.395194761268506, -22.842661856699529 ], [ -43.39936452780411, -22.845660657515431 ], [ -43.398453273226949, -22.850340863244487 ], [ -43.393372178933177, -22.852022303788548 ] ] ] } },
{ "type": "Feature", "properties": { "hex_id": "88a8a060c7fffff", "nome": "Praça Seca", "codbairro": "124", "codra": 16, "rp": "Jacarepaguá", "cod_rp": "4.1", "area_plane": "4", "ideb_bairro": "Praça Seca" }, "geometry": { "type": "Polygon", "coordinates": [ [ [ -43.342169749821679, -22.895216136832868 ], [ -43.337999738576137, -22.892217578710319 ], [ -43.338911543034236, -22.887539856963265 ], [ -43.343993285829185, -22.885860728450826 ], [ -43.348163264152006, -22.888859354398562 ], [ -43.347251532614337, -22.893537041022025 ], [ -43.342169749821679, -22.895216136832868 ] ] ] } },
{ "type": "Feature", "properties": { "hex_id": "88a8a0611bfffff", "nome": "Engenho Novo", "codbairro": "061", "codra": 13, "rp": "Méier", "cod_rp": "3.2", "area_plane": "3", "ideb_bairro": "Engenho Novo" }, "geometry": { "type": "Polygon", "coordinates": [ [ [ -43.268674647593393, -22.906351518754661 ], [ -43.264504679331154, -22.903351364676112 ], [ -43.26541709250796, -22.898674532238147 ], [ -43.270499401407974, -22.896997888271308 ], [ -43.274669337869426, -22.899998110037231 ], [ -43.273756997243424, -22.904674908071069 ], [ -43.268674647593393, -22.906351518754661 ] ] ] } },
{ "type": "Feature", "properties": { "hex_id": "88a8a061c3fffff", "nome": "Inhaúma", "codbairro": "054", "codra": 12, "rp": "Inhaúma", "cod_rp": "3.4", "area_plane": "3", "ideb_bairro": "Inhaúma" }, "geometry": { "type": "Polygon", "coordinates": [ [ [ -43.286658278266344, -22.887289299022797 ], [ -43.282488405679388, -22.884288941879678 ], [ -43.283400646670259, -22.87961101130481 ], [ -43.288482687622285, -22.877933472438315 ], [ -43.292652528135541, -22.880933897271252 ], [ -43.291740359782239, -22.885611793269341 ], [ -43.286658278266344, -22.887289299022797 ] ] ] } },
{ "type": "Feature", "properties": { "hex_id": "88a8a02945fffff", "nome": "Campo Grande", "codbairro": "144", "codra": 18, "rp": "Campo Grande", "cod_rp": "5.2", "area_plane": "5", "ideb_bairro": "Campo Grande" }, "geometry": { "type": "Polygon", "coordinates": [ [ [ -43.530460246134325, -22.929160695304301 ], [ -43.526289775477146, -22.926168524449658 ], [ -43.527200096921185, -22.921491923773022 ], [ -43.532280815155708, -22.919807530917261 ], [ -43.53645125001124, -22.922799770074061 ], [ -43.535541002445576, -22.927476333772962 ], [ -43.530460246134325, -22.929160695304301 ] ] ] } },
{ "type": "Feature", "properties": { "hex_id": "88a8a06217fffff", "nome": "Anil", "codbairro": "116", "codra": 16, "rp": "Jacarepaguá", "cod_rp": "4.1", "area_plane": "4", "ideb_bairro": "Anil" }, "geometry": { "type": "Polygon", "coordinates": [ [ [ -43.343738597384551, -22.960316224429555 ], [ -43.339568155460761, -22.957320079785543 ], [ -43.340480040897241, -22.952645862001255 ], [ -43.345562295325919, -22.95096782399991 ], [ -43.349732704296272, -22.953964036595455 ], [ -43.348820891803122, -22.958638219229272 ], [ -43.343738597384551, -22.960316224429555 ] ] ] } },
{ "type": "Feature", "properties": { "hex_id": "88a8a06ad9fffff", "nome": "Maré", "codbairro": "157", "codra": 30, "rp": "Ramos", "cod_rp": "3.1", "area_plane": "3", "ideb_bairro": "Maré" }, "geometry": { "type": "Polygon", "coordinates": [ [ [ -43.240398021029883, -22.880668071312559 ], [ -43.236228269975825, -22.877666217176849 ], [ -43.237140873446585, -22.872988115085555 ], [ -43.24222315558162, -22.87131190123937 ], [ -43.246392875269656, -22.874313822952519 ], [ -43.245480344200438, -22.878991890922872 ], [ -43.240398021029883, -22.880668071312559 ] ] ] } },
{ "type": "Feature", "properties": { "hex_id": "88a8a0626bfffff", "nome": "Itanhangá", "codbairro": "127", "codra": 24, "rp": "Barra da Tijuca", "cod_rp": "4.2", "area_plane": "4", "ideb_bairro": "Itanhangá" }, "geometry": { "type": "Polygon", "coordinates": [ [ [ -43.313765842522024, -22.992067185073246 ], [ -43.309595237195232, -22.98907138017006 ], [ -43.310507410471679, -22.984398995944112 ], [ -43.315590116287751, -22.982722451472284 ], [ -43.319760689115874, -22.985718324321372 ], [ -43.318848588638353, -22.990390673684836 ], [ -43.313765842522024, -22.992067185073246 ] ] ] } },
{ "type": "Feature", "properties": { "hex_id": "88a8a06313fffff", "nome": "Alto da Boa Vista", "codbairro": "034", "codra": 8, "rp": "Tijuca", "cod_rp": "2.2", "area_plane": "2", "ideb_bairro": "Alto da Boa Vista" }, "geometry": { "type": "Polygon", "coordinates": [ [ [ -43.288221470364562, -22.952397299969917 ], [ -43.284051166906714, -22.949399352231687 ], [ -43.284963489013236, -22.944724925453443 ], [ -43.290046041928946, -22.94304848100694 ], [ -43.294216313282611, -22.946046496561777 ], [ -43.293304063836501, -22.950720888734971 ], [ -43.288221470364562, -22.952397299969917 ] ] ] } },
{ "type": "Feature", "properties": { "hex_id": "88a8a07443fffff", "nome": "Recreio dos Bandeirantes", "codbairro": "132", "codra": 24, "rp": "Barra da Tijuca", "cod_rp": "4.2", "area_plane": "4", "ideb_bairro": "Recreio dos Bandeirantes" }, "geometry": { "type": "Polygon", "coordinates": [ [ [ -43.461816310419927, -23.013102988805233 ], [ -43.457645362843131, -23.010112007839293 ], [ -43.458556365684153, -23.005440192302967 ], [ -43.463638242561629, -23.003759394035278 ], [ -43.467809155375477, -23.006750443308128 ], [ -43.466898226086506, -23.011422222530236 ], [ -43.461816310419927, -23.013102988805233 ] ] ] } },
{ "type": "Feature", "properties": { "hex_id": "88a8a06367fffff", "nome": "Jardim Botânico", "codbairro": "028", "codra": 6, "rp": "Zona Sul", "cod_rp": "2.1", "area_plane": "2", "ideb_bairro": "Jardim Botânico" }, "geometry": { "type": "Polygon", "coordinates": [ [ [ -43.236480269367597, -22.973823971001508 ], [ -43.232309912273685, -22.97082539377606 ], [ -43.23322268134369, -22.966152332374072 ], [ -43.238305735116427, -22.964477882288623 ], [ -43.242476060894994, -22.967476527259663 ], [ -43.241563364227936, -22.972149554559017 ], [ -43.236480269367597, -22.973823971001508 ] ] ] } },
{ "type": "Feature", "properties": { "hex_id": "88a8a07497fffff", "nome": "Campo Grande", "codbairro": "144", "codra": 18, "rp": "Campo Grande", "cod_rp": "5.2", "area_plane": "5", "ideb_bairro": "Campo Grande" }, "geometry": { "type": "Polygon", "coordinates": [ [ [ -43.515217677761221, -22.934212657840625 ], [ -43.511047189671466, -22.931220253553608 ], [ -43.511957643091328, -22.926543980532418 ], [ -43.517038510809826, -22.924860148615377 ], [ -43.521208963330018, -22.927852621180335 ], [ -43.520298583712972, -22.932528857372901 ], [ -43.515217677761221, -22.934212657840625 ] ] ] } },
{ "type": "Feature", "properties": { "hex_id": "88a8a038edfffff", "nome": "Guaratiba", "codbairro": "151", "codra": 26, "rp": "Guaratiba", "cod_rp": "5.4", "area_plane": "5", "ideb_bairro": "Guaratiba" }, "geometry": { "type": "Polygon", "coordinates": [ [ [ -43.622371825627205, -23.042950444893428 ], [ -43.618200522427195, -23.039964983460699 ], [ -43.619110252647999, -23.035294200599729 ], [ -43.624191211713402, -23.033608917047392 ], [ -43.628362477695958, -23.036594447196212 ], [ -43.627452821842226, -23.041265192169782 ], [ -43.622371825627205, -23.042950444893428 ] ] ] } },
{ "type": "Feature", "properties": { "hex_id": "88a8a074ebfffff", "nome": "Vargem Grande", "codbairro": "131", "codra": 24, "rp": "Barra da Tijuca", "cod_rp": "4.2", "area_plane": "4", "ideb_bairro": "Vargem Grande" }, "geometry": { "type": "Polygon", "coordinates": [ [ [ -43.485258974636992, -22.966002920342572 ], [ -43.481088310060798, -22.963010857425264 ], [ -43.481999053943333, -22.958336409160516 ], [ -43.487080388754443, -22.956654060339893 ], [ -43.491251018214889, -22.959646191528449 ], [ -43.490340347991669, -22.964320603254862 ], [ -43.485258974636992, -22.966002920342572 ] ] ] } },
{ "type": "Feature", "properties": { "hex_id": "88a8a02811fffff", "nome": "Paciência", "codbairro": "148", "codra": 19, "rp": "Santa Cruz", "cod_rp": "5.3", "area_plane": "5", "ideb_bairro": "Paciência" }, "geometry": { "type": "Polygon", "coordinates": [ [ [ -43.625167034739384, -22.906482169861597 ], [ -43.620996628078068, -22.903491770829163 ], [ -43.621906139264489, -22.898813612576358 ], [ -43.626985982774819, -22.897125891250763 ], [ -43.631156352192107, -22.900116358753415 ], [ -43.630246915354732, -22.904794479099955 ], [ -43.625167034739384, -22.906482169861597 ] ] ] } },
{ "type": "Feature", "properties": { "hex_id": "88a8a02865fffff", "nome": "Campo Grande", "codbairro": "144", "codra": 18, "rp": "Campo Grande", "cod_rp": "5.2", "area_plane": "5", "ideb_bairro": "Campo Grande" }, "geometry": { "type": "Polygon", "coordinates": [ [ [ -43.573455475271494, -22.928025489781202 ], [ -43.569284970609736, -22.925034458152918 ], [ -43.570194937954334, -22.920357641818363 ], [ -43.575275335877976, -22.918671894500449 ], [ -43.579445804082077, -22.921662994524116 ], [ -43.578535910831846, -22.926339773458807 ], [ -43.573455475271494, -22.928025489781202 ] ] ] } },
{ "type": "Feature", "properties": { "hex_id": "88a8a03995fffff", "nome": "Guaratiba", "codbairro": "151", "codra": 26, "rp": "Guaratiba", "cod_rp": "5.4", "area_plane": "5", "ideb_bairro": "Guaratiba" }, "geometry": { "type": "Polygon", "coordinates": [ [ [ -43.596812744221872, -23.003359294156208 ], [ -43.592641722920348, -23.000371669948585 ], [ -43.593551606581009, -22.995698835532508 ], [ -43.59863243732547, -22.994013662947449 ], [ -43.602803421804204, -22.997001355742054 ], [ -43.601893612372933, -23.00167415252324 ], [ -43.596812744221872, -23.003359294156208 ] ] ] } },
{ "type": "Feature", "properties": { "hex_id": "88a8a06463fffff", "nome": "Realengo", "codbairro": "139", "codra": 33, "rp": "Bangu", "cod_rp": "5.1", "area_plane": "5", "ideb_bairro": "Realengo" }, "geometry": { "type": "Polygon", "coordinates": [ [ [ -43.436367497654452, -22.850924325627055 ], [ -43.432197648428321, -22.847926725334759 ], [ -43.433108625346456, -22.843246262828941 ], [ -43.43818937811637, -22.841563436646322 ], [ -43.442359192985855, -22.844561104884889 ], [ -43.441448289453788, -22.849241531348287 ], [ -43.436367497654452, -22.850924325627055 ] ] ] } },
{ "type": "Feature", "properties": { "hex_id": "88a8a07593fffff", "nome": "Jacarepaguá", "codbairro": "115", "codra": 16, "rp": "Jacarepaguá", "cod_rp": "4.1", "area_plane": "4", "ideb_bairro": "Jacarepaguá" }, "geometry": { "type": "Polygon", "coordinates": [ [ [ -43.459708441136762, -22.926350948424659 ], [ -43.455538067287605, -22.923356735379585 ], [ -43.456448962539234, -22.918680243297135 ], [ -43.461530158130458, -22.916998000530988 ], [ -43.465700497258368, -22.919992281716954 ], [ -43.464789675528017, -22.924668737516662 ], [ -43.459708441136762, -22.926350948424659 ] ] ] } },
{ "type": "Feature", "properties": { "hex_id": "88a8a039e9fffff", "nome": "Guaratiba", "codbairro": "151", "codra": 26, "rp": "Guaratiba", "cod_rp": "5.4", "area_plane": "5", "ideb_bairro": "Guaratiba" }, "geometry": { "type": "Polygon", "coordinates": [ [ [ -43.566857054329297, -23.035139061794069 ], [ -43.562685850274278, -23.032151780496413 ], [ -43.563596025714816, -23.027480772213096 ], [ -43.56867733113581, -23.025797082559855 ], [ -43.572848498821536, -23.028784432436154 ], [ -43.57193839746725, -23.033455403375545 ], [ -43.566857054329297, -23.035139061794069 ] ] ] } },
{ "type": "Feature", "properties": { "hex_id": "88a8a075e7fffff", "nome": "Jacarepaguá", "codbairro": "115", "codra": 16, "rp": "Jacarepaguá", "cod_rp": "4.1", "area_plane": "4", "ideb_bairro": "Jacarepaguá" }, "geometry": { "type": "Polygon", "coordinates": [ [ [ -43.407982106072659, -22.947837744547375 ], [ -43.403811656002397, -22.944842900460106 ], [ -43.404723002905854, -22.940167761694692 ], [ -43.409804726626078, -22.938487502783261 ], [ -43.41397514276273, -22.941482414938466 ], [ -43.413063869124485, -22.946157517925656 ], [ -43.407982106072659, -22.947837744547375 ] ] ] } },
{ "type": "Feature", "properties": { "hex_id": "88a8a0290dfffff", "nome": "Campo Grande", "codbairro": "144", "codra": 18, "rp": "Campo Grande", "cod_rp": "5.2", "area_plane": "5", "ideb_bairro": "Campo Grande" }, "geometry": { "type": "Polygon", "coordinates": [ [ [ -43.533191078409494, -22.915130565893119 ], [ -43.529020697300616, -22.912137956768355 ], [ -43.529930976235754, -22.907460590530299 ], [ -43.535011562402616, -22.905775870408579 ], [ -43.53918190766975, -22.9087685478152 ], [ -43.538271702623454, -22.91344587705019 ], [ -43.533191078409494, -22.915130565893119 ] ] ] } },
{ "type": "Feature", "properties": { "hex_id": "88a8a0650bfffff", "nome": "Parque Anchieta", "codbairro": "108", "codra": 22, "rp": "Pavuna", "cod_rp": "3.6", "area_plane": "3", "ideb_bairro": "Parque Anchieta" }, "geometry": { "type": "Polygon", "coordinates": [ [ [ -43.396106031261084, -22.837981250936807 ], [ -43.391936319591707, -22.834982082355374 ], [ -43.39284760499293, -22.830301076671311 ], [ -43.397928528895363, -22.828619275201071 ], [ -43.40209820682422, -22.831618511615606 ], [ -43.401186994602874, -22.836299481655757 ], [ -43.396106031261084, -22.837981250936807 ] ] ] } },
{ "type": "Feature", "properties": { "hex_id": "88a8a0763bfffff", "nome": "Recreio dos Bandeirantes", "codbairro": "132", "codra": 24, "rp": "Barra da Tijuca", "cod_rp": "4.2", "area_plane": "4", "ideb_bairro": "Recreio dos Bandeirantes" }, "geometry": { "type": "Polygon", "coordinates": [ [ [ -43.48684251198528, -23.031044164696048 ], [ -43.482671417169996, -23.028054529640119 ], [ -43.48358224168787, -23.023383591965914 ], [ -43.488664087350308, -23.02170232589711 ], [ -43.492835147018447, -23.024692029347751 ], [ -43.491924396183002, -23.029362930460962 ], [ -43.48684251198528, -23.031044164696048 ] ] ] } },
{ "type": "Feature", "properties": { "hex_id": "88a8a02961fffff", "nome": "Campo Grande", "codbairro": "144", "codra": 18, "rp": "Campo Grande", "cod_rp": "5.2", "area_plane": "5", "ideb_bairro": "Campo Grande" }, "geometry": { "type": "Polygon", "coordinates": [ [ [ -43.517948906085365, -22.920183511051984 ], [ -43.51377850743873, -22.91719066859838 ], [ -43.514688918366005, -22.912513629775461 ], [ -43.519769654138287, -22.910829470248533 ], [ -43.523940017175256, -22.913822380959775 ], [ -43.523029680061285, -22.918499382928811 ], [ -43.517948906085365, -22.920183511051984 ] ] ] } },
{ "type": "Feature", "properties": { "hex_id": "88a8a06e21fffff", "nome": "Vigário Geral", "codbairro": "048", "codra": 31, "rp": "Penha", "cod_rp": "3.5", "area_plane": "3", "ideb_bairro": "Vigário Geral" }, "geometry": { "type": "Polygon", "coordinates": [ [ [ -43.300339975760053, -22.817095718569615 ], [ -43.296170542460189, -22.814093188629002 ], [ -43.297082572290989, -22.809411432056429 ], [ -43.302163962742611, -22.807732240109662 ], [ -43.306333363766853, -22.810734837634357 ], [ -43.305421406626841, -22.815416559510208 ], [ -43.300339975760053, -22.817095718569615 ] ] ] } },
{ "type": "Feature", "properties": { "hex_id": "88a8a029b5fffff", "nome": "Campo Grande", "codbairro": "144", "codra": 18, "rp": "Campo Grande", "cod_rp": "5.2", "area_plane": "5", "ideb_bairro": "Campo Grande" }, "geometry": { "type": "Polygon", "coordinates": [ [ [ -43.571332810157173, -22.841193355992335 ], [ -43.567162878500554, -22.838199091932161 ], [ -43.568072738662302, -22.833517615389383 ], [ -43.573152456428929, -22.831830440265744 ], [ -43.577322351670254, -22.834824772552089 ], [ -43.576412565571914, -22.839506211724412 ], [ -43.571332810157173, -22.841193355992335 ] ] ] } },
{ "type": "Feature", "properties": { "hex_id": "88a8a076e3fffff", "nome": "Vargem Grande", "codbairro": "131", "codra": 24, "rp": "Barra da Tijuca", "cod_rp": "4.2", "area_plane": "4", "ideb_bairro": "Vargem Grande" }, "geometry": { "type": "Polygon", "coordinates": [ [ [ -43.50481996271067, -23.011985767696331 ], [ -43.500648973609231, -23.008995927451632 ], [ -43.501559623850895, -23.004323891889147 ], [ -43.506641189437119, -23.002641733294755 ], [ -43.510812143119026, -23.005631641938763 ], [ -43.509901566645929, -23.010303640766328 ], [ -43.50481996271067, -23.011985767696331 ] ] ] } },
{ "type": "Feature", "properties": { "hex_id": "88a8a02147fffff", "nome": "Sepetiba", "codbairro": "150", "codra": 19, "rp": "Santa Cruz", "cod_rp": "5.3", "area_plane": "5", "ideb_bairro": "Sepetiba" }, "geometry": { "type": "Polygon", "coordinates": [ [ [ -43.688795157116893, -22.994679562549219 ], [ -43.684624125148865, -22.991694158207174 ], [ -43.685533237705201, -22.987020534763602 ], [ -43.690613307552304, -22.985332354186333 ], [ -43.694784301295336, -22.98831782730489 ], [ -43.693875263427898, -22.992991412212724 ], [ -43.688795157116893, -22.994679562549219 ] ] ] } },
{ "type": "Feature", "properties": { "hex_id": "88a8a02a09fffff", "nome": "Guaratiba", "codbairro": "151", "codra": 26, "rp": "Guaratiba", "cod_rp": "5.4", "area_plane": "5", "ideb_bairro": "Guaratiba" }, "geometry": { "type": "Polygon", "coordinates": [ [ [ -43.630025906989907, -22.979224845585513 ], [ -43.625855017727119, -22.976237249931458 ], [ -43.626764593310469, -22.971562994927318 ], [ -43.631844983777754, -22.969876373524588 ], [ -43.63601583571382, -22.972864037795205 ], [ -43.635106334520991, -22.977538254840493 ], [ -43.630025906989907, -22.979224845585513 ] ] ] } },
{ "type": "Feature", "properties": { "hex_id": "88a8a06607fffff", "nome": "Bangu", "codbairro": "141", "codra": 17, "rp": "Bangu", "cod_rp": "5.1", "area_plane": "5", "ideb_bairro": "Bangu" }, "geometry": { "type": "Polygon", "coordinates": [ [ [ -43.471165130558049, -22.891928186057839 ], [ -43.466994969630335, -22.888933030232018 ], [ -43.467905722037933, -22.884254642189703 ], [ -43.472986561813883, -22.882571446352376 ], [ -43.477156687849217, -22.885566670279257 ], [ -43.476246009012684, -22.890245021930884 ], [ -43.471165130558049, -22.891928186057839 ] ] ] } },
{ "type": "Feature", "properties": { "hex_id": "88a8a0219bfffff", "nome": "Santa Cruz", "codbairro": "149", "codra": 19, "rp": "Santa Cruz", "cod_rp": "5.3", "area_plane": "5", "ideb_bairro": "Santa Cruz" }, "geometry": { "type": "Polygon", "coordinates": [ [ [ -43.763916810451697, -22.925958740823045 ], [ -43.759746191294973, -22.922972883137358 ], [ -43.760654582345097, -22.918295303035581 ], [ -43.765733517514896, -22.916603619879336 ], [ -43.769904097309798, -22.919589546383925 ], [ -43.768995781308313, -22.924267087214389 ], [ -43.763916810451697, -22.925958740823045 ] ] ] } },
{ "type": "Feature", "properties": { "hex_id": "88a8a07737fffff", "nome": "Barra da Tijuca", "codbairro": "128", "codra": 24, "rp": "Barra da Tijuca", "cod_rp": "4.2", "area_plane": "4", "ideb_bairro": "Barra da Tijuca" }, "geometry": { "type": "Polygon", "coordinates": [ [ [ -43.409557762124784, -23.012895639587978 ], [ -43.405386881548999, -23.009903217173445 ], [ -43.406298309278576, -23.005231587910092 ], [ -43.411380544307406, -23.003552416852653 ], [ -43.415551390918523, -23.006544907459485 ], [ -43.414640036477188, -23.011216500919915 ], [ -43.409557762124784, -23.012895639587978 ] ] ] } },
{ "type": "Feature", "properties": { "hex_id": "88a8a06ec9fffff", "nome": "Pavuna", "codbairro": "114", "codra": 25, "rp": "Pavuna", "cod_rp": "3.6", "area_plane": "3", "ideb_bairro": "Pavuna" }, "geometry": { "type": "Polygon", "coordinates": [ [ [ -43.36783004635889, -22.812300523834541 ], [ -43.363660542701361, -22.80929965372917 ], [ -43.364572020397141, -22.804617378143178 ], [ -43.369652928731064, -22.802936008011756 ], [ -43.373822399082584, -22.805936945838724 ], [ -43.372910994417907, -22.810619186063995 ], [ -43.36783004635889, -22.812300523834541 ] ] ] } },
{ "type": "Feature", "properties": { "hex_id": "88a8a02a5dfffff", "nome": "Guaratiba", "codbairro": "151", "codra": 26, "rp": "Guaratiba", "cod_rp": "5.4", "area_plane": "5", "ideb_bairro": "Guaratiba" }, "geometry": { "type": "Polygon", "coordinates": [ [ [ -43.642538711783388, -22.988186283206275 ], [ -43.63836775406206, -22.985199362267242 ], [ -43.639277239362542, -22.98052554750608 ], [ -43.644357607940577, -22.9788386917545 ], [ -43.648528528143224, -22.981825681354543 ], [ -43.647619117298156, -22.986499458033663 ], [ -43.642538711783388, -22.988186283206275 ] ] ] } },
{ "type": "Feature", "properties": { "hex_id": "88a8a0665bfffff", "nome": "Campo Grande", "codbairro": "144", "codra": 18, "rp": "Campo Grande", "cod_rp": "5.2", "area_plane": "5", "ideb_bairro": "Campo Grande" }, "geometry": { "type": "Polygon", "coordinates": [ [ [ -43.505437782463872, -22.911204312405296 ], [ -43.501267456223609, -22.908210798755359 ], [ -43.502177956544038, -22.903533322054347 ], [ -43.50725870936823, -22.901849395721705 ], [ -43.511429000190795, -22.904842977584732 ], [ -43.510518573618569, -22.909520417555797 ], [ -43.505437782463872, -22.911204312405296 ] ] ] } },
{ "type": "Feature", "properties": { "hex_id": "88a8a075cbfffff", "nome": "Camorim", "codbairro": "129", "codra": 24, "rp": "Barra da Tijuca", "cod_rp": "4.2", "area_plane": "4", "ideb_bairro": "Camorim" }, "geometry": { "type": "Polygon", "coordinates": [ [ [ -43.442257691161132, -22.967114623809739 ], [ -43.438087070243689, -22.964121422463631 ], [ -43.43899816621964, -22.95944719454576 ], [ -43.444079809682023, -22.957766204079455 ], [ -43.448250396140253, -22.960759473604483 ], [ -43.447339373607008, -22.965433665405392 ], [ -43.442257691161132, -22.967114623809739 ] ] ] } },
{ "type": "Feature", "properties": { "hex_id": "88a8a06f1dfffff", "nome": "Cordovil", "codbairro": "046", "codra": 31, "rp": "Penha", "cod_rp": "3.5", "area_plane": "3", "ideb_bairro": "Cordovil" }, "geometry": { "type": "Polygon", "coordinates": [ [ [ -43.272587159723699, -22.813123123325735 ], [ -43.26841779770907, -22.810119696824323 ], [ -43.269330045329305, -22.805437836710009 ], [ -43.274411582426595, -22.803759437508067 ], [ -43.278580912589995, -22.806762931525725 ], [ -43.277668737519079, -22.811444757217561 ], [ -43.272587159723699, -22.813123123325735 ] ] ] } },
{ "type": "Feature", "properties": { "hex_id": "88a8a02ab1fffff", "nome": "Santa Cruz", "codbairro": "149", "codra": 19, "rp": "Santa Cruz", "cod_rp": "5.3", "area_plane": "5", "ideb_bairro": "Santa Cruz" }, "geometry": { "type": "Polygon", "coordinates": [ [ [ -43.668156767503881, -22.905321678692921 ], [ -43.66398633719902, -22.90233242042898 ], [ -43.664895492118127, -22.897654051326207 ], [ -43.669975002789329, -22.895964978804809 ], [ -43.674145395194664, -22.898954305633094 ], [ -43.673236314839961, -22.903632636406943 ], [ -43.668156767503881, -22.905321678692921 ] ] ] } },
{ "type": "Feature", "properties": { "hex_id": "88a8a02b05fffff", "nome": "Guaratiba", "codbairro": "151", "codra": 26, "rp": "Guaratiba", "cod_rp": "5.4", "area_plane": "5", "ideb_bairro": "Guaratiba" }, "geometry": { "type": "Polygon", "coordinates": [ [ [ -43.552753148778656, -22.961134215072924 ], [ -43.548582445574844, -22.958143827591691 ], [ -43.549492630320344, -22.95346887030523 ], [ -43.554573444283314, -22.951784337688178 ], [ -43.558744111341603, -22.954774793580629 ], [ -43.557834000594106, -22.959449713667418 ], [ -43.552753148778656, -22.961134215072924 ] ] ] } },
{ "type": "Feature", "properties": { "hex_id": "88a8a039cdfffff", "nome": "Guaratiba", "codbairro": "151", "codra": 26, "rp": "Guaratiba", "cod_rp": "5.4", "area_plane": "5", "ideb_bairro": "Guaratiba" }, "geometry": { "type": "Polygon", "coordinates": [ [ [ -43.579370807543583, -23.044099555904445 ], [ -43.575199533007961, -23.041112949542399 ], [ -43.576109618590785, -23.036442381555364 ], [ -43.581190904569624, -23.034758457385777 ], [ -43.585362142543936, -23.037745132370468 ], [ -43.584452131112386, -23.042415662890569 ], [ -43.579370807543583, -23.044099555904445 ] ] ] } },
{ "type": "Feature", "properties": { "hex_id": "88a8a06703fffff", "nome": "Realengo", "codbairro": "139", "codra": 33, "rp": "Bangu", "cod_rp": "5.1", "area_plane": "5", "ideb_bairro": "Realengo" }, "geometry": { "type": "Polygon", "coordinates": [ [ [ -43.41565806398404, -22.884046166847117 ], [ -43.411488023501022, -22.881049206713964 ], [ -43.412399216348781, -22.876370602241337 ], [ -43.417480376402061, -22.874688993734189 ], [ -43.421650382841079, -22.877686021831526 ], [ -43.420739263282535, -22.882364590460298 ], [ -43.41565806398404, -22.884046166847117 ] ] ] } },
{ "type": "Feature", "properties": { "hex_id": "88a8a02b59fffff", "nome": "Guaratiba", "codbairro": "151", "codra": 26, "rp": "Guaratiba", "cod_rp": "5.4", "area_plane": "5", "ideb_bairro": "Guaratiba" }, "geometry": { "type": "Polygon", "coordinates": [ [ [ -43.587029538511594, -22.980375596784324 ], [ -43.582858677069758, -22.977386858471284 ], [ -43.58376860812092, -22.972712817124116 ], [ -43.588849326450763, -22.971027551615865 ], [ -43.593020151221772, -22.974016358451845 ], [ -43.592110294345439, -22.97869036226162 ], [ -43.587029538511594, -22.980375596784324 ] ] ] } },
{ "type": "Feature", "properties": { "hex_id": "88a8a06757fffff", "nome": "Realengo", "codbairro": "139", "codra": 33, "rp": "Bangu", "cod_rp": "5.1", "area_plane": "5", "ideb_bairro": "Realengo" }, "geometry": { "type": "Polygon", "coordinates": [ [ [ -43.428168336030339, -22.893035709077285 ], [ -43.423998220292653, -22.890039418073805 ], [ -43.424909324383691, -22.885361250072364 ], [ -43.429990470869662, -22.883679409031121 ], [ -43.434160552371331, -22.886675768043311 ], [ -43.43324952163475, -22.891353900076528 ], [ -43.428168336030339, -22.893035709077285 ] ] ] } },
{ "type": "Feature", "properties": { "hex_id": "88a8a07887fffff", "nome": "Botafogo", "codbairro": "020", "codra": 4, "rp": "Zona Sul", "cod_rp": "2.1", "area_plane": "2", "ideb_bairro": "Botafogo" }, "geometry": { "type": "Polygon", "coordinates": [ [ [ -43.192951817913006, -22.953176150290428 ], [ -43.188781675460135, -22.950175638506789 ], [ -43.189694763704992, -22.945501639115946 ], [ -43.1947779222373, -22.943828185169139 ], [ -43.198948034042445, -22.946828764566462 ], [ -43.198035017974803, -22.951502730285352 ], [ -43.192951817913006, -22.953176150290428 ] ] ] } },
{ "type": "Feature", "properties": { "hex_id": "88a8a078dbfffff", "nome": "Jardim Botânico", "codbairro": "028", "codra": 6, "rp": "Zona Sul", "cod_rp": "2.1", "area_plane": "2", "ideb_bairro": "Jardim Botânico" }, "geometry": { "type": "Polygon", "coordinates": [ [ [ -43.227226769974976, -22.972499544164084 ], [ -43.223056437940009, -22.969500666850077 ], [ -43.223969279365683, -22.964827571436324 ], [ -43.229052380482443, -22.963153387336785 ], [ -43.23322268134369, -22.966152332374072 ], [ -43.232309912273685, -22.97082539377606 ], [ -43.227226769974976, -22.972499544164084 ] ] ] } },
{ "type": "Feature", "properties": { "hex_id": "88a8a06039fffff", "nome": "Água Santa", "codbairro": "067", "codra": 13, "rp": "Méier", "cod_rp": "3.2", "area_plane": "3", "ideb_bairro": "Água Santa" }, "geometry": { "type": "Polygon", "coordinates": [ [ [ -43.305683865107063, -22.911641102857846 ], [ -43.301513801837032, -22.908642148078499 ], [ -43.302425924527491, -22.903965453803533 ], [ -43.307508037760208, -22.902287749064797 ], [ -43.311678068663326, -22.905286771621476 ], [ -43.3107660187124, -22.909963431128013 ], [ -43.305683865107063, -22.911641102857846 ] ] ] } },
{ "type": "Feature", "properties": { "hex_id": "88a8a0608dfffff", "nome": "Cascadura", "codbairro": "082", "codra": 15, "rp": "Madureira", "cod_rp": "3.3", "area_plane": "3", "ideb_bairro": "Cascadura" }, "geometry": { "type": "Polygon", "coordinates": [ [ [ -43.338911543034236, -22.887539856963265 ], [ -43.33474158713566, -22.8845409310027 ], [ -43.335653406892447, -22.879862808737752 ], [ -43.340735109657359, -22.87818364751201 ], [ -43.344905032683791, -22.881182641276045 ], [ -43.343993285829185, -22.885860728450826 ], [ -43.338911543034236, -22.887539856963265 ] ] ] } },
{ "type": "Feature", "properties": { "hex_id": "88a8a071bdfffff", "nome": "Joá", "codbairro": "126", "codra": 24, "rp": "Barra da Tijuca", "cod_rp": "4.2", "area_plane": "4", "ideb_bairro": "Joá" }, "geometry": { "type": "Polygon", "coordinates": [ [ [ -43.277272858175905, -23.008468693916182 ], [ -43.273102203448786, -23.005472491136551 ], [ -43.274014694503016, -23.000801139561158 ], [ -43.279097767678337, -22.999126025262381 ], [ -43.283268390462972, -23.002122295939728 ], [ -43.282355972026529, -23.006793613006593 ], [ -43.277272858175905, -23.008468693916182 ] ] ] } },
{ "type": "Feature", "properties": { "hex_id": "88a8a060e1fffff", "nome": "Quintino Bocaiúva", "codbairro": "079", "codra": 15, "rp": "Madureira", "cod_rp": "3.3", "area_plane": "3", "ideb_bairro": "Quintino Bocaiúva" }, "geometry": { "type": "Polygon", "coordinates": [ [ [ -43.323666033228555, -22.892576117221235 ], [ -43.319496067332111, -22.889576959107206 ], [ -43.320408017489704, -22.88489916738634 ], [ -43.32548986072932, -22.883220568709294 ], [ -43.329659793986032, -22.886219794603313 ], [ -43.328747916654613, -22.890897551382842 ], [ -43.323666033228555, -22.892576117221235 ] ] ] } },
{ "type": "Feature", "properties": { "hex_id": "88a8a06135fffff", "nome": "Vasco da Gama", "codbairro": "158", "codra": 7, "rp": "Centro", "cod_rp": "1.1", "area_plane": "1", "ideb_bairro": "Vasco da Gama" }, "geometry": { "type": "Polygon", "coordinates": [ [ [ -43.228407874883182, -22.893374573481701 ], [ -43.224238061370123, -22.890372854498722 ], [ -43.225150779359446, -22.885695484937688 ], [ -43.230233238530012, -22.884019868354134 ], [ -43.234403020859077, -22.887021654913113 ], [ -43.233490375213357, -22.8916989904681 ], [ -43.228407874883182, -22.893374573481701 ] ] ] } },
{ "type": "Feature", "properties": { "hex_id": "88a8a06189fffff", "nome": "Inhaúma", "codbairro": "054", "codra": 12, "rp": "Inhaúma", "cod_rp": "3.4", "area_plane": "3", "ideb_bairro": "Inhaúma" }, "geometry": { "type": "Polygon", "coordinates": [ [ [ -43.283400646670259, -22.87961101130481 ], [ -43.279230829886863, -22.876610286936206 ], [ -43.280143086066872, -22.871931956044559 ], [ -43.28522508642272, -22.870254384053155 ], [ -43.289394871182978, -22.873255176089849 ], [ -43.288482687622285, -22.877933472438315 ], [ -43.283400646670259, -22.87961101130481 ] ] ] } },
{ "type": "Feature", "properties": { "hex_id": "88a8a02e4dfffff", "nome": "Santa Cruz", "codbairro": "149", "codra": 19, "rp": "Santa Cruz", "cod_rp": "5.3", "area_plane": "5", "ideb_bairro": "Santa Cruz" }, "geometry": { "type": "Polygon", "coordinates": [ [ [ -43.769904097309798, -22.919589546383925 ], [ -43.765733517514896, -22.916603619879336 ], [ -43.766641849660964, -22.911925677401126 ], [ -43.771720686536483, -22.910233700746094 ], [ -43.775891226879089, -22.913219696071295 ], [ -43.774982969810075, -22.91789759921944 ], [ -43.769904097309798, -22.919589546383925 ] ] ] } },
{ "type": "Feature", "properties": { "hex_id": "88a8a06a4bfffff", "nome": "Catete", "codbairro": "018", "codra": 4, "rp": "Zona Sul", "cod_rp": "2.1", "area_plane": "2", "ideb_bairro": "Catete" }, "geometry": { "type": "Polygon", "coordinates": [ [ [ -43.183180870094333, -22.9301503123061 ], [ -43.179010897481277, -22.927148699426262 ], [ -43.179924030729076, -22.922473497141748 ], [ -43.185007064479422, -22.920799941296423 ], [ -43.189177006596395, -22.923801621725538 ], [ -43.188263945470922, -22.928476790439163 ], [ -43.183180870094333, -22.9301503123061 ] ] ] } },
{ "type": "Feature", "properties": { "hex_id": "88a8a061ddfffff", "nome": "Pilares", "codbairro": "071", "codra": 13, "rp": "Méier", "cod_rp": "3.2", "area_plane": "3", "ideb_bairro": "Pilares" }, "geometry": { "type": "Polygon", "coordinates": [ [ [ -43.295910256022978, -22.888611850774581 ], [ -43.291740359782239, -22.885611793269341 ], [ -43.292652528135541, -22.880933897271252 ], [ -43.297734520056601, -22.879256093434797 ], [ -43.301904384082114, -22.882256218652376 ], [ -43.300992288413553, -22.886934079982538 ], [ -43.295910256022978, -22.888611850774581 ] ] ] } },
{ "type": "Feature", "properties": { "hex_id": "88a8a06231fffff", "nome": "Jacarepaguá", "codbairro": "115", "codra": 16, "rp": "Jacarepaguá", "cod_rp": "4.1", "area_plane": "4", "ideb_bairro": "Jacarepaguá" }, "geometry": { "type": "Polygon", "coordinates": [ [ [ -43.325232995985225, -22.957678847921652 ], [ -43.321062599346043, -22.954682101929276 ], [ -43.321974630527833, -22.950007814116709 ], [ -43.327056985511476, -22.948330307253684 ], [ -43.331227349480272, -22.951327121152552 ], [ -43.330315391147558, -22.956001373996436 ], [ -43.325232995985225, -22.957678847921652 ] ] ] } },
{ "type": "Feature", "properties": { "hex_id": "88a8a06285fffff", "nome": "Pechincha", "codbairro": "121", "codra": 16, "rp": "Jacarepaguá", "cod_rp": "4.1", "area_plane": "4", "ideb_bairro": "Pechincha" }, "geometry": { "type": "Polygon", "coordinates": [ [ [ -43.358461842786234, -22.933586002605409 ], [ -43.354291555189185, -22.930589285525198 ], [ -43.355203283052283, -22.925913568044582 ], [ -43.360285225512477, -22.92423460292294 ], [ -43.364455479933902, -22.927231387936438 ], [ -43.363543825082481, -22.931907070126762 ], [ -43.358461842786234, -22.933586002605409 ] ] ] } },
{ "type": "Feature", "properties": { "hex_id": "88a8a02f49fffff", "nome": "Santa Cruz", "codbairro": "149", "codra": 19, "rp": "Santa Cruz", "cod_rp": "5.3", "area_plane": "5", "ideb_bairro": "Santa Cruz" }, "geometry": { "type": "Polygon", "coordinates": [ [ [ -43.714406268606467, -22.911815578134942 ], [ -43.710235767087852, -22.908827833154941 ], [ -43.711144548718423, -22.904149656607157 ], [ -43.716223757081593, -22.902459263811991 ], [ -43.720394219994759, -22.905447077472584 ], [ -43.719485513161807, -22.910125215236281 ], [ -43.714406268606467, -22.911815578134942 ] ] ] } },
{ "type": "Feature", "properties": { "hex_id": "88a8a062d9fffff", "nome": "Jacarepaguá", "codbairro": "115", "codra": 16, "rp": "Jacarepaguá", "cod_rp": "4.1", "area_plane": "4", "ideb_bairro": "Jacarepaguá" }, "geometry": { "type": "Polygon", "coordinates": [ [ [ -43.392736528955588, -22.95287729830542 ], [ -43.388566066204639, -22.949882221221714 ], [ -43.389477544096579, -22.945207412571698 ], [ -43.394559411561829, -22.943527716623386 ], [ -43.398729840611502, -22.946522861751223 ], [ -43.397818435908931, -22.951197634771731 ], [ -43.392736528955588, -22.95287729830542 ] ] ] } },
{ "type": "Feature", "properties": { "hex_id": "88a8a07409fffff", "nome": "Recreio dos Bandeirantes", "codbairro": "132", "codra": 24, "rp": "Barra da Tijuca", "cod_rp": "4.2", "area_plane": "4", "ideb_bairro": "Recreio dos Bandeirantes" }, "geometry": { "type": "Polygon", "coordinates": [ [ [ -43.458556365684153, -23.005440192302967 ], [ -43.454385472486514, -23.002448840968146 ], [ -43.455296490866964, -22.997776623091507 ], [ -43.460378328922921, -22.996095792819585 ], [ -43.464549187408238, -22.999087212440056 ], [ -43.463638242561629, -23.003759394035278 ], [ -43.458556365684153, -23.005440192302967 ] ] ] } },
{ "type": "Feature", "properties": { "hex_id": "88a8a06447fffff", "nome": "Realengo", "codbairro": "139", "codra": 33, "rp": "Bangu", "cod_rp": "5.1", "area_plane": "5", "ideb_bairro": "Realengo" }, "geometry": { "type": "Polygon", "coordinates": [ [ [ -43.448877194597728, -22.859915789141549 ], [ -43.444707270783113, -22.856918857575508 ], [ -43.445618158808649, -22.852238831312356 ], [ -43.450698897209243, -22.850555772770644 ], [ -43.454868786475252, -22.853552772327678 ], [ -43.453957971900984, -22.85823276242391 ], [ -43.448877194597728, -22.859915789141549 ] ] ] } },
{ "type": "Feature", "properties": { "hex_id": "88a8a0632dfffff", "nome": "Alto da Boa Vista", "codbairro": "034", "codra": 8, "rp": "Tijuca", "cod_rp": "2.2", "area_plane": "2", "ideb_bairro": "Alto da Boa Vista" }, "geometry": { "type": "Polygon", "coordinates": [ [ [ -43.23322268134369, -22.966152332374072 ], [ -43.229052380482443, -22.963153387336785 ], [ -43.229965164646941, -22.958479924501365 ], [ -43.235048177299802, -22.956805440760803 ], [ -43.239218446896281, -22.959804453522324 ], [ -43.238305735116427, -22.964477882288623 ], [ -43.23322268134369, -22.966152332374072 ] ] ] } },
{ "type": "Feature", "properties": { "hex_id": "88a8a0745dfffff", "nome": "Recreio dos Bandeirantes", "codbairro": "132", "codra": 24, "rp": "Barra da Tijuca", "cod_rp": "4.2", "area_plane": "4", "ideb_bairro": "Recreio dos Bandeirantes" }, "geometry": { "type": "Polygon", "coordinates": [ [ [ -43.471069193203256, -23.014412901333426 ], [ -43.466898226086506, -23.011422222530236 ], [ -43.467809155375477, -23.006750443308128 ], [ -43.472890978193853, -23.005069379282585 ], [ -43.477061910406192, -23.008060126415376 ], [ -43.476151054716262, -23.012731869232578 ], [ -43.471069193203256, -23.014412901333426 ] ] ] } },
{ "type": "Feature", "properties": { "hex_id": "88a8a038b3fffff", "nome": "Guaratiba", "codbairro": "151", "codra": 26, "rp": "Guaratiba", "cod_rp": "5.4", "area_plane": "5", "ideb_bairro": "Guaratiba" }, "geometry": { "type": "Polygon", "coordinates": [ [ [ -43.655051721160049, -22.997145695884637 ], [ -43.650880695376401, -22.994159450059232 ], [ -43.651790090304168, -22.989486075807083 ], [ -43.656870436506942, -22.987798985573949 ], [ -43.661041424579977, -22.99078530010479 ], [ -43.660132104172497, -22.995458636151834 ], [ -43.655051721160049, -22.997145695884637 ] ] ] } },
{ "type": "Feature", "properties": { "hex_id": "88a8a02849fffff", "nome": "Guaratiba", "codbairro": "151", "codra": 26, "rp": "Guaratiba", "cod_rp": "5.4", "area_plane": "5", "ideb_bairro": "Guaratiba" }, "geometry": { "type": "Polygon", "coordinates": [ [ [ -43.607730050871162, -22.947270169755825 ], [ -43.603559389792025, -22.944280786302464 ], [ -43.604469103075537, -22.939604885660131 ], [ -43.609549403178782, -22.937918406197635 ], [ -43.613720027275086, -22.940907858158592 ], [ -43.612810388262652, -22.945583721062953 ], [ -43.607730050871162, -22.947270169755825 ] ] ] } },
{ "type": "Feature", "properties": { "hex_id": "88a8a074b1fffff", "nome": "Campo Grande", "codbairro": "144", "codra": 18, "rp": "Campo Grande", "cod_rp": "5.2", "area_plane": "5", "ideb_bairro": "Campo Grande" }, "geometry": { "type": "Polygon", "coordinates": [ [ [ -43.496714742234808, -22.931594353850098 ], [ -43.492544291354683, -22.928601346330833 ], [ -43.493454892239505, -22.923924999925298 ], [ -43.498535870307123, -22.922241697674192 ], [ -43.502706285900437, -22.925234773425654 ], [ -43.501795758724633, -22.929911083184503 ], [ -43.496714742234808, -22.931594353850098 ] ] ] } },
{ "type": "Feature", "properties": { "hex_id": "88a8a03907fffff", "nome": "Grumari", "codbairro": "133", "codra": 24, "rp": "Barra da Tijuca", "cod_rp": "4.2", "area_plane": "4", "ideb_bairro": "Grumari" }, "geometry": { "type": "Polygon", "coordinates": [ [ [ -43.53962880747634, -23.052894398247961 ], [ -43.535457512568428, -23.049907019567055 ], [ -43.536367936823645, -23.045237071513981 ], [ -43.541449582045047, -23.043554539209325 ], [ -43.545620840997323, -23.046541986440968 ], [ -43.544710490695515, -23.051211897414998 ], [ -43.53962880747634, -23.052894398247961 ] ] ] } },
{ "type": "Feature", "properties": { "hex_id": "88a8a07505fffff", "nome": "Barra da Tijuca", "codbairro": "128", "codra": 24, "rp": "Barra da Tijuca", "cod_rp": "4.2", "area_plane": "4", "ideb_bairro": "Barra da Tijuca" }, "geometry": { "type": "Polygon", "coordinates": [ [ [ -43.381273734793957, -22.987271477951438 ], [ -43.377103061378591, -22.984277343501713 ], [ -43.378014681724075, -22.979604436674062 ], [ -43.383096902357281, -22.977925699807059 ], [ -43.387267542242846, -22.980919902340098 ], [ -43.386355995036737, -22.985592773645298 ], [ -43.381273734793957, -22.987271477951438 ] ] ] } },
{ "type": "Feature", "properties": { "hex_id": "88a8a0282bfffff", "nome": "Inhoaíba", "codbairro": "146", "codra": 18, "rp": "Campo Grande", "cod_rp": "5.2", "area_plane": "5", "ideb_bairro": "Inhoaíba" }, "geometry": { "type": "Polygon", "coordinates": [ [ [ -43.591426001914911, -22.908936025782292 ], [ -43.587255606898125, -22.905944788963698 ], [ -43.588165399224884, -22.90126688110573 ], [ -43.593245512399903, -22.899580247629615 ], [ -43.597415870687065, -22.90257155284775 ], [ -43.596506152540499, -22.907249423130953 ], [ -43.591426001914911, -22.908936025782292 ] ] ] } },
{ "type": "Feature", "properties": { "hex_id": "88a8a07559fffff", "nome": "Barra da Tijuca", "codbairro": "128", "codra": 24, "rp": "Barra da Tijuca", "cod_rp": "4.2", "area_plane": "4", "ideb_bairro": "Barra da Tijuca" }, "geometry": { "type": "Polygon", "coordinates": [ [ [ -43.415551390918523, -23.006544907459485 ], [ -43.411380544307406, -23.003552416852653 ], [ -43.412291914203792, -22.998880421105724 ], [ -43.417374057405958, -22.997200951814801 ], [ -43.421544869961522, -23.000193510615276 ], [ -43.420633573382176, -23.0048654705015 ], [ -43.415551390918523, -23.006544907459485 ] ] ] } },
{ "type": "Feature", "properties": { "hex_id": "88a8a075adfffff", "nome": "Jacarepaguá", "codbairro": "115", "codra": 16, "rp": "Jacarepaguá", "cod_rp": "4.1", "area_plane": "4", "ideb_bairro": "Jacarepaguá" }, "geometry": { "type": "Polygon", "coordinates": [ [ [ -43.404723002905854, -22.940167761694692 ], [ -43.400552607648329, -22.937172548521563 ], [ -43.401463969982331, -22.932497008402084 ], [ -43.406545654338586, -22.930816717189341 ], [ -43.410716015713092, -22.933811998408899 ], [ -43.409804726626078, -22.938487502783261 ], [ -43.404723002905854, -22.940167761694692 ] ] ] } },
{ "type": "Feature", "properties": { "hex_id": "88a8a028d3fffff", "nome": "Santa Cruz", "codbairro": "149", "codra": 19, "rp": "Santa Cruz", "cod_rp": "5.3", "area_plane": "5", "ideb_bairro": "Santa Cruz" }, "geometry": { "type": "Polygon", "coordinates": [ [ [ -43.67361130270627, -22.877248523228637 ], [ -43.669441053421821, -22.874258386110327 ], [ -43.670350123023326, -22.869578489443001 ], [ -43.675429367335767, -22.867888768263409 ], [ -43.679599578640875, -22.870878973905395 ], [ -43.678690583624501, -22.875558832191814 ], [ -43.67361130270627, -22.877248523228637 ] ] ] } },
{ "type": "Feature", "properties": { "hex_id": "88a8a02927fffff", "nome": "Santíssimo", "codbairro": "143", "codra": 18, "rp": "Campo Grande", "cod_rp": "5.2", "area_plane": "5", "ideb_bairro": "Santíssimo" }, "geometry": { "type": "Polygon", "coordinates": [ [ [ -43.514160194929516, -22.890809127167977 ], [ -43.509989993515262, -22.887815107591742 ], [ -43.510900393241236, -22.883136501567471 ], [ -43.515980920605749, -22.881451951921182 ], [ -43.520151086471451, -22.88444603969122 ], [ -43.519240760532867, -22.889124608902236 ], [ -43.514160194929516, -22.890809127167977 ] ] ] } },
{ "type": "Feature", "properties": { "hex_id": "88a8a06525fffff", "nome": "Pavuna", "codbairro": "114", "codra": 25, "rp": "Pavuna", "cod_rp": "3.6", "area_plane": "3", "ideb_bairro": "Pavuna" }, "geometry": { "type": "Polygon", "coordinates": [ [ [ -43.35584489513014, -22.825025697606677 ], [ -43.351675325133165, -22.822024962942319 ], [ -43.352586918112387, -22.817343415920995 ], [ -43.357668008126872, -22.815662638797576 ], [ -43.361837544999545, -22.818663441182071 ], [ -43.360926024993766, -22.823344952958351 ], [ -43.35584489513014, -22.825025697606677 ] ] ] } },
{ "type": "Feature", "properties": { "hex_id": "88a8a076a9fffff", "nome": "Vargem Grande", "codbairro": "131", "codra": 24, "rp": "Barra da Tijuca", "cod_rp": "4.2", "area_plane": "4", "ideb_bairro": "Vargem Grande" }, "geometry": { "type": "Polygon", "coordinates": [ [ [ -43.501559623850895, -23.004323891889147 ], [ -43.497388688772872, -23.001333680893953 ], [ -43.498299354638277, -22.996661242937829 ], [ -43.503380881843036, -22.994979052667635 ], [ -43.507551781552166, -22.997969332040878 ], [ -43.506641189437119, -23.002641733294755 ], [ -43.501559623850895, -23.004323891889147 ] ] ] } },
{ "type": "Feature", "properties": { "hex_id": "88a8a0210dfffff", "nome": "Sepetiba", "codbairro": "150", "codra": 19, "rp": "Santa Cruz", "cod_rp": "5.3", "area_plane": "5", "ideb_bairro": "Sepetiba" }, "geometry": { "type": "Polygon", "coordinates": [ [ [ -43.685533237705201, -22.987020534763602 ], [ -43.681362258234898, -22.984034758195133 ], [ -43.682271386774389, -22.97936073230575 ], [ -43.687351420125083, -22.977672521476816 ], [ -43.69152236142105, -22.980658366800416 ], [ -43.690613307552304, -22.985332354186333 ], [ -43.685533237705201, -22.987020534763602 ] ] ] } },
{ "type": "Feature", "properties": { "hex_id": "88a8a07523fffff", "nome": "Barra Olímpica", "codbairro": "165", "codra": 16, "rp": "Jacarepaguá", "cod_rp": "4.1", "area_plane": "4", "ideb_bairro": "Barra Olímpica" }, "geometry": { "type": "Polygon", "coordinates": [ [ [ -43.374755699074356, -22.971936624225826 ], [ -43.370585135764919, -22.968941751267437 ], [ -43.371496786863609, -22.964268040840373 ], [ -43.376578928180578, -22.962589238816431 ], [ -43.380749458061409, -22.965584179815416 ], [ -43.379837880065622, -22.970257854786219 ], [ -43.374755699074356, -22.971936624225826 ] ] ] } },
{ "type": "Feature", "properties": { "hex_id": "88a8a02a23fffff", "nome": "Guaratiba", "codbairro": "151", "codra": 26, "rp": "Guaratiba", "cod_rp": "5.4", "area_plane": "5", "ideb_bairro": "Guaratiba" }, "geometry": { "type": "Polygon", "coordinates": [ [ [ -43.610991067631105, -22.954934681035944 ], [ -43.606820353416602, -22.951945668621846 ], [ -43.607730050871162, -22.947270169755825 ], [ -43.612810388262652, -22.945583721062953 ], [ -43.616981065443682, -22.948572802006176 ], [ -43.616071442278368, -22.953248263101649 ], [ -43.610991067631105, -22.954934681035944 ] ] ] } },
{ "type": "Feature", "properties": { "hex_id": "88a8a06621fffff", "nome": "Bangu", "codbairro": "141", "codra": 17, "rp": "Bangu", "cod_rp": "5.1", "area_plane": "5", "ideb_bairro": "Bangu" }, "geometry": { "type": "Polygon", "coordinates": [ [ [ -43.452662909181818, -22.889303107956781 ], [ -43.448492787531919, -22.886307350380537 ], [ -43.449403686940812, -22.881628889830235 ], [ -43.454484634534133, -22.879946223053089 ], [ -43.458654721574412, -22.882942048684704 ], [ -43.4577438956427, -22.88762047302658 ], [ -43.452662909181818, -22.889303107956781 ] ] ] } },
{ "type": "Feature", "properties": { "hex_id": "88a8a021b5fffff", "nome": "Santa Cruz", "codbairro": "149", "codra": 19, "rp": "Santa Cruz", "cod_rp": "5.3", "area_plane": "5", "ideb_bairro": "Santa Cruz" }, "geometry": { "type": "Polygon", "coordinates": [ [ [ -43.723656028270419, -22.91311265732875 ], [ -43.719485513161807, -22.910125215236281 ], [ -43.720394219994759, -22.905447077472584 ], [ -43.725473367103717, -22.903756420664973 ], [ -43.729643843465716, -22.906743931461339 ], [ -43.72873521147698, -22.911422030349932 ], [ -43.723656028270419, -22.91311265732875 ] ] ] } },
{ "type": "Feature", "properties": { "hex_id": "88a8a03925fffff", "nome": "Grumari", "codbairro": "133", "codra": 24, "rp": "Barra da Tijuca", "cod_rp": "4.2", "area_plane": "4", "ideb_bairro": "Grumari" }, "geometry": { "type": "Polygon", "coordinates": [ [ [ -43.511869591438028, -23.048977259513951 ], [ -43.507698350968155, -23.045988971971195 ], [ -43.508608996802238, -23.041318913224188 ], [ -43.513690809305146, -23.039637178815834 ], [ -43.517862014243676, -23.04262553484104 ], [ -43.516951442222322, -23.047295556780629 ], [ -43.511869591438028, -23.048977259513951 ] ] ] } },
{ "type": "Feature", "properties": { "hex_id": "88a8a02acbfffff", "nome": "Santa Cruz", "codbairro": "149", "codra": 19, "rp": "Santa Cruz", "cod_rp": "5.3", "area_plane": "5", "ideb_bairro": "Santa Cruz" }, "geometry": { "type": "Polygon", "coordinates": [ [ [ -43.678475286529974, -22.95001278137353 ], [ -43.674304555279761, -22.947025448443455 ], [ -43.675213689053642, -22.942349450324606 ], [ -43.680293479462726, -22.940660823557018 ], [ -43.684464172650706, -22.943648225158046 ], [ -43.683555113503466, -22.948324184844221 ], [ -43.678475286529974, -22.95001278137353 ] ] ] } },
{ "type": "Feature", "properties": { "hex_id": "88a8a066c9fffff", "nome": "Santíssimo", "codbairro": "143", "codra": 18, "rp": "Campo Grande", "cod_rp": "5.2", "area_plane": "5", "ideb_bairro": "Santíssimo" }, "geometry": { "type": "Polygon", "coordinates": [ [ [ -43.520151086471451, -22.88444603969122 ], [ -43.515980920605749, -22.881451951921182 ], [ -43.516891262198612, -22.876772981942377 ], [ -43.521971695852784, -22.87508813659354 ], [ -43.526141826079211, -22.878082292558574 ], [ -43.52523155830243, -22.882761225665945 ], [ -43.520151086471451, -22.88444603969122 ] ] ] } },
{ "type": "Feature", "properties": { "hex_id": "88a8a0671dfffff", "nome": "Realengo", "codbairro": "139", "codra": 33, "rp": "Bangu", "cod_rp": "5.1", "area_plane": "5", "ideb_bairro": "Realengo" }, "geometry": { "type": "Polygon", "coordinates": [ [ [ -43.424909324383691, -22.885361250072364 ], [ -43.420739263282535, -22.882364590460298 ], [ -43.421650382841079, -22.877686021831526 ], [ -43.426731490176238, -22.876004148738328 ], [ -43.430901517091968, -22.879000876337372 ], [ -43.429990470869662, -22.883679409031121 ], [ -43.424909324383691, -22.885361250072364 ] ] ] } },
{ "type": "Feature", "properties": { "hex_id": "88a8a06053fffff", "nome": "Freguesia (Jacarepaguá)", "codbairro": "120", "codra": 16, "rp": "Jacarepaguá", "cod_rp": "4.1", "area_plane": "4", "ideb_bairro": "Freguesia (Jacarepaguá)" }, "geometry": { "type": "Polygon", "coordinates": [ [ [ -43.330704795412188, -22.929630155263446 ], [ -43.326534575023274, -22.926632536787299 ], [ -43.327446521638713, -22.921956713981793 ], [ -43.332528615784476, -22.920278544658217 ], [ -43.33669880342228, -22.923276230999935 ], [ -43.335786929677177, -22.927952018788144 ], [ -43.330704795412188, -22.929630155263446 ] ] ] } },
{ "type": "Feature", "properties": { "hex_id": "88a8a07183fffff", "nome": "Joá", "codbairro": "126", "codra": 24, "rp": "Barra da Tijuca", "cod_rp": "4.2", "area_plane": "4", "ideb_bairro": "Joá" }, "geometry": { "type": "Polygon", "coordinates": [ [ [ -43.289784981814037, -23.01745596304816 ], [ -43.285614247402478, -23.014460429917026 ], [ -43.286526650637391, -23.009789514972248 ], [ -43.291609715612374, -23.008114167779542 ], [ -43.295780417889247, -23.011109768851934 ], [ -43.294868087337598, -23.015780649164235 ], [ -43.289784981814037, -23.01745596304816 ] ] ] } },
{ "type": "Feature", "properties": { "hex_id": "88a8a060a7fffff", "nome": "Vicente de Carvalho", "codbairro": "073", "codra": 14, "rp": "Madureira", "cod_rp": "3.3", "area_plane": "3", "ideb_bairro": "Vicente de Carvalho" }, "geometry": { "type": "Polygon", "coordinates": [ [ [ -43.319885884237003, -22.863185341411018 ], [ -43.315716117402793, -22.860185013051566 ], [ -43.316628055815251, -22.855505655006741 ], [ -43.321709688273366, -22.853826660208348 ], [ -43.325879422528629, -22.856827056283347 ], [ -43.324967556916476, -22.861506379429663 ], [ -43.319885884237003, -22.863185341411018 ] ] ] } },
{ "type": "Feature", "properties": { "hex_id": "88a8a061a3fffff", "nome": "Olaria", "codbairro": "042", "codra": 10, "rp": "Ramos", "cod_rp": "3.1", "area_plane": "3", "ideb_bairro": "Olaria" }, "geometry": { "type": "Polygon", "coordinates": [ [ [ -43.264376561143628, -22.855247092042607 ], [ -43.260206936099635, -22.852244967592988 ], [ -43.2611193103237, -22.847565402073286 ], [ -43.266201237086207, -22.845887995342675 ], [ -43.270370830400225, -22.848890187372486 ], [ -43.269458528693484, -22.853569718541184 ], [ -43.264376561143628, -22.855247092042607 ] ] ] } },
{ "type": "Feature", "properties": { "hex_id": "88a8a02e67fffff", "nome": "Santa Cruz", "codbairro": "149", "codra": 19, "rp": "Santa Cruz", "cod_rp": "5.3", "area_plane": "5", "ideb_bairro": "Santa Cruz" }, "geometry": { "type": "Polygon", "coordinates": [ [ [ -43.750868306043714, -22.895300348372697 ], [ -43.746697894497409, -22.892313003058117 ], [ -43.747606350012802, -22.887633817160655 ], [ -43.752685142109982, -22.885942015708533 ], [ -43.756855514497126, -22.888929429755141 ], [ -43.755947133957861, -22.893608576510378 ], [ -43.750868306043714, -22.895300348372697 ] ] ] } },
{ "type": "Feature", "properties": { "hex_id": "88a8a0624bfffff", "nome": "Barra da Tijuca", "codbairro": "128", "codra": 24, "rp": "Barra da Tijuca", "cod_rp": "4.2", "area_plane": "4", "ideb_bairro": "Barra da Tijuca" }, "geometry": { "type": "Polygon", "coordinates": [ [ [ -43.335531258580211, -23.00237134964717 ], [ -43.331360552003567, -22.999376515708924 ], [ -43.332272564344194, -22.994704603287733 ], [ -43.337355210361714, -22.993027559870431 ], [ -43.34152588410597, -22.996022461820747 ], [ -43.340613944676832, -23.000694339164749 ], [ -43.335531258580211, -23.00237134964717 ] ] ] } },
{ "type": "Feature", "properties": { "hex_id": "88a8a02f63fffff", "nome": "Santa Cruz", "codbairro": "149", "codra": 19, "rp": "Santa Cruz", "cod_rp": "5.3", "area_plane": "5", "ideb_bairro": "Santa Cruz" }, "geometry": { "type": "Polygon", "coordinates": [ [ [ -43.695371772555973, -22.887516825063088 ], [ -43.691201441966989, -22.884527663534708 ], [ -43.692110346360948, -22.87984824469665 ], [ -43.697189506658951, -22.878158025971175 ], [ -43.701359798935606, -22.881147256091591 ], [ -43.700450969238219, -22.88582663633396 ], [ -43.695371772555973, -22.887516825063088 ] ] ] } },
{ "type": "Feature", "properties": { "hex_id": "88a8a03825fffff", "nome": "Guaratiba", "codbairro": "151", "codra": 26, "rp": "Guaratiba", "cod_rp": "5.4", "area_plane": "5", "ideb_bairro": "Guaratiba" }, "geometry": { "type": "Polygon", "coordinates": [ [ [ -43.576640555547385, -23.058109281786784 ], [ -43.572469191104112, -23.055123116005756 ], [ -43.573379319264504, -23.050453316812103 ], [ -43.578460737739015, -23.048769720829139 ], [ -43.582632065661031, -23.051755955252172 ], [ -43.581722011641475, -23.056425717004657 ], [ -43.576640555547385, -23.058109281786784 ] ] ] } },
{ "type": "Feature", "properties": { "hex_id": "88a8a07423fffff", "nome": "Vargem Pequena", "codbairro": "130", "codra": 24, "rp": "Barra da Tijuca", "cod_rp": "4.2", "area_plane": "4", "ideb_bairro": "Vargem Pequena" }, "geometry": { "type": "Polygon", "coordinates": [ [ [ -43.439524407330694, -22.981135334512132 ], [ -43.435353697486995, -22.978142571122603 ], [ -43.436264835877232, -22.973469110796795 ], [ -43.441346610690729, -22.971788449941016 ], [ -43.445517286115454, -22.974781281529555 ], [ -43.444606221157372, -22.979454705763338 ], [ -43.439524407330694, -22.981135334512132 ] ] ] } },
{ "type": "Feature", "properties": { "hex_id": "88a8a06347fffff", "nome": "Alto da Boa Vista", "codbairro": "034", "codra": 8, "rp": "Tijuca", "cod_rp": "2.2", "area_plane": "2", "ideb_bairro": "Alto da Boa Vista" }, "geometry": { "type": "Polygon", "coordinates": [ [ [ -43.258245053413553, -22.98414132610413 ], [ -43.254074590799839, -22.981143717433941 ], [ -43.254987199878855, -22.976471125939653 ], [ -43.260070199067634, -22.974796177421737 ], [ -43.264240630032219, -22.977793853903499 ], [ -43.263328093468921, -22.982466411080065 ], [ -43.258245053413553, -22.98414132610413 ] ] ] } },
{ "type": "Feature", "properties": { "hex_id": "88a8a038cdfffff", "nome": "Guaratiba", "codbairro": "151", "codra": 26, "rp": "Guaratiba", "cod_rp": "5.4", "area_plane": "5", "ideb_bairro": "Guaratiba" }, "geometry": { "type": "Polygon", "coordinates": [ [ [ -43.644138234622041, -23.053204471317247 ], [ -43.639966847238249, -23.050219989639864 ], [ -43.640876412779399, -23.045549685822941 ], [ -43.645957291237274, -23.043863901772664 ], [ -43.650128641070275, -23.046848452233217 ], [ -43.649219150007859, -23.051518717949385 ], [ -43.644138234622041, -23.053204471317247 ] ] ] } },
{ "type": "Feature", "properties": { "hex_id": "88a8a074cbfffff", "nome": "Vargem Grande", "codbairro": "131", "codra": 24, "rp": "Barra da Tijuca", "cod_rp": "4.2", "area_plane": "4", "ideb_bairro": "Vargem Grande" }, "geometry": { "type": "Polygon", "coordinates": [ [ [ -43.50702322785898, -22.976286303089221 ], [ -43.502852471530787, -22.973295214286573 ], [ -43.503763052421476, -22.968621241095168 ], [ -43.508844315880687, -22.966938393447712 ], [ -43.513015036759697, -22.969929550588645 ], [ -43.512104529640361, -22.974603487027235 ], [ -43.50702322785898, -22.976286303089221 ] ] ] } },
{ "type": "Feature", "properties": { "hex_id": "88a8a03921fffff", "nome": "Grumari", "codbairro": "133", "codra": 24, "rp": "Barra da Tijuca", "cod_rp": "4.2", "area_plane": "4", "ideb_bairro": "Grumari" }, "geometry": { "type": "Polygon", "coordinates": [ [ [ -43.521122701055958, -23.050283541446994 ], [ -43.516951442222322, -23.047295556780629 ], [ -43.517862014243676, -23.04262553484104 ], [ -43.522943771250752, -23.040943534454271 ], [ -43.527114994411626, -23.043931587625842 ], [ -43.526204496249889, -23.048601572667451 ], [ -43.521122701055958, -23.050283541446994 ] ] ] } },
{ "type": "Feature", "properties": { "hex_id": "88a8a02845fffff", "nome": "Campo Grande", "codbairro": "144", "codra": 18, "rp": "Campo Grande", "cod_rp": "5.2", "area_plane": "5", "ideb_bairro": "Campo Grande" }, "geometry": { "type": "Polygon", "coordinates": [ [ [ -43.595218137102684, -22.93830134605723 ], [ -43.591047545580494, -22.935311289354335 ], [ -43.591957348892322, -22.930634949432168 ], [ -43.597037669531872, -22.928948703815859 ], [ -43.601208224263168, -22.931938828981764 ], [ -43.600298495157467, -22.936615131289471 ], [ -43.595218137102684, -22.93830134605723 ] ] ] } },
{ "type": "Feature", "properties": { "hex_id": "88a8a06443fffff", "nome": "Bangu", "codbairro": "141", "codra": 17, "rp": "Bangu", "cod_rp": "5.1", "area_plane": "5", "ideb_bairro": "Bangu" }, "geometry": { "type": "Polygon", "coordinates": [ [ [ -43.458127915550556, -22.86122939348132 ], [ -43.453957971900984, -22.85823276242391 ], [ -43.454868786475252, -22.853552772327678 ], [ -43.459949471212589, -22.851869449535499 ], [ -43.464119380172171, -22.854866148606785 ], [ -43.463208639096131, -22.85954610244486 ], [ -43.458127915550556, -22.86122939348132 ] ] ] } },
{ "type": "Feature", "properties": { "hex_id": "88a8a02899fffff", "nome": "Santa Cruz", "codbairro": "149", "codra": 19, "rp": "Santa Cruz", "cod_rp": "5.3", "area_plane": "5", "ideb_bairro": "Santa Cruz" }, "geometry": { "type": "Polygon", "coordinates": [ [ [ -43.670350123023326, -22.869578489443001 ], [ -43.666179926342885, -22.866587981645992 ], [ -43.667089011891953, -22.861907684179037 ], [ -43.672168219566096, -22.860217932845941 ], [ -43.676338378317837, -22.863208509144769 ], [ -43.675429367335767, -22.867888768263409 ], [ -43.670350123023326, -22.869578489443001 ] ] ] } },
{ "type": "Feature", "properties": { "hex_id": "88a8a039c9fffff", "nome": "Guaratiba", "codbairro": "151", "codra": 26, "rp": "Guaratiba", "cod_rp": "5.4", "area_plane": "5", "ideb_bairro": "Guaratiba" }, "geometry": { "type": "Polygon", "coordinates": [ [ [ -43.588623422422422, -23.045401965957396 ], [ -43.584452131112386, -23.042415662890569 ], [ -43.585362142543936, -23.037745132370468 ], [ -43.590443371099106, -23.036060942463166 ], [ -43.594614625706441, -23.039047314175519 ], [ -43.59370468847299, -23.04371780713813 ], [ -43.588623422422422, -23.045401965957396 ] ] ] } },
{ "type": "Feature", "properties": { "hex_id": "88a8a075c7fffff", "nome": "Jacarepaguá", "codbairro": "115", "codra": 16, "rp": "Jacarepaguá", "cod_rp": "4.1", "area_plane": "4", "ideb_bairro": "Jacarepaguá" }, "geometry": { "type": "Polygon", "coordinates": [ [ [ -43.429745903145133, -22.958134348669056 ], [ -43.425575357051962, -22.955140476310213 ], [ -43.426486541904183, -22.95046581072366 ], [ -43.431568199483806, -22.948785053477526 ], [ -43.435738711309824, -22.95177899397115 ], [ -43.434827599835096, -22.956453623564599 ], [ -43.429745903145133, -22.958134348669056 ] ] ] } },
{ "type": "Feature", "properties": { "hex_id": "88a8a028edfffff", "nome": "Paciência", "codbairro": "148", "codra": 19, "rp": "Santa Cruz", "cod_rp": "5.3", "area_plane": "5", "ideb_bairro": "Paciência" }, "geometry": { "type": "Polygon", "coordinates": [ [ [ -43.618645312653761, -22.891144283575876 ], [ -43.614475012037978, -22.888153143492758 ], [ -43.615384554926173, -22.883474183093927 ], [ -43.620464324129095, -22.881786400607673 ], [ -43.624634587602102, -22.884777609117535 ], [ -43.623725119026631, -22.889456531675421 ], [ -43.618645312653761, -22.891144283575876 ] ] ] } },
{ "type": "Feature", "properties": { "hex_id": "88a8a0761bfffff", "nome": "Grumari", "codbairro": "133", "codra": 24, "rp": "Barra da Tijuca", "cod_rp": "4.2", "area_plane": "4", "ideb_bairro": "Grumari" }, "geometry": { "type": "Polygon", "coordinates": [ [ [ -43.508608996802238, -23.041318913224188 ], [ -43.504437810303799, -23.038330254422988 ], [ -43.505348471777275, -23.033659792763629 ], [ -43.510430245966369, -23.031978026668789 ], [ -43.514601396984119, -23.034966753931322 ], [ -43.513690809305146, -23.039637178815834 ], [ -43.508608996802238, -23.041318913224188 ] ] ] } },
{ "type": "Feature", "properties": { "hex_id": "88a8a02941fffff", "nome": "Campo Grande", "codbairro": "144", "codra": 18, "rp": "Campo Grande", "cod_rp": "5.2", "area_plane": "5", "ideb_bairro": "Campo Grande" }, "geometry": { "type": "Polygon", "coordinates": [ [ [ -43.539711491022103, -22.930468202839307 ], [ -43.535541002445576, -22.927476333772962 ], [ -43.53645125001124, -22.922799770074061 ], [ -43.541531912239883, -22.921115112498715 ], [ -43.545702364873414, -22.924107049890154 ], [ -43.544792191232972, -22.928783576520338 ], [ -43.539711491022103, -22.930468202839307 ] ] ] } },
{ "type": "Feature", "properties": { "hex_id": "88a8a06e01fffff", "nome": "Irajá", "codbairro": "076", "codra": 14, "rp": "Madureira", "cod_rp": "3.3", "area_plane": "3", "ideb_bairro": "Irajá" }, "geometry": { "type": "Polygon", "coordinates": [ [ [ -43.322099390440648, -22.827424151474816 ], [ -43.317929855204213, -22.82442258646514 ], [ -43.318841724350335, -22.819741298917947 ], [ -43.323923055941329, -22.81806161128204 ], [ -43.32809255856867, -22.821063243943069 ], [ -43.327180762225858, -22.825744496577105 ], [ -43.322099390440648, -22.827424151474816 ] ] ] } },
{ "type": "Feature", "properties": { "hex_id": "88a8a076c3fffff", "nome": "Recreio dos Bandeirantes", "codbairro": "132", "codra": 24, "rp": "Barra da Tijuca", "cod_rp": "4.2", "area_plane": "4", "ideb_bairro": "Recreio dos Bandeirantes" }, "geometry": { "type": "Polygon", "coordinates": [ [ [ -43.526585741560034, -23.022260444821121 ], [ -43.522414661776018, -23.019271580631131 ], [ -43.523325148766688, -23.01460002119854 ], [ -43.528406641672483, -23.012917362893333 ], [ -43.532577685703487, -23.015906295549449 ], [ -43.53166727259341, -23.020577818033132 ], [ -43.526585741560034, -23.022260444821121 ] ] ] } },
{ "type": "Feature", "properties": { "hex_id": "88a8a02127fffff", "nome": "Santa Cruz", "codbairro": "149", "codra": 19, "rp": "Santa Cruz", "cod_rp": "5.3", "area_plane": "5", "ideb_bairro": "Santa Cruz" }, "geometry": { "type": "Polygon", "coordinates": [ [ [ -43.666497048357321, -22.962739918410751 ], [ -43.662326241254355, -22.959752722817651 ], [ -43.663235492272356, -22.955077451937893 ], [ -43.668315475835357, -22.953389414955446 ], [ -43.672486245057229, -22.956376679216209 ], [ -43.671577068608833, -22.96105191178026 ], [ -43.666497048357321, -22.962739918410751 ] ] ] } },
{ "type": "Feature", "properties": { "hex_id": "88a8a06e55fffff", "nome": "Irajá", "codbairro": "076", "codra": 14, "rp": "Madureira", "cod_rp": "3.3", "area_plane": "3", "ideb_bairro": "Irajá" }, "geometry": { "type": "Polygon", "coordinates": [ [ [ -43.334608152667045, -22.836427513942237 ], [ -43.330438539215976, -22.833426615258741 ], [ -43.331350320277821, -22.828745762311488 ], [ -43.3364316419338, -22.827065843074308 ], [ -43.340601222583757, -22.830066809453758 ], [ -43.339689514390578, -22.834747627362901 ], [ -43.334608152667045, -22.836427513942237 ] ] ] } },
{ "type": "Feature", "properties": { "hex_id": "88a8a029e9fffff", "nome": "Campo Grande", "codbairro": "144", "codra": 18, "rp": "Campo Grande", "cod_rp": "5.2", "area_plane": "5", "ideb_bairro": "Campo Grande" }, "geometry": { "type": "Polygon", "coordinates": [ [ [ -43.563143699926748, -22.883313879019845 ], [ -43.55897349893354, -22.880320928473033 ], [ -43.559883486716011, -22.875641742942005 ], [ -43.564963601471291, -22.873955545240509 ], [ -43.569133766169315, -22.876948564075523 ], [ -43.568223852418917, -22.881627712312341 ], [ -43.563143699926748, -22.883313879019845 ] ] ] } },
{ "type": "Feature", "properties": { "hex_id": "88a8a07717fffff", "nome": "Barra da Tijuca", "codbairro": "128", "codra": 24, "rp": "Barra da Tijuca", "cod_rp": "4.2", "area_plane": "4", "ideb_bairro": "Barra da Tijuca" }, "geometry": { "type": "Polygon", "coordinates": [ [ [ -43.431323792319226, -23.023183639326486 ], [ -43.427152815788062, -23.020192190788265 ], [ -43.428064081414064, -23.015521035651378 ], [ -43.433146250182425, -23.013841365058358 ], [ -43.4373171924153, -23.016832881855301 ], [ -43.436406000189827, -23.021504000975014 ], [ -43.431323792319226, -23.023183639326486 ] ] ] } },
{ "type": "Feature", "properties": { "hex_id": "88a8a02a3dfffff", "nome": "Guaratiba", "codbairro": "151", "codra": 26, "rp": "Guaratiba", "cod_rp": "5.4", "area_plane": "5", "ideb_bairro": "Guaratiba" }, "geometry": { "type": "Polygon", "coordinates": [ [ [ -43.620242172518402, -22.956236972905234 ], [ -43.616071442278368, -22.953248263101649 ], [ -43.616981065443682, -22.948572802006176 ], [ -43.622061344524703, -22.946886088564206 ], [ -43.626232037589979, -22.94987486691997 ], [ -43.625322488760659, -22.954550290154032 ], [ -43.620242172518402, -22.956236972905234 ] ] ] } },
{ "type": "Feature", "properties": { "hex_id": "88a8a0663bfffff", "nome": "Senador Camará", "codbairro": "142", "codra": 17, "rp": "Bangu", "cod_rp": "5.1", "area_plane": "5", "ideb_bairro": "Senador Camará" }, "geometry": { "type": "Polygon", "coordinates": [ [ [ -43.483148094126463, -22.879204494013461 ], [ -43.478978003074282, -22.87620920198442 ], [ -43.479888639462537, -22.871530085431427 ], [ -43.484969293286198, -22.869846297402784 ], [ -43.489139349264477, -22.872841657535108 ], [ -43.488228786504713, -22.877520737581296 ], [ -43.483148094126463, -22.879204494013461 ] ] ] } },
{ "type": "Feature", "properties": { "hex_id": "88a8a02a91fffff", "nome": "Santa Cruz", "codbairro": "149", "codra": 19, "rp": "Santa Cruz", "cod_rp": "5.3", "area_plane": "5", "ideb_bairro": "Santa Cruz" }, "geometry": { "type": "Polygon", "coordinates": [ [ [ -43.689918228730434, -22.915587111802203 ], [ -43.685747716811981, -22.912598829910159 ], [ -43.686656706574254, -22.907920938912959 ], [ -43.691736133590723, -22.906231368339764 ], [ -43.695906607276591, -22.909219718864293 ], [ -43.694997692190199, -22.913897571318039 ], [ -43.689918228730434, -22.915587111802203 ] ] ] } },
{ "type": "Feature", "properties": { "hex_id": "88a8a06f51fffff", "nome": "Brás de Pina", "codbairro": "045", "codra": 11, "rp": "Penha", "cod_rp": "3.5", "area_plane": "3", "ideb_bairro": "Brás de Pina" }, "geometry": { "type": "Polygon", "coordinates": [ [ [ -43.279101601630884, -22.828491399268579 ], [ -43.274932127879715, -22.825488705515504 ], [ -43.275844345163804, -22.820807644257705 ], [ -43.280925963625002, -22.81912931123151 ], [ -43.285095405423888, -22.822132072544829 ], [ -43.284183260725626, -22.826813099312581 ], [ -43.279101601630884, -22.828491399268579 ] ] ] } },
{ "type": "Feature", "properties": { "hex_id": "88a8a02ae5fffff", "nome": "Santa Cruz", "codbairro": "149", "codra": 19, "rp": "Santa Cruz", "cod_rp": "5.3", "area_plane": "5", "ideb_bairro": "Santa Cruz" }, "geometry": { "type": "Polygon", "coordinates": [ [ [ -43.638211304901986, -22.937148677180748 ], [ -43.634040686458114, -22.934159761715978 ], [ -43.634950134159794, -22.929483209090755 ], [ -43.640030125895287, -22.927795609955382 ], [ -43.644200706892541, -22.930784593976949 ], [ -43.643291333612567, -22.935461108565597 ], [ -43.638211304901986, -22.937148677180748 ] ] ] } },
{ "type": "Feature", "properties": { "hex_id": "88a8a066e3fffff", "nome": "Bangu", "codbairro": "141", "codra": 17, "rp": "Bangu", "cod_rp": "5.1", "area_plane": "5", "ideb_bairro": "Bangu" }, "geometry": { "type": "Polygon", "coordinates": [ [ [ -43.501121405621596, -22.860114005040192 ], [ -43.496951420063354, -22.857118508697994 ], [ -43.497861882293023, -22.852438300405538 ], [ -43.502942256378049, -22.850753625124934 ], [ -43.507112206590193, -22.853749189573684 ], [ -43.506201818075105, -22.858429361184974 ], [ -43.501121405621596, -22.860114005040192 ] ] ] } },
{ "type": "Feature", "properties": { "hex_id": "88a8a02b39fffff", "nome": "Guaratiba", "codbairro": "151", "codra": 26, "rp": "Guaratiba", "cod_rp": "5.4", "area_plane": "5", "ideb_bairro": "Guaratiba" }, "geometry": { "type": "Polygon", "coordinates": [ [ [ -43.564734921110457, -22.94841471135382 ], [ -43.560564290288411, -22.945424187048705 ], [ -43.561474358487445, -22.940748500693317 ], [ -43.566554983464933, -22.939063375947626 ], [ -43.570725577960062, -22.942053968666869 ], [ -43.5698155838163, -22.946729617706183 ], [ -43.564734921110457, -22.94841471135382 ] ] ] } },
{ "type": "Feature", "properties": { "hex_id": "88a8a06737fffff", "nome": "Vila Militar", "codbairro": "135", "codra": 33, "rp": "Bangu", "cod_rp": "5.1", "area_plane": "5", "ideb_bairro": "Vila Militar" }, "geometry": { "type": "Polygon", "coordinates": [ [ [ -43.405881731639546, -22.861017166667782 ], [ -43.401711855448234, -22.858019101754198 ], [ -43.402623094603193, -22.853339296171079 ], [ -43.40770413672665, -22.851657591234034 ], [ -43.411873979025714, -22.854655724046406 ], [ -43.410962813105293, -22.859335493885517 ], [ -43.405881731639546, -22.861017166667782 ] ] ] } },
{ "type": "Feature", "properties": { "hex_id": "88a8a078bbfffff", "nome": "Rio Comprido", "codbairro": "007", "codra": 3, "rp": "Centro", "cod_rp": "1.1", "area_plane": "1", "ideb_bairro": "Rio Comprido" }, "geometry": { "type": "Polygon", "coordinates": [ [ [ -43.204944105101767, -22.940480711638465 ], [ -43.200774024035425, -22.937480064626644 ], [ -43.201686997960479, -22.932805330495178 ], [ -43.206769980728431, -22.931131277150552 ], [ -43.210940030964906, -22.934131991777711 ], [ -43.210027129275076, -22.938806692122625 ], [ -43.204944105101767, -22.940480711638465 ] ] ] } },
{ "type": "Feature", "properties": { "hex_id": "88a8a0634bfffff", "nome": "São Conrado", "codbairro": "031", "codra": 6, "rp": "Zona Sul", "cod_rp": "2.1", "area_plane": "2", "ideb_bairro": "São Conrado" }, "geometry": { "type": "Polygon", "coordinates": [ [ [ -43.270756601908943, -22.993132814618111 ], [ -43.266586059012042, -22.990135874741348 ], [ -43.267498580412422, -22.985463719320883 ], [ -43.272581572140247, -22.983788538207513 ], [ -43.276752083195809, -22.98678554593948 ], [ -43.275839634376659, -22.991457666918059 ], [ -43.270756601908943, -22.993132814618111 ] ] ] } },
{ "type": "Feature", "properties": { "hex_id": "88a8a06019fffff", "nome": "Freguesia (Jacarepaguá)", "codbairro": "120", "codra": 16, "rp": "Jacarepaguá", "cod_rp": "4.1", "area_plane": "4", "ideb_bairro": "Freguesia (Jacarepaguá)" }, "geometry": { "type": "Polygon", "coordinates": [ [ [ -43.327446521638713, -22.921956713981793 ], [ -43.323276356697406, -22.918958727355736 ], [ -43.324188318590636, -22.914282503573641 ], [ -43.329270372584851, -22.912604301389997 ], [ -43.333440504825639, -22.915602355860049 ], [ -43.332528615784476, -22.920278544658217 ], [ -43.327446521638713, -22.921956713981793 ] ] ] } },
{ "type": "Feature", "properties": { "hex_id": "88a8a0606dfffff", "nome": "Grajaú", "codbairro": "038", "codra": 9, "rp": "Tijuca", "cod_rp": "2.2", "area_plane": "2", "ideb_bairro": "Grajaú" }, "geometry": { "type": "Polygon", "coordinates": [ [ [ -43.275710639620904, -22.943402788496631 ], [ -43.2715404158808, -22.940404172590192 ], [ -43.272452825777606, -22.935729310108997 ], [ -43.277535386831325, -22.934053098003389 ], [ -43.28170557865937, -22.937051781682538 ], [ -43.280793241357522, -22.941726609683062 ], [ -43.275710639620904, -22.943402788496631 ] ] ] } },
{ "type": "Feature", "properties": { "hex_id": "88a8a0719dfffff", "nome": "Barra da Tijuca", "codbairro": "128", "codra": 24, "rp": "Barra da Tijuca", "cod_rp": "4.2", "area_plane": "4", "ideb_bairro": "Barra da Tijuca" }, "geometry": { "type": "Polygon", "coordinates": [ [ [ -43.299038845339048, -23.018775881300563 ], [ -43.294868087337598, -23.015780649164235 ], [ -43.295780417889247, -23.011109768851934 ], [ -43.300863433723634, -23.009434155387591 ], [ -43.305034159448802, -23.012429455487549 ], [ -43.304121901627617, -23.017100301076681 ], [ -43.299038845339048, -23.018775881300563 ] ] ] } },
{ "type": "Feature", "properties": { "hex_id": "88a8a060c1fffff", "nome": "Praça Seca", "codbairro": "124", "codra": 16, "rp": "Jacarepaguá", "cod_rp": "4.1", "area_plane": "4", "ideb_bairro": "Praça Seca" }, "geometry": { "type": "Polygon", "coordinates": [ [ [ -43.345428027235975, -22.902891648111051 ], [ -43.341257960669026, -22.899893457950117 ], [ -43.342169749821679, -22.895216136832868 ], [ -43.347251532614337, -22.893537041022025 ], [ -43.351421566207996, -22.896535299029832 ], [ -43.350509849994019, -22.901212584990088 ], [ -43.345428027235975, -22.902891648111051 ] ] ] } },
{ "type": "Feature", "properties": { "hex_id": "88a8a07ab3fffff", "nome": "Leblon", "codbairro": "026", "codra": 6, "rp": "Zona Sul", "cod_rp": "2.1", "area_plane": "2", "ideb_bairro": "Leblon" }, "geometry": { "type": "Polygon", "coordinates": [ [ [ -43.224488248769703, -22.986516856626491 ], [ -43.220317829318269, -22.983518414889311 ], [ -43.221230712916167, -22.978846088621204 ], [ -43.226313943632292, -22.977172238066643 ], [ -43.230484331950493, -22.980170747547458 ], [ -43.229571520697576, -22.984843039827645 ], [ -43.224488248769703, -22.986516856626491 ] ] ] } },
{ "type": "Feature", "properties": { "hex_id": "88a8a06115fffff", "nome": "Rocha", "codbairro": "058", "codra": 13, "rp": "Méier", "cod_rp": "3.2", "area_plane": "3", "ideb_bairro": "Rocha" }, "geometry": { "type": "Polygon", "coordinates": [ [ [ -43.250169891282297, -22.903703336457578 ], [ -43.24599997182969, -22.900702583207664 ], [ -43.246912529966451, -22.896025682234708 ], [ -43.251994935111227, -22.894349568722067 ], [ -43.256164823046156, -22.897350389614463 ], [ -43.255252337365761, -22.902027256365479 ], [ -43.250169891282297, -22.903703336457578 ] ] ] } },
{ "type": "Feature", "properties": { "hex_id": "88a8a06169fffff", "nome": "Tijuca", "codbairro": "033", "codra": 8, "rp": "Tijuca", "cod_rp": "2.2", "area_plane": "2", "ideb_bairro": "Tijuca" }, "geometry": { "type": "Polygon", "coordinates": [ [ [ -43.220193042706782, -22.935458087760054 ], [ -43.216022967031137, -22.932457672710598 ], [ -43.216935811505806, -22.927782605255597 ], [ -43.222018659356401, -22.926107986773381 ], [ -43.22618870396952, -22.929108469461305 ], [ -43.225275931806358, -22.933783502981441 ], [ -43.220193042706782, -22.935458087760054 ] ] ] } },
{ "type": "Feature", "properties": { "hex_id": "88a8a02e2dfffff", "nome": "Santa Cruz", "codbairro": "149", "codra": 19, "rp": "Santa Cruz", "cod_rp": "5.3", "area_plane": "5", "ideb_bairro": "Santa Cruz" }, "geometry": { "type": "Polygon", "coordinates": [ [ [ -43.747606350012802, -22.887633817160655 ], [ -43.743435990433532, -22.884646100243106 ], [ -43.74434446204836, -22.87996651317469 ], [ -43.749423218296045, -22.878274682122235 ], [ -43.753593538766793, -22.881262467749995 ], [ -43.752685142109982, -22.885942015708533 ], [ -43.747606350012802, -22.887633817160655 ] ] ] } },
{ "type": "Feature", "properties": { "hex_id": "88a8a061bdfffff", "nome": "Olaria", "codbairro": "042", "codra": 10, "rp": "Ramos", "cod_rp": "3.1", "area_plane": "3", "ideb_bairro": "Olaria" }, "geometry": { "type": "Polygon", "coordinates": [ [ [ -43.273628177913125, -22.856571543841973 ], [ -43.269458528693484, -22.853569718541184 ], [ -43.270370830400225, -22.848890187372486 ], [ -43.275452708773855, -22.847212515935308 ], [ -43.279622326121995, -22.850214408838795 ], [ -43.278710096979772, -22.854893905565234 ], [ -43.273628177913125, -22.856571543841973 ] ] ] } },
{ "type": "Feature", "properties": { "hex_id": "88a8a06211fffff", "nome": "Gardênia Azul", "codbairro": "117", "codra": 16, "rp": "Jacarepaguá", "cod_rp": "4.1", "area_plane": "4", "ideb_bairro": "Gardênia Azul" }, "geometry": { "type": "Polygon", "coordinates": [ [ [ -43.346997224503369, -22.967985816558542 ], [ -43.342826727259741, -22.964990040680284 ], [ -43.343738597384551, -22.960316224429555 ], [ -43.348820891803122, -22.958638219229272 ], [ -43.352991356042708, -22.961634063080471 ], [ -43.35207955887951, -22.96630784414749 ], [ -43.346997224503369, -22.967985816558542 ] ] ] } },
{ "type": "Feature", "properties": { "hex_id": "88a8a06ad3fffff", "nome": "Maré", "codbairro": "157", "codra": 30, "rp": "Ramos", "cod_rp": "3.1", "area_plane": "3", "ideb_bairro": "Maré" }, "geometry": { "type": "Polygon", "coordinates": [ [ [ -43.243135701766882, -22.866633433086843 ], [ -43.238966038212141, -22.863631144681737 ], [ -43.239878599506682, -22.858952276459316 ], [ -43.24496075195551, -22.857275730775164 ], [ -43.249130384103772, -22.860278086736621 ], [ -43.248217895221465, -22.864956920814347 ], [ -43.243135701766882, -22.866633433086843 ] ] ] } },
{ "type": "Feature", "properties": { "hex_id": "88a8a06265fffff", "nome": "Itanhangá", "codbairro": "127", "codra": 24, "rp": "Barra da Tijuca", "cod_rp": "4.2", "area_plane": "4", "ideb_bairro": "Itanhangá" }, "geometry": { "type": "Polygon", "coordinates": [ [ [ -43.295259014185625, -22.989427499110171 ], [ -43.29108845555902, -22.986431092634039 ], [ -43.2920007742918, -22.981758638955466 ], [ -43.297083578958372, -22.980082626422394 ], [ -43.301254105369452, -22.983079100799603 ], [ -43.300341859341252, -22.987751519797254 ], [ -43.295259014185625, -22.989427499110171 ] ] ] } },
{ "type": "Feature", "properties": { "hex_id": "88a8a02f29fffff", "nome": "Santa Cruz", "codbairro": "149", "codra": 19, "rp": "Santa Cruz", "cod_rp": "5.3", "area_plane": "5", "ideb_bairro": "Santa Cruz" }, "geometry": { "type": "Polygon", "coordinates": [ [ [ -43.692110346360948, -22.87984824469665 ], [ -43.68794006819747, -22.876858712166488 ], [ -43.688848988582052, -22.872178892352117 ], [ -43.693928112463297, -22.870488643619616 ], [ -43.698098352365101, -22.873478244720001 ], [ -43.697189506658951, -22.878158025971175 ], [ -43.692110346360948, -22.87984824469665 ] ] ] } },
{ "type": "Feature", "properties": { "hex_id": "88a8a062b9fffff", "nome": "Tanque", "codbairro": "123", "codra": 16, "rp": "Jacarepaguá", "cod_rp": "4.1", "area_plane": "4", "ideb_bairro": "Tanque" }, "geometry": { "type": "Polygon", "coordinates": [ [ [ -43.37044896846448, -22.920876109620302 ], [ -43.366278747309579, -22.917879256672489 ], [ -43.367190359833565, -22.91320280768867 ], [ -43.372272120454831, -22.911523247046883 ], [ -43.376442308252308, -22.914520167930064 ], [ -43.375530768797667, -22.919196581508135 ], [ -43.37044896846448, -22.920876109620302 ] ] ] } },
{ "type": "Feature", "properties": { "hex_id": "88a8a0630dfffff", "nome": "Alto da Boa Vista", "codbairro": "034", "codra": 8, "rp": "Tijuca", "cod_rp": "2.2", "area_plane": "2", "ideb_bairro": "Alto da Boa Vista" }, "geometry": { "type": "Polygon", "coordinates": [ [ [ -43.254987199878855, -22.976471125939653 ], [ -43.250816793320126, -22.973473149130385 ], [ -43.251729417536993, -22.968800156024503 ], [ -43.256812375826897, -22.967125174000639 ], [ -43.260982750787043, -22.970123218600158 ], [ -43.260070199067634, -22.974796177421737 ], [ -43.254987199878855, -22.976471125939653 ] ] ] } },
{ "type": "Feature", "properties": { "hex_id": "88a8a07427fffff", "nome": "Camorim", "codbairro": "129", "codra": 24, "rp": "Barra da Tijuca", "cod_rp": "4.2", "area_plane": "4", "ideb_bairro": "Camorim" }, "geometry": { "type": "Polygon", "coordinates": [ [ [ -43.43027183041405, -22.979822934292685 ], [ -43.426101140850712, -22.976829869300548 ], [ -43.427012352626129, -22.972156372973526 ], [ -43.43209418059142, -22.970475977628325 ], [ -43.436264835877232, -22.973469110796795 ], [ -43.435353697486995, -22.978142571122603 ], [ -43.43027183041405, -22.979822934292685 ] ] ] } },
{ "type": "Feature", "properties": { "hex_id": "88a8a0743dfffff", "nome": "Vargem Pequena", "codbairro": "130", "codra": 24, "rp": "Barra da Tijuca", "cod_rp": "4.2", "area_plane": "4", "ideb_bairro": "Vargem Pequena" }, "geometry": { "type": "Polygon", "coordinates": [ [ [ -43.448776951063763, -22.982447167471886 ], [ -43.444606221157372, -22.979454705763338 ], [ -43.445517286115454, -22.974781281529555 ], [ -43.450599007512444, -22.973100355175628 ], [ -43.454769702858393, -22.976092885105878 ], [ -43.453858711379475, -22.980766273156831 ], [ -43.448776951063763, -22.982447167471886 ] ] ] } },
{ "type": "Feature", "properties": { "hex_id": "88a8a06361fffff", "nome": "Alto da Boa Vista", "codbairro": "034", "codra": 8, "rp": "Tijuca", "cod_rp": "2.2", "area_plane": "2", "ideb_bairro": "Alto da Boa Vista" }, "geometry": { "type": "Polygon", "coordinates": [ [ [ -43.239737928699938, -22.981494840149061 ], [ -43.235567515398863, -22.978496630858803 ], [ -43.236480269367597, -22.973823971001508 ], [ -43.241563364227936, -22.972149554559017 ], [ -43.245733746163097, -22.975147831616205 ], [ -43.2448210646156, -22.979820457337404 ], [ -43.239737928699938, -22.981494840149061 ] ] ] } },
{ "type": "Feature", "properties": { "hex_id": "88a8a07491fffff", "nome": "Campo Grande", "codbairro": "144", "codra": 18, "rp": "Campo Grande", "cod_rp": "5.2", "area_plane": "5", "ideb_bairro": "Campo Grande" }, "geometry": { "type": "Polygon", "coordinates": [ [ [ -43.518477781976692, -22.941880563666935 ], [ -43.514307239988412, -22.938888529412626 ], [ -43.515217677761221, -22.934212657840625 ], [ -43.520298583712972, -22.932528857372901 ], [ -43.524469090081062, -22.935520959926698 ], [ -43.523558726129288, -22.940196794637234 ], [ -43.518477781976692, -22.941880563666935 ] ] ] } },
{ "type": "Feature", "properties": { "hex_id": "88a8a074e5fffff", "nome": "Vargem Grande", "codbairro": "131", "codra": 24, "rp": "Barra da Tijuca", "cod_rp": "4.2", "area_plane": "4", "ideb_bairro": "Vargem Grande" }, "geometry": { "type": "Polygon", "coordinates": [ [ [ -43.466754754590426, -22.963382331004333 ], [ -43.462584128637857, -22.960389664626643 ], [ -43.463495019698165, -22.955715143557807 ], [ -43.468576463157333, -22.954033325211753 ], [ -43.472747054276994, -22.957026059815131 ], [ -43.47183623678211, -22.961700544527357 ], [ -43.466754754590426, -22.963382331004333 ] ] ] } },
{ "type": "Feature", "properties": { "hex_id": "88a8a0280bfffff", "nome": "Cosmos", "codbairro": "147", "codra": 18, "rp": "Campo Grande", "cod_rp": "5.2", "area_plane": "5", "ideb_bairro": "Cosmos" }, "geometry": { "type": "Polygon", "coordinates": [ [ [ -43.613187937384417, -22.919211817034995 ], [ -43.609017456506848, -22.916221554938708 ], [ -43.609927084594972, -22.911544123607371 ], [ -43.615007119280421, -22.909856992150313 ], [ -43.619177563095178, -22.912847322713969 ], [ -43.618268009298951, -22.917524716255826 ], [ -43.613187937384417, -22.919211817034995 ] ] ] } },
{ "type": "Feature", "properties": { "hex_id": "88a8a0393bfffff", "nome": "Barra de Guaratiba", "codbairro": "152", "codra": 26, "rp": "Guaratiba", "cod_rp": "5.4", "area_plane": "5", "ideb_bairro": "Barra de Guaratiba" }, "geometry": { "type": "Polygon", "coordinates": [ [ [ -43.551612721960886, -23.040188911317557 ], [ -43.54744149905499, -23.037201395533504 ], [ -43.548351806810601, -23.032530715689091 ], [ -43.553433263473032, -23.030847588812442 ], [ -43.557604450241783, -23.033835173150607 ], [ -43.556694216496922, -23.038505815799809 ], [ -43.551612721960886, -23.040188911317557 ] ] ] } },
{ "type": "Feature", "properties": { "hex_id": "88a8a06409fffff", "nome": "Realengo", "codbairro": "139", "codra": 33, "rp": "Bangu", "cod_rp": "5.1", "area_plane": "5", "ideb_bairro": "Realengo" }, "geometry": { "type": "Polygon", "coordinates": [ [ [ -43.454868786475252, -22.853552772327678 ], [ -43.450698897209243, -22.850555772770644 ], [ -43.451609727308259, -22.845875382440941 ], [ -43.456690373204964, -22.844192027881704 ], [ -43.460860227831589, -22.847189095430743 ], [ -43.459949471212589, -22.851869449535499 ], [ -43.454868786475252, -22.853552772327678 ] ] ] } },
{ "type": "Feature", "properties": { "hex_id": "88a8a07539fffff", "nome": "Barra Olímpica", "codbairro": "165", "codra": 16, "rp": "Jacarepaguá", "cod_rp": "4.1", "area_plane": "4", "ideb_bairro": "Barra Olímpica" }, "geometry": { "type": "Polygon", "coordinates": [ [ [ -43.393261200559877, -22.974567662139364 ], [ -43.389090594295034, -22.971573391521783 ], [ -43.390002099140844, -22.966899752098076 ], [ -43.395084137066213, -22.965220418918349 ], [ -43.399254709619463, -22.968214757621706 ], [ -43.398343277970689, -22.972888361407477 ], [ -43.393261200559877, -22.974567662139364 ] ] ] } },
{ "type": "Feature", "properties": { "hex_id": "88a8a0645dfffff", "nome": "Bangu", "codbairro": "141", "codra": 17, "rp": "Bangu", "cod_rp": "5.1", "area_plane": "5", "ideb_bairro": "Bangu" }, "geometry": { "type": "Polygon", "coordinates": [ [ [ -43.467378602363084, -22.862542432914971 ], [ -43.463208639096131, -22.85954610244486 ], [ -43.464119380172171, -22.854866148606785 ], [ -43.469200010981737, -22.853182561576673 ], [ -43.473369939417346, -22.856178960083522 ], [ -43.472459271886457, -22.860858877572223 ], [ -43.467378602363084, -22.862542432914971 ] ] ] } },
{ "type": "Feature", "properties": { "hex_id": "88a8a0758dfffff", "nome": "Jacarepaguá", "codbairro": "115", "codra": 16, "rp": "Jacarepaguá", "cod_rp": "4.1", "area_plane": "4", "ideb_bairro": "Jacarepaguá" }, "geometry": { "type": "Polygon", "coordinates": [ [ [ -43.426486541904183, -22.95046581072366 ], [ -43.422316050445744, -22.947471568953564 ], [ -43.423227250771731, -22.942796501835534 ], [ -43.428308869208621, -22.941115712436172 ], [ -43.432479326450533, -22.944110022319585 ], [ -43.431568199483806, -22.948785053477526 ], [ -43.426486541904183, -22.95046581072366 ] ] ] } },
{ "type": "Feature", "properties": { "hex_id": "88a8a039e3fffff", "nome": "Guaratiba", "codbairro": "151", "codra": 26, "rp": "Guaratiba", "cod_rp": "5.4", "area_plane": "5", "ideb_bairro": "Guaratiba" }, "geometry": { "type": "Polygon", "coordinates": [ [ [ -43.569587448254794, -23.021125708778172 ], [ -43.565416334032548, -23.018137987326771 ], [ -43.566326466909473, -23.01346621081295 ], [ -43.571407639923635, -23.011782193108619 ], [ -43.575578717736548, -23.014769983119134 ], [ -43.57466865895632, -23.019441722263348 ], [ -43.569587448254794, -23.021125708778172 ] ] ] } },
{ "type": "Feature", "properties": { "hex_id": "88a8a075e1fffff", "nome": "Jacarepaguá", "codbairro": "115", "codra": 16, "rp": "Jacarepaguá", "cod_rp": "4.1", "area_plane": "4", "ideb_bairro": "Jacarepaguá" }, "geometry": { "type": "Polygon", "coordinates": [ [ [ -43.411241279463923, -22.955506956726037 ], [ -43.407070774606503, -22.95251248184746 ], [ -43.407982106072659, -22.947837744547375 ], [ -43.413063869124485, -22.946157517925656 ], [ -43.417234339997677, -22.949152060893642 ], [ -43.41632308181498, -22.95382676238242 ], [ -43.411241279463923, -22.955506956726037 ] ] ] } },
{ "type": "Feature", "properties": { "hex_id": "88a8a02907fffff", "nome": "Senador Vasconcelos", "codbairro": "145", "codra": 18, "rp": "Campo Grande", "cod_rp": "5.2", "area_plane": "5", "ideb_bairro": "Senador Vasconcelos" }, "geometry": { "type": "Polygon", "coordinates": [ [ [ -43.535921783141674, -22.901098140038208 ], [ -43.531751491596232, -22.898105092807871 ], [ -43.532661728021303, -22.893426961413596 ], [ -43.537742182104196, -22.891741914266529 ], [ -43.54191243776782, -22.894735029758305 ], [ -43.541002275242064, -22.899413124124212 ], [ -43.535921783141674, -22.901098140038208 ] ] ] } },
{ "type": "Feature", "properties": { "hex_id": "88a8a06505fffff", "nome": "Guadalupe", "codbairro": "106", "codra": 22, "rp": "Pavuna", "cod_rp": "3.6", "area_plane": "3", "ideb_bairro": "Guadalupe" }, "geometry": { "type": "Polygon", "coordinates": [ [ [ -43.377604546851366, -22.835345359724752 ], [ -43.373434877984934, -22.832345591559935 ], [ -43.374346309604782, -22.827664514862047 ], [ -43.379427337017006, -22.825983241778694 ], [ -43.383596972425742, -22.828983077731078 ], [ -43.382685613891688, -22.833664118967718 ], [ -43.377604546851366, -22.835345359724752 ] ] ] } },
{ "type": "Feature", "properties": { "hex_id": "88a8a07635fffff", "nome": "Recreio dos Bandeirantes", "codbairro": "132", "codra": 24, "rp": "Barra da Tijuca", "cod_rp": "4.2", "area_plane": "4", "ideb_bairro": "Recreio dos Bandeirantes" }, "geometry": { "type": "Polygon", "coordinates": [ [ [ -43.468336409571805, -23.02842626275239 ], [ -43.464165353313575, -23.025436022890144 ], [ -43.465076325055435, -23.020765012365818 ], [ -43.470158279478717, -23.019084278071951 ], [ -43.474329300872718, -23.022074586283512 ], [ -43.473418402719375, -23.026745560428097 ], [ -43.468336409571805, -23.02842626275239 ] ] ] } },
{ "type": "Feature", "properties": { "hex_id": "88a8a02f67fffff", "nome": "Santa Cruz", "codbairro": "149", "codra": 19, "rp": "Santa Cruz", "cod_rp": "5.3", "area_plane": "5", "ideb_bairro": "Santa Cruz" }, "geometry": { "type": "Polygon", "coordinates": [ [ [ -43.68612218474798, -22.886217588358679 ], [ -43.681951868413357, -22.883228124397281 ], [ -43.682860847457249, -22.878548667054631 ], [ -43.68794006819747, -22.876858712166488 ], [ -43.692110346360948, -22.87984824469665 ], [ -43.691201441966989, -22.884527663534708 ], [ -43.68612218474798, -22.886217588358679 ] ] ] } },
{ "type": "Feature", "properties": { "hex_id": "88a8a0295bfffff", "nome": "Campo Grande", "codbairro": "144", "codra": 18, "rp": "Campo Grande", "cod_rp": "5.2", "area_plane": "5", "ideb_bairro": "Campo Grande" }, "geometry": { "type": "Polygon", "coordinates": [ [ [ -43.570194937954334, -22.920357641818363 ], [ -43.56602448673403, -22.917366239818858 ], [ -43.566934469832731, -22.91268902213919 ], [ -43.572014830087213, -22.911003243814662 ], [ -43.576185244900493, -22.913994714187918 ], [ -43.575275335877976, -22.918671894500449 ], [ -43.570194937954334, -22.920357641818363 ] ] ] } },
{ "type": "Feature", "properties": { "hex_id": "88a8a06559fffff", "nome": "Vila Militar", "codbairro": "135", "codra": 33, "rp": "Bangu", "cod_rp": "5.1", "area_plane": "5", "ideb_bairro": "Vila Militar" }, "geometry": { "type": "Polygon", "coordinates": [ [ [ -43.411873979025714, -22.854655724046406 ], [ -43.40770413672665, -22.851657591234034 ], [ -43.408615318087477, -22.846977421215644 ], [ -43.413696268495762, -22.845295419800053 ], [ -43.417866076811755, -22.848293620512131 ], [ -43.416954968714258, -22.852973754728584 ], [ -43.411873979025714, -22.854655724046406 ] ] ] } },
{ "type": "Feature", "properties": { "hex_id": "88a8a07689fffff", "nome": "Recreio dos Bandeirantes", "codbairro": "132", "codra": 24, "rp": "Barra da Tijuca", "cod_rp": "4.2", "area_plane": "4", "ideb_bairro": "Recreio dos Bandeirantes" }, "geometry": { "type": "Polygon", "coordinates": [ [ [ -43.523325148766688, -23.01460002119854 ], [ -43.5191541228278, -23.011610785935172 ], [ -43.520064625485404, -23.006938823933226 ], [ -43.525146080231188, -23.005256134099408 ], [ -43.529317070467698, -23.008245437807659 ], [ -43.528406641672483, -23.012917362893333 ], [ -43.523325148766688, -23.01460002119854 ] ] ] } },
{ "type": "Feature", "properties": { "hex_id": "88a8a06e1bfffff", "nome": "Pavuna", "codbairro": "114", "codra": 25, "rp": "Pavuna", "cod_rp": "3.6", "area_plane": "3", "ideb_bairro": "Pavuna" }, "geometry": { "type": "Polygon", "coordinates": [ [ [ -43.352586918112387, -22.817343415920995 ], [ -43.348417403337294, -22.814342314147432 ], [ -43.34932901163868, -22.809660367563815 ], [ -43.354410061771688, -22.807979557953743 ], [ -43.358579543473049, -22.810980727425441 ], [ -43.357668008126872, -22.815662638797576 ], [ -43.352586918112387, -22.817343415920995 ] ] ] } },
{ "type": "Feature", "properties": { "hex_id": "88a8a076ddfffff", "nome": "Barra de Guaratiba", "codbairro": "152", "codra": 26, "rp": "Guaratiba", "cod_rp": "5.4", "area_plane": "5", "ideb_bairro": "Barra de Guaratiba" }, "geometry": { "type": "Polygon", "coordinates": [ [ [ -43.53583837039325, -23.023566379515437 ], [ -43.53166727259341, -23.020577818033132 ], [ -43.532577685703487, -23.015906295549449 ], [ -43.537659122697626, -23.014223371576087 ], [ -43.541830184603036, -23.017212001547318 ], [ -43.540919845420433, -23.021883486991449 ], [ -43.53583837039325, -23.023566379515437 ] ] ] } },
{ "type": "Feature", "properties": { "hex_id": "88a8a02a03fffff", "nome": "Guaratiba", "codbairro": "151", "codra": 26, "rp": "Guaratiba", "cod_rp": "5.4", "area_plane": "5", "ideb_bairro": "Guaratiba" }, "geometry": { "type": "Polygon", "coordinates": [ [ [ -43.63275450085618, -22.96520175430571 ], [ -43.628583701851333, -22.962213718551663 ], [ -43.629493234808585, -22.957538697269815 ], [ -43.634573492381435, -22.955851749715311 ], [ -43.638744254019599, -22.958839854066099 ], [ -43.637834795463249, -22.963514837363167 ], [ -43.63275450085618, -22.96520175430571 ] ] ] } },
{ "type": "Feature", "properties": { "hex_id": "88a8a06601fffff", "nome": "Bangu", "codbairro": "141", "codra": 17, "rp": "Bangu", "cod_rp": "5.1", "area_plane": "5", "ideb_bairro": "Bangu" }, "geometry": { "type": "Polygon", "coordinates": [ [ [ -43.474424608892242, -22.899600960017157 ], [ -43.470254393709034, -22.896606173307088 ], [ -43.471165130558049, -22.891928186057839 ], [ -43.476246009012684, -22.890245021930884 ], [ -43.480416189252892, -22.893239876763737 ], [ -43.479505525993162, -22.897917827589236 ], [ -43.474424608892242, -22.899600960017157 ] ] ] } },
{ "type": "Feature", "properties": { "hex_id": "88a8a062a3fffff", "nome": "Tanque", "codbairro": "123", "codra": 16, "rp": "Jacarepaguá", "cod_rp": "4.1", "area_plane": "4", "ideb_bairro": "Tanque" }, "geometry": { "type": "Polygon", "coordinates": [ [ [ -43.351944793870061, -22.918240363952002 ], [ -43.347774616736949, -22.915242910084729 ], [ -43.34868637525836, -22.91056639056249 ], [ -43.35376823794946, -22.908887360119682 ], [ -43.357938382008136, -22.911884881877089 ], [ -43.35702669646188, -22.916561366175632 ], [ -43.351944793870061, -22.918240363952002 ] ] ] } },
{ "type": "Feature", "properties": { "hex_id": "88a8a02195fffff", "nome": "Santa Cruz", "codbairro": "149", "codra": 19, "rp": "Santa Cruz", "cod_rp": "5.3", "area_plane": "5", "ideb_bairro": "Santa Cruz" }, "geometry": { "type": "Polygon", "coordinates": [ [ [ -43.745417455832438, -22.923369237089368 ], [ -43.741246862179764, -22.920382772892054 ], [ -43.742155403187482, -22.915705114520538 ], [ -43.747234462903961, -22.914013959424246 ], [ -43.751405017477076, -22.917000492393758 ], [ -43.750496551424874, -22.921678111675888 ], [ -43.745417455832438, -22.923369237089368 ] ] ] } },
{ "type": "Feature", "properties": { "hex_id": "88a8a07731fffff", "nome": "Barra da Tijuca", "codbairro": "128", "codra": 24, "rp": "Barra da Tijuca", "cod_rp": "4.2", "area_plane": "4", "ideb_bairro": "Barra da Tijuca" }, "geometry": { "type": "Polygon", "coordinates": [ [ [ -43.412817285199957, -23.020558918894057 ], [ -43.408646349838797, -23.017566866487201 ], [ -43.409557762124784, -23.012895639587978 ], [ -43.414640036477188, -23.011216500919915 ], [ -43.418810937823068, -23.014208621540277 ], [ -43.41789959884354, -23.018879812603661 ], [ -43.412817285199957, -23.020558918894057 ] ] ] } },
{ "type": "Feature", "properties": { "hex_id": "88a8a02a57fffff", "nome": "Guaratiba", "codbairro": "151", "codra": 26, "rp": "Guaratiba", "cod_rp": "5.4", "area_plane": "5", "ideb_bairro": "Guaratiba" }, "geometry": { "type": "Polygon", "coordinates": [ [ [ -43.645267034696161, -22.97416451275884 ], [ -43.641096167322615, -22.971177151453634 ], [ -43.642005609981972, -22.966502570251969 ], [ -43.647085845560703, -22.964815388452024 ], [ -43.651256675375613, -22.967802818398486 ], [ -43.650347307182074, -22.972477361492142 ], [ -43.645267034696161, -22.97416451275884 ] ] ] } },
{ "type": "Feature", "properties": { "hex_id": "88a8a06655fffff", "nome": "Senador Camará", "codbairro": "142", "codra": 17, "rp": "Bangu", "cod_rp": "5.1", "area_plane": "5", "ideb_bairro": "Senador Camará" }, "geometry": { "type": "Polygon", "coordinates": [ [ [ -43.486935401309537, -22.908583979368633 ], [ -43.482765112736459, -22.905589863092793 ], [ -43.483675760412616, -22.900912313205041 ], [ -43.48875662301915, -22.899228916129466 ], [ -43.492926876457268, -22.902223100572641 ], [ -43.492016302435516, -22.906900613912548 ], [ -43.486935401309537, -22.908583979368633 ] ] ] } },
{ "type": "Feature", "properties": { "hex_id": "88a8a021e9fffff", "nome": "Santa Cruz", "codbairro": "149", "codra": 19, "rp": "Santa Cruz", "cod_rp": "5.3", "area_plane": "5", "ideb_bairro": "Santa Cruz" }, "geometry": { "type": "Polygon", "coordinates": [ [ [ -43.715477298578861, -22.95520310856892 ], [ -43.711306510885748, -22.952216988207422 ], [ -43.71221534587314, -22.947541144364536 ], [ -43.717294893752033, -22.945851459667818 ], [ -43.721465642818067, -22.948837648793074 ], [ -43.720556882643898, -22.953513453839808 ], [ -43.715477298578861, -22.95520310856892 ] ] ] } },
{ "type": "Feature", "properties": { "hex_id": "88a8a02aabfffff", "nome": "Santa Cruz", "codbairro": "149", "codra": 19, "rp": "Santa Cruz", "cod_rp": "5.3", "area_plane": "5", "ideb_bairro": "Santa Cruz" }, "geometry": { "type": "Polygon", "coordinates": [ [ [ -43.65617904691814, -22.91805445227757 ], [ -43.652008541085934, -22.915065331137832 ], [ -43.652917813169502, -22.910387688214808 ], [ -43.657997516589603, -22.908699204631954 ], [ -43.66216798470343, -22.911688394333037 ], [ -43.661258787127188, -22.916365999044146 ], [ -43.65617904691814, -22.91805445227757 ] ] ] } },
{ "type": "Feature", "properties": { "hex_id": "88a8a066a9fffff", "nome": "Bangu", "codbairro": "141", "codra": 17, "rp": "Bangu", "cod_rp": "5.1", "area_plane": "5", "ideb_bairro": "Bangu" }, "geometry": { "type": "Polygon", "coordinates": [ [ [ -43.497861882293023, -22.852438300405538 ], [ -43.493691950762866, -22.849442435179682 ], [ -43.49460242860156, -22.844761826600042 ], [ -43.499682764285687, -22.843077119882835 ], [ -43.503852660520337, -22.846073053193372 ], [ -43.502942256378049, -22.850753625124934 ], [ -43.497861882293023, -22.852438300405538 ] ] ] } },
{ "type": "Feature", "properties": { "hex_id": "88a8a02b53fffff", "nome": "Guaratiba", "codbairro": "151", "codra": 26, "rp": "Guaratiba", "cod_rp": "5.4", "area_plane": "5", "ideb_bairro": "Guaratiba" }, "geometry": { "type": "Polygon", "coordinates": [ [ [ -43.589759199128572, -22.966353145684327 ], [ -43.585588427644872, -22.963363967744694 ], [ -43.5864983161174, -22.958689159802073 ], [ -43.591578901900021, -22.957003567350682 ], [ -43.595749636672863, -22.95999281379336 ], [ -43.594839822385616, -22.964667584172897 ], [ -43.589759199128572, -22.966353145684327 ] ] ] } },
{ "type": "Feature", "properties": { "hex_id": "88a8a06751fffff", "nome": "Realengo", "codbairro": "139", "codra": 33, "rp": "Bangu", "cod_rp": "5.1", "area_plane": "5", "ideb_bairro": "Realengo" }, "geometry": { "type": "Polygon", "coordinates": [ [ [ -43.431427417762194, -22.900709398611241 ], [ -43.427257247413579, -22.897713476339579 ], [ -43.428168336030339, -22.893035709077285 ], [ -43.43324952163475, -22.891353900076528 ], [ -43.437419657696772, -22.89434989037861 ], [ -43.436508642452679, -22.899027621639508 ], [ -43.431427417762194, -22.900709398611241 ] ] ] } },
{ "type": "Feature", "properties": { "hex_id": "88a8a07881fffff", "nome": "Humaitá", "codbairro": "021", "codra": 4, "rp": "Zona Sul", "cod_rp": "2.1", "area_plane": "2", "ideb_bairro": "Humaitá" }, "geometry": { "type": "Polygon", "coordinates": [ [ [ -43.196208943697897, -22.960849892997537 ], [ -43.192038744682698, -22.95784974849353 ], [ -43.192951817913006, -22.953176150290428 ], [ -43.198035017974803, -22.951502730285352 ], [ -43.202205186291721, -22.954502942424451 ], [ -43.201292185256918, -22.959176506921974 ], [ -43.196208943697897, -22.960849892997537 ] ] ] } },
{ "type": "Feature", "properties": { "hex_id": "88a8a078d5fffff", "nome": "Lagoa", "codbairro": "027", "codra": 6, "rp": "Zona Sul", "cod_rp": "2.1", "area_plane": "2", "ideb_bairro": "Lagoa" }, "geometry": { "type": "Polygon", "coordinates": [ [ [ -43.208719705329017, -22.969848992095617 ], [ -43.204549424064972, -22.966849514843911 ], [ -43.20546241006015, -22.962176351679169 ], [ -43.210545605070045, -22.960502699584648 ], [ -43.214715855443629, -22.963502244515073 ], [ -43.213802941709559, -22.968175373849757 ], [ -43.208719705329017, -22.969848992095617 ] ] ] } },
{ "type": "Feature", "properties": { "hex_id": "88a8a070bbfffff", "nome": "Barra da Tijuca", "codbairro": "128", "codra": 24, "rp": "Barra da Tijuca", "cod_rp": "4.2", "area_plane": "4", "ideb_bairro": "Barra da Tijuca" }, "geometry": { "type": "Polygon", "coordinates": [ [ [ -43.357297016192696, -23.012671129059633 ], [ -43.353126209567307, -23.009677266930574 ], [ -43.354038060703708, -23.005005826920556 ], [ -43.359120645453253, -23.00332828431981 ], [ -43.363291418912539, -23.006322214527138 ], [ -43.362379640800143, -23.010993619245419 ], [ -43.357297016192696, -23.012671129059633 ] ] ] } },
{ "type": "Feature", "properties": { "hex_id": "88a8a06033fffff", "nome": "Piedade", "codbairro": "069", "codra": 13, "rp": "Méier", "cod_rp": "3.2", "area_plane": "3", "ideb_bairro": "Piedade" }, "geometry": { "type": "Polygon", "coordinates": [ [ [ -43.308420102957129, -22.897610688838508 ], [ -43.304250127654349, -22.894611298604442 ], [ -43.305162208090479, -22.889933837770254 ], [ -43.310244191090973, -22.888255801951157 ], [ -43.314414133986453, -22.891255259941776 ], [ -43.313502126300492, -22.895932685983396 ], [ -43.308420102957129, -22.897610688838508 ] ] ] } },
{ "type": "Feature", "properties": { "hex_id": "88a8a06087fffff", "nome": "Madureira", "codbairro": "083", "codra": 15, "rp": "Madureira", "cod_rp": "3.3", "area_plane": "3", "ideb_bairro": "Madureira" }, "geometry": { "type": "Polygon", "coordinates": [ [ [ -43.3416468718221, -22.873505159897885 ], [ -43.337477004117609, -22.870505798441251 ], [ -43.338388781585735, -22.865826910499827 ], [ -43.343470353857299, -22.864147419117973 ], [ -43.347640188649315, -22.867146848357219 ], [ -43.34672848409398, -22.871825701184179 ], [ -43.3416468718221, -22.873505159897885 ] ] ] } },
{ "type": "Feature", "properties": { "hex_id": "88a8a071b7fffff", "nome": "São Conrado", "codbairro": "031", "codra": 6, "rp": "Zona Sul", "cod_rp": "2.1", "area_plane": "2", "ideb_bairro": "São Conrado" }, "geometry": { "type": "Polygon", "coordinates": [ [ [ -43.280010201309523, -22.994454306184213 ], [ -43.275839634376659, -22.991457666918059 ], [ -43.276752083195809, -22.98678554593948 ], [ -43.281835026331144, -22.985110098748169 ], [ -43.286005561281087, -22.988106805891892 ], [ -43.285093185090389, -22.99277889233781 ], [ -43.280010201309523, -22.994454306184213 ] ] ] } },
{ "type": "Feature", "properties": { "hex_id": "88a8a060dbfffff", "nome": "Jardim Sulacap", "codbairro": "137", "codra": 33, "rp": "Bangu", "cod_rp": "5.1", "area_plane": "5", "ideb_bairro": "Jardim Sulacap" }, "geometry": { "type": "Polygon", "coordinates": [ [ [ -43.375918255099521, -22.892814456482217 ], [ -43.371748210809585, -22.889816731048484 ], [ -43.372659738675075, -22.885138749691098 ], [ -43.377741237751707, -22.883458529210646 ], [ -43.381911248603629, -22.886456322538432 ], [ -43.380999793828664, -22.89113426844111 ], [ -43.375918255099521, -22.892814456482217 ] ] ] } },
{ "type": "Feature", "properties": { "hex_id": "88a8a06183fffff", "nome": "Inhaúma", "codbairro": "054", "codra": 12, "rp": "Inhaúma", "cod_rp": "3.4", "area_plane": "3", "ideb_bairro": "Inhaúma" }, "geometry": { "type": "Polygon", "coordinates": [ [ [ -43.28613728518404, -22.865575687466457 ], [ -43.281967556202311, -22.862574528350017 ], [ -43.282879770157464, -22.857895431637296 ], [ -43.287961640476162, -22.856217528596627 ], [ -43.292131337394359, -22.859218755360121 ], [ -43.29121919606915, -22.863897817505677 ], [ -43.28613728518404, -22.865575687466457 ] ] ] } },
{ "type": "Feature", "properties": { "hex_id": "88a8a02e47fffff", "nome": "Santa Cruz", "codbairro": "149", "codra": 19, "rp": "Santa Cruz", "cod_rp": "5.3", "area_plane": "5", "ideb_bairro": "Santa Cruz" }, "geometry": { "type": "Polygon", "coordinates": [ [ [ -43.772628959761434, -22.905555396028944 ], [ -43.768458471181425, -22.902569028657517 ], [ -43.769366760555577, -22.89789032248239 ], [ -43.774445463433992, -22.896198023023846 ], [ -43.77861591252195, -22.89918445919584 ], [ -43.777707698235147, -22.903863126014354 ], [ -43.772628959761434, -22.905555396028944 ] ] ] } },
{ "type": "Feature", "properties": { "hex_id": "88a8a061d7fffff", "nome": "Tomás Coelho", "codbairro": "056", "codra": 12, "rp": "Inhaúma", "cod_rp": "3.4", "area_plane": "3", "ideb_bairro": "Tomás Coelho" }, "geometry": { "type": "Polygon", "coordinates": [ [ [ -43.298646630950813, -22.874577831720707 ], [ -43.294476822602206, -22.871577339197152 ], [ -43.295388948715299, -22.866898677211228 ], [ -43.300470810493373, -22.865220542429295 ], [ -43.304640586586366, -22.868221102644238 ], [ -43.303728533168659, -22.872899729938194 ], [ -43.298646630950813, -22.874577831720707 ] ] ] } },
{ "type": "Feature", "properties": { "hex_id": "88a8a06a99fffff", "nome": "Maré", "codbairro": "157", "codra": 30, "rp": "Ramos", "cod_rp": "3.1", "area_plane": "3", "ideb_bairro": "Maré" }, "geometry": { "type": "Polygon", "coordinates": [ [ [ -43.239878599506682, -22.858952276459316 ], [ -43.23570899211073, -22.855949621486531 ], [ -43.236621568507765, -22.851270353306575 ], [ -43.241703679918579, -22.849593774198812 ], [ -43.2458732559586, -22.852596496706152 ], [ -43.24496075195551, -22.857275730775164 ], [ -43.239878599506682, -22.858952276459316 ] ] ] } },
{ "type": "Feature", "properties": { "hex_id": "88a8a0622bfffff", "nome": "Jacarepaguá", "codbairro": "115", "codra": 16, "rp": "Jacarepaguá", "cod_rp": "4.1", "area_plane": "4", "ideb_bairro": "Jacarepaguá" }, "geometry": { "type": "Polygon", "coordinates": [ [ [ -43.313243845752879, -22.970380305744264 ], [ -43.309073384045803, -22.96738369556164 ], [ -43.309985530300246, -22.962710140996506 ], [ -43.315068065482222, -22.961033231455961 ], [ -43.319238494700841, -22.964029909542923 ], [ -43.318326421237693, -22.968703429254539 ], [ -43.313243845752879, -22.970380305744264 ] ] ] } },
{ "type": "Feature", "properties": { "hex_id": "88a8a02f43fffff", "nome": "Santa Cruz", "codbairro": "149", "codra": 19, "rp": "Santa Cruz", "cod_rp": "5.3", "area_plane": "5", "ideb_bairro": "Santa Cruz" }, "geometry": { "type": "Polygon", "coordinates": [ [ [ -43.71713247996172, -22.897780724673094 ], [ -43.712962069269757, -22.894792539566211 ], [ -43.713870808190293, -22.890113599163335 ], [ -43.718949883006459, -22.888422882666188 ], [ -43.723120255053132, -22.891411136433486 ], [ -43.722211590940539, -22.896090038026045 ], [ -43.71713247996172, -22.897780724673094 ] ] ] } },
{ "type": "Feature", "properties": { "hex_id": "88a8a062d3fffff", "nome": "Jacarepaguá", "codbairro": "115", "codra": 16, "rp": "Jacarepaguá", "cod_rp": "4.1", "area_plane": "4", "ideb_bairro": "Jacarepaguá" }, "geometry": { "type": "Polygon", "coordinates": [ [ [ -43.395470831683468, -22.938852542170658 ], [ -43.391300457522732, -22.935857028058361 ], [ -43.392211893056675, -22.931181452284729 ], [ -43.397293629563144, -22.929501426266022 ], [ -43.401463969982331, -22.932497008402084 ], [ -43.400552607648329, -22.937172548521563 ], [ -43.395470831683468, -22.938852542170658 ] ] ] } },
{ "type": "Feature", "properties": { "hex_id": "88a8a07403fffff", "nome": "Vargem Pequena", "codbairro": "130", "codra": 24, "rp": "Barra da Tijuca", "cod_rp": "4.2", "area_plane": "4", "ideb_bairro": "Vargem Pequena" }, "geometry": { "type": "Polygon", "coordinates": [ [ [ -43.461289289320398, -22.991423208961791 ], [ -43.457118485189248, -22.98843141911582 ], [ -43.458029461130828, -22.983758433106097 ], [ -43.463111167670917, -22.982077273237305 ], [ -43.467281937049535, -22.985069131349032 ], [ -43.466371034652326, -22.989742081052274 ], [ -43.461289289320398, -22.991423208961791 ] ] ] } },
{ "type": "Feature", "properties": { "hex_id": "88a8a06327fffff", "nome": "Alto da Boa Vista", "codbairro": "034", "codra": 8, "rp": "Tijuca", "cod_rp": "2.2", "area_plane": "2", "ideb_bairro": "Alto da Boa Vista" }, "geometry": { "type": "Polygon", "coordinates": [ [ [ -43.235960904185646, -22.952131610638869 ], [ -43.231790690796778, -22.949132230210346 ], [ -43.232703432781832, -22.944457998844175 ], [ -43.237786315772198, -22.942783181987963 ], [ -43.241956497855803, -22.945782630120227 ], [ -43.2410438282661, -22.95045682739341 ], [ -43.235960904185646, -22.952131610638869 ] ] ] } },
{ "type": "Feature", "properties": { "hex_id": "88a8a07457fffff", "nome": "Recreio dos Bandeirantes", "codbairro": "132", "codra": 24, "rp": "Barra da Tijuca", "cod_rp": "4.2", "area_plane": "4", "ideb_bairro": "Recreio dos Bandeirantes" }, "geometry": { "type": "Polygon", "coordinates": [ [ [ -43.473801849459662, -23.000397234059488 ], [ -43.469630971499591, -22.997406116478292 ], [ -43.470541858334492, -22.992733568959817 ], [ -43.475623549531605, -22.991052175441087 ], [ -43.479794392547078, -22.994043361332089 ], [ -43.478883579321732, -22.998715872420501 ], [ -43.473801849459662, -23.000397234059488 ] ] ] } },
{ "type": "Feature", "properties": { "hex_id": "88a8a074abfffff", "nome": "Vargem Grande", "codbairro": "131", "codra": 24, "rp": "Barra da Tijuca", "cod_rp": "4.2", "area_plane": "4", "ideb_bairro": "Vargem Grande" }, "geometry": { "type": "Polygon", "coordinates": [ [ [ -43.484731200664314, -22.944311530526932 ], [ -43.480560679482849, -22.941318659468212 ], [ -43.481471396489724, -22.936643042788621 ], [ -43.486552561038152, -22.934960333686846 ], [ -43.490723047114336, -22.937953272975193 ], [ -43.489812403759061, -22.942628853124177 ], [ -43.484731200664314, -22.944311530526932 ] ] ] } },
{ "type": "Feature", "properties": { "hex_id": "88a8a03901fffff", "nome": "Grumari", "codbairro": "133", "codra": 24, "rp": "Barra da Tijuca", "cod_rp": "4.2", "area_plane": "4", "ideb_bairro": "Grumari" }, "geometry": { "type": "Polygon", "coordinates": [ [ [ -43.542889747546603, -23.060550950181234 ], [ -43.538718398921922, -23.057563943181094 ], [ -43.53962880747634, -23.052894398247961 ], [ -43.544710490695515, -23.051211897414998 ], [ -43.548881803313918, -23.054198972986939 ], [ -43.547971468731113, -23.058868480808535 ], [ -43.542889747546603, -23.060550950181234 ] ] ] } },
{ "type": "Feature", "properties": { "hex_id": "88a8a02825fffff", "nome": "Campo Grande", "codbairro": "144", "codra": 18, "rp": "Campo Grande", "cod_rp": "5.2", "area_plane": "5", "ideb_bairro": "Campo Grande" }, "geometry": { "type": "Polygon", "coordinates": [ [ [ -43.572924754875253, -22.906325662235556 ], [ -43.568754393478478, -22.903333821635112 ], [ -43.569664334025276, -22.898655838900787 ], [ -43.574744561893908, -22.896969734148069 ], [ -43.57891488684362, -22.89996164310196 ], [ -43.578005020383443, -22.904639588443629 ], [ -43.572924754875253, -22.906325662235556 ] ] ] } },
{ "type": "Feature", "properties": { "hex_id": "88a8a03955fffff", "nome": "Grumari", "codbairro": "133", "codra": 24, "rp": "Barra da Tijuca", "cod_rp": "4.2", "area_plane": "4", "ideb_bairro": "Grumari" }, "geometry": { "type": "Polygon", "coordinates": [ [ [ -43.555403936006485, -23.069510621047773 ], [ -43.551232516132906, -23.066524289158878 ], [ -43.552142834989944, -23.061855184599555 ], [ -43.557224499695565, -23.060172449152056 ], [ -43.561395883370764, -23.063158849656588 ], [ -43.560485638550404, -23.067827916981464 ], [ -43.555403936006485, -23.069510621047773 ] ] ] } },
{ "type": "Feature", "properties": { "hex_id": "88a8a07553fffff", "nome": "Barra Olímpica", "codbairro": "165", "codra": 16, "rp": "Jacarepaguá", "cod_rp": "4.1", "area_plane": "4", "ideb_bairro": "Barra Olímpica" }, "geometry": { "type": "Polygon", "coordinates": [ [ [ -43.418285369451795, -22.992528589719761 ], [ -43.414114611605996, -22.98953566107636 ], [ -43.415025939111551, -22.984862896883197 ], [ -43.42010795114706, -22.983183097207458 ], [ -43.424278674897067, -22.986176094024568 ], [ -43.423367420719096, -22.990848822332172 ], [ -43.418285369451795, -22.992528589719761 ] ] ] } },
{ "type": "Feature", "properties": { "hex_id": "88a8a039a9fffff", "nome": "Guaratiba", "codbairro": "151", "codra": 26, "rp": "Guaratiba", "cod_rp": "5.4", "area_plane": "5", "ideb_bairro": "Guaratiba" }, "geometry": { "type": "Polygon", "coordinates": [ [ [ -43.566326466909473, -23.01346621081295 ], [ -43.562155406176402, -23.010478117907908 ], [ -43.563065554804481, -23.005805938772177 ], [ -43.568146690098821, -23.00412188986709 ], [ -43.572317714473215, -23.007110051309997 ], [ -43.571407639923635, -23.011782193108619 ], [ -43.566326466909473, -23.01346621081295 ] ] ] } },
{ "type": "Feature", "properties": { "hex_id": "88a8a075a7fffff", "nome": "Jacarepaguá", "codbairro": "115", "codra": 16, "rp": "Jacarepaguá", "cod_rp": "4.1", "area_plane": "4", "ideb_bairro": "Jacarepaguá" }, "geometry": { "type": "Polygon", "coordinates": [ [ [ -43.407456958867606, -22.92614081153911 ], [ -43.403286652280833, -22.923145161378137 ], [ -43.404197972245065, -22.918468854563457 ], [ -43.409279525550232, -22.916788233668036 ], [ -43.413449798213733, -22.919783951855024 ], [ -43.412538551507055, -22.924460222899882 ], [ -43.407456958867606, -22.92614081153911 ] ] ] } },
{ "type": "Feature", "properties": { "hex_id": "88a8a028cdfffff", "nome": "Paciência", "codbairro": "148", "codra": 19, "rp": "Santa Cruz", "cod_rp": "5.3", "area_plane": "5", "ideb_bairro": "Paciência" }, "geometry": { "type": "Polygon", "coordinates": [ [ [ -43.640406521961758, -22.901418538517209 ], [ -43.636236136996189, -22.898428373208287 ], [ -43.637145515328385, -22.893749889665045 ], [ -43.642225204213446, -22.892061609475039 ], [ -43.646395551703129, -22.895051843278743 ], [ -43.645486247795262, -22.899730288766211 ], [ -43.640406521961758, -22.901418538517209 ] ] ] } },
{ "type": "Feature", "properties": { "hex_id": "88a8a064cbfffff", "nome": "Bangu", "codbairro": "141", "codra": 17, "rp": "Bangu", "cod_rp": "5.1", "area_plane": "5", "ideb_bairro": "Bangu" }, "geometry": { "type": "Polygon", "coordinates": [ [ [ -43.50332435840059, -22.824351704353745 ], [ -43.499154605482872, -22.821354965647906 ], [ -43.500064998395814, -22.816672830163835 ], [ -43.505145070520769, -22.81498747007225 ], [ -43.509314788062753, -22.817984276820887 ], [ -43.508404468867198, -22.822666375606808 ], [ -43.50332435840059, -22.824351704353745 ] ] ] } },
{ "type": "Feature", "properties": { "hex_id": "88a8a02921fffff", "nome": "Senador Vasconcelos", "codbairro": "145", "codra": 18, "rp": "Campo Grande", "cod_rp": "5.2", "area_plane": "5", "ideb_bairro": "Senador Vasconcelos" }, "geometry": { "type": "Polygon", "coordinates": [ [ [ -43.517420066160533, -22.898480982423106 ], [ -43.513249810846403, -22.895487332345777 ], [ -43.514160194929516, -22.890809127167977 ], [ -43.519240760532867, -22.889124608902236 ], [ -43.523410980247853, -22.892118327195114 ], [ -43.522500669970313, -22.896796495526697 ], [ -43.517420066160533, -22.898480982423106 ] ] ] } },
{ "type": "Feature", "properties": { "hex_id": "88a8a076a3fffff", "nome": "Vargem Grande", "codbairro": "131", "codra": 24, "rp": "Barra da Tijuca", "cod_rp": "4.2", "area_plane": "4", "ideb_bairro": "Vargem Grande" }, "geometry": { "type": "Polygon", "coordinates": [ [ [ -43.504291489593257, -22.99030624909792 ], [ -43.500120643882575, -22.987315599117387 ], [ -43.501031267261205, -22.98264239334242 ], [ -43.50611266260136, -22.980959874264002 ], [ -43.510283472903005, -22.983950592602746 ], [ -43.509372923285234, -22.988623761650182 ], [ -43.504291489593257, -22.99030624909792 ] ] ] } },
{ "type": "Feature", "properties": { "hex_id": "88a8a02107fffff", "nome": "Sepetiba", "codbairro": "150", "codra": 19, "rp": "Santa Cruz", "cod_rp": "5.3", "area_plane": "5", "ideb_bairro": "Sepetiba" }, "geometry": { "type": "Polygon", "coordinates": [ [ [ -43.688260489988387, -22.972998131723202 ], [ -43.684089601165233, -22.970011914315847 ], [ -43.684998687016325, -22.965337122305009 ], [ -43.690078587021112, -22.963648586219723 ], [ -43.694249437630056, -22.96663487236253 ], [ -43.693340426460047, -22.971309625843684 ], [ -43.688260489988387, -22.972998131723202 ] ] ] } },
{ "type": "Feature", "properties": { "hex_id": "88a8a029c9fffff", "nome": "Campo Grande", "codbairro": "144", "codra": 18, "rp": "Campo Grande", "cod_rp": "5.2", "area_plane": "5", "ideb_bairro": "Campo Grande" }, "geometry": { "type": "Polygon", "coordinates": [ [ [ -43.584904865612756, -22.893596965013579 ], [ -43.580734577200751, -22.890604987704929 ], [ -43.581644401097456, -22.885926277739777 ], [ -43.586724439273958, -22.884239582581049 ], [ -43.590894691057599, -22.887231628245789 ], [ -43.589984941304756, -22.891910300701674 ], [ -43.584904865612756, -22.893596965013579 ] ] ] } },
{ "type": "Feature", "properties": { "hex_id": "88a8a02a1dfffff", "nome": "Guaratiba", "codbairro": "151", "codra": 26, "rp": "Guaratiba", "cod_rp": "5.4", "area_plane": "5", "ideb_bairro": "Guaratiba" }, "geometry": { "type": "Polygon", "coordinates": [ [ [ -43.642005609981972, -22.966502570251969 ], [ -43.637834795463249, -22.963514837363167 ], [ -43.638744254019599, -22.958839854066099 ], [ -43.643824452658663, -22.95715264172194 ], [ -43.647995229669405, -22.960140443230554 ], [ -43.647085845560703, -22.964815388452024 ], [ -43.642005609981972, -22.966502570251969 ] ] ] } },
{ "type": "Feature", "properties": { "hex_id": "88a8a0661bfffff", "nome": "Santíssimo", "codbairro": "143", "codra": 18, "rp": "Campo Grande", "cod_rp": "5.2", "area_plane": "5", "ideb_bairro": "Santíssimo" }, "geometry": { "type": "Polygon", "coordinates": [ [ [ -43.504909372548397, -22.889499361397416 ], [ -43.500739189652478, -22.886505040616047 ], [ -43.501649663118961, -22.881826397869631 ], [ -43.506730245752529, -22.880142112615221 ], [ -43.510900393241236, -22.883136501567471 ], [ -43.509989993515262, -22.887815107591742 ], [ -43.504909372548397, -22.889499361397416 ] ] ] } },
{ "type": "Feature", "properties": { "hex_id": "88a8a02ac5fffff", "nome": "Santa Cruz", "codbairro": "149", "codra": 19, "rp": "Santa Cruz", "cod_rp": "5.3", "area_plane": "5", "ideb_bairro": "Santa Cruz" }, "geometry": { "type": "Polygon", "coordinates": [ [ [ -43.659974004802457, -22.947414211852958 ], [ -43.65580330307948, -22.944426273099882 ], [ -43.656712585966609, -22.939750198388367 ], [ -43.661792496055085, -22.938062100669313 ], [ -43.665963159998299, -22.941050108047012 ], [ -43.665053951644445, -22.945726144507656 ], [ -43.659974004802457, -22.947414211852958 ] ] ] } },
{ "type": "Feature", "properties": { "hex_id": "88a8a066c3fffff", "nome": "Santíssimo", "codbairro": "143", "codra": 18, "rp": "Campo Grande", "cod_rp": "5.2", "area_plane": "5", "ideb_bairro": "Santíssimo" }, "geometry": { "type": "Polygon", "coordinates": [ [ [ -43.522881979295278, -22.870408802797158 ], [ -43.518711902893152, -22.86741427749967 ], [ -43.519622201994586, -22.862734543126077 ], [ -43.52470250368328, -22.861049370935113 ], [ -43.528872544406028, -22.864043964406946 ], [ -43.527962319131142, -22.868723661883909 ], [ -43.522881979295278, -22.870408802797158 ] ] ] } },
{ "type": "Feature", "properties": { "hex_id": "88a8a02b19fffff", "nome": "Guaratiba", "codbairro": "151", "codra": 26, "rp": "Guaratiba", "cod_rp": "5.4", "area_plane": "5", "ideb_bairro": "Guaratiba" }, "geometry": { "type": "Polygon", "coordinates": [ [ [ -43.5864983161174, -22.958689159802073 ], [ -43.582327597946701, -22.955699610880643 ], [ -43.583237502207176, -22.951024401037738 ], [ -43.588318050482926, -22.949338777635258 ], [ -43.592488731993406, -22.952328395038265 ], [ -43.591578901900021, -22.957003567350682 ], [ -43.5864983161174, -22.958689159802073 ] ] ] } },
{ "type": "Feature", "properties": { "hex_id": "88a8a06717fffff", "nome": "Realengo", "codbairro": "139", "codra": 33, "rp": "Bangu", "cod_rp": "5.1", "area_plane": "5", "ideb_bairro": "Realengo" }, "geometry": { "type": "Polygon", "coordinates": [ [ [ -43.427642551877497, -22.871325215495897 ], [ -43.423472579573314, -22.868328119433365 ], [ -43.424383656746762, -22.863648785754194 ], [ -43.429464632889314, -22.861966584085781 ], [ -43.433634570967868, -22.864963748114501 ], [ -43.432723567141196, -22.869643045833939 ], [ -43.427642551877497, -22.871325215495897 ] ] ] } },
{ "type": "Feature", "properties": { "hex_id": "88a8a02b6dfffff", "nome": "Guaratiba", "codbairro": "151", "codra": 26, "rp": "Guaratiba", "cod_rp": "5.4", "area_plane": "5", "ideb_bairro": "Guaratiba" }, "geometry": { "type": "Polygon", "coordinates": [ [ [ -43.534779345576865, -22.980208512401504 ], [ -43.530608534480827, -22.977218330145146 ], [ -43.531518893916761, -22.972544467484607 ], [ -43.536599990548403, -22.970860824094167 ], [ -43.540770765771086, -22.973851074757334 ], [ -43.539860480247178, -22.978524900392635 ], [ -43.534779345576865, -22.980208512401504 ] ] ] } },
{ "type": "Feature", "properties": { "hex_id": "88a8a0676bfffff", "nome": "Jardim Sulacap", "codbairro": "137", "codra": 33, "rp": "Bangu", "cod_rp": "5.1", "area_plane": "5", "ideb_bairro": "Jardim Sulacap" }, "geometry": { "type": "Polygon", "coordinates": [ [ [ -43.397680209744117, -22.903122631232783 ], [ -43.393510067674093, -22.900125874986127 ], [ -43.394421433903354, -22.895448365347313 ], [ -43.399502869011513, -22.893767647613863 ], [ -43.403672977310059, -22.896764471821655 ], [ -43.402761684283654, -22.901441945790243 ], [ -43.397680209744117, -22.903122631232783 ] ] ] } },
{ "type": "Feature", "properties": { "hex_id": "88a8a0789bfffff", "nome": "Alto da Boa Vista", "codbairro": "034", "codra": 8, "rp": "Tijuca", "cod_rp": "2.2", "area_plane": "2", "ideb_bairro": "Alto da Boa Vista" }, "geometry": { "type": "Polygon", "coordinates": [ [ [ -43.226707719296066, -22.950806747618135 ], [ -43.222537530976631, -22.947807067327556 ], [ -43.223450345309772, -22.943132801959329 ], [ -43.228533275626049, -22.941458250872188 ], [ -43.232703432781832, -22.944457998844175 ], [ -43.231790690796778, -22.949132230210346 ], [ -43.226707719296066, -22.950806747618135 ] ] ] } },
{ "type": "Feature", "properties": { "hex_id": "88a8a0604dfffff", "nome": "Alto da Boa Vista", "codbairro": "034", "codra": 8, "rp": "Tijuca", "cod_rp": "2.2", "area_plane": "2", "ideb_bairro": "Alto da Boa Vista" }, "geometry": { "type": "Polygon", "coordinates": [ [ [ -43.2974743909162, -22.953718536155758 ], [ -43.293304063836501, -22.950720888734971 ], [ -43.294216313282611, -22.946046496561777 ], [ -43.299298817112557, -22.944369786493805 ], [ -43.303469111946505, -22.947367501753646 ], [ -43.302556935208003, -22.952041859230871 ], [ -43.2974743909162, -22.953718536155758 ] ] ] } },
{ "type": "Feature", "properties": { "hex_id": "88a8a060a1fffff", "nome": "Cavalcanti", "codbairro": "080", "codra": 15, "rp": "Madureira", "cod_rp": "3.3", "area_plane": "3", "ideb_bairro": "Cavalcanti" }, "geometry": { "type": "Polygon", "coordinates": [ [ [ -43.323143783418566, -22.870864260302572 ], [ -43.318973961084637, -22.86786429930773 ], [ -43.319885884237003, -22.863185341411018 ], [ -43.324967556916476, -22.861506379429663 ], [ -43.329137346620875, -22.864506408161855 ], [ -43.328225496287068, -22.869185331126531 ], [ -43.323143783418566, -22.870864260302572 ] ] ] } },
{ "type": "Feature", "properties": { "hex_id": "88a8a07a93fffff", "nome": "Rocinha", "codbairro": "154", "codra": 27, "rp": "Zona Sul", "cod_rp": "2.1", "area_plane": "2", "ideb_bairro": "Rocinha" }, "geometry": { "type": "Polygon", "coordinates": [ [ [ -43.246253461215062, -22.996834269066941 ], [ -43.242082935576171, -22.993836796016797 ], [ -43.242995659322006, -22.989164939582288 ], [ -43.248078836260696, -22.987490590389331 ], [ -43.25224933043252, -22.990488131248977 ], [ -43.251336679144487, -22.995159953480535 ], [ -43.246253461215062, -22.996834269066941 ] ] ] } },
{ "type": "Feature", "properties": { "hex_id": "88a8a02e6bfffff", "nome": "Santa Cruz", "codbairro": "149", "codra": 19, "rp": "Santa Cruz", "cod_rp": "5.3", "area_plane": "5", "ideb_bairro": "Santa Cruz" }, "geometry": { "type": "Polygon", "coordinates": [ [ [ -43.763379669963228, -22.904261034813597 ], [ -43.759209193820652, -22.901274364294697 ], [ -43.760117558235606, -22.896595618853997 ], [ -43.765196323763945, -22.894903583186327 ], [ -43.769366760555577, -22.89789032248239 ], [ -43.768458471181425, -22.902569028657517 ], [ -43.763379669963228, -22.904261034813597 ] ] ] } },
{ "type": "Feature", "properties": { "hex_id": "88a8a06149fffff", "nome": "Tijuca", "codbairro": "033", "codra": 8, "rp": "Tijuca", "cod_rp": "2.2", "area_plane": "2", "ideb_bairro": "Tijuca" }, "geometry": { "type": "Polygon", "coordinates": [ [ [ -43.241956497855803, -22.945782630120227 ], [ -43.237786315772198, -22.942783181987963 ], [ -43.238699000472636, -22.938108583548448 ], [ -43.243781794844132, -22.936433467380034 ], [ -43.247951945531454, -22.939432983216928 ], [ -43.247039333255344, -22.944107547506068 ], [ -43.241956497855803, -22.945782630120227 ] ] ] } },
{ "type": "Feature", "properties": { "hex_id": "88a8a06a0bfffff", "nome": "Centro", "codbairro": "005", "codra": 2, "rp": "Centro", "cod_rp": "1.1", "area_plane": "1", "ideb_bairro": "Centro" }, "geometry": { "type": "Polygon", "coordinates": [ [ [ -43.182663346237433, -22.908446354464701 ], [ -43.178493517373234, -22.905443940634289 ], [ -43.179406623495524, -22.90076756993178 ], [ -43.184489486379057, -22.899093646608762 ], [ -43.188659284757179, -22.902096127946042 ], [ -43.187746250749633, -22.906772465087919 ], [ -43.182663346237433, -22.908446354464701 ] ] ] } },
{ "type": "Feature", "properties": { "hex_id": "88a8a0619dfffff", "nome": "Engenho da Rainha", "codbairro": "055", "codra": 12, "rp": "Inhaúma", "cod_rp": "3.4", "area_plane": "3", "ideb_bairro": "Engenho da Rainha" }, "geometry": { "type": "Polygon", "coordinates": [ [ [ -43.295388948715299, -22.866898677211228 ], [ -43.29121919606915, -22.863897817505677 ], [ -43.292131337394359, -22.859218755360121 ], [ -43.297213158700337, -22.857540587566969 ], [ -43.30138287914145, -22.860541514942128 ], [ -43.300470810493373, -22.865220542429295 ], [ -43.295388948715299, -22.866898677211228 ] ] ] } },
{ "type": "Feature", "properties": { "hex_id": "88a8a02e61fffff", "nome": "Santa Cruz", "codbairro": "149", "codra": 19, "rp": "Santa Cruz", "cod_rp": "5.3", "area_plane": "5", "ideb_bairro": "Santa Cruz" }, "geometry": { "type": "Polygon", "coordinates": [ [ [ -43.754130330122074, -22.902966106577765 ], [ -43.749959866634498, -22.899979132987934 ], [ -43.750868306043714, -22.895300348372697 ], [ -43.755947133957861, -22.893608576510378 ], [ -43.760117558235606, -22.896595618853997 ], [ -43.759209193820652, -22.901274364294697 ], [ -43.754130330122074, -22.902966106577765 ] ] ] } },
{ "type": "Feature", "properties": { "hex_id": "88a8a06245fffff", "nome": "Itanhangá", "codbairro": "127", "codra": 24, "rp": "Barra da Tijuca", "cod_rp": "4.2", "area_plane": "4", "ideb_bairro": "Itanhangá" }, "geometry": { "type": "Polygon", "coordinates": [ [ [ -43.317024345399446, -22.999734603407369 ], [ -43.312853684499849, -22.996739167376596 ], [ -43.313765842522024, -22.992067185073246 ], [ -43.318848588638353, -22.990390673684836 ], [ -43.323019216988683, -22.993386177682794 ], [ -43.322107131783717, -22.998058125090441 ], [ -43.317024345399446, -22.999734603407369 ] ] ] } },
{ "type": "Feature", "properties": { "hex_id": "88a8a02f09fffff", "nome": "Santa Cruz", "codbairro": "149", "codra": 19, "rp": "Santa Cruz", "cod_rp": "5.3", "area_plane": "5", "ideb_bairro": "Santa Cruz" }, "geometry": { "type": "Polygon", "coordinates": [ [ [ -43.713870808190293, -22.890113599163335 ], [ -43.709700449745299, -22.887125042732073 ], [ -43.710609204699487, -22.882445701176497 ], [ -43.715688243320493, -22.880754954818624 ], [ -43.719858563170845, -22.883743579888527 ], [ -43.718949883006459, -22.888422882666188 ], [ -43.713870808190293, -22.890113599163335 ] ] ] } },
{ "type": "Feature", "properties": { "hex_id": "88a8a06299fffff", "nome": "Jacarepaguá", "codbairro": "115", "codra": 16, "rp": "Jacarepaguá", "cod_rp": "4.1", "area_plane": "4", "ideb_bairro": "Jacarepaguá" }, "geometry": { "type": "Polygon", "coordinates": [ [ [ -43.392211893056675, -22.931181452284729 ], [ -43.388041573810455, -22.928185569310951 ], [ -43.388953024749924, -22.923509592327747 ], [ -43.394034721765635, -22.921829533927806 ], [ -43.398205007320904, -22.924825484903813 ], [ -43.397293629563144, -22.929501426266022 ], [ -43.392211893056675, -22.931181452284729 ] ] ] } },
{ "type": "Feature", "properties": { "hex_id": "88a8a061a7fffff", "nome": "Ramos", "codbairro": "041", "codra": 10, "rp": "Ramos", "cod_rp": "3.1", "area_plane": "3", "ideb_bairro": "Ramos" }, "geometry": { "type": "Polygon", "coordinates": [ [ [ -43.25512492033134, -22.853922076307761 ], [ -43.25095531968055, -22.850919652789269 ], [ -43.251867766374737, -22.846240053009854 ], [ -43.256949741261359, -22.844562910997112 ], [ -43.2611193103237, -22.847565402073286 ], [ -43.260206936099635, -22.852244967592988 ], [ -43.25512492033134, -22.853922076307761 ] ] ] } },
{ "type": "Feature", "properties": { "hex_id": "88a8a02f5dfffff", "nome": "Santa Cruz", "codbairro": "149", "codra": 19, "rp": "Santa Cruz", "cod_rp": "5.3", "area_plane": "5", "ideb_bairro": "Santa Cruz" }, "geometry": { "type": "Polygon", "coordinates": [ [ [ -43.726382015157753, -22.899077920368807 ], [ -43.722211590940539, -22.896090038026045 ], [ -43.723120255053132, -22.891411136433486 ], [ -43.728199268540017, -22.889720156073615 ], [ -43.732369653970785, -22.892708107100106 ], [ -43.731461064712732, -22.897386969791274 ], [ -43.726382015157753, -22.899077920368807 ] ] ] } },
{ "type": "Feature", "properties": { "hex_id": "88a8a062edfffff", "nome": "Freguesia (Jacarepaguá)", "codbairro": "120", "codra": 16, "rp": "Jacarepaguá", "cod_rp": "4.1", "area_plane": "4", "ideb_bairro": "Freguesia (Jacarepaguá)" }, "geometry": { "type": "Polygon", "coordinates": [ [ [ -43.340480040897241, -22.952645862001255 ], [ -43.336309654318832, -22.949649348714484 ], [ -43.337221555060225, -22.944974729507834 ], [ -43.342303769466675, -22.943296658693637 ], [ -43.346474123142215, -22.946293239910485 ], [ -43.345562295325919, -22.95096782399991 ], [ -43.340480040897241, -22.952645862001255 ] ] ] } },
{ "type": "Feature", "properties": { "hex_id": "88a8a0741dfffff", "nome": "Vargem Pequena", "codbairro": "130", "codra": 24, "rp": "Barra da Tijuca", "cod_rp": "4.2", "area_plane": "4", "ideb_bairro": "Vargem Pequena" }, "geometry": { "type": "Polygon", "coordinates": [ [ [ -43.470541858334492, -22.992733568959817 ], [ -43.466371034652326, -22.989742081052274 ], [ -43.467281937049535, -22.985069131349032 ], [ -43.472363589549296, -22.983387705939062 ], [ -43.47653437833749, -22.986379262135099 ], [ -43.475623549531605, -22.991052175441087 ], [ -43.470541858334492, -22.992733568959817 ] ] ] } },
{ "type": "Feature", "properties": { "hex_id": "88a8a06341fffff", "nome": "São Conrado", "codbairro": "031", "codra": 6, "rp": "Zona Sul", "cod_rp": "2.1", "area_plane": "2", "ideb_bairro": "São Conrado" }, "geometry": { "type": "Polygon", "coordinates": [ [ [ -43.261502978122387, -22.991810756283662 ], [ -43.257332459479173, -22.988813515875712 ], [ -43.258245053413553, -22.98414132610413 ], [ -43.263328093468921, -22.982466411080065 ], [ -43.267498580412422, -22.985463719320883 ], [ -43.266586059012042, -22.990135874741348 ], [ -43.261502978122387, -22.991810756283662 ] ] ] } },
{ "type": "Feature", "properties": { "hex_id": "88a8a074c5fffff", "nome": "Vargem Grande", "codbairro": "131", "codra": 24, "rp": "Barra da Tijuca", "cod_rp": "4.2", "area_plane": "4", "ideb_bairro": "Vargem Grande" }, "geometry": { "type": "Polygon", "coordinates": [ [ [ -43.488518965072188, -22.973668659544337 ], [ -43.484348246344346, -22.970676966767126 ], [ -43.485258974636992, -22.966002920342572 ], [ -43.490340347991669, -22.964320603254862 ], [ -43.494511031553145, -22.967312364324751 ], [ -43.493600376938012, -22.971986374178144 ], [ -43.488518965072188, -22.973668659544337 ] ] ] } },
{ "type": "Feature", "properties": { "hex_id": "88a8a0391bfffff", "nome": "Guaratiba", "codbairro": "151", "codra": 26, "rp": "Guaratiba", "cod_rp": "5.4", "area_plane": "5", "ideb_bairro": "Guaratiba" }, "geometry": { "type": "Polygon", "coordinates": [ [ [ -43.573379319264504, -23.050453316812103 ], [ -43.569208008258279, -23.047466779070984 ], [ -43.570118152185493, -23.042796576737505 ], [ -43.575199533007961, -23.041112949542399 ], [ -43.579370807543583, -23.044099555904445 ], [ -43.578460737739015, -23.048769720829139 ], [ -43.573379319264504, -23.050453316812103 ] ] ] } },
{ "type": "Feature", "properties": { "hex_id": "88a8a07519fffff", "nome": "Barra Olímpica", "codbairro": "165", "codra": 16, "rp": "Jacarepaguá", "cod_rp": "4.1", "area_plane": "4", "ideb_bairro": "Barra Olímpica" }, "geometry": { "type": "Polygon", "coordinates": [ [ [ -43.415025939111551, -22.984862896883197 ], [ -43.410855236001105, -22.981869598519264 ], [ -43.411766578959629, -22.977196432338754 ], [ -43.416848551730965, -22.975516600363218 ], [ -43.421019220796218, -22.978509966879525 ], [ -43.42010795114706, -22.983183097207458 ], [ -43.415025939111551, -22.984862896883197 ] ] ] } },
{ "type": "Feature", "properties": { "hex_id": "88a8a0756dfffff", "nome": "Barra da Tijuca", "codbairro": "128", "codra": 24, "rp": "Barra da Tijuca", "cod_rp": "4.2", "area_plane": "4", "ideb_bairro": "Barra da Tijuca" }, "geometry": { "type": "Polygon", "coordinates": [ [ [ -43.363291418912539, -23.006322214527138 ], [ -43.359120645453253, -23.00332828431981 ], [ -43.360032438917997, -22.998656477402395 ], [ -43.365114932800907, -22.996978636030153 ], [ -43.369285673003148, -22.999972634317022 ], [ -43.368373952591263, -23.004644405885045 ], [ -43.363291418912539, -23.006322214527138 ] ] ] } },
{ "type": "Feature", "properties": { "hex_id": "88a8a039c3fffff", "nome": "Guaratiba", "codbairro": "151", "codra": 26, "rp": "Guaratiba", "cod_rp": "5.4", "area_plane": "5", "ideb_bairro": "Guaratiba" }, "geometry": { "type": "Polygon", "coordinates": [ [ [ -43.591353324140414, -23.031390046483391 ], [ -43.587182122818135, -23.028403302874313 ], [ -43.588092091660513, -23.023732003987394 ], [ -43.593173187628331, -23.022047486281352 ], [ -43.597344352207884, -23.025034298516555 ], [ -43.596434457574027, -23.029705559820165 ], [ -43.591353324140414, -23.031390046483391 ] ] ] } },
{ "type": "Feature", "properties": { "hex_id": "88a8a075c1fffff", "nome": "Camorim", "codbairro": "129", "codra": 24, "rp": "Barra da Tijuca", "cod_rp": "4.2", "area_plane": "4", "ideb_bairro": "Camorim" }, "geometry": { "type": "Polygon", "coordinates": [ [ [ -43.433005334475766, -22.965802115437963 ], [ -43.428834733773471, -22.962808612613028 ], [ -43.429745903145133, -22.958134348669056 ], [ -43.434827599835096, -22.956453623564599 ], [ -43.43899816621964, -22.95944719454576 ], [ -43.438087070243689, -22.964121422463631 ], [ -43.433005334475766, -22.965802115437963 ] ] ] } },
{ "type": "Feature", "properties": { "hex_id": "88a8a028e7fffff", "nome": "Paciência", "codbairro": "148", "codra": 19, "rp": "Santa Cruz", "cod_rp": "5.3", "area_plane": "5", "ideb_bairro": "Paciência" }, "geometry": { "type": "Polygon", "coordinates": [ [ [ -43.621373808563476, -22.877107077111326 ], [ -43.617203598101149, -22.874115498281498 ], [ -43.618113098387681, -22.869435773958262 ], [ -43.623192734825068, -22.867747666320021 ], [ -43.627362908104658, -22.870739313556122 ], [ -43.626453482141244, -22.875419000012709 ], [ -43.621373808563476, -22.877107077111326 ] ] ] } },
{ "type": "Feature", "properties": { "hex_id": "88a8a07615fffff", "nome": "Recreio dos Bandeirantes", "codbairro": "132", "codra": 24, "rp": "Barra da Tijuca", "cod_rp": "4.2", "area_plane": "4", "ideb_bairro": "Recreio dos Bandeirantes" }, "geometry": { "type": "Polygon", "coordinates": [ [ [ -43.490102852028556, -23.038703963753381 ], [ -43.485931703063585, -23.035714699633331 ], [ -43.48684251198528, -23.031044164696048 ], [ -43.491924396183002, -23.029362930460962 ], [ -43.49609550995018, -23.032352262996888 ], [ -43.495184774729132, -23.037022761340499 ], [ -43.490102852028556, -23.038703963753381 ] ] ] } },
{ "type": "Feature", "properties": { "hex_id": "88a8a0293bfffff", "nome": "Campo Grande", "codbairro": "144", "codra": 18, "rp": "Campo Grande", "cod_rp": "5.2", "area_plane": "5", "ideb_bairro": "Campo Grande" }, "geometry": { "type": "Polygon", "coordinates": [ [ [ -43.547902939989029, -22.888371259965552 ], [ -43.543732720297925, -22.885378076211069 ], [ -43.544642840301997, -22.880699217119943 ], [ -43.549723106052241, -22.879013578916624 ], [ -43.553893289680133, -22.882006830935033 ], [ -43.552983243632674, -22.886685652881333 ], [ -43.547902939989029, -22.888371259965552 ] ] ] } },
{ "type": "Feature", "properties": { "hex_id": "88a8a06539fffff", "nome": "Anchieta", "codbairro": "107", "codra": 22, "rp": "Pavuna", "cod_rp": "3.6", "area_plane": "3", "ideb_bairro": "Anchieta" }, "geometry": { "type": "Polygon", "coordinates": [ [ [ -43.389589249018449, -22.822620134955283 ], [ -43.385419647158258, -22.819620231214518 ], [ -43.386330963356464, -22.814938426025176 ], [ -43.391411808283159, -22.813256560142104 ], [ -43.395581376503984, -22.816256531672039 ], [ -43.394670133449203, -22.820938301284357 ], [ -43.389589249018449, -22.822620134955283 ] ] ] } },
{ "type": "Feature", "properties": { "hex_id": "88a8a076bdfffff", "nome": "Vargem Grande", "codbairro": "131", "codra": 24, "rp": "Barra da Tijuca", "cod_rp": "4.2", "area_plane": "4", "ideb_bairro": "Vargem Grande" }, "geometry": { "type": "Polygon", "coordinates": [ [ [ -43.513543787534672, -22.991614109402967 ], [ -43.509372923285234, -22.988623761650182 ], [ -43.510283472903005, -22.983950592602746 ], [ -43.515364812974141, -22.982267808114866 ], [ -43.519535641673137, -22.985258224248671 ], [ -43.518625165863135, -22.989931356477811 ], [ -43.513543787534672, -22.991614109402967 ] ] ] } },
{ "type": "Feature", "properties": { "hex_id": "88a8a02121fffff", "nome": "Santa Cruz", "codbairro": "149", "codra": 19, "rp": "Santa Cruz", "cod_rp": "5.3", "area_plane": "5", "ideb_bairro": "Santa Cruz" }, "geometry": { "type": "Polygon", "coordinates": [ [ [ -43.669758673038388, -22.970401611039261 ], [ -43.665587813284041, -22.967414787208533 ], [ -43.666497048357321, -22.962739918410751 ], [ -43.671577068608833, -22.96105191178026 ], [ -43.675747890431431, -22.964038804300127 ], [ -43.674838729945904, -22.968713634749847 ], [ -43.669758673038388, -22.970401611039261 ] ] ] } },
{ "type": "Feature", "properties": { "hex_id": "88a8a029e3fffff", "nome": "Campo Grande", "codbairro": "144", "codra": 18, "rp": "Campo Grande", "cod_rp": "5.2", "area_plane": "5", "ideb_bairro": "Campo Grande" }, "geometry": { "type": "Polygon", "coordinates": [ [ [ -43.565873530971565, -22.869275996261869 ], [ -43.561703419742123, -22.866282607711891 ], [ -43.562613364985509, -22.861602658103166 ], [ -43.567693347427472, -22.859916134352574 ], [ -43.571863422321677, -22.862909591170169 ], [ -43.570953551120823, -22.867589503459254 ], [ -43.565873530971565, -22.869275996261869 ] ] ] } },
{ "type": "Feature", "properties": { "hex_id": "88a8a02a37fffff", "nome": "Paciência", "codbairro": "148", "codra": 19, "rp": "Santa Cruz", "cod_rp": "5.3", "area_plane": "5", "ideb_bairro": "Paciência" }, "geometry": { "type": "Polygon", "coordinates": [ [ [ -43.622970909219312, -22.942210263488736 ], [ -43.618800269162385, -22.939221114014849 ], [ -43.619709849715527, -22.934544887208848 ], [ -43.624789995990824, -22.932857847752491 ], [ -43.628960598832997, -22.935847065758558 ], [ -43.628051092626265, -22.940523254677306 ], [ -43.622970909219312, -22.942210263488736 ] ] ] } },
{ "type": "Feature", "properties": { "hex_id": "88a8a06635fffff", "nome": "Bangu", "codbairro": "141", "codra": 17, "rp": "Bangu", "cod_rp": "5.1", "area_plane": "5", "ideb_bairro": "Bangu" }, "geometry": { "type": "Polygon", "coordinates": [ [ [ -43.464646383350747, -22.876580328647556 ], [ -43.460476331010867, -22.873584434959501 ], [ -43.461387114515347, -22.868905245666397 ], [ -43.466467876836766, -22.867221986374311 ], [ -43.470637894385462, -22.870217948119897 ], [ -43.469727184415625, -22.874897101088532 ], [ -43.464646383350747, -22.876580328647556 ] ] ] } },
{ "type": "Feature", "properties": { "hex_id": "88a8a06153fffff", "nome": "Engenho Novo", "codbairro": "061", "codra": 13, "rp": "Méier", "cod_rp": "3.2", "area_plane": "3", "ideb_bairro": "Engenho Novo" }, "geometry": { "type": "Polygon", "coordinates": [ [ [ -43.265937411331798, -22.920380046916559 ], [ -43.261767355379497, -22.91738032796048 ], [ -43.262679810766777, -22.912704262582182 ], [ -43.26776224957802, -22.911027950528617 ], [ -43.271932273769984, -22.914027737192839 ], [ -43.271019890922823, -22.918703768190948 ], [ -43.265937411331798, -22.920380046916559 ] ] ] } },
{ "type": "Feature", "properties": { "hex_id": "88a8a02a8bfffff", "nome": "Santa Cruz", "codbairro": "149", "codra": 19, "rp": "Santa Cruz", "cod_rp": "5.3", "area_plane": "5", "ideb_bairro": "Santa Cruz" }, "geometry": { "type": "Polygon", "coordinates": [ [ [ -43.677941005024266, -22.928319925577618 ], [ -43.673770416912312, -22.925331780945889 ], [ -43.674679523975925, -22.920654616051735 ], [ -43.679759144544249, -22.918965634204184 ], [ -43.683929694604728, -22.921953847465272 ], [ -43.683020662159976, -22.926630973933072 ], [ -43.677941005024266, -22.928319925577618 ] ] ] } },
{ "type": "Feature", "properties": { "hex_id": "88a8a06689fffff", "nome": "Campo Grande", "codbairro": "144", "codra": 18, "rp": "Campo Grande", "cod_rp": "5.2", "area_plane": "5", "ideb_bairro": "Campo Grande" }, "geometry": { "type": "Polygon", "coordinates": [ [ [ -43.519622201994586, -22.862734543126077 ], [ -43.51545217944242, -22.859739648619158 ], [ -43.516362494196017, -22.855059513780258 ], [ -43.52144275770511, -22.85337431030041 ], [ -43.525612744628518, -22.856369272959828 ], [ -43.52470250368328, -22.861049370935113 ], [ -43.519622201994586, -22.862734543126077 ] ] ] } },
{ "type": "Feature", "properties": { "hex_id": "88a8a06f4bfffff", "nome": "Penha", "codbairro": "043", "codra": 11, "rp": "Penha", "cod_rp": "3.5", "area_plane": "3", "ideb_bairro": "Penha" }, "geometry": { "type": "Polygon", "coordinates": [ [ [ -43.267113553954971, -22.841208064306361 ], [ -43.262944016572057, -22.838205505671848 ], [ -43.263856348596079, -22.833525174880428 ], [ -43.268938145486786, -22.831847437086832 ], [ -43.273107651099316, -22.834850063280307 ], [ -43.272195391603276, -22.839530359696884 ], [ -43.267113553954971, -22.841208064306361 ] ] ] } },
{ "type": "Feature", "properties": { "hex_id": "88a8a066ddfffff", "nome": "Santíssimo", "codbairro": "143", "codra": 18, "rp": "Campo Grande", "cod_rp": "5.2", "area_plane": "5", "ideb_bairro": "Santíssimo" }, "geometry": { "type": "Polygon", "coordinates": [ [ [ -43.532132413627608, -22.871717886045097 ], [ -43.527962319131142, -22.868723661883909 ], [ -43.528872544406028, -22.864043964406946 ], [ -43.533952790315659, -22.862358528067499 ], [ -43.538122848991442, -22.865352820426033 ], [ -43.537212697589958, -22.870032480915171 ], [ -43.532132413627608, -22.871717886045097 ] ] ] } },
{ "type": "Feature", "properties": { "hex_id": "88a8a02b33fffff", "nome": "Campo Grande", "codbairro": "144", "codra": 18, "rp": "Campo Grande", "cod_rp": "5.2", "area_plane": "5", "ideb_bairro": "Campo Grande" }, "geometry": { "type": "Polygon", "coordinates": [ [ [ -43.567464993364915, -22.934387325262509 ], [ -43.563294452336194, -22.931396362028202 ], [ -43.564204477985626, -22.926719909808352 ], [ -43.569284970609736, -22.925034458152918 ], [ -43.573455475271494, -22.928025489781202 ], [ -43.572545523687786, -22.932701904659449 ], [ -43.567464993364915, -22.934387325262509 ] ] ] } },
{ "type": "Feature", "properties": { "hex_id": "88a8a06731fffff", "nome": "Vila Militar", "codbairro": "135", "codra": 33, "rp": "Bangu", "cod_rp": "5.1", "area_plane": "5", "ideb_bairro": "Vila Militar" }, "geometry": { "type": "Polygon", "coordinates": [ [ [ -43.409140438894347, -22.868694268769747 ], [ -43.404970507913546, -22.865696571992803 ], [ -43.405881731639546, -22.861017166667782 ], [ -43.410962813105293, -22.859335493885517 ], [ -43.415132710143276, -22.862333258583085 ], [ -43.414221559670047, -22.867012628130784 ], [ -43.409140438894347, -22.868694268769747 ] ] ] } },
{ "type": "Feature", "properties": { "hex_id": "88a8a078b5fffff", "nome": "Laranjeiras", "codbairro": "017", "codra": 4, "rp": "Zona Sul", "cod_rp": "2.1", "area_plane": "2", "ideb_bairro": "Laranjeiras" }, "geometry": { "type": "Polygon", "coordinates": [ [ [ -43.186437781092536, -22.937826359709362 ], [ -43.182267751840733, -22.934825113737727 ], [ -43.183180870094333, -22.9301503123061 ], [ -43.188263945470922, -22.928476790439163 ], [ -43.192433944176088, -22.931478103981568 ], [ -43.191520898063104, -22.936152871808602 ], [ -43.186437781092536, -22.937826359709362 ] ] ] } },
{ "type": "Feature", "properties": { "hex_id": "88a8a06013fffff", "nome": "Quintino Bocaiúva", "codbairro": "079", "codra": 15, "rp": "Madureira", "cod_rp": "3.3", "area_plane": "3", "ideb_bairro": "Quintino Bocaiúva" }, "geometry": { "type": "Polygon", "coordinates": [ [ [ -43.330182276915281, -22.907927711693507 ], [ -43.326012200097068, -22.904929289218565 ], [ -43.326924119710007, -22.900252298735463 ], [ -43.3320060432902, -22.898573765723963 ], [ -43.336176087367534, -22.901572256022245 ], [ -43.335264240617306, -22.906249211497141 ], [ -43.330182276915281, -22.907927711693507 ] ] ] } },
{ "type": "Feature", "properties": { "hex_id": "88a8a06067fffff", "nome": "Jacarepaguá", "codbairro": "115", "codra": 16, "rp": "Jacarepaguá", "cod_rp": "4.1", "area_plane": "4", "ideb_bairro": "Jacarepaguá" }, "geometry": { "type": "Polygon", "coordinates": [ [ [ -43.278447739321713, -22.929377868892068 ], [ -43.274277603346839, -22.926378817427633 ], [ -43.275189971019003, -22.9217031873171 ], [ -43.2802724020722, -22.920026643164178 ], [ -43.284442506094599, -22.92302576238075 ], [ -43.283530211028044, -22.927701357986574 ], [ -43.278447739321713, -22.929377868892068 ] ] ] } },
{ "type": "Feature", "properties": { "hex_id": "88a8a07197fffff", "nome": "Itanhangá", "codbairro": "127", "codra": 24, "rp": "Barra da Tijuca", "cod_rp": "4.2", "area_plane": "4", "ideb_bairro": "Itanhangá" }, "geometry": { "type": "Polygon", "coordinates": [ [ [ -43.301775706782877, -23.004762907609919 ], [ -43.297605036731703, -23.001767238595086 ], [ -43.298517325022239, -22.997095588739583 ], [ -43.303600210634599, -22.995419642634818 ], [ -43.307770848369088, -22.998415379593247 ], [ -43.306858632819669, -23.003086994701306 ], [ -43.301775706782877, -23.004762907609919 ] ] ] } },
{ "type": "Feature", "properties": { "hex_id": "88a8a060bbfffff", "nome": "Rocha Miranda", "codbairro": "086", "codra": 15, "rp": "Madureira", "cod_rp": "3.3", "area_plane": "3", "ideb_bairro": "Rocha Miranda" }, "geometry": { "type": "Polygon", "coordinates": [ [ [ -43.353633357248441, -22.860787874389391 ], [ -43.349463555459785, -22.857788377366713 ], [ -43.350375217714642, -22.85310875929342 ], [ -43.355456608799408, -22.85142867346125 ], [ -43.359626377493818, -22.85442823826822 ], [ -43.358714788209433, -22.859107821111554 ], [ -43.353633357248441, -22.860787874389391 ] ] ] } },
{ "type": "Feature", "properties": { "hex_id": "88a8a06163fffff", "nome": "Maracanã", "codbairro": "035", "codra": 9, "rp": "Tijuca", "cod_rp": "2.2", "area_plane": "2", "ideb_bairro": "Maracanã" }, "geometry": { "type": "Polygon", "coordinates": [ [ [ -43.222931446598437, -22.921432552343699 ], [ -43.218761458294892, -22.91843170248346 ], [ -43.21967426060904, -22.913755867255954 ], [ -43.22475697891629, -22.912080915835741 ], [ -43.228926936116814, -22.915081833313714 ], [ -43.228014206124882, -22.919757634582623 ], [ -43.222931446598437, -22.921432552343699 ] ] ] } },
{ "type": "Feature", "properties": { "hex_id": "88a8a061b7fffff", "nome": "Penha", "codbairro": "043", "codra": 11, "rp": "Penha", "cod_rp": "3.5", "area_plane": "3", "ideb_bairro": "Penha" }, "geometry": { "type": "Polygon", "coordinates": [ [ [ -43.276364953096376, -22.842532619307551 ], [ -43.272195391603276, -22.839530359696884 ], [ -43.273107651099316, -22.834850063280307 ], [ -43.278189399525026, -22.833172060929012 ], [ -43.282358929106216, -22.836174388121194 ], [ -43.281446742185366, -22.840854650071623 ], [ -43.276364953096376, -22.842532619307551 ] ] ] } },
{ "type": "Feature", "properties": { "hex_id": "88a8a0620bfffff", "nome": "Jacarepaguá", "codbairro": "115", "codra": 16, "rp": "Jacarepaguá", "cod_rp": "4.1", "area_plane": "4", "ideb_bairro": "Jacarepaguá" }, "geometry": { "type": "Polygon", "coordinates": [ [ [ -43.335008516766024, -22.980687328222277 ], [ -43.330837953787132, -22.977691688286484 ], [ -43.331749939123092, -22.973018605208591 ], [ -43.336832414545832, -22.97134119712339 ], [ -43.341002944702559, -22.974336905029855 ], [ -43.340091032270458, -22.979009953039323 ], [ -43.335008516766024, -22.980687328222277 ] ] ] } },
{ "type": "Feature", "properties": { "hex_id": "88a8a062b3fffff", "nome": "Tanque", "codbairro": "123", "codra": 16, "rp": "Jacarepaguá", "cod_rp": "4.1", "area_plane": "4", "ideb_bairro": "Tanque" }, "geometry": { "type": "Polygon", "coordinates": [ [ [ -43.373183675283201, -22.906846432515508 ], [ -43.369013542553148, -22.903849143241924 ], [ -43.369925112748497, -22.899171927868906 ], [ -43.375006742605684, -22.897492037188204 ], [ -43.379176841938033, -22.90048939437656 ], [ -43.378265344822616, -22.90516657431932 ], [ -43.373183675283201, -22.906846432515508 ] ] ] } },
{ "type": "Feature", "properties": { "hex_id": "88a8a06307fffff", "nome": "Alto da Boa Vista", "codbairro": "034", "codra": 8, "rp": "Tijuca", "cod_rp": "2.2", "area_plane": "2", "ideb_bairro": "Alto da Boa Vista" }, "geometry": { "type": "Polygon", "coordinates": [ [ [ -43.25772494269566, -22.962451813645213 ], [ -43.253554623765446, -22.959453401051231 ], [ -43.25446720577677, -22.954779639273205 ], [ -43.259550034221959, -22.953104324385901 ], [ -43.263720321513148, -22.956102804749744 ], [ -43.262807812009939, -22.960776532219487 ], [ -43.25772494269566, -22.962451813645213 ] ] ] } },
{ "type": "Feature", "properties": { "hex_id": "88a8a07437fffff", "nome": "Vargem Pequena", "codbairro": "130", "codra": 24, "rp": "Barra da Tijuca", "cod_rp": "4.2", "area_plane": "4", "ideb_bairro": "Vargem Pequena" }, "geometry": { "type": "Polygon", "coordinates": [ [ [ -43.451510014521908, -22.96842656519426 ], [ -43.447339373607008, -22.965433665405392 ], [ -43.448250396140253, -22.960759473604483 ], [ -43.453331986110385, -22.95907821778875 ], [ -43.457502592424618, -22.962071185779273 ], [ -43.456591643381088, -22.966745341372359 ], [ -43.451510014521908, -22.96842656519426 ] ] ] } },
{ "type": "Feature", "properties": { "hex_id": "88a8a0635bfffff", "nome": "Alto da Boa Vista", "codbairro": "034", "codra": 8, "rp": "Tijuca", "cod_rp": "2.2", "area_plane": "2", "ideb_bairro": "Alto da Boa Vista" }, "geometry": { "type": "Polygon", "coordinates": [ [ [ -43.2920007742918, -22.981758638955466 ], [ -43.287830271415793, -22.978761863933073 ], [ -43.288742605359523, -22.974089008509406 ], [ -43.293825369504724, -22.972412962744219 ], [ -43.297995840215805, -22.97540980564635 ], [ -43.297083578958372, -22.980082626422394 ], [ -43.2920007742918, -22.981758638955466 ] ] ] } },
{ "type": "Feature", "properties": { "hex_id": "88a8a0748bfffff", "nome": "Campo Grande", "codbairro": "144", "codra": 18, "rp": "Campo Grande", "cod_rp": "5.2", "area_plane": "5", "ideb_bairro": "Campo Grande" }, "geometry": { "type": "Polygon", "coordinates": [ [ [ -43.506494710115582, -22.954597787404317 ], [ -43.502324097159182, -22.951605889744947 ], [ -43.503234651191718, -22.946930747823234 ], [ -43.508315744428728, -22.945247540294663 ], [ -43.51248632194644, -22.948239506250818 ], [ -43.511575841677541, -22.952914611427261 ], [ -43.506494710115582, -22.954597787404317 ] ] ] } },
{ "type": "Feature", "properties": { "hex_id": "88a8a02805fffff", "nome": "Inhoaíba", "codbairro": "146", "codra": 18, "rp": "Campo Grande", "cod_rp": "5.2", "area_plane": "5", "ideb_bairro": "Inhoaíba" }, "geometry": { "type": "Polygon", "coordinates": [ [ [ -43.594686673663922, -22.916604398809515 ], [ -43.590516225383269, -22.913613532419543 ], [ -43.591426001914911, -22.908936025782292 ], [ -43.596506152540499, -22.907249423130953 ], [ -43.600676564040889, -22.910240357942133 ], [ -43.599766861707622, -22.914917826971937 ], [ -43.594686673663922, -22.916604398809515 ] ] ] } },
{ "type": "Feature", "properties": { "hex_id": "88a8a03935fffff", "nome": "Recreio dos Bandeirantes", "codbairro": "132", "codra": 24, "rp": "Barra da Tijuca", "cod_rp": "4.2", "area_plane": "4", "ideb_bairro": "Recreio dos Bandeirantes" }, "geometry": { "type": "Polygon", "coordinates": [ [ [ -43.533107135607416, -23.037578970210525 ], [ -43.528935948210098, -23.034590848532119 ], [ -43.529846403846584, -23.029920094569047 ], [ -43.534927972975083, -23.028237499286885 ], [ -43.539099124518081, -23.031225689473775 ], [ -43.538188742798596, -23.035896406422818 ], [ -43.533107135607416, -23.037578970210525 ] ] ] } },
{ "type": "Feature", "properties": { "hex_id": "88a8a07533fffff", "nome": "Jacarepaguá", "codbairro": "115", "codra": 16, "rp": "Jacarepaguá", "cod_rp": "4.1", "area_plane": "4", "ideb_bairro": "Jacarepaguá" }, "geometry": { "type": "Polygon", "coordinates": [ [ [ -43.395995584136152, -22.960546413400063 ], [ -43.391825066471256, -22.957551705445148 ], [ -43.392736528955588, -22.95287729830542 ], [ -43.397818435908931, -22.951197634771731 ], [ -43.401988919821946, -22.954192410792228 ], [ -43.40107753054523, -22.958866782269332 ], [ -43.395995584136152, -22.960546413400063 ] ] ] } },
{ "type": "Feature", "properties": { "hex_id": "88a8a02859fffff", "nome": "Paciência", "codbairro": "148", "codra": 19, "rp": "Santa Cruz", "cod_rp": "5.3", "area_plane": "5", "ideb_bairro": "Paciência" }, "geometry": { "type": "Polygon", "coordinates": [ [ [ -43.628960598832997, -22.935847065758558 ], [ -43.624789995990824, -22.932857847752491 ], [ -43.625699518067485, -22.928181257181638 ], [ -43.630779568622984, -22.926493922550996 ], [ -43.634950134159794, -22.929483209090755 ], [ -43.634040686458114, -22.934159761715978 ], [ -43.628960598832997, -22.935847065758558 ] ] ] } },
{ "type": "Feature", "properties": { "hex_id": "88a8a06457fffff", "nome": "Gericinó", "codbairro": "160", "codra": 17, "rp": "Bangu", "cod_rp": "5.1", "area_plane": "5", "ideb_bairro": "Gericinó" }, "geometry": { "type": "Polygon", "coordinates": [ [ [ -43.470110694073796, -22.848502243788118 ], [ -43.465940819894946, -22.845505476701963 ], [ -43.466851518541404, -22.840824758725681 ], [ -43.471932017822724, -22.839140844198333 ], [ -43.476101857130061, -22.842137679300361 ], [ -43.475191232039286, -22.846818360902358 ], [ -43.470110694073796, -22.848502243788118 ] ] ] } },
{ "type": "Feature", "properties": { "hex_id": "88a8a03989fffff", "nome": "Guaratiba", "codbairro": "151", "codra": 26, "rp": "Guaratiba", "cod_rp": "5.4", "area_plane": "5", "ideb_bairro": "Guaratiba" }, "geometry": { "type": "Polygon", "coordinates": [ [ [ -43.588092091660513, -23.023732003987394 ], [ -43.583920943649005, -23.020744888602877 ], [ -43.584830928285712, -23.016073186918895 ], [ -43.589911986755254, -23.014388638158831 ], [ -43.594083098074698, -23.017375822148271 ], [ -43.593173187628331, -23.022047486281352 ], [ -43.588092091660513, -23.023732003987394 ] ] ] } },
{ "type": "Feature", "properties": { "hex_id": "88a8a07587fffff", "nome": "Jacarepaguá", "codbairro": "115", "codra": 16, "rp": "Jacarepaguá", "cod_rp": "4.1", "area_plane": "4", "ideb_bairro": "Jacarepaguá" }, "geometry": { "type": "Polygon", "coordinates": [ [ [ -43.42922001166059, -22.936440279824904 ], [ -43.425049609028413, -22.933445600674474 ], [ -43.425960766958838, -22.928769766721135 ], [ -43.431042254163344, -22.927088647891626 ], [ -43.435212622538749, -22.93008339513506 ], [ -43.434301537978129, -22.934759193103492 ], [ -43.42922001166059, -22.936440279824904 ] ] ] } },
{ "type": "Feature", "properties": { "hex_id": "88a8a028adfffff", "nome": "Campo Grande", "codbairro": "144", "codra": 18, "rp": "Campo Grande", "cod_rp": "5.2", "area_plane": "5", "ideb_bairro": "Campo Grande" }, "geometry": { "type": "Polygon", "coordinates": [ [ [ -43.618113098387681, -22.869435773958262 ], [ -43.613942940961763, -22.866443824930982 ], [ -43.614852457093676, -22.861763699892524 ], [ -43.619932056358202, -22.860075561703773 ], [ -43.62410217665203, -22.863067579115484 ], [ -43.623192734825068, -22.867747666320021 ], [ -43.618113098387681, -22.869435773958262 ] ] ] } },
{ "type": "Feature", "properties": { "hex_id": "88a8a039ddfffff", "nome": "Guaratiba", "codbairro": "151", "codra": 26, "rp": "Guaratiba", "cod_rp": "5.4", "area_plane": "5", "ideb_bairro": "Guaratiba" }, "geometry": { "type": "Polygon", "coordinates": [ [ [ -43.600605675387968, -23.032692000179807 ], [ -43.596434457574027, -23.029705559820165 ], [ -43.597344352207884, -23.025034298516555 ], [ -43.602425390412044, -23.02334951523498 ], [ -43.60659657134191, -23.026336024243662 ], [ -43.605686750963365, -23.031007247873365 ], [ -43.600605675387968, -23.032692000179807 ] ] ] } },
{ "type": "Feature", "properties": { "hex_id": "88a8a075dbfffff", "nome": "Vargem Grande", "codbairro": "131", "codra": 24, "rp": "Barra da Tijuca", "cod_rp": "4.2", "area_plane": "4", "ideb_bairro": "Vargem Grande" }, "geometry": { "type": "Polygon", "coordinates": [ [ [ -43.463495019698165, -22.955715143557807 ], [ -43.459324448075414, -22.95272210736433 ], [ -43.460235354682389, -22.948047184632077 ], [ -43.465316759376641, -22.946365334405474 ], [ -43.469487296217125, -22.949358438803195 ], [ -43.468576463157333, -22.954033325211753 ], [ -43.463495019698165, -22.955715143557807 ] ] ] } },
{ "type": "Feature", "properties": { "hex_id": "88a8a02901fffff", "nome": "Senador Vasconcelos", "codbairro": "145", "codra": 18, "rp": "Campo Grande", "cod_rp": "5.2", "area_plane": "5", "ideb_bairro": "Senador Vasconcelos" }, "geometry": { "type": "Polygon", "coordinates": [ [ [ -43.53918190766975, -22.9087685478152 ], [ -43.535011562402616, -22.905775870408579 ], [ -43.535921783141674, -22.901098140038208 ], [ -43.541002275242064, -22.899413124124212 ], [ -43.545172584576754, -22.902405869813968 ], [ -43.544262437755194, -22.907083563123084 ], [ -43.53918190766975, -22.9087685478152 ] ] ] } },
{ "type": "Feature", "properties": { "hex_id": "88a8a02955fffff", "nome": "Campo Grande", "codbairro": "144", "codra": 18, "rp": "Campo Grande", "cod_rp": "5.2", "area_plane": "5", "ideb_bairro": "Campo Grande" }, "geometry": { "type": "Polygon", "coordinates": [ [ [ -43.551693086224532, -22.917745236746956 ], [ -43.547522669624698, -22.914753231029092 ], [ -43.548432800735299, -22.910075938888181 ], [ -43.553513274474874, -22.908390689638768 ], [ -43.557683654950317, -22.911382763684408 ], [ -43.55677359782225, -22.916060018640206 ], [ -43.551693086224532, -22.917745236746956 ] ] ] } },
{ "type": "Feature", "properties": { "hex_id": "88a8a06553fffff", "nome": "Parque Anchieta", "codbairro": "108", "codra": 22, "rp": "Pavuna", "cod_rp": "3.6", "area_plane": "3", "ideb_bairro": "Parque Anchieta" }, "geometry": { "type": "Polygon", "coordinates": [ [ [ -43.414607392045127, -22.840614885483209 ], [ -43.410437638443035, -22.837616316801864 ], [ -43.411348777437496, -22.832935382496927 ], [ -43.416429596771877, -22.831253052688357 ], [ -43.420599316350653, -22.834251689248415 ], [ -43.419688250630088, -22.838932587726813 ], [ -43.414607392045127, -22.840614885483209 ] ] ] } },
{ "type": "Feature", "properties": { "hex_id": "88a8a07683fffff", "nome": "Guaratiba", "codbairro": "151", "codra": 26, "rp": "Guaratiba", "cod_rp": "5.4", "area_plane": "5", "ideb_bairro": "Guaratiba" }, "geometry": { "type": "Polygon", "coordinates": [ [ [ -43.526056524704778, -23.000583806522119 ], [ -43.521885588288441, -22.997594131883481 ], [ -43.522796048433619, -22.992921401925006 ], [ -43.527877371133961, -22.991238383535361 ], [ -43.532048271807803, -22.994228126599165 ], [ -43.531137885535486, -22.998900819615933 ], [ -43.526056524704778, -23.000583806522119 ] ] ] } },
{ "type": "Feature", "properties": { "hex_id": "88a8a06e15fffff", "nome": "Pavuna", "codbairro": "114", "codra": 25, "rp": "Pavuna", "cod_rp": "3.6", "area_plane": "3", "ideb_bairro": "Pavuna" }, "geometry": { "type": "Polygon", "coordinates": [ [ [ -43.334085578909637, -22.814701674799124 ], [ -43.329916108982303, -22.811699974486068 ], [ -43.330827863052839, -22.807017957753693 ], [ -43.33590901420142, -22.805337676351538 ], [ -43.340078451337888, -22.808339444317301 ], [ -43.339166770128379, -22.81302142602101 ], [ -43.334085578909637, -22.814701674799124 ] ] ] } },
{ "type": "Feature", "properties": { "hex_id": "88a8a029a9fffff", "nome": "Campo Grande", "codbairro": "144", "codra": 18, "rp": "Campo Grande", "cod_rp": "5.2", "area_plane": "5", "ideb_bairro": "Campo Grande" }, "geometry": { "type": "Polygon", "coordinates": [ [ [ -43.562613364985509, -22.861602658103166 ], [ -43.558443307250322, -22.858608899961062 ], [ -43.559353268230048, -22.853928549834098 ], [ -43.564433212932272, -22.852241995124487 ], [ -43.568603234382849, -22.855235821512345 ], [ -43.567693347427472, -22.859916134352574 ], [ -43.562613364985509, -22.861602658103166 ] ] ] } },
{ "type": "Feature", "properties": { "hex_id": "88a8a076d7fffff", "nome": "Guaratiba", "codbairro": "151", "codra": 26, "rp": "Guaratiba", "cod_rp": "5.4", "area_plane": "5", "ideb_bairro": "Guaratiba" }, "geometry": { "type": "Polygon", "coordinates": [ [ [ -43.538569477583565, -23.009551483497397 ], [ -43.534398469396351, -23.006562482373578 ], [ -43.535308839978853, -23.001890191770634 ], [ -43.540390144822339, -23.000206939345055 ], [ -43.544561117075027, -23.003196008938151 ], [ -43.543650820430457, -23.007868262476038 ], [ -43.538569477583565, -23.009551483497397 ] ] ] } },
{ "type": "Feature", "properties": { "hex_id": "88a8a0213bfffff", "nome": "Sepetiba", "codbairro": "150", "codra": 19, "rp": "Santa Cruz", "cod_rp": "5.3", "area_plane": "5", "ideb_bairro": "Sepetiba" }, "geometry": { "type": "Polygon", "coordinates": [ [ [ -43.70023822957458, -22.960270954498924 ], [ -43.696067417270427, -22.957284599618976 ], [ -43.69697638574057, -22.952609080446365 ], [ -43.702056091788378, -22.950919954788958 ], [ -43.706226865697197, -22.953906378407758 ], [ -43.705317971965165, -22.958581858933631 ], [ -43.70023822957458, -22.960270954498924 ] ] ] } },
{ "type": "Feature", "properties": { "hex_id": "88a8a06e69fffff", "nome": "Vila da Penha", "codbairro": "074", "codra": 14, "rp": "Madureira", "cod_rp": "3.3", "area_plane": "3", "ideb_bairro": "Vila da Penha" }, "geometry": { "type": "Polygon", "coordinates": [ [ [ -43.304119000591207, -22.846502901656017 ], [ -43.299949368072937, -22.8435015395962 ], [ -43.300861409701938, -22.838821346852011 ], [ -43.305943011144301, -22.837142550896179 ], [ -43.310112611326204, -22.840143980605241 ], [ -43.309200642413863, -22.844824138609365 ], [ -43.304119000591207, -22.846502901656017 ] ] ] } },
{ "type": "Feature", "properties": { "hex_id": "88a8a02a51fffff", "nome": "Guaratiba", "codbairro": "151", "codra": 26, "rp": "Guaratiba", "cod_rp": "5.4", "area_plane": "5", "ideb_bairro": "Guaratiba" }, "geometry": { "type": "Polygon", "coordinates": [ [ [ -43.648528528143224, -22.981825681354543 ], [ -43.644357607940577, -22.9788386917545 ], [ -43.645267034696161, -22.97416451275884 ], [ -43.650347307182074, -22.972477361492142 ], [ -43.654518189775423, -22.975464419754864 ], [ -43.653608837503803, -22.980138560610108 ], [ -43.648528528143224, -22.981825681354543 ] ] ] } },
{ "type": "Feature", "properties": { "hex_id": "88a8a060abfffff", "nome": "Madureira", "codbairro": "083", "codra": 15, "rp": "Madureira", "cod_rp": "3.3", "area_plane": "3", "ideb_bairro": "Madureira" }, "geometry": { "type": "Polygon", "coordinates": [ [ [ -43.332395341415072, -22.872184992392 ], [ -43.328225496287068, -22.869185331126531 ], [ -43.329137346620875, -22.864506408161855 ], [ -43.334218969228736, -22.862827181474394 ], [ -43.338388781585735, -22.865826910499827 ], [ -43.337477004117609, -22.870505798441251 ], [ -43.332395341415072, -22.872184992392 ] ] ] } },
{ "type": "Feature", "properties": { "hex_id": "88a8a021e3fffff", "nome": "Santa Cruz", "codbairro": "149", "codra": 19, "rp": "Santa Cruz", "cod_rp": "5.3", "area_plane": "5", "ideb_bairro": "Santa Cruz" }, "geometry": { "type": "Polygon", "coordinates": [ [ [ -43.718203669977662, -22.941175252644896 ], [ -43.714032973131118, -22.938188691543321 ], [ -43.714941765401456, -22.933512082654971 ], [ -43.720021179706428, -22.931822073679186 ], [ -43.724191837886053, -22.934808703524659 ], [ -43.72328312043927, -22.939485273590535 ], [ -43.718203669977662, -22.941175252644896 ] ] ] } },
{ "type": "Feature", "properties": { "hex_id": "88a8a02aa5fffff", "nome": "Paciência", "codbairro": "148", "codra": 19, "rp": "Santa Cruz", "cod_rp": "5.3", "area_plane": "5", "ideb_bairro": "Paciência" }, "geometry": { "type": "Polygon", "coordinates": [ [ [ -43.637678392006109, -22.915452020995708 ], [ -43.633507916747419, -22.912462294989378 ], [ -43.634417337705585, -22.907784575915546 ], [ -43.639497159520161, -22.906096620866446 ], [ -43.643667597342933, -22.909086415387808 ], [ -43.6427582507987, -22.913764096431752 ], [ -43.637678392006109, -22.915452020995708 ] ] ] } },
{ "type": "Feature", "properties": { "hex_id": "88a8a066a3fffff", "nome": "Bangu", "codbairro": "141", "codra": 17, "rp": "Bangu", "cod_rp": "5.1", "area_plane": "5", "ideb_bairro": "Bangu" }, "geometry": { "type": "Polygon", "coordinates": [ [ [ -43.500593184048405, -22.83839614774309 ], [ -43.496423341816893, -22.835399845694113 ], [ -43.497333777193283, -22.830718473458379 ], [ -43.502413981105995, -22.829033439933244 ], [ -43.506583788001883, -22.832029810046013 ], [ -43.505673426332379, -22.836711145608632 ], [ -43.500593184048405, -22.83839614774309 ] ] ] } },
{ "type": "Feature", "properties": { "hex_id": "88a8a02b4dfffff", "nome": "Guaratiba", "codbairro": "151", "codra": 26, "rp": "Guaratiba", "cod_rp": "5.4", "area_plane": "5", "ideb_bairro": "Guaratiba" }, "geometry": { "type": "Polygon", "coordinates": [ [ [ -43.556543938391215, -22.990483073391665 ], [ -43.552373038279804, -22.987493866855321 ], [ -43.553283234120755, -22.982820480516153 ], [ -43.558364256060862, -22.981136337941248 ], [ -43.562535119965531, -22.984125612951541 ], [ -43.561624998148517, -22.98879896205128 ], [ -43.556543938391215, -22.990483073391665 ] ] ] } },
{ "type": "Feature", "properties": { "hex_id": "88a8a0674bfffff", "nome": "Realengo", "codbairro": "139", "codra": 33, "rp": "Bangu", "cod_rp": "5.1", "area_plane": "5", "ideb_bairro": "Realengo" }, "geometry": { "type": "Polygon", "coordinates": [ [ [ -43.419442487895203, -22.913426429623268 ], [ -43.415272249245838, -22.910430643409153 ], [ -43.416183453570987, -22.905753606098042 ], [ -43.421264823242119, -22.904072390875083 ], [ -43.42543502778652, -22.907068245117426 ], [ -43.424523896776492, -22.911745246542981 ], [ -43.419442487895203, -22.913426429623268 ] ] ] } },
{ "type": "Feature", "properties": { "hex_id": "88a8a070b5fffff", "nome": "Barra da Tijuca", "codbairro": "128", "codra": 24, "rp": "Barra da Tijuca", "cod_rp": "4.2", "area_plane": "4", "ideb_bairro": "Barra da Tijuca" }, "geometry": { "type": "Polygon", "coordinates": [ [ [ -43.338790023508736, -23.010037324708719 ], [ -43.334619261537156, -23.007042859968546 ], [ -43.335531258580211, -23.00237134964717 ], [ -43.340613944676832, -23.000694339164749 ], [ -43.344784673765417, -23.003688871938238 ], [ -43.343872749652121, -23.008360347149289 ], [ -43.338790023508736, -23.010037324708719 ] ] ] } },
{ "type": "Feature", "properties": { "hex_id": "88a8a0602dfffff", "nome": "Engenho Novo", "codbairro": "061", "codra": 13, "rp": "Méier", "cod_rp": "3.2", "area_plane": "3", "ideb_bairro": "Engenho Novo" }, "geometry": { "type": "Polygon", "coordinates": [ [ [ -43.275189971019003, -22.9217031873171 ], [ -43.271019890922823, -22.918703768190948 ], [ -43.271932273769984, -22.914027737192839 ], [ -43.277014664137745, -22.912351159780545 ], [ -43.281184712332021, -22.915350646637282 ], [ -43.2802724020722, -22.920026643164178 ], [ -43.275189971019003, -22.9217031873171 ] ] ] } },
{ "type": "Feature", "properties": { "hex_id": "88a8a06081fffff", "nome": "Madureira", "codbairro": "083", "codra": 15, "rp": "Madureira", "cod_rp": "3.3", "area_plane": "3", "ideb_bairro": "Madureira" }, "geometry": { "type": "Polygon", "coordinates": [ [ [ -43.344905032683791, -22.881182641276045 ], [ -43.340735109657359, -22.87818364751201 ], [ -43.3416468718221, -22.873505159897885 ], [ -43.34672848409398, -22.871825701184179 ], [ -43.350898374157367, -22.874824762752578 ], [ -43.349986684923664, -22.879503215218804 ], [ -43.344905032683791, -22.881182641276045 ] ] ] } },
{ "type": "Feature", "properties": { "hex_id": "88a8a071b1fffff", "nome": "São Conrado", "codbairro": "031", "codra": 6, "rp": "Zona Sul", "cod_rp": "2.1", "area_plane": "2", "ideb_bairro": "São Conrado" }, "geometry": { "type": "Polygon", "coordinates": [ [ [ -43.283268390462972, -23.002122295939728 ], [ -43.279097767678337, -22.999126025262381 ], [ -43.280010201309523, -22.994454306184213 ], [ -43.285093185090389, -22.99277889233781 ], [ -43.289263775841505, -22.995775230913996 ], [ -43.288351414857047, -23.000446915426199 ], [ -43.283268390462972, -23.002122295939728 ] ] ] } },
{ "type": "Feature", "properties": { "hex_id": "88a8a060d5fffff", "nome": "Vila Valqueire", "codbairro": "125", "codra": 16, "rp": "Jacarepaguá", "cod_rp": "4.1", "area_plane": "4", "ideb_bairro": "Vila Valqueire" }, "geometry": { "type": "Polygon", "coordinates": [ [ [ -43.357414956857021, -22.890178286841721 ], [ -43.353244956327558, -22.887179960986099 ], [ -43.354156630232865, -22.882501908992637 ], [ -43.359238231683015, -22.880822218115746 ], [ -43.363408199057389, -22.883820611820099 ], [ -43.362496598148454, -22.888498628541086 ], [ -43.357414956857021, -22.890178286841721 ] ] ] } },
{ "type": "Feature", "properties": { "hex_id": "88a8a06129fffff", "nome": "Imperial de São Cristóvão", "codbairro": "010", "codra": 7, "rp": "Centro", "cod_rp": "1.1", "area_plane": "1", "ideb_bairro": "Imperial de São Cristóvão" }, "geometry": { "type": "Polygon", "coordinates": [ [ [ -43.21967426060904, -22.913755867255954 ], [ -43.215504328640534, -22.910754650347283 ], [ -43.216417146019992, -22.906078414433779 ], [ -43.221499823075803, -22.904403429342345 ], [ -43.225669723991821, -22.907404713847171 ], [ -43.22475697891629, -22.912080915835741 ], [ -43.21967426060904, -22.913755867255954 ] ] ] } },
{ "type": "Feature", "properties": { "hex_id": "88a8a02e41fffff", "nome": "Santa Cruz", "codbairro": "149", "codra": 19, "rp": "Santa Cruz", "cod_rp": "5.3", "area_plane": "5", "ideb_bairro": "Santa Cruz" }, "geometry": { "type": "Polygon", "coordinates": [ [ [ -43.775891226879089, -22.913219696071295 ], [ -43.771720686536483, -22.910233700746094 ], [ -43.772628959761434, -22.905555396028944 ], [ -43.777707698235147, -22.903863126014354 ], [ -43.781878199035035, -22.906849190161839 ], [ -43.780970000915538, -22.911527455490152 ], [ -43.775891226879089, -22.913219696071295 ] ] ] } },
{ "type": "Feature", "properties": { "hex_id": "88a8a061d1fffff", "nome": "Pilares", "codbairro": "071", "codra": 13, "rp": "Méier", "cod_rp": "3.2", "area_plane": "3", "ideb_bairro": "Pilares" }, "geometry": { "type": "Polygon", "coordinates": [ [ [ -43.301904384082114, -22.882256218652376 ], [ -43.297734520056601, -22.879256093434797 ], [ -43.298646630950813, -22.874577831720707 ], [ -43.303728533168659, -22.872899729938194 ], [ -43.307898364888011, -22.875899922868921 ], [ -43.306986326707445, -22.880578149857477 ], [ -43.301904384082114, -22.882256218652376 ] ] ] } },
{ "type": "Feature", "properties": { "hex_id": "88a8a06225fffff", "nome": "Alto da Boa Vista", "codbairro": "034", "codra": 8, "rp": "Tijuca", "cod_rp": "2.2", "area_plane": "2", "ideb_bairro": "Alto da Boa Vista" }, "geometry": { "type": "Polygon", "coordinates": [ [ [ -43.294737645984597, -22.967739740300825 ], [ -43.290567230999066, -22.964742528996812 ], [ -43.291479522694594, -22.960068904997211 ], [ -43.29656215669047, -22.958392526961898 ], [ -43.300732539470651, -22.961389806125368 ], [ -43.299820320472072, -22.966063395453165 ], [ -43.294737645984597, -22.967739740300825 ] ] ] } },
{ "type": "Feature", "properties": { "hex_id": "88a8a062cdfffff", "nome": "Barra Olímpica", "codbairro": "165", "codra": 16, "rp": "Jacarepaguá", "cod_rp": "4.1", "area_plane": "4", "ideb_bairro": "Barra Olímpica" }, "geometry": { "type": "Polygon", "coordinates": [ [ [ -43.362244086029882, -22.962951335239758 ], [ -43.358073599692197, -22.959955792260377 ], [ -43.358985339194888, -22.95528164486791 ], [ -43.364067492009426, -22.95360307577554 ], [ -43.368237945110614, -22.95659868675153 ], [ -43.3673262786455, -22.961272798811759 ], [ -43.362244086029882, -22.962951335239758 ] ] ] } },
{ "type": "Feature", "properties": { "hex_id": "88a8a06321fffff", "nome": "Alto da Boa Vista", "codbairro": "034", "codra": 8, "rp": "Tijuca", "cod_rp": "2.2", "area_plane": "2", "ideb_bairro": "Alto da Boa Vista" }, "geometry": { "type": "Polygon", "coordinates": [ [ [ -43.239218446896281, -22.959804453522324 ], [ -43.235048177299802, -22.956805440760803 ], [ -43.235960904185646, -22.952131610638869 ], [ -43.2410438282661, -22.95045682739341 ], [ -43.24521406650674, -22.953455907880087 ], [ -43.244301412034531, -22.958129703875517 ], [ -43.239218446896281, -22.959804453522324 ] ] ] } },
{ "type": "Feature", "properties": { "hex_id": "88a8a07451fffff", "nome": "Recreio dos Bandeirantes", "codbairro": "132", "codra": 24, "rp": "Barra da Tijuca", "cod_rp": "4.2", "area_plane": "4", "ideb_bairro": "Recreio dos Bandeirantes" }, "geometry": { "type": "Polygon", "coordinates": [ [ [ -43.477061910406192, -23.008060126415376 ], [ -43.472890978193853, -23.005069379282585 ], [ -43.473801849459662, -23.000397234059488 ], [ -43.478883579321732, -22.998715872420501 ], [ -43.48305447653884, -23.001706687884358 ], [ -43.482143678900805, -23.006378796644615 ], [ -43.477061910406192, -23.008060126415376 ] ] ] } },
{ "type": "Feature", "properties": { "hex_id": "88a8a038a7fffff", "nome": "Guaratiba", "codbairro": "151", "codra": 26, "rp": "Guaratiba", "cod_rp": "5.4", "area_plane": "5", "ideb_bairro": "Guaratiba" }, "geometry": { "type": "Polygon", "coordinates": [ [ [ -43.624568335587547, -23.007264127528732 ], [ -43.620397265854002, -23.004277412562566 ], [ -43.621306926686152, -22.999604691323281 ], [ -43.626387582893798, -22.997918722945638 ], [ -43.630558615380572, -23.000905506567722 ], [ -43.629649028918116, -23.005578189900024 ], [ -43.624568335587547, -23.007264127528732 ] ] ] } },
{ "type": "Feature", "properties": { "hex_id": "88a8a074a5fffff", "nome": "Jacarepaguá", "codbairro": "115", "codra": 16, "rp": "Jacarepaguá", "cod_rp": "4.1", "area_plane": "4", "ideb_bairro": "Jacarepaguá" }, "geometry": { "type": "Polygon", "coordinates": [ [ [ -43.466227607994554, -22.941690046411633 ], [ -43.462057125458891, -22.938696572342138 ], [ -43.462967989628147, -22.934020882874172 ], [ -43.468049262787048, -22.932338703812903 ], [ -43.472219710500241, -22.935332246066412 ], [ -43.471308919888706, -22.94000789918567 ], [ -43.466227607994554, -22.941690046411633 ] ] ] } },
{ "type": "Feature", "properties": { "hex_id": "88a8a06057fffff", "nome": "Jacarepaguá", "codbairro": "115", "codra": 16, "rp": "Jacarepaguá", "cod_rp": "4.1", "area_plane": "4", "ideb_bairro": "Jacarepaguá" }, "geometry": { "type": "Polygon", "coordinates": [ [ [ -43.321452390631585, -22.92831040790459 ], [ -43.317282193080679, -22.925312489121563 ], [ -43.318194212519316, -22.920636631389751 ], [ -43.323276356697406, -22.918958727355736 ], [ -43.327446521638713, -22.921956713981793 ], [ -43.326534575023274, -22.926632536787299 ], [ -43.321452390631585, -22.92831040790459 ] ] ] } },
{ "type": "Feature", "properties": { "hex_id": "88a8a0754dfffff", "nome": "Barra da Tijuca", "codbairro": "128", "codra": 24, "rp": "Barra da Tijuca", "cod_rp": "4.2", "area_plane": "4", "ideb_bairro": "Barra da Tijuca" }, "geometry": { "type": "Polygon", "coordinates": [ [ [ -43.385057287261482, -23.016617578830093 ], [ -43.380886415288387, -23.013624621208447 ], [ -43.381798047211461, -23.008953287345737 ], [ -43.38688047795408, -23.007274946656942 ], [ -43.391051316336451, -23.010267972424405 ], [ -43.390139757578673, -23.014939270723293 ], [ -43.385057287261482, -23.016617578830093 ] ] ] } },
{ "type": "Feature", "properties": { "hex_id": "88a8a039a3fffff", "nome": "Ilha de Guaratiba", "codbairro": "164", "codra": 26, "rp": "Guaratiba", "cod_rp": "5.4", "area_plane": "5", "ideb_bairro": "Ilha de Guaratiba" }, "geometry": { "type": "Polygon", "coordinates": [ [ [ -43.569056780410982, -22.999449345524344 ], [ -43.564885809500808, -22.996460812770625 ], [ -43.565795915568792, -22.991787865994166 ], [ -43.570876918469665, -22.99010348932266 ], [ -43.575047852981093, -22.993092090594562 ], [ -43.574137821002068, -22.99776500000829 ], [ -43.569056780410982, -22.999449345524344 ] ] ] } },
{ "type": "Feature", "properties": { "hex_id": "88a8a075a1fffff", "nome": "Jacarepaguá", "codbairro": "115", "codra": 16, "rp": "Jacarepaguá", "cod_rp": "4.1", "area_plane": "4", "ideb_bairro": "Jacarepaguá" }, "geometry": { "type": "Polygon", "coordinates": [ [ [ -43.410716015713092, -22.933811998408899 ], [ -43.406545654338586, -22.930816717189341 ], [ -43.407456958867606, -22.92614081153911 ], [ -43.412538551507055, -22.924460222899882 ], [ -43.416708878907684, -22.927455572167037 ], [ -43.41579764765445, -22.932131442014299 ], [ -43.410716015713092, -22.933811998408899 ] ] ] } },
{ "type": "Feature", "properties": { "hex_id": "88a8a028c7fffff", "nome": "Santa Cruz", "codbairro": "149", "codra": 19, "rp": "Santa Cruz", "cod_rp": "5.3", "area_plane": "5", "ideb_bairro": "Santa Cruz" }, "geometry": { "type": "Polygon", "coordinates": [ [ [ -43.643134524023303, -22.887382762872331 ], [ -43.638964229365911, -22.884392158425026 ], [ -43.639873565071014, -22.879712910818522 ], [ -43.644953121010417, -22.878024305729447 ], [ -43.649123378151991, -22.881014978651191 ], [ -43.648214116881611, -22.885694188176085 ], [ -43.643134524023303, -22.887382762872331 ] ] ] } },
{ "type": "Feature", "properties": { "hex_id": "88a8a0291bfffff", "nome": "Campo Grande", "codbairro": "144", "codra": 18, "rp": "Campo Grande", "cod_rp": "5.2", "area_plane": "5", "ideb_bairro": "Campo Grande" }, "geometry": { "type": "Polygon", "coordinates": [ [ [ -43.569664334025276, -22.898655838900787 ], [ -43.565494026070681, -22.895663628195621 ], [ -43.566403982369472, -22.890985244417511 ], [ -43.571484172566095, -22.889299108692942 ], [ -43.575654444124254, -22.892291387729831 ], [ -43.574744561893908, -22.896969734148069 ], [ -43.569664334025276, -22.898655838900787 ] ] ] } },
{ "type": "Feature", "properties": { "hex_id": "88a8a06519fffff", "nome": "Anchieta", "codbairro": "107", "codra": 22, "rp": "Pavuna", "cod_rp": "3.6", "area_plane": "3", "ideb_bairro": "Anchieta" }, "geometry": { "type": "Polygon", "coordinates": [ [ [ -43.411348777437496, -22.832935382496927 ], [ -43.407179078574913, -22.829936445970088 ], [ -43.408090233007698, -22.825255111789435 ], [ -43.413171013059127, -22.823572749917265 ], [ -43.417340677948992, -22.826571754300861 ], [ -43.416429596771877, -22.831253052688357 ], [ -43.411348777437496, -22.832935382496927 ] ] ] } },
{ "type": "Feature", "properties": { "hex_id": "88a8a020adfffff", "nome": "Santa Cruz", "codbairro": "149", "codra": 19, "rp": "Santa Cruz", "cod_rp": "5.3", "area_plane": "5", "ideb_bairro": "Santa Cruz" }, "geometry": { "type": "Polygon", "coordinates": [ [ [ -43.770441470559966, -22.941283294353148 ], [ -43.766270747752742, -22.938298181210985 ], [ -43.767179106529667, -22.933621404672966 ], [ -43.772258113040529, -22.931929780601344 ], [ -43.776428796384579, -22.934914962605674 ], [ -43.775520512692545, -22.939591699807991 ], [ -43.770441470559966, -22.941283294353148 ] ] ] } },
{ "type": "Feature", "properties": { "hex_id": "88a8a0656dfffff", "nome": "Marechal Hermes", "codbairro": "090", "codra": 15, "rp": "Madureira", "cod_rp": "3.3", "area_plane": "3", "ideb_bairro": "Marechal Hermes" }, "geometry": { "type": "Polygon", "coordinates": [ [ [ -43.359626377493818, -22.85442823826822 ], [ -43.355456608799408, -22.85142867346125 ], [ -43.356368213421568, -22.846748690526788 ], [ -43.36144951375055, -22.845068307675525 ], [ -43.365619249259836, -22.848067940267626 ], [ -43.364707717636989, -22.852747887914337 ], [ -43.359626377493818, -22.85442823826822 ] ] ] } },
{ "type": "Feature", "properties": { "hex_id": "88a8a0769dfffff", "nome": "Guaratiba", "codbairro": "151", "codra": 26, "rp": "Guaratiba", "cod_rp": "5.4", "area_plane": "5", "ideb_bairro": "Guaratiba" }, "geometry": { "type": "Polygon", "coordinates": [ [ [ -43.535308839978853, -23.001890191770634 ], [ -43.531137885535486, -22.998900819615933 ], [ -43.532048271807803, -22.994228126599165 ], [ -43.537129538615417, -22.992544842758026 ], [ -43.541300457174906, -22.995534283360726 ], [ -43.540390144822339, -23.000206939345055 ], [ -43.535308839978853, -23.001890191770634 ] ] ] } },
{ "type": "Feature", "properties": { "hex_id": "88a8a02101fffff", "nome": "Sepetiba", "codbairro": "150", "codra": 19, "rp": "Santa Cruz", "cod_rp": "5.3", "area_plane": "5", "ideb_bairro": "Sepetiba" }, "geometry": { "type": "Polygon", "coordinates": [ [ [ -43.69152236142105, -22.980658366800416 ], [ -43.687351420125083, -22.977672521476816 ], [ -43.688260489988387, -22.972998131723202 ], [ -43.693340426460047, -22.971309625843684 ], [ -43.697511329491128, -22.974295539924157 ], [ -43.696602334327075, -22.978969891115796 ], [ -43.69152236142105, -22.980658366800416 ] ] ] } },
{ "type": "Feature", "properties": { "hex_id": "88a8a029c3fffff", "nome": "Campo Grande", "codbairro": "144", "codra": 18, "rp": "Campo Grande", "cod_rp": "5.2", "area_plane": "5", "ideb_bairro": "Campo Grande" }, "geometry": { "type": "Polygon", "coordinates": [ [ [ -43.587634204819814, -22.879560509206062 ], [ -43.58346400632648, -22.876568093501827 ], [ -43.584373787658556, -22.871888619319364 ], [ -43.589453693341348, -22.870201598364442 ], [ -43.593623855166292, -22.873194082404272 ], [ -43.592714147988495, -22.877873519051921 ], [ -43.587634204819814, -22.879560509206062 ] ] ] } },
{ "type": "Feature", "properties": { "hex_id": "88a8a02a17fffff", "nome": "Santa Cruz", "codbairro": "149", "codra": 19, "rp": "Santa Cruz", "cod_rp": "5.3", "area_plane": "5", "ideb_bairro": "Santa Cruz" }, "geometry": { "type": "Polygon", "coordinates": [ [ [ -43.644733852675749, -22.952477294483309 ], [ -43.640563128494911, -22.949489121534207 ], [ -43.641472544413631, -22.944813372389177 ], [ -43.646552610066806, -22.94312583428334 ], [ -43.650723296699724, -22.946114075832355 ], [ -43.64981395523904, -22.95078978687582 ], [ -43.644733852675749, -22.952477294483309 ] ] ] } },
{ "type": "Feature", "properties": { "hex_id": "88a8a06615fffff", "nome": "Senador Camará", "codbairro": "142", "codra": 17, "rp": "Bangu", "cod_rp": "5.1", "area_plane": "5", "ideb_bairro": "Senador Camará" }, "geometry": { "type": "Polygon", "coordinates": [ [ [ -43.486407618526144, -22.886878132887524 ], [ -43.482237473319678, -22.883883209930765 ], [ -43.483148094126463, -22.879204494013461 ], [ -43.488228786504713, -22.877520737581296 ], [ -43.492398896586671, -22.880515728663113 ], [ -43.491488349426582, -22.885194408040533 ], [ -43.486407618526144, -22.886878132887524 ] ] ] } },
{ "type": "Feature", "properties": { "hex_id": "88a8a021a9fffff", "nome": "Santa Cruz", "codbairro": "149", "codra": 19, "rp": "Santa Cruz", "cod_rp": "5.3", "area_plane": "5", "ideb_bairro": "Santa Cruz" }, "geometry": { "type": "Polygon", "coordinates": [ [ [ -43.714941765401456, -22.933512082654971 ], [ -43.710771120800146, -22.930525149698614 ], [ -43.711679929108435, -22.925848139055667 ], [ -43.716759307224244, -22.924158100147757 ], [ -43.720929913209297, -22.927145101826397 ], [ -43.720021179706428, -22.931822073679186 ], [ -43.714941765401456, -22.933512082654971 ] ] ] } },
{ "type": "Feature", "properties": { "hex_id": "88a8a02a6bfffff", "nome": "Guaratiba", "codbairro": "151", "codra": 26, "rp": "Guaratiba", "cod_rp": "5.4", "area_plane": "5", "ideb_bairro": "Guaratiba" }, "geometry": { "type": "Polygon", "coordinates": [ [ [ -43.614784315572017, -22.984283496217888 ], [ -43.610613405010866, -22.981295666244382 ], [ -43.611523113397155, -22.976621737781734 ], [ -43.616603658041065, -22.974935677090819 ], [ -43.620774531507422, -22.97792357565622 ], [ -43.619864897436322, -22.982597466309144 ], [ -43.614784315572017, -22.984283496217888 ] ] ] } },
{ "type": "Feature", "properties": { "hex_id": "88a8a06669fffff", "nome": "Realengo", "codbairro": "139", "codra": 33, "rp": "Bangu", "cod_rp": "5.1", "area_plane": "5", "ideb_bairro": "Realengo" }, "geometry": { "type": "Polygon", "coordinates": [ [ [ -43.456448962539234, -22.918680243297135 ], [ -43.452278643071772, -22.915685660948434 ], [ -43.453189553854443, -22.911008767725814 ], [ -43.45827071061322, -22.909326493090084 ], [ -43.462440995410056, -22.912321143558071 ], [ -43.461530158130458, -22.916998000530988 ], [ -43.456448962539234, -22.918680243297135 ] ] ] } },
{ "type": "Feature", "properties": { "hex_id": "88a8a066bdfffff", "nome": "Bangu", "codbairro": "141", "codra": 17, "rp": "Bangu", "cod_rp": "5.1", "area_plane": "5", "ideb_bairro": "Bangu" }, "geometry": { "type": "Polygon", "coordinates": [ [ [ -43.509843287180793, -22.839707147004887 ], [ -43.505673426332379, -22.836711145608632 ], [ -43.506583788001883, -22.832029810046013 ], [ -43.511663936777715, -22.830344512632578 ], [ -43.515833762149185, -22.833340582115596 ], [ -43.514923474233456, -22.838021880913796 ], [ -43.509843287180793, -22.839707147004887 ] ] ] } },
{ "type": "Feature", "properties": { "hex_id": "88a8a02b13fffff", "nome": "Guaratiba", "codbairro": "151", "codra": 26, "rp": "Guaratiba", "cod_rp": "5.4", "area_plane": "5", "ideb_bairro": "Guaratiba" }, "geometry": { "type": "Polygon", "coordinates": [ [ [ -43.589227896375668, -22.944663203500806 ], [ -43.585057268153243, -22.94167321525946 ], [ -43.585967129838586, -22.936997239413891 ], [ -43.591047545580494, -22.935311289354335 ], [ -43.595218137102684, -22.93830134605723 ], [ -43.594308349594868, -22.942977284346636 ], [ -43.589227896375668, -22.944663203500806 ] ] ] } },
{ "type": "Feature", "properties": { "hex_id": "88a8a06711fffff", "nome": "Realengo", "codbairro": "139", "codra": 33, "rp": "Bangu", "cod_rp": "5.1", "area_plane": "5", "ideb_bairro": "Realengo" }, "geometry": { "type": "Polygon", "coordinates": [ [ [ -43.430901517091968, -22.879000876337372 ], [ -43.426731490176238, -22.876004148738328 ], [ -43.427642551877497, -22.871325215495897 ], [ -43.432723567141196, -22.869643045833939 ], [ -43.436893559780692, -22.87263984142097 ], [ -43.435982571444427, -22.877318738670439 ], [ -43.430901517091968, -22.879000876337372 ] ] ] } },
{ "type": "Feature", "properties": { "hex_id": "88a8a06003fffff", "nome": "Água Santa", "codbairro": "067", "codra": 13, "rp": "Méier", "cod_rp": "3.2", "area_plane": "3", "ideb_bairro": "Água Santa" }, "geometry": { "type": "Polygon", "coordinates": [ [ [ -43.308941876546513, -22.919315983291458 ], [ -43.30477175765111, -22.91631739633474 ], [ -43.305683865107063, -22.911641102857846 ], [ -43.3107660187124, -22.909963431128013 ], [ -43.314936105190313, -22.912962085883667 ], [ -43.314024070492138, -22.917638344558675 ], [ -43.308941876546513, -22.919315983291458 ] ] ] } },
{ "type": "Feature", "properties": { "hex_id": "88a8a02b67fffff", "nome": "Guaratiba", "codbairro": "151", "codra": 26, "rp": "Guaratiba", "cod_rp": "5.4", "area_plane": "5", "ideb_bairro": "Guaratiba" }, "geometry": { "type": "Polygon", "coordinates": [ [ [ -43.537510291771426, -22.966186596422077 ], [ -43.533339570268318, -22.963195975136415 ], [ -43.534249887183698, -22.958521345538351 ], [ -43.539330851691361, -22.956837374265099 ], [ -43.543501537281024, -22.959828063937632 ], [ -43.542591294288144, -22.964502656485042 ], [ -43.537510291771426, -22.966186596422077 ] ] ] } },
{ "type": "Feature", "properties": { "hex_id": "88a8a06765fffff", "nome": "Jardim Sulacap", "codbairro": "137", "codra": 33, "rp": "Bangu", "cod_rp": "5.1", "area_plane": "5", "ideb_bairro": "Jardim Sulacap" }, "geometry": { "type": "Polygon", "coordinates": [ [ [ -43.379176841938033, -22.90048939437656 ], [ -43.375006742605684, -22.897492037188204 ], [ -43.375918255099521, -22.892814456482217 ], [ -43.380999793828664, -22.89113426844111 ], [ -43.385169859672409, -22.894131693545212 ], [ -43.384258420287331, -22.898809238763153 ], [ -43.379176841938033, -22.90048939437656 ] ] ] } },
{ "type": "Feature", "properties": { "hex_id": "88a8a07895fffff", "nome": "Santa Teresa", "codbairro": "014", "codra": 23, "rp": "Centro", "cod_rp": "1.1", "area_plane": "1", "ideb_bairro": "Santa Teresa" }, "geometry": { "type": "Polygon", "coordinates": [ [ [ -43.208201283741857, -22.948155324513035 ], [ -43.204031146214284, -22.945155044737994 ], [ -43.204944105101767, -22.940480711638465 ], [ -43.210027129275076, -22.938806692122625 ], [ -43.214197235922221, -22.941807039534449 ], [ -43.213284349288266, -22.946481338813797 ], [ -43.208201283741857, -22.948155324513035 ] ] ] } },
{ "type": "Feature", "properties": { "hex_id": "88a8a06047fffff", "nome": "Jacarepaguá", "codbairro": "115", "codra": 16, "rp": "Jacarepaguá", "cod_rp": "4.1", "area_plane": "4", "ideb_bairro": "Jacarepaguá" }, "geometry": { "type": "Polygon", "coordinates": [ [ [ -43.300211009082922, -22.939695027727492 ], [ -43.296040769924439, -22.936696944355056 ], [ -43.296952977119879, -22.932021784411095 ], [ -43.302035350767333, -22.930344742548161 ], [ -43.306205557639686, -22.933342893739187 ], [ -43.305293423162482, -22.938018018963014 ], [ -43.300211009082922, -22.939695027727492 ] ] ] } },
{ "type": "Feature", "properties": { "hex_id": "88a8a0609bfffff", "nome": "Marechal Hermes", "codbairro": "090", "codra": 15, "rp": "Madureira", "cod_rp": "3.3", "area_plane": "3", "ideb_bairro": "Marechal Hermes" }, "geometry": { "type": "Polygon", "coordinates": [ [ [ -43.375394237609704, -22.871103274370675 ], [ -43.371224336818138, -22.868104744966082 ], [ -43.372135837722148, -22.863425597680735 ], [ -43.377217166346583, -22.861745015234302 ], [ -43.381387033710432, -22.864743612490379 ], [ -43.380475605889288, -22.86942272432989 ], [ -43.375394237609704, -22.871103274370675 ] ] ] } },
{ "type": "Feature", "properties": { "hex_id": "88a8a06143fffff", "nome": "Andaraí", "codbairro": "037", "codra": 9, "rp": "Tijuca", "cod_rp": "2.2", "area_plane": "2", "ideb_bairro": "Andaraí" }, "geometry": { "type": "Polygon", "coordinates": [ [ [ -43.244694422242475, -22.931758502002562 ], [ -43.240524327687126, -22.928758618665146 ], [ -43.241436970200908, -22.92408325231094 ], [ -43.24651963484682, -22.922407803456842 ], [ -43.250689697965413, -22.925407754478265 ], [ -43.249777127886624, -22.930083086658236 ], [ -43.244694422242475, -22.931758502002562 ] ] ] } },
{ "type": "Feature", "properties": { "hex_id": "88a8a06197fffff", "nome": "Penha Circular", "codbairro": "044", "codra": 11, "rp": "Penha", "cod_rp": "3.5", "area_plane": "3", "ideb_bairro": "Penha Circular" }, "geometry": { "type": "Polygon", "coordinates": [ [ [ -43.298125242571999, -22.852861159998838 ], [ -43.293955577808298, -22.849859865587547 ], [ -43.294867676896779, -22.845180038050792 ], [ -43.299949368072937, -22.8435015395962 ], [ -43.304119000591207, -22.846502901656017 ], [ -43.303206974190502, -22.851182694510367 ], [ -43.298125242571999, -22.852861159998838 ] ] ] } },
{ "type": "Feature", "properties": { "hex_id": "88a8a06a59fffff", "nome": "Catumbi", "codbairro": "006", "codra": 3, "rp": "Centro", "cod_rp": "1.1", "area_plane": "1", "ideb_bairro": "Catumbi" }, "geometry": { "type": "Polygon", "coordinates": [ [ [ -43.198429962336675, -22.925129181318603 ], [ -43.19425999426921, -22.922127800204645 ], [ -43.19517299824907, -22.917452264344355 ], [ -43.200255898109539, -22.915778143305637 ], [ -43.20442583544822, -22.918779591991907 ], [ -43.203512903667018, -22.923455094133029 ], [ -43.198429962336675, -22.925129181318603 ] ] ] } },
{ "type": "Feature", "properties": { "hex_id": "88a8a061ebfffff", "nome": "Del Castilho", "codbairro": "053", "codra": 12, "rp": "Inhaúma", "cod_rp": "3.4", "area_plane": "3", "ideb_bairro": "Del Castilho" }, "geometry": { "type": "Polygon", "coordinates": [ [ [ -43.268154247615215, -22.884642501523729 ], [ -43.263984422988621, -22.88164154534401 ], [ -43.264896809113083, -22.876963545889069 ], [ -43.269978947332703, -22.875286536996768 ], [ -43.274148740168641, -22.878287560821299 ], [ -43.273236426587381, -22.882965525881783 ], [ -43.268154247615215, -22.884642501523729 ] ] ] } },
{ "type": "Feature", "properties": { "hex_id": "88a8a06293fffff", "nome": "Taquara", "codbairro": "122", "codra": 16, "rp": "Jacarepaguá", "cod_rp": "4.1", "area_plane": "4", "ideb_bairro": "Taquara" }, "geometry": { "type": "Polygon", "coordinates": [ [ [ -43.394946114940396, -22.917153191434309 ], [ -43.390775884274632, -22.914156871741437 ], [ -43.391687292859594, -22.909480128228171 ], [ -43.396768858929768, -22.907799740041849 ], [ -43.400939055864299, -22.910796127716452 ], [ -43.400027720471613, -22.915472835584112 ], [ -43.394946114940396, -22.917153191434309 ] ] ] } },
{ "type": "Feature", "properties": { "hex_id": "88a8a02f57fffff", "nome": "Santa Cruz", "codbairro": "149", "codra": 19, "rp": "Santa Cruz", "cod_rp": "5.3", "area_plane": "5", "ideb_bairro": "Santa Cruz" }, "geometry": { "type": "Polygon", "coordinates": [ [ [ -43.729107873867989, -22.88504089216493 ], [ -43.724937540557107, -22.882052569735674 ], [ -43.72584616194824, -22.877372904720811 ], [ -43.730925041797015, -22.875681601051404 ], [ -43.735095336281617, -22.878669992144154 ], [ -43.734186789755356, -22.883349618231343 ], [ -43.729107873867989, -22.88504089216493 ] ] ] } },
{ "type": "Feature", "properties": { "hex_id": "88a8a062e7fffff", "nome": "Freguesia (Jacarepaguá)", "codbairro": "120", "codra": 16, "rp": "Jacarepaguá", "cod_rp": "4.1", "area_plane": "4", "ideb_bairro": "Freguesia (Jacarepaguá)" }, "geometry": { "type": "Polygon", "coordinates": [ [ [ -43.343215612599359, -22.938621673259892 ], [ -43.339045314244167, -22.935624723544851 ], [ -43.339957172686447, -22.93094933687815 ], [ -43.34503925655995, -22.929270935056568 ], [ -43.349209521971929, -22.932267952681247 ], [ -43.348297736465362, -22.936943304206348 ], [ -43.343215612599359, -22.938621673259892 ] ] ] } },
{ "type": "Feature", "properties": { "hex_id": "88a8a07417fffff", "nome": "Vargem Grande", "codbairro": "131", "codra": 24, "rp": "Barra da Tijuca", "cod_rp": "4.2", "area_plane": "4", "ideb_bairro": "Vargem Grande" }, "geometry": { "type": "Polygon", "coordinates": [ [ [ -43.473274433928943, -22.978714390526154 ], [ -43.469103699393649, -22.975722464147285 ], [ -43.470014559340299, -22.971048746738198 ], [ -43.475096080232092, -22.969366992118857 ], [ -43.479266779833225, -22.97235898676626 ], [ -43.478355993488428, -22.977032667752969 ], [ -43.473274433928943, -22.978714390526154 ] ] ] } },
{ "type": "Feature", "properties": { "hex_id": "88a8a0633bfffff", "nome": "Tijuca", "codbairro": "033", "codra": 8, "rp": "Tijuca", "cod_rp": "2.2", "area_plane": "2", "ideb_bairro": "Tijuca" }, "geometry": { "type": "Polygon", "coordinates": [ [ [ -43.269715553863534, -22.949753129609647 ], [ -43.265545298302378, -22.946754581474984 ], [ -43.266457765588143, -22.942080085759432 ], [ -43.2715404158808, -22.940404172590192 ], [ -43.275710639620904, -22.943402788496631 ], [ -43.274798244901163, -22.948077249788987 ], [ -43.269715553863534, -22.949753129609647 ] ] ] } },
{ "type": "Feature", "properties": { "hex_id": "88a8a0746bfffff", "nome": "Recreio dos Bandeirantes", "codbairro": "132", "codra": 24, "rp": "Barra da Tijuca", "cod_rp": "4.2", "area_plane": "4", "ideb_bairro": "Recreio dos Bandeirantes" }, "geometry": { "type": "Polygon", "coordinates": [ [ [ -43.44331044228894, -23.010481459810816 ], [ -43.439139534445225, -23.007489874753745 ], [ -43.440050684249414, -23.002817986861064 ], [ -43.445132668450952, -23.001137720146762 ], [ -43.449303541814658, -23.0041293734654 ], [ -43.448392465468544, -23.008801225225248 ], [ -43.44331044228894, -23.010481459810816 ] ] ] } },
{ "type": "Feature", "properties": { "hex_id": "88a8a038c1fffff", "nome": "Guaratiba", "codbairro": "151", "codra": 26, "rp": "Guaratiba", "cod_rp": "5.4", "area_plane": "5", "ideb_bairro": "Guaratiba" }, "geometry": { "type": "Polygon", "coordinates": [ [ [ -43.650128641070275, -23.046848452233217 ], [ -43.645957291237274, -23.043863901772664 ], [ -43.646866798216614, -23.039193232845584 ], [ -43.65194758053331, -23.037507152526629 ], [ -43.656118892724884, -23.040491771772203 ], [ -43.655209460252856, -23.045162402540218 ], [ -43.650128641070275, -23.046848452233217 ] ] ] } },
{ "type": "Feature", "properties": { "hex_id": "88a8a03915fffff", "nome": "Guaratiba", "codbairro": "151", "codra": 26, "rp": "Guaratiba", "cod_rp": "5.4", "area_plane": "5", "ideb_bairro": "Guaratiba" }, "geometry": { "type": "Polygon", "coordinates": [ [ [ -43.554873706450287, -23.047846332342452 ], [ -43.550702429928933, -23.044859188196977 ], [ -43.551612721960886, -23.040188911317557 ], [ -43.556694216496922, -23.038505815799809 ], [ -43.560865456830477, -23.041493028520524 ], [ -43.55995523882747, -23.046163268172254 ], [ -43.554873706450287, -23.047846332342452 ] ] ] } },
{ "type": "Feature", "properties": { "hex_id": "88a8a07513fffff", "nome": "Jacarepaguá", "codbairro": "115", "codra": 16, "rp": "Jacarepaguá", "cod_rp": "4.1", "area_plane": "4", "ideb_bairro": "Jacarepaguá" }, "geometry": { "type": "Polygon", "coordinates": [ [ [ -43.417759836844532, -22.970843068125784 ], [ -43.413589222489612, -22.96784933203277 ], [ -43.414500523060823, -22.963175397996757 ], [ -43.419582364678732, -22.961495235919632 ], [ -43.423752944948198, -22.964489040144933 ], [ -43.422841717696919, -22.969162938303548 ], [ -43.417759836844532, -22.970843068125784 ] ] ] } },
{ "type": "Feature", "properties": { "hex_id": "88a8a02839fffff", "nome": "Cosmos", "codbairro": "147", "codra": 18, "rp": "Campo Grande", "cod_rp": "5.2", "area_plane": "5", "ideb_bairro": "Cosmos" }, "geometry": { "type": "Polygon", "coordinates": [ [ [ -43.606666300748181, -22.903875658263786 ], [ -43.602495926118706, -22.900884655030016 ], [ -43.603405585862987, -22.896206421237839 ], [ -43.608485545992856, -22.894519228392088 ], [ -43.612655883660793, -22.897510300049856 ], [ -43.611746298172079, -22.902188496117876 ], [ -43.606666300748181, -22.903875658263786 ] ] ] } },
{ "type": "Feature", "properties": { "hex_id": "88a8a07567fffff", "nome": "Barra da Tijuca", "codbairro": "128", "codra": 24, "rp": "Barra da Tijuca", "cod_rp": "4.2", "area_plane": "4", "ideb_bairro": "Barra da Tijuca" }, "geometry": { "type": "Polygon", "coordinates": [ [ [ -43.366026668576609, -22.992306462340611 ], [ -43.36185598351576, -22.989312094695478 ], [ -43.3627677346485, -22.984639518995195 ], [ -43.367850097790374, -22.982961346302492 ], [ -43.372020749553855, -22.985955782007142 ], [ -43.371109071484575, -22.990628322333453 ], [ -43.366026668576609, -22.992306462340611 ] ] ] } },
{ "type": "Feature", "properties": { "hex_id": "88a8a0288dfffff", "nome": "Paciência", "codbairro": "148", "codra": 19, "rp": "Santa Cruz", "cod_rp": "5.3", "area_plane": "5", "ideb_bairro": "Paciência" }, "geometry": { "type": "Polygon", "coordinates": [ [ [ -43.639873565071014, -22.879712910818522 ], [ -43.635703323271613, -22.876721935849968 ], [ -43.636612674865177, -22.872042287351203 ], [ -43.64169219385321, -22.870353651858466 ], [ -43.645862398187425, -22.873344695279652 ], [ -43.644953121010417, -22.878024305729447 ], [ -43.639873565071014, -22.879712910818522 ] ] ] } },
{ "type": "Feature", "properties": { "hex_id": "88a8a039bdfffff", "nome": "Ilha de Guaratiba", "codbairro": "164", "codra": 26, "rp": "Guaratiba", "cod_rp": "5.4", "area_plane": "5", "ideb_bairro": "Ilha de Guaratiba" }, "geometry": { "type": "Polygon", "coordinates": [ [ [ -43.578308808927062, -23.000753229990686 ], [ -43.574137821002068, -22.99776500000829 ], [ -43.575047852981093, -22.993092090594562 ], [ -43.580128798761002, -22.991407448605198 ], [ -43.584299750145902, -22.994395747128703 ], [ -43.583389792302654, -22.999068619088963 ], [ -43.578308808927062, -23.000753229990686 ] ] ] } },
{ "type": "Feature", "properties": { "hex_id": "88a8a075bbfffff", "nome": "Jacarepaguá", "codbairro": "115", "codra": 16, "rp": "Jacarepaguá", "cod_rp": "4.1", "area_plane": "4", "ideb_bairro": "Jacarepaguá" }, "geometry": { "type": "Polygon", "coordinates": [ [ [ -43.441205083280742, -22.923725848039489 ], [ -43.437034749252923, -22.920731032701884 ], [ -43.437945791406229, -22.916054468326962 ], [ -43.443027094171718, -22.914372755378871 ], [ -43.447197393761115, -22.917367638811822 ], [ -43.446286425035161, -22.922044167085996 ], [ -43.441205083280742, -22.923725848039489 ] ] ] } },
{ "type": "Feature", "properties": { "hex_id": "88a8a028e1fffff", "nome": "Paciência", "codbairro": "148", "codra": 19, "rp": "Santa Cruz", "cod_rp": "5.3", "area_plane": "5", "ideb_bairro": "Paciência" }, "geometry": { "type": "Polygon", "coordinates": [ [ [ -43.624634587602102, -22.884777609117535 ], [ -43.620464324129095, -22.881786400607673 ], [ -43.621373808563476, -22.877107077111326 ], [ -43.626453482141244, -22.875419000012709 ], [ -43.630623708380881, -22.878410276950653 ], [ -43.629714298287787, -22.883089562547635 ], [ -43.624634587602102, -22.884777609117535 ] ] ] } },
{ "type": "Feature", "properties": { "hex_id": "88a8a02935fffff", "nome": "Santíssimo", "codbairro": "143", "codra": 18, "rp": "Campo Grande", "cod_rp": "5.2", "area_plane": "5", "ideb_bairro": "Santíssimo" }, "geometry": { "type": "Polygon", "coordinates": [ [ [ -43.529401742327522, -22.885755012175572 ], [ -43.52523155830243, -22.882761225665945 ], [ -43.526141826079211, -22.878082292558574 ], [ -43.531222204029845, -22.876397182911884 ], [ -43.535392352274357, -22.879391037639465 ], [ -43.534482158360497, -22.884069933784282 ], [ -43.529401742327522, -22.885755012175572 ] ] ] } },
{ "type": "Feature", "properties": { "hex_id": "88a8a02989fffff", "nome": "Campo Grande", "codbairro": "144", "codra": 18, "rp": "Campo Grande", "cod_rp": "5.2", "area_plane": "5", "ideb_bairro": "Campo Grande" }, "geometry": { "type": "Polygon", "coordinates": [ [ [ -43.584373787658556, -22.871888619319364 ], [ -43.580203642481209, -22.868895833698303 ], [ -43.581113439592748, -22.864215958820033 ], [ -43.586193307757192, -22.862528907053346 ], [ -43.590363416316777, -22.865521760988177 ], [ -43.589453693341348, -22.870201598364442 ], [ -43.584373787658556, -22.871888619319364 ] ] ] } },
{ "type": "Feature", "properties": { "hex_id": "88a8a076b7fffff", "nome": "Vargem Grande", "codbairro": "131", "codra": 24, "rp": "Barra da Tijuca", "cod_rp": "4.2", "area_plane": "4", "ideb_bairro": "Vargem Grande" }, "geometry": { "type": "Polygon", "coordinates": [ [ [ -43.516275304442189, -22.977594273725657 ], [ -43.512104529640361, -22.974603487027235 ], [ -43.513015036759697, -22.969929550588645 ], [ -43.518096244874293, -22.968246437680591 ], [ -43.522266984085547, -22.97123729274011 ], [ -43.521356550784475, -22.975911192335069 ], [ -43.516275304442189, -22.977594273725657 ] ] ] } },
{ "type": "Feature", "properties": { "hex_id": "88a8a06e49fffff", "nome": "Irajá", "codbairro": "076", "codra": 14, "rp": "Madureira", "cod_rp": "3.3", "area_plane": "3", "ideb_bairro": "Irajá" }, "geometry": { "type": "Polygon", "coordinates": [ [ [ -43.325879422528629, -22.856827056283347 ], [ -43.321709688273366, -22.853826660208348 ], [ -43.322621569157107, -22.849146936992639 ], [ -43.327703111478655, -22.84746764479663 ], [ -43.331872813064045, -22.850468108587965 ], [ -43.330961005009499, -22.855147796847451 ], [ -43.325879422528629, -22.856827056283347 ] ] ] } },
{ "type": "Feature", "properties": { "hex_id": "88a8a029ddfffff", "nome": "Campo Grande", "codbairro": "144", "codra": 18, "rp": "Campo Grande", "cod_rp": "5.2", "area_plane": "5", "ideb_bairro": "Campo Grande" }, "geometry": { "type": "Polygon", "coordinates": [ [ [ -43.596884363053114, -22.880865633074063 ], [ -43.592714147988495, -22.877873519051921 ], [ -43.593623855166292, -22.873194082404272 ], [ -43.598703703219321, -22.871506797393224 ], [ -43.602873881474295, -22.874498979774067 ], [ -43.601964248497545, -22.87917837879575 ], [ -43.596884363053114, -22.880865633074063 ] ] ] } },
{ "type": "Feature", "properties": { "hex_id": "88a8a02a31fffff", "nome": "Santa Cruz", "codbairro": "149", "codra": 19, "rp": "Santa Cruz", "cod_rp": "5.3", "area_plane": "5", "ideb_bairro": "Santa Cruz" }, "geometry": { "type": "Polygon", "coordinates": [ [ [ -43.626232037589979, -22.94987486691997 ], [ -43.622061344524703, -22.946886088564206 ], [ -43.622970909219312, -22.942210263488736 ], [ -43.628051092626265, -22.940523254677306 ], [ -43.632221748426154, -22.943512101586805 ], [ -43.631312258096123, -22.948187888742499 ], [ -43.626232037589979, -22.94987486691997 ] ] ] } },
{ "type": "Feature", "properties": { "hex_id": "88a8a021c3fffff", "nome": "Santa Cruz", "codbairro": "149", "codra": 19, "rp": "Santa Cruz", "cod_rp": "5.3", "area_plane": "5", "ideb_bairro": "Santa Cruz" }, "geometry": { "type": "Polygon", "coordinates": [ [ [ -43.739966092622915, -22.95142895431486 ], [ -43.735795316923571, -22.948443371887628 ], [ -43.736703943419222, -22.943767242665114 ], [ -43.741783270690938, -22.942076734894897 ], [ -43.745954007390353, -22.945062386134161 ], [ -43.745045455829583, -22.949738476320142 ], [ -43.739966092622915, -22.95142895431486 ] ] ] } },
{ "type": "Feature", "properties": { "hex_id": "88a8a02a85fffff", "nome": "Santa Cruz", "codbairro": "149", "codra": 19, "rp": "Santa Cruz", "cod_rp": "5.3", "area_plane": "5", "ideb_bairro": "Santa Cruz" }, "geometry": { "type": "Polygon", "coordinates": [ [ [ -43.659440349318466, -22.925720443759175 ], [ -43.655269790756854, -22.922731693751555 ], [ -43.65617904691814, -22.91805445227757 ], [ -43.661258787127188, -22.916365999044146 ], [ -43.665429307919773, -22.919354817634776 ], [ -43.664520126283982, -22.924032020864331 ], [ -43.659440349318466, -22.925720443759175 ] ] ] } },
{ "type": "Feature", "properties": { "hex_id": "88a8a06683fffff", "nome": "Campo Grande", "codbairro": "144", "codra": 18, "rp": "Campo Grande", "cod_rp": "5.2", "area_plane": "5", "ideb_bairro": "Campo Grande" }, "geometry": { "type": "Polygon", "coordinates": [ [ [ -43.522353014313957, -22.848693811938759 ], [ -43.518183081215554, -22.845698480214885 ], [ -43.519093353481225, -22.8410175815789 ], [ -43.524173485038148, -22.83933205154408 ], [ -43.52834338246771, -22.842327451399658 ], [ -43.527433184020865, -22.847008313146851 ], [ -43.522353014313957, -22.848693811938759 ] ] ] } },
{ "type": "Feature", "properties": { "hex_id": "88a8a02ad9fffff", "nome": "Santa Cruz", "codbairro": "149", "codra": 19, "rp": "Santa Cruz", "cod_rp": "5.3", "area_plane": "5", "ideb_bairro": "Santa Cruz" }, "geometry": { "type": "Polygon", "coordinates": [ [ [ -43.69371461030758, -22.944946432484361 ], [ -43.689543902823658, -22.941959333887084 ], [ -43.690452903294627, -22.937283010845196 ], [ -43.695532536559341, -22.93559382497121 ], [ -43.699703205749259, -22.938580992264271 ], [ -43.698794279980099, -22.943257276724065 ], [ -43.69371461030758, -22.944946432484361 ] ] ] } },
{ "type": "Feature", "properties": { "hex_id": "88a8a066d7fffff", "nome": "Campo Grande", "codbairro": "144", "codra": 18, "rp": "Campo Grande", "cod_rp": "5.2", "area_plane": "5", "ideb_bairro": "Campo Grande" }, "geometry": { "type": "Polygon", "coordinates": [ [ [ -43.534862957405693, -22.857678467047045 ], [ -43.530692952452995, -22.85468380539972 ], [ -43.531603135224827, -22.850003343959894 ], [ -43.53668324907715, -22.848317581168956 ], [ -43.540853218169097, -22.85131231099291 ], [ -43.539943109281133, -22.855992735419683 ], [ -43.534862957405693, -22.857678467047045 ] ] ] } },
{ "type": "Feature", "properties": { "hex_id": "88a8a02b2dfffff", "nome": "Guaratiba", "codbairro": "151", "codra": 26, "rp": "Guaratiba", "cod_rp": "5.4", "area_plane": "5", "ideb_bairro": "Guaratiba" }, "geometry": { "type": "Polygon", "coordinates": [ [ [ -43.534249887183698, -22.958521345538351 ], [ -43.530079219425843, -22.955530353752295 ], [ -43.530989552026796, -22.950855322339098 ], [ -43.536070478492981, -22.949171319718371 ], [ -43.540241110388017, -22.952162379869844 ], [ -43.539330851691361, -22.956837374265099 ], [ -43.534249887183698, -22.958521345538351 ] ] ] } },
{ "type": "Feature", "properties": { "hex_id": "88a8a0672bfffff", "nome": "Vila Militar", "codbairro": "135", "codra": 33, "rp": "Bangu", "cod_rp": "5.1", "area_plane": "5", "ideb_bairro": "Vila Militar" }, "geometry": { "type": "Polygon", "coordinates": [ [ [ -43.397155447877594, -22.881414304899828 ], [ -43.392985449283621, -22.878416743961242 ], [ -43.393896788568796, -22.873738068074378 ], [ -43.398978053264479, -22.872056988776098 ], [ -43.403148018097291, -22.875054617633381 ], [ -43.402236752007305, -22.879733257858714 ], [ -43.397155447877594, -22.881414304899828 ] ] ] } },
{ "type": "Feature", "properties": { "hex_id": "88a8a0600dfffff", "nome": "Jacarepaguá", "codbairro": "115", "codra": 16, "rp": "Jacarepaguá", "cod_rp": "4.1", "area_plane": "4", "ideb_bairro": "Jacarepaguá" }, "geometry": { "type": "Polygon", "coordinates": [ [ [ -43.296952977119879, -22.932021784411095 ], [ -43.292782793662376, -22.929023333049436 ], [ -43.293695016076121, -22.924347772039336 ], [ -43.298777349259169, -22.922670697066053 ], [ -43.30294750048111, -22.925669216224769 ], [ -43.302035350767333, -22.930344742548161 ], [ -43.296952977119879, -22.932021784411095 ] ] ] } },
{ "type": "Feature", "properties": { "hex_id": "88a8a06061fffff", "nome": "Jacarepaguá", "codbairro": "115", "codra": 16, "rp": "Jacarepaguá", "cod_rp": "4.1", "area_plane": "4", "ideb_bairro": "Jacarepaguá" }, "geometry": { "type": "Polygon", "coordinates": [ [ [ -43.28170557865937, -22.937051781682538 ], [ -43.277535386831325, -22.934053098003389 ], [ -43.278447739321713, -22.929377868892068 ], [ -43.283530211028044, -22.927701357986574 ], [ -43.287700370853059, -22.930700109439389 ], [ -43.286788090986548, -22.935375304012513 ], [ -43.28170557865937, -22.937051781682538 ] ] ] } },
{ "type": "Feature", "properties": { "hex_id": "88a8a07191fffff", "nome": "Barra da Tijuca", "codbairro": "128", "codra": 24, "rp": "Barra da Tijuca", "cod_rp": "4.2", "area_plane": "4", "ideb_bairro": "Barra da Tijuca" }, "geometry": { "type": "Polygon", "coordinates": [ [ [ -43.305034159448802, -23.012429455487549 ], [ -43.300863433723634, -23.009434155387591 ], [ -43.301775706782877, -23.004762907609919 ], [ -43.306858632819669, -23.003086994701306 ], [ -43.311029326177547, -23.00608236276608 ], [ -43.310117125877682, -23.010753575763108 ], [ -43.305034159448802, -23.012429455487549 ] ] ] } },
{ "type": "Feature", "properties": { "hex_id": "88a8a060b5fffff", "nome": "Irajá", "codbairro": "076", "codra": 14, "rp": "Madureira", "cod_rp": "3.3", "area_plane": "3", "ideb_bairro": "Irajá" }, "geometry": { "type": "Polygon", "coordinates": [ [ [ -43.335130761993462, -22.85814789331782 ], [ -43.330961005009499, -22.855147796847451 ], [ -43.331872813064045, -22.850468108587965 ], [ -43.33695430523801, -22.848788551834794 ], [ -43.341124029410636, -22.85178871604413 ], [ -43.34021229423238, -22.856468369256149 ], [ -43.335130761993462, -22.85814789331782 ] ] ] } },
{ "type": "Feature", "properties": { "hex_id": "88a8a06109fffff", "nome": "Vila Isabel", "codbairro": "036", "codra": 9, "rp": "Tijuca", "cod_rp": "2.2", "area_plane": "2", "ideb_bairro": "Vila Isabel" }, "geometry": { "type": "Polygon", "coordinates": [ [ [ -43.241436970200908, -22.92408325231094 ], [ -43.237266931803035, -22.921083001596688 ], [ -43.238179589425492, -22.916407234377409 ], [ -43.243262213040872, -22.914731752001497 ], [ -43.247432220052552, -22.917732070378225 ], [ -43.24651963484682, -22.922407803456842 ], [ -43.241436970200908, -22.92408325231094 ] ] ] } },
{ "type": "Feature", "properties": { "hex_id": "88a8a0615dfffff", "nome": "Andaraí", "codbairro": "037", "codra": 9, "rp": "Tijuca", "cod_rp": "2.2", "area_plane": "2", "ideb_bairro": "Andaraí" }, "geometry": { "type": "Polygon", "coordinates": [ [ [ -43.253947247086629, -22.933082670200648 ], [ -43.249777127886624, -22.930083086658236 ], [ -43.250689697965413, -22.925407754478265 ], [ -43.255772314773722, -22.923732040094396 ], [ -43.259942402395382, -22.926731691343207 ], [ -43.259029904798844, -22.931406989257944 ], [ -43.253947247086629, -22.933082670200648 ] ] ] } },
{ "type": "Feature", "properties": { "hex_id": "88a8a061b1fffff", "nome": "Penha", "codbairro": "043", "codra": 11, "rp": "Penha", "cod_rp": "3.5", "area_plane": "3", "ideb_bairro": "Penha" }, "geometry": { "type": "Polygon", "coordinates": [ [ [ -43.279622326121995, -22.850214408838795 ], [ -43.275452708773855, -22.847212515935308 ], [ -43.276364953096376, -22.842532619307551 ], [ -43.281446742185366, -22.840854650071623 ], [ -43.285616327571077, -22.843856610578516 ], [ -43.284704155841986, -22.848536472706407 ], [ -43.279622326121995, -22.850214408838795 ] ] ] } },
{ "type": "Feature", "properties": { "hex_id": "88a8a06205fffff", "nome": "Jacarepaguá", "codbairro": "115", "codra": 16, "rp": "Jacarepaguá", "cod_rp": "4.1", "area_plane": "4", "ideb_bairro": "Jacarepaguá" }, "geometry": { "type": "Polygon", "coordinates": [ [ [ -43.31650223203102, -22.978049700263902 ], [ -43.312331714750641, -22.975053458686567 ], [ -43.313243845752879, -22.970380305744264 ], [ -43.318326421237693, -22.968703429254539 ], [ -43.322496905979023, -22.971699738757589 ], [ -43.32158484778634, -22.976372856813093 ], [ -43.31650223203102, -22.978049700263902 ] ] ] } },
{ "type": "Feature", "properties": { "hex_id": "88a8a06259fffff", "nome": "Barra da Tijuca", "codbairro": "128", "codra": 24, "rp": "Barra da Tijuca", "cod_rp": "4.2", "area_plane": "4", "ideb_bairro": "Barra da Tijuca" }, "geometry": { "type": "Polygon", "coordinates": [ [ [ -43.350779175791423, -22.997339753214657 ], [ -43.346608479676782, -22.99434515240662 ], [ -43.347520361474601, -22.989672908175223 ], [ -43.352602866411281, -22.987995299965881 ], [ -43.356773529461016, -22.990989968809686 ], [ -43.355861720650708, -22.995662177815515 ], [ -43.350779175791423, -22.997339753214657 ] ] ] } },
{ "type": "Feature", "properties": { "hex_id": "88a8a062adfffff", "nome": "Freguesia (Jacarepaguá)", "codbairro": "120", "codra": 16, "rp": "Jacarepaguá", "cod_rp": "4.1", "area_plane": "4", "ideb_bairro": "Freguesia (Jacarepaguá)" }, "geometry": { "type": "Polygon", "coordinates": [ [ [ -43.339957172686447, -22.93094933687815 ], [ -43.335786929677177, -22.927952018788144 ], [ -43.33669880342228, -22.923276230999935 ], [ -43.341780847270947, -22.921597796398519 ], [ -43.345951057387602, -22.92459518237666 ], [ -43.34503925655995, -22.929270935056568 ], [ -43.339957172686447, -22.93094933687815 ] ] ] } },
{ "type": "Feature", "properties": { "hex_id": "88a8a06301fffff", "nome": "Alto da Boa Vista", "codbairro": "034", "codra": 8, "rp": "Tijuca", "cod_rp": "2.2", "area_plane": "2", "ideb_bairro": "Alto da Boa Vista" }, "geometry": { "type": "Polygon", "coordinates": [ [ [ -43.260982750787043, -22.970123218600158 ], [ -43.256812375826897, -22.967125174000639 ], [ -43.25772494269566, -22.962451813645213 ], [ -43.262807812009939, -22.960776532219487 ], [ -43.266978155280505, -22.963774644610243 ], [ -43.266065660938139, -22.968447970623934 ], [ -43.260982750787043, -22.970123218600158 ] ] ] } },
{ "type": "Feature", "properties": { "hex_id": "88a8a03833fffff", "nome": "Guaratiba", "codbairro": "151", "codra": 26, "rp": "Guaratiba", "cod_rp": "5.4", "area_plane": "5", "ideb_bairro": "Guaratiba" }, "geometry": { "type": "Polygon", "coordinates": [ [ [ -43.613119467730357, -23.041649970500565 ], [ -43.608948180510168, -23.038664205564256 ], [ -43.609857985051256, -23.033993384906452 ], [ -43.61493900250391, -23.03230836697028 ], [ -43.619110252647999, -23.035294200599729 ], [ -43.618200522427195, -23.039964983460699 ], [ -43.613119467730357, -23.041649970500565 ] ] ] } },
{ "type": "Feature", "properties": { "hex_id": "88a8a07431fffff", "nome": "Vargem Pequena", "codbairro": "130", "codra": 24, "rp": "Barra da Tijuca", "cod_rp": "4.2", "area_plane": "4", "ideb_bairro": "Vargem Pequena" }, "geometry": { "type": "Polygon", "coordinates": [ [ [ -43.454769702858393, -22.976092885105878 ], [ -43.450599007512444, -22.973100355175628 ], [ -43.451510014521908, -22.96842656519426 ], [ -43.456591643381088, -22.966745341372359 ], [ -43.460762304075743, -22.969737939525661 ], [ -43.459851370574214, -22.974411693266294 ], [ -43.454769702858393, -22.976092885105878 ] ] ] } },
{ "type": "Feature", "properties": { "hex_id": "88a8a06355fffff", "nome": "Alto da Boa Vista", "codbairro": "034", "codra": 8, "rp": "Tijuca", "cod_rp": "2.2", "area_plane": "2", "ideb_bairro": "Alto da Boa Vista" }, "geometry": { "type": "Polygon", "coordinates": [ [ [ -43.273494036140576, -22.97911601543948 ], [ -43.269323580987823, -22.976118639364731 ], [ -43.270236060162553, -22.971445714918296 ], [ -43.275318921909921, -22.96977020100103 ], [ -43.279489345180913, -22.972767644910746 ], [ -43.278576938598079, -22.977440534891201 ], [ -43.273494036140576, -22.97911601543948 ] ] ] } },
{ "type": "Feature", "properties": { "hex_id": "88a8a07485fffff", "nome": "Vargem Grande", "codbairro": "131", "codra": 24, "rp": "Barra da Tijuca", "cod_rp": "4.2", "area_plane": "4", "ideb_bairro": "Vargem Grande" }, "geometry": { "type": "Polygon", "coordinates": [ [ [ -43.487991074578986, -22.951979246851394 ], [ -43.483820499245219, -22.948986745666531 ], [ -43.484731200664314, -22.944311530526932 ], [ -43.489812403759061, -22.942628853124177 ], [ -43.493982943936935, -22.945621422560183 ], [ -43.49307231618765, -22.950296601136284 ], [ -43.487991074578986, -22.951979246851394 ] ] ] } },
{ "type": "Feature", "properties": { "hex_id": "88a8a074d9fffff", "nome": "Guaratiba", "codbairro": "151", "codra": 26, "rp": "Guaratiba", "cod_rp": "5.4", "area_plane": "5", "ideb_bairro": "Guaratiba" }, "geometry": { "type": "Polygon", "coordinates": [ [ [ -43.522266984085547, -22.97123729274011 ], [ -43.518096244874293, -22.968246437680591 ], [ -43.519006693838087, -22.963572136114259 ], [ -43.524087808177875, -22.961888726497673 ], [ -43.52825851170779, -22.964879649919745 ], [ -43.527348136590952, -22.969553914584356 ], [ -43.522266984085547, -22.97123729274011 ] ] ] } },
{ "type": "Feature", "properties": { "hex_id": "88a8a0752dfffff", "nome": "Barra da Tijuca", "codbairro": "128", "codra": 24, "rp": "Barra da Tijuca", "cod_rp": "4.2", "area_plane": "4", "ideb_bairro": "Barra da Tijuca" }, "geometry": { "type": "Polygon", "coordinates": [ [ [ -43.3627677346485, -22.984639518995195 ], [ -43.358597104754608, -22.981644782114397 ], [ -43.359508871237615, -22.976971804514246 ], [ -43.364591194581045, -22.975293599124196 ], [ -43.368761791228174, -22.978288404043187 ], [ -43.367850097790374, -22.982961346302492 ], [ -43.3627677346485, -22.984639518995195 ] ] ] } },
{ "type": "Feature", "properties": { "hex_id": "88a8a02853fffff", "nome": "Paciência", "codbairro": "148", "codra": 19, "rp": "Santa Cruz", "cod_rp": "5.3", "area_plane": "5", "ideb_bairro": "Paciência" }, "geometry": { "type": "Polygon", "coordinates": [ [ [ -43.631689032205983, -22.921816968352143 ], [ -43.627518519601971, -22.918827310859388 ], [ -43.628427999059546, -22.914149955198003 ], [ -43.633507916747419, -22.912462294989378 ], [ -43.637678392006109, -22.915452020995708 ], [ -43.636768986933916, -22.920129338685609 ], [ -43.631689032205983, -22.921816968352143 ] ] ] } },
{ "type": "Feature", "properties": { "hex_id": "88a8a03983fffff", "nome": "Guaratiba", "codbairro": "151", "codra": 26, "rp": "Guaratiba", "cod_rp": "5.4", "area_plane": "5", "ideb_bairro": "Guaratiba" }, "geometry": { "type": "Polygon", "coordinates": [ [ [ -43.590821913007346, -23.009716571306416 ], [ -43.586650854973726, -23.006729015684133 ], [ -43.587560797024771, -23.002056546222633 ], [ -43.592641722920348, -23.000371669948585 ], [ -43.596812744221872, -23.003359294156208 ], [ -43.595902876371589, -23.008031726041047 ], [ -43.590821913007346, -23.009716571306416 ] ] ] } },
{ "type": "Feature", "properties": { "hex_id": "88a8a06451fffff", "nome": "Bangu", "codbairro": "141", "codra": 17, "rp": "Bangu", "cod_rp": "5.1", "area_plane": "5", "ideb_bairro": "Bangu" }, "geometry": { "type": "Polygon", "coordinates": [ [ [ -43.473369939417346, -22.856178960083522 ], [ -43.469200010981737, -22.853182561576673 ], [ -43.470110694073796, -22.848502243788118 ], [ -43.475191232039286, -22.846818360902358 ], [ -43.479361125552792, -22.849814827446988 ], [ -43.478450516034613, -22.854495108828079 ], [ -43.473369939417346, -22.856178960083522 ] ] ] } },
{ "type": "Feature", "properties": { "hex_id": "88a8a07581fffff", "nome": "Jacarepaguá", "codbairro": "115", "codra": 16, "rp": "Jacarepaguá", "cod_rp": "4.1", "area_plane": "4", "ideb_bairro": "Jacarepaguá" }, "geometry": { "type": "Polygon", "coordinates": [ [ [ -43.432479326450533, -22.944110022319585 ], [ -43.428308869208621, -22.941115712436172 ], [ -43.42922001166059, -22.936440279824904 ], [ -43.434301537978129, -22.934759193103492 ], [ -43.438471960912672, -22.937753571101428 ], [ -43.437560891848747, -22.942428967694724 ], [ -43.432479326450533, -22.944110022319585 ] ] ] } },
{ "type": "Feature", "properties": { "hex_id": "88a8a039d7fffff", "nome": "Guaratiba", "codbairro": "151", "codra": 26, "rp": "Guaratiba", "cod_rp": "5.4", "area_plane": "5", "ideb_bairro": "Guaratiba" }, "geometry": { "type": "Polygon", "coordinates": [ [ [ -43.603335226621269, -23.018677888743412 ], [ -43.599164098875136, -23.015691007880392 ], [ -43.600073950908275, -23.011018978637082 ], [ -43.605154856433451, -23.009333867945053 ], [ -43.609325947255478, -23.012320817437612 ], [ -43.608416169488088, -23.016992808981168 ], [ -43.603335226621269, -23.018677888743412 ] ] ] } },
{ "type": "Feature", "properties": { "hex_id": "88a8a075d5fffff", "nome": "Vargem Grande", "codbairro": "131", "codra": 24, "rp": "Barra da Tijuca", "cod_rp": "4.2", "area_plane": "4", "ideb_bairro": "Vargem Grande" }, "geometry": { "type": "Polygon", "coordinates": [ [ [ -43.444990847732257, -22.953091610569992 ], [ -43.440820315756312, -22.95009797143134 ], [ -43.441731369316784, -22.945422976324387 ], [ -43.44681288141166, -22.943741656486466 ], [ -43.450983378888182, -22.946735363783862 ], [ -43.450072398780968, -22.951410322748924 ], [ -43.444990847732257, -22.953091610569992 ] ] ] } },
{ "type": "Feature", "properties": { "hex_id": "88a8a0654dfffff", "nome": "Deodoro", "codbairro": "134", "codra": 33, "rp": "Bangu", "cod_rp": "5.1", "area_plane": "5", "ideb_bairro": "Deodoro" }, "geometry": { "type": "Polygon", "coordinates": [ [ [ -43.381387033710432, -22.864743612490379 ], [ -43.377217166346583, -22.861745015234302 ], [ -43.378128609548767, -22.857065503124616 ], [ -43.38320984701484, -22.855384623763165 ], [ -43.387379680860107, -22.858383288871636 ], [ -43.386468310769622, -22.863062765477643 ], [ -43.381387033710432, -22.864743612490379 ] ] ] } },
{ "type": "Feature", "properties": { "hex_id": "88a8a029a3fffff", "nome": "Campo Grande", "codbairro": "144", "codra": 18, "rp": "Campo Grande", "cod_rp": "5.2", "area_plane": "5", "ideb_bairro": "Campo Grande" }, "geometry": { "type": "Polygon", "coordinates": [ [ [ -43.565343115635415, -22.847561281845014 ], [ -43.561173147654152, -22.84456708600985 ], [ -43.562083066098282, -22.839885972403113 ], [ -43.567162878500554, -22.838199091932161 ], [ -43.571332810157173, -22.841193355992335 ], [ -43.570422965747831, -22.845874432286948 ], [ -43.565343115635415, -22.847561281845014 ] ] ] } },
{ "type": "Feature", "properties": { "hex_id": "88a8a076d1fffff", "nome": "Guaratiba", "codbairro": "151", "codra": 26, "rp": "Guaratiba", "cod_rp": "5.4", "area_plane": "5", "ideb_bairro": "Guaratiba" }, "geometry": { "type": "Polygon", "coordinates": [ [ [ -43.541830184603036, -23.017212001547318 ], [ -43.537659122697626, -23.014223371576087 ], [ -43.538569477583565, -23.009551483497397 ], [ -43.543650820430457, -23.007868262476038 ], [ -43.547821846350693, -23.010856960937797 ], [ -43.546911565420892, -23.015528811918866 ], [ -43.541830184603036, -23.017212001547318 ] ] ] } },
{ "type": "Feature", "properties": { "hex_id": "88a8a02135fffff", "nome": "Santa Cruz", "codbairro": "149", "codra": 19, "rp": "Santa Cruz", "cod_rp": "5.3", "area_plane": "5", "ideb_bairro": "Santa Cruz" }, "geometry": { "type": "Polygon", "coordinates": [ [ [ -43.681736952523856, -22.957675338777758 ], [ -43.677566168723594, -22.954688377567077 ], [ -43.678475286529974, -22.95001278137353 ], [ -43.683555113503466, -22.948324184844221 ], [ -43.687725859190849, -22.951311214747378 ], [ -43.686816816029257, -22.955986772475875 ], [ -43.681736952523856, -22.957675338777758 ] ] ] } },
{ "type": "Feature", "properties": { "hex_id": "88a8a06e63fffff", "nome": "Cordovil", "codbairro": "046", "codra": 31, "rp": "Penha", "cod_rp": "3.5", "area_plane": "3", "ideb_bairro": "Cordovil" }, "geometry": { "type": "Polygon", "coordinates": [ [ [ -43.306854995296412, -22.832461993081047 ], [ -43.302685450716332, -22.829460196503796 ], [ -43.303597450101449, -22.824779238990192 ], [ -43.308678921351103, -22.823100112806422 ], [ -43.312848433554457, -22.826101977011703 ], [ -43.311936506896636, -22.8307828997612 ], [ -43.306854995296412, -22.832461993081047 ] ] ] } },
{ "type": "Feature", "properties": { "hex_id": "88a8a02189fffff", "nome": "Santa Cruz", "codbairro": "149", "codra": 19, "rp": "Santa Cruz", "cod_rp": "5.3", "area_plane": "5", "ideb_bairro": "Santa Cruz" }, "geometry": { "type": "Polygon", "coordinates": [ [ [ -43.736703943419222, -22.943767242665114 ], [ -43.732533219786482, -22.940781288061832 ], [ -43.733441862363108, -22.936104756909348 ], [ -43.738521153667342, -22.934414219352966 ], [ -43.742691838350815, -22.937400242746715 ], [ -43.741783270690938, -22.942076734894897 ], [ -43.736703943419222, -22.943767242665114 ] ] ] } },
{ "type": "Feature", "properties": { "hex_id": "88a8a02a4bfffff", "nome": "Guaratiba", "codbairro": "151", "codra": 26, "rp": "Guaratiba", "cod_rp": "5.4", "area_plane": "5", "ideb_bairro": "Guaratiba" }, "geometry": { "type": "Polygon", "coordinates": [ [ [ -43.636548740820849, -22.994546225035471 ], [ -43.632377745671477, -22.991559372755773 ], [ -43.633287289499698, -22.986885922365563 ], [ -43.63836775406206, -22.985199362267242 ], [ -43.642538711783388, -22.988186283206275 ], [ -43.641629242382024, -22.992859695572818 ], [ -43.636548740820849, -22.994546225035471 ] ] ] } },
{ "type": "Feature", "properties": { "hex_id": "88a8a06649fffff", "nome": "Senador Camará", "codbairro": "142", "codra": 17, "rp": "Bangu", "cod_rp": "5.1", "area_plane": "5", "ideb_bairro": "Senador Camará" }, "geometry": { "type": "Polygon", "coordinates": [ [ [ -43.478211662074081, -22.928973783870145 ], [ -43.474041249274151, -22.925980173431373 ], [ -43.474951997436264, -22.92130375400539 ], [ -43.480033084794833, -22.919620981471414 ], [ -43.484203462590713, -22.922614660096716 ], [ -43.483292788043784, -22.927291043057956 ], [ -43.478211662074081, -22.928973783870145 ] ] ] } },
{ "type": "Feature", "properties": { "hex_id": "88a8a0669dfffff", "nome": "Campo Grande", "codbairro": "144", "codra": 18, "rp": "Campo Grande", "cod_rp": "5.2", "area_plane": "5", "ideb_bairro": "Campo Grande" }, "geometry": { "type": "Polygon", "coordinates": [ [ [ -43.531603135224827, -22.850003343959894 ], [ -43.527433184020865, -22.847008313146851 ], [ -43.52834338246771, -22.842327451399658 ], [ -43.533423458264508, -22.840641657434048 ], [ -43.537593373658311, -22.843636756401803 ], [ -43.53668324907715, -22.848317581168956 ], [ -43.531603135224827, -22.850003343959894 ] ] ] } },
{ "type": "Feature", "properties": { "hex_id": "88a8a02b47fffff", "nome": "Guaratiba", "codbairro": "151", "codra": 26, "rp": "Guaratiba", "cod_rp": "5.4", "area_plane": "5", "ideb_bairro": "Guaratiba" }, "geometry": { "type": "Polygon", "coordinates": [ [ [ -43.55927439362015, -22.976462586628788 ], [ -43.555103583256752, -22.973472940672909 ], [ -43.556013736551556, -22.968798787258375 ], [ -43.56109462618705, -22.967114317053191 ], [ -43.565265400303645, -22.970104031463162 ], [ -43.56435532104323, -22.974778147612732 ], [ -43.55927439362015, -22.976462586628788 ] ] ] } },
{ "type": "Feature", "properties": { "hex_id": "88a8a06745fffff", "nome": "Taquara", "codbairro": "122", "codra": 16, "rp": "Jacarepaguá", "cod_rp": "4.1", "area_plane": "4", "ideb_bairro": "Taquara" }, "geometry": { "type": "Polygon", "coordinates": [ [ [ -43.400939055864299, -22.910796127716452 ], [ -43.396768858929768, -22.907799740041849 ], [ -43.397680209744117, -22.903122631232783 ], [ -43.402761684283654, -22.901441945790243 ], [ -43.406931847396102, -22.904438401447642 ], [ -43.406020569802841, -22.909115474553257 ], [ -43.400939055864299, -22.910796127716452 ] ] ] } },
{ "type": "Feature", "properties": { "hex_id": "88a8a078c9fffff", "nome": "Ipanema", "codbairro": "025", "codra": 6, "rp": "Zona Sul", "cod_rp": "2.1", "area_plane": "2", "ideb_bairro": "Ipanema" }, "geometry": { "type": "Polygon", "coordinates": [ [ [ -43.199984283335809, -22.990211484478792 ], [ -43.195813884027615, -22.987212510253418 ], [ -43.196726969353286, -22.982540484165792 ], [ -43.20181038177757, -22.98086746604104 ], [ -43.205980750326901, -22.983866507964603 ], [ -43.205067737222606, -22.988538500303175 ], [ -43.199984283335809, -22.990211484478792 ] ] ] } },
{ "type": "Feature", "properties": { "hex_id": "88a8a06027fffff", "nome": "Méier", "codbairro": "063", "codra": 13, "rp": "Méier", "cod_rp": "3.2", "area_plane": "3", "ideb_bairro": "Méier" }, "geometry": { "type": "Polygon", "coordinates": [ [ [ -43.277926989584046, -22.90767476244428 ], [ -43.273756997243424, -22.904674908071069 ], [ -43.274669337869426, -22.899998110037231 ], [ -43.279751598249831, -22.898321200860273 ], [ -43.283921558648117, -22.901321122943319 ], [ -43.283009290620122, -22.905997886481948 ], [ -43.277926989584046, -22.90767476244428 ] ] ] } },
{ "type": "Feature", "properties": { "hex_id": "88a8a06123fffff", "nome": "Vasco da Gama", "codbairro": "158", "codra": 7, "rp": "Centro", "cod_rp": "1.1", "area_plane": "1", "ideb_bairro": "Vasco da Gama" }, "geometry": { "type": "Polygon", "coordinates": [ [ [ -43.222412583228163, -22.89972682674599 ], [ -43.218242738622131, -22.896725175338297 ], [ -43.219155513844541, -22.89204817224612 ], [ -43.224238061370123, -22.890372854498722 ], [ -43.228407874883182, -22.893374573481701 ], [ -43.227495171975406, -22.898051542625254 ], [ -43.222412583228163, -22.89972682674599 ] ] ] } },
{ "type": "Feature", "properties": { "hex_id": "88a8a061cbfffff", "nome": "Engenho de Dentro", "codbairro": "066", "codra": 13, "rp": "Méier", "cod_rp": "3.2", "area_plane": "3", "ideb_bairro": "Engenho de Dentro" }, "geometry": { "type": "Polygon", "coordinates": [ [ [ -43.289915980836376, -22.894966818962516 ], [ -43.285746052471374, -22.891966829168787 ], [ -43.286658278266344, -22.887289299022797 ], [ -43.291740359782239, -22.885611793269341 ], [ -43.295910256022978, -22.888611850774581 ], [ -43.294998102883845, -22.893289346310233 ], [ -43.289915980836376, -22.894966818962516 ] ] ] } },
{ "type": "Feature", "properties": { "hex_id": "88a8a062c7fffff", "nome": "Cidade de Deus", "codbairro": "118", "codra": 34, "rp": "Jacarepaguá", "cod_rp": "4.1", "area_plane": "4", "ideb_bairro": "Cidade de Deus" }, "geometry": { "type": "Polygon", "coordinates": [ [ [ -43.364979173834193, -22.948928562193295 ], [ -43.360808775875476, -22.945932582392849 ], [ -43.36172047305314, -22.941257667399807 ], [ -43.366802495153088, -22.939578767552433 ], [ -43.370972859835, -22.942574815329177 ], [ -43.370061235705499, -22.947249694965468 ], [ -43.364979173834193, -22.948928562193295 ] ] ] } },
{ "type": "Feature", "properties": { "hex_id": "88a8a0631bfffff", "nome": "Alto da Boa Vista", "codbairro": "034", "codra": 8, "rp": "Tijuca", "cod_rp": "2.2", "area_plane": "2", "ideb_bairro": "Alto da Boa Vista" }, "geometry": { "type": "Polygon", "coordinates": [ [ [ -43.291479522694594, -22.960068904997211 ], [ -43.287309163460144, -22.957071325414478 ], [ -43.288221470364562, -22.952397299969917 ], [ -43.293304063836501, -22.950720888734971 ], [ -43.2974743909162, -22.953718536155758 ], [ -43.29656215669047, -22.958392526961898 ], [ -43.291479522694594, -22.960068904997211 ] ] ] } },
{ "type": "Feature", "properties": { "hex_id": "88a8a0744bfffff", "nome": "Recreio dos Bandeirantes", "codbairro": "132", "codra": 24, "rp": "Barra da Tijuca", "cod_rp": "4.2", "area_plane": "4", "ideb_bairro": "Recreio dos Bandeirantes" }, "geometry": { "type": "Polygon", "coordinates": [ [ [ -43.465076325055435, -23.020765012365818 ], [ -43.460905323125097, -23.017774401890762 ], [ -43.461816310419927, -23.013102988805233 ], [ -43.466898226086506, -23.011422222530236 ], [ -43.471069193203256, -23.014412901333426 ], [ -43.470158279478717, -23.019084278071951 ], [ -43.465076325055435, -23.020765012365818 ] ] ] } },
{ "type": "Feature", "properties": { "hex_id": "88a8a02819fffff", "nome": "Paciência", "codbairro": "148", "codra": 19, "rp": "Santa Cruz", "cod_rp": "5.3", "area_plane": "5", "ideb_bairro": "Paciência" }, "geometry": { "type": "Polygon", "coordinates": [ [ [ -43.628427999059546, -22.914149955198003 ], [ -43.62425753941401, -22.91115992687433 ], [ -43.625167034739384, -22.906482169861597 ], [ -43.630246915354732, -22.904794479099955 ], [ -43.634417337705585, -22.907784575915546 ], [ -43.633507916747419, -22.912462294989378 ], [ -43.628427999059546, -22.914149955198003 ] ] ] } },
{ "type": "Feature", "properties": { "hex_id": "88a8a07547fffff", "nome": "Barra da Tijuca", "codbairro": "128", "codra": 24, "rp": "Barra da Tijuca", "cod_rp": "4.2", "area_plane": "4", "ideb_bairro": "Barra da Tijuca" }, "geometry": { "type": "Polygon", "coordinates": [ [ [ -43.387792052118947, -23.002603246059838 ], [ -43.38362126869999, -22.999609850609161 ], [ -43.384532858265189, -22.994937747824473 ], [ -43.389615158085192, -22.993259076067435 ], [ -43.393785907873124, -22.996252539643997 ], [ -43.392874391483815, -23.000924606840176 ], [ -43.387792052118947, -23.002603246059838 ] ] ] } },
{ "type": "Feature", "properties": { "hex_id": "88a8a0286dfffff", "nome": "Campo Grande", "codbairro": "144", "codra": 18, "rp": "Campo Grande", "cod_rp": "5.2", "area_plane": "5", "ideb_bairro": "Campo Grande" }, "geometry": { "type": "Polygon", "coordinates": [ [ [ -43.576716081765312, -22.935692565794234 ], [ -43.572545523687786, -22.932701904659449 ], [ -43.573455475271494, -22.928025489781202 ], [ -43.578535910831846, -22.926339773458807 ], [ -43.582706432401075, -22.929330503010579 ], [ -43.581796554929916, -22.934006880456259 ], [ -43.576716081765312, -22.935692565794234 ] ] ] } },
{ "type": "Feature", "properties": { "hex_id": "88a8a0399dfffff", "nome": "Guaratiba", "codbairro": "151", "codra": 26, "rp": "Guaratiba", "cod_rp": "5.4", "area_plane": "5", "ideb_bairro": "Guaratiba" }, "geometry": { "type": "Polygon", "coordinates": [ [ [ -43.600073950908275, -23.011018978637082 ], [ -43.595902876371589, -23.008031726041047 ], [ -43.596812744221872, -23.003359294156208 ], [ -43.601893612372933, -23.00167415252324 ], [ -43.606064650036167, -23.004661473727555 ], [ -43.605154856433451, -23.009333867945053 ], [ -43.600073950908275, -23.011018978637082 ] ] ] } },
{ "type": "Feature", "properties": { "hex_id": "88a8a0646bfffff", "nome": "Realengo", "codbairro": "139", "codra": 33, "rp": "Bangu", "cod_rp": "5.1", "area_plane": "5", "ideb_bairro": "Realengo" }, "geometry": { "type": "Polygon", "coordinates": [ [ [ -43.439626439986718, -22.858601619961796 ], [ -43.435456536224621, -22.855604387965887 ], [ -43.436367497654452, -22.850924325627055 ], [ -43.441448289453788, -22.849241531348287 ], [ -43.445618158808649, -22.852238831312356 ], [ -43.444707270783113, -22.856918857575508 ], [ -43.439626439986718, -22.858601619961796 ] ] ] } },
{ "type": "Feature", "properties": { "hex_id": "88a8a0759bfffff", "nome": "Jacarepaguá", "codbairro": "115", "codra": 16, "rp": "Jacarepaguá", "cod_rp": "4.1", "area_plane": "4", "ideb_bairro": "Jacarepaguá" }, "geometry": { "type": "Polygon", "coordinates": [ [ [ -43.462967989628147, -22.934020882874172 ], [ -43.458797561422926, -22.931027039255525 ], [ -43.459708441136762, -22.926350948424659 ], [ -43.464789675528017, -22.924668737516662 ], [ -43.46896006896138, -22.92766264929778 ], [ -43.468049262787048, -22.932338703812903 ], [ -43.462967989628147, -22.934020882874172 ] ] ] } },
{ "type": "Feature", "properties": { "hex_id": "88a8a028c1fffff", "nome": "Paciência", "codbairro": "148", "codra": 19, "rp": "Santa Cruz", "cod_rp": "5.3", "area_plane": "5", "ideb_bairro": "Paciência" }, "geometry": { "type": "Polygon", "coordinates": [ [ [ -43.646395551703129, -22.895051843278743 ], [ -43.642225204213446, -22.892061609475039 ], [ -43.643134524023303, -22.887382762872331 ], [ -43.648214116881611, -22.885694188176085 ], [ -43.652384426804836, -22.888684490476003 ], [ -43.65147518144785, -22.893363298964481 ], [ -43.646395551703129, -22.895051843278743 ] ] ] } },
{ "type": "Feature", "properties": { "hex_id": "88a8a02915fffff", "nome": "Campo Grande", "codbairro": "144", "codra": 18, "rp": "Campo Grande", "cod_rp": "5.2", "area_plane": "5", "ideb_bairro": "Campo Grande" }, "geometry": { "type": "Polygon", "coordinates": [ [ [ -43.551163109005351, -22.896042532164294 ], [ -43.5469928356938, -22.89304971819012 ], [ -43.547902939989029, -22.888371259965552 ], [ -43.552983243632674, -22.886685652881333 ], [ -43.557153480830394, -22.889678535141201 ], [ -43.556243450509974, -22.894356956188084 ], [ -43.551163109005351, -22.896042532164294 ] ] ] } },
{ "type": "Feature", "properties": { "hex_id": "88a8a020a7fffff", "nome": "Santa Cruz", "codbairro": "149", "codra": 19, "rp": "Santa Cruz", "cod_rp": "5.3", "area_plane": "5", "ideb_bairro": "Santa Cruz" }, "geometry": { "type": "Polygon", "coordinates": [ [ [ -43.773166412890674, -22.927252641529552 ], [ -43.768995781308313, -22.924267087214389 ], [ -43.769904097309798, -22.919589546383925 ], [ -43.774982969810075, -22.91789759921944 ], [ -43.779153561889487, -22.920883222376876 ], [ -43.778245320983181, -22.925560723845063 ], [ -43.773166412890674, -22.927252641529552 ] ] ] } },
{ "type": "Feature", "properties": { "hex_id": "88a8a06721fffff", "nome": "Campo dos Afonsos", "codbairro": "136", "codra": 33, "rp": "Bangu", "cod_rp": "5.1", "area_plane": "5", "ideb_bairro": "Campo dos Afonsos" }, "geometry": { "type": "Polygon", "coordinates": [ [ [ -43.387904093135248, -22.880097526311218 ], [ -43.383734115812196, -22.877099665088394 ], [ -43.384645528245521, -22.872420953631149 ], [ -43.389726844865478, -22.870740138955572 ], [ -43.393896788568796, -22.873738068074378 ], [ -43.392985449283621, -22.878416743961242 ], [ -43.387904093135248, -22.880097526311218 ] ] ] } },
{ "type": "Feature", "properties": { "hex_id": "88a8a02969fffff", "nome": "Campo Grande", "codbairro": "144", "codra": 18, "rp": "Campo Grande", "cod_rp": "5.2", "area_plane": "5", "ideb_bairro": "Campo Grande" }, "geometry": { "type": "Polygon", "coordinates": [ [ [ -43.521208963330018, -22.927852621180335 ], [ -43.517038510809826, -22.924860148615377 ], [ -43.517948906085365, -22.920183511051984 ], [ -43.523029680061285, -22.918499382928811 ], [ -43.527200096921185, -22.921491923773022 ], [ -43.526289775477146, -22.926168524449658 ], [ -43.521208963330018, -22.927852621180335 ] ] ] } },
{ "type": "Feature", "properties": { "hex_id": "88a8a06567fffff", "nome": "Barros Filho", "codbairro": "112", "codra": 25, "rp": "Pavuna", "cod_rp": "3.6", "area_plane": "3", "ideb_bairro": "Barros Filho" }, "geometry": { "type": "Polygon", "coordinates": [ [ [ -43.362361060722648, -22.840387960016535 ], [ -43.358191380358576, -22.837387959942987 ], [ -43.359102942673154, -22.832707212384062 ], [ -43.364184112353598, -22.831026500199254 ], [ -43.368353759492244, -22.834026568036844 ], [ -43.367442270187588, -22.838707280283678 ], [ -43.362361060722648, -22.840387960016535 ] ] ] } },
{ "type": "Feature", "properties": { "hex_id": "88a8a07697fffff", "nome": "Guaratiba", "codbairro": "151", "codra": 26, "rp": "Guaratiba", "cod_rp": "5.4", "area_plane": "5", "ideb_bairro": "Guaratiba" }, "geometry": { "type": "Polygon", "coordinates": [ [ [ -43.538039866669216, -22.987871784437719 ], [ -43.533869001828613, -22.984881972947239 ], [ -43.534779345576865, -22.980208512401504 ], [ -43.539860480247178, -22.978524900392635 ], [ -43.544031309163785, -22.981514780311301 ], [ -43.543121039345749, -22.986188203799138 ], [ -43.538039866669216, -22.987871784437719 ] ] ] } },
{ "type": "Feature", "properties": { "hex_id": "88a8a02b23fffff", "nome": "Campo Grande", "codbairro": "144", "codra": 18, "rp": "Campo Grande", "cod_rp": "5.2", "area_plane": "5", "ideb_bairro": "Campo Grande" }, "geometry": { "type": "Polygon", "coordinates": [ [ [ -43.546232181195542, -22.945802753188275 ], [ -43.542061585254046, -22.942811624670004 ], [ -43.542971801423171, -22.9381358639552 ], [ -43.54805253958385, -22.936451268881417 ], [ -43.552223099481111, -22.939442465767907 ], [ -43.551312957273602, -22.944118189348465 ], [ -43.546232181195542, -22.945802753188275 ] ] ] } },
{ "type": "Feature", "properties": { "hex_id": "88a8a06e29fffff", "nome": "Parada de Lucas", "codbairro": "047", "codra": 31, "rp": "Penha", "cod_rp": "3.5", "area_plane": "3", "ideb_bairro": "Parada de Lucas" }, "geometry": { "type": "Polygon", "coordinates": [ [ [ -43.303597450101449, -22.824779238990192 ], [ -43.299427961148709, -22.821777075669058 ], [ -43.300339975760053, -22.817095718569615 ], [ -43.305421406626841, -22.815416559510208 ], [ -43.309590863253405, -22.818418790437399 ], [ -43.308678921351103, -22.823100112806422 ], [ -43.303597450101449, -22.824779238990192 ] ] ] } },
{ "type": "Feature", "properties": { "hex_id": "88a8a029bdfffff", "nome": "Campo Grande", "codbairro": "144", "codra": 18, "rp": "Campo Grande", "cod_rp": "5.2", "area_plane": "5", "ideb_bairro": "Campo Grande" }, "geometry": { "type": "Polygon", "coordinates": [ [ [ -43.574592950823138, -22.848868326921757 ], [ -43.570422965747831, -22.845874432286948 ], [ -43.571332810157173, -22.841193355992335 ], [ -43.576412565571914, -22.839506211724412 ], [ -43.58058251418133, -22.842500174607313 ], [ -43.579672743853564, -22.847181213498541 ], [ -43.574592950823138, -22.848868326921757 ] ] ] } },
{ "type": "Feature", "properties": { "hex_id": "88a8a076ebfffff", "nome": "Vargem Grande", "codbairro": "131", "codra": 24, "rp": "Barra da Tijuca", "cod_rp": "4.2", "area_plane": "4", "ideb_bairro": "Vargem Grande" }, "geometry": { "type": "Polygon", "coordinates": [ [ [ -43.508080371198723, -23.019646870127119 ], [ -43.503909328099517, -23.01665740075476 ], [ -43.50481996271067, -23.011985767696331 ], [ -43.509901566645929, -23.010303640766328 ], [ -43.514072574274962, -23.013293178559245 ], [ -43.513162013450589, -23.017964774850086 ], [ -43.508080371198723, -23.019646870127119 ] ] ] } },
{ "type": "Feature", "properties": { "hex_id": "88a8a02a11fffff", "nome": "Guaratiba", "codbairro": "151", "codra": 26, "rp": "Guaratiba", "cod_rp": "5.4", "area_plane": "5", "ideb_bairro": "Guaratiba" }, "geometry": { "type": "Polygon", "coordinates": [ [ [ -43.647995229669405, -22.960140443230554 ], [ -43.643824452658663, -22.95715264172194 ], [ -43.644733852675749, -22.952477294483309 ], [ -43.64981395523904, -22.95078978687582 ], [ -43.653984694651207, -22.953777657005862 ], [ -43.653075369110304, -22.958452966110478 ], [ -43.647995229669405, -22.960140443230554 ] ] ] } },
{ "type": "Feature", "properties": { "hex_id": "88a8a021a3fffff", "nome": "Santa Cruz", "codbairro": "149", "codra": 19, "rp": "Santa Cruz", "cod_rp": "5.3", "area_plane": "5", "ideb_bairro": "Santa Cruz" }, "geometry": { "type": "Polygon", "coordinates": [ [ [ -43.717668056776425, -22.919480726618946 ], [ -43.713497503011723, -22.916493353228763 ], [ -43.714406268606467, -22.911815578134942 ], [ -43.719485513161807, -22.910125215236281 ], [ -43.723656028270419, -22.91311265732875 ], [ -43.722747337491413, -22.917790393606122 ], [ -43.717668056776425, -22.919480726618946 ] ] ] } },
{ "type": "Feature", "properties": { "hex_id": "88a8a02a65fffff", "nome": "Guaratiba", "codbairro": "151", "codra": 26, "rp": "Guaratiba", "cod_rp": "5.4", "area_plane": "5", "ideb_bairro": "Guaratiba" }, "geometry": { "type": "Polygon", "coordinates": [ [ [ -43.59628117237807, -22.981678797872146 ], [ -43.592110294345439, -22.97869036226162 ], [ -43.593020151221772, -22.974016358451845 ], [ -43.598100811920766, -22.972330827869254 ], [ -43.60227165314123, -22.975319332025673 ], [ -43.601361870486528, -22.979993298207287 ], [ -43.59628117237807, -22.981678797872146 ] ] ] } },
{ "type": "Feature", "properties": { "hex_id": "88a8a06663fffff", "nome": "Bangu", "codbairro": "141", "codra": 17, "rp": "Bangu", "cod_rp": "5.1", "area_plane": "5", "ideb_bairro": "Bangu" }, "geometry": { "type": "Polygon", "coordinates": [ [ [ -43.459181563435294, -22.904649235055405 ], [ -43.455011332995149, -22.901654215428312 ], [ -43.455922201352934, -22.896976556443434 ], [ -43.461003226648977, -22.895293953348784 ], [ -43.465173422378285, -22.898289041074683 ], [ -43.464262627534104, -22.902966663784916 ], [ -43.459181563435294, -22.904649235055405 ] ] ] } },
{ "type": "Feature", "properties": { "hex_id": "88a8a02ab9fffff", "nome": "Santa Cruz", "codbairro": "149", "codra": 19, "rp": "Santa Cruz", "cod_rp": "5.3", "area_plane": "5", "ideb_bairro": "Santa Cruz" }, "geometry": { "type": "Polygon", "coordinates": [ [ [ -43.671418111462799, -22.912988533679158 ], [ -43.667247628529843, -22.909999646503998 ], [ -43.668156767503881, -22.905321678692921 ], [ -43.673236314839961, -22.903632636406943 ], [ -43.677406759822745, -22.90662159216814 ], [ -43.676497695431259, -22.911299521617789 ], [ -43.671418111462799, -22.912988533679158 ] ] ] } },
{ "type": "Feature", "properties": { "hex_id": "88a8a02b0dfffff", "nome": "Guaratiba", "codbairro": "151", "codra": 26, "rp": "Guaratiba", "cod_rp": "5.4", "area_plane": "5", "ideb_bairro": "Guaratiba" }, "geometry": { "type": "Polygon", "coordinates": [ [ [ -43.556013736551556, -22.968798787258375 ], [ -43.551842979755122, -22.965808770478819 ], [ -43.552753148778656, -22.961134215072924 ], [ -43.557834000594106, -22.959449713667418 ], [ -43.562004721194384, -22.962439798879636 ], [ -43.56109462618705, -22.967114317053191 ], [ -43.556013736551556, -22.968798787258375 ] ] ] } },
{ "type": "Feature", "properties": { "hex_id": "88a8a0670bfffff", "nome": "Realengo", "codbairro": "139", "codra": 33, "rp": "Bangu", "cod_rp": "5.1", "area_plane": "5", "ideb_bairro": "Realengo" }, "geometry": { "type": "Polygon", "coordinates": [ [ [ -43.418916981781294, -22.891720962351766 ], [ -43.414746886585547, -22.888724370725622 ], [ -43.41565806398404, -22.884046166847117 ], [ -43.420739263282535, -22.882364590460298 ], [ -43.424909324383691, -22.885361250072364 ], [ -43.423998220292653, -22.890039418073805 ], [ -43.418916981781294, -22.891720962351766 ] ] ] } },
{ "type": "Feature", "properties": { "hex_id": "88a8a02b61fffff", "nome": "Guaratiba", "codbairro": "151", "codra": 26, "rp": "Guaratiba", "cod_rp": "5.4", "area_plane": "5", "ideb_bairro": "Guaratiba" }, "geometry": { "type": "Polygon", "coordinates": [ [ [ -43.540770765771086, -22.973851074757334 ], [ -43.536599990548403, -22.970860824094167 ], [ -43.537510291771426, -22.966186596422077 ], [ -43.542591294288144, -22.964502656485042 ], [ -43.546762033546742, -22.967492975556507 ], [ -43.545851806264402, -22.972167166145216 ], [ -43.540770765771086, -22.973851074757334 ] ] ] } },
{ "type": "Feature", "properties": { "hex_id": "88a8a078e3fffff", "nome": "Copacabana", "codbairro": "024", "codra": 5, "rp": "Zona Sul", "cod_rp": "2.1", "area_plane": "2", "ideb_bairro": "Copacabana" }, "geometry": { "type": "Polygon", "coordinates": [ [ [ -43.180958950948146, -22.965868919041963 ], [ -43.17678874747309, -22.962868542483179 ], [ -43.177701949967712, -22.958195278373477 ], [ -43.182785283830029, -22.956522424368465 ], [ -43.186955456839534, -22.959522868539249 ], [ -43.186042326464076, -22.964196099091492 ], [ -43.180958950948146, -22.965868919041963 ] ] ] } },
{ "type": "Feature", "properties": { "hex_id": "88a8a06041fffff", "nome": "Jacarepaguá", "codbairro": "115", "codra": 16, "rp": "Jacarepaguá", "cod_rp": "4.1", "area_plane": "4", "ideb_bairro": "Jacarepaguá" }, "geometry": { "type": "Polygon", "coordinates": [ [ [ -43.303469111946505, -22.947367501753646 ], [ -43.299298817112557, -22.944369786493805 ], [ -43.300211009082922, -22.939695027727492 ], [ -43.305293423162482, -22.938018018963014 ], [ -43.309463685659708, -22.941015802062932 ], [ -43.308551566425848, -22.945690526075722 ], [ -43.303469111946505, -22.947367501753646 ] ] ] } },
{ "type": "Feature", "properties": { "hex_id": "88a8a06095fffff", "nome": "Bento Ribeiro", "codbairro": "089", "codra": 15, "rp": "Madureira", "cod_rp": "3.3", "area_plane": "3", "ideb_bairro": "Bento Ribeiro" }, "geometry": { "type": "Polygon", "coordinates": [ [ [ -43.356891567329349, -22.868466221666434 ], [ -43.352721710319898, -22.865467092292782 ], [ -43.353633357248441, -22.860787874389391 ], [ -43.358714788209433, -22.859107821111554 ], [ -43.362884612074076, -22.862107018291312 ], [ -43.361973038134252, -22.866786200931287 ], [ -43.356891567329349, -22.868466221666434 ] ] ] } },
{ "type": "Feature", "properties": { "hex_id": "88a8a060e9fffff", "nome": "Quintino Bocaiúva", "codbairro": "079", "codra": 15, "rp": "Madureira", "cod_rp": "3.3", "area_plane": "3", "ideb_bairro": "Quintino Bocaiúva" }, "geometry": { "type": "Polygon", "coordinates": [ [ [ -43.326924119710007, -22.900252298735463 ], [ -43.3227540983399, -22.897253508379169 ], [ -43.323666033228555, -22.892576117221235 ], [ -43.328747916654613, -22.890897551382842 ], [ -43.332917905334405, -22.893896409540815 ], [ -43.3320060432902, -22.898573765723963 ], [ -43.326924119710007, -22.900252298735463 ] ] ] } },
{ "type": "Feature", "properties": { "hex_id": "88a8a066cdfffff", "nome": "Santíssimo", "codbairro": "143", "codra": 18, "rp": "Campo Grande", "cod_rp": "5.2", "area_plane": "5", "ideb_bairro": "Santíssimo" }, "geometry": { "type": "Polygon", "coordinates": [ [ [ -43.510900393241236, -22.883136501567471 ], [ -43.506730245752529, -22.880142112615221 ], [ -43.507640661114586, -22.875463105856149 ], [ -43.512721150207831, -22.873778524818093 ], [ -43.516891262198612, -22.876772981942377 ], [ -43.515980920605749, -22.881451951921182 ], [ -43.510900393241236, -22.883136501567471 ] ] ] } },
{ "type": "Feature", "properties": { "hex_id": "88a8a0613dfffff", "nome": "Imperial de São Cristóvão", "codbairro": "010", "codra": 7, "rp": "Centro", "cod_rp": "1.1", "area_plane": "1", "ideb_bairro": "Imperial de São Cristóvão" }, "geometry": { "type": "Polygon", "coordinates": [ [ [ -43.23166504174791, -22.901052894727002 ], [ -43.227495171975406, -22.898051542625254 ], [ -43.228407874883182, -22.893374573481701 ], [ -43.233490375213357, -22.8916989904681 ], [ -43.237660213751319, -22.894700410167534 ], [ -43.236747583205428, -22.89937734527134 ], [ -43.23166504174791, -22.901052894727002 ] ] ] } },
{ "type": "Feature", "properties": { "hex_id": "88a8a06191fffff", "nome": "Vila Kosmos", "codbairro": "072", "codra": 14, "rp": "Madureira", "cod_rp": "3.3", "area_plane": "3", "ideb_bairro": "Vila Kosmos" }, "geometry": { "type": "Polygon", "coordinates": [ [ [ -43.30138287914145, -22.860541514942128 ], [ -43.297213158700337, -22.857540587566969 ], [ -43.298125242571999, -22.852861159998838 ], [ -43.303206974190502, -22.851182694510367 ], [ -43.307376662335621, -22.854183689555889 ], [ -43.306464651169982, -22.858863082408 ], [ -43.30138287914145, -22.860541514942128 ] ] ] } },
{ "type": "Feature", "properties": { "hex_id": "88a8a06a53fffff", "nome": "Cidade Nova", "codbairro": "008", "codra": 3, "rp": "Centro", "cod_rp": "1.1", "area_plane": "1", "ideb_bairro": "Cidade Nova" }, "geometry": { "type": "Polygon", "coordinates": [ [ [ -43.201168844926258, -22.911102240434062 ], [ -43.196998964074673, -22.908100424904188 ], [ -43.197911925920145, -22.90342412141403 ], [ -43.202994696419637, -22.901749667184994 ], [ -43.207164546501936, -22.904751550266354 ], [ -43.206251656865824, -22.909427820013722 ], [ -43.201168844926258, -22.911102240434062 ] ] ] } },
{ "type": "Feature", "properties": { "hex_id": "88a8a061e5fffff", "nome": "Manguinhos", "codbairro": "039", "codra": 10, "rp": "Ramos", "cod_rp": "3.1", "area_plane": "3", "ideb_bairro": "Manguinhos" }, "geometry": { "type": "Polygon", "coordinates": [ [ [ -43.249650119996254, -22.881993445819859 ], [ -43.245480344200438, -22.878991890922872 ], [ -43.246392875269656, -22.874313822952519 ], [ -43.251475109697701, -22.872637344079738 ], [ -43.255644853985949, -22.875638966576602 ], [ -43.254732395365501, -22.880317000334834 ], [ -43.249650119996254, -22.881993445819859 ] ] ] } },
{ "type": "Feature", "properties": { "hex_id": "88a8a06239fffff", "nome": "Jacarepaguá", "codbairro": "115", "codra": 16, "rp": "Jacarepaguá", "cod_rp": "4.1", "area_plane": "4", "ideb_bairro": "Jacarepaguá" }, "geometry": { "type": "Polygon", "coordinates": [ [ [ -43.3284914321899, -22.965349111697019 ], [ -43.324320980078596, -22.962352734267174 ], [ -43.325232995985225, -22.957678847921652 ], [ -43.330315391147558, -22.956001373996436 ], [ -43.334485810537899, -22.958997819354195 ], [ -43.333573867498615, -22.963671670697739 ], [ -43.3284914321899, -22.965349111697019 ] ] ] } },
{ "type": "Feature", "properties": { "hex_id": "88a8a0628dfffff", "nome": "Pechincha", "codbairro": "121", "codra": 16, "rp": "Jacarepaguá", "cod_rp": "4.1", "area_plane": "4", "ideb_bairro": "Pechincha" }, "geometry": { "type": "Polygon", "coordinates": [ [ [ -43.36172047305314, -22.941257667399807 ], [ -43.357550130262474, -22.938261318897929 ], [ -43.358461842786234, -22.933586002605409 ], [ -43.363543825082481, -22.931907070126762 ], [ -43.367714134646931, -22.934903486583444 ], [ -43.366802495153088, -22.939578767552433 ], [ -43.36172047305314, -22.941257667399807 ] ] ] } },
{ "type": "Feature", "properties": { "hex_id": "88a8a02f51fffff", "nome": "Santa Cruz", "codbairro": "149", "codra": 19, "rp": "Santa Cruz", "cod_rp": "5.3", "area_plane": "5", "ideb_bairro": "Santa Cruz" }, "geometry": { "type": "Polygon", "coordinates": [ [ [ -43.732369653970785, -22.892708107100106 ], [ -43.728199268540017, -22.889720156073615 ], [ -43.729107873867989, -22.88504089216493 ], [ -43.734186789755356, -22.883349618231343 ], [ -43.738357136309205, -22.886337637943136 ], [ -43.737448605864216, -22.891016862891746 ], [ -43.732369653970785, -22.892708107100106 ] ] ] } },
{ "type": "Feature", "properties": { "hex_id": "88a8a062e1fffff", "nome": "Freguesia (Jacarepaguá)", "codbairro": "120", "codra": 16, "rp": "Jacarepaguá", "cod_rp": "4.1", "area_plane": "4", "ideb_bairro": "Freguesia (Jacarepaguá)" }, "geometry": { "type": "Polygon", "coordinates": [ [ [ -43.346474123142215, -22.946293239910485 ], [ -43.342303769466675, -22.943296658693637 ], [ -43.343215612599359, -22.938621673259892 ], [ -43.348297736465362, -22.936943304206348 ], [ -43.352468057147114, -22.93993995335434 ], [ -43.351556286968389, -22.9446149036132 ], [ -43.346474123142215, -22.946293239910485 ] ] ] } },
{ "type": "Feature", "properties": { "hex_id": "88a8a03813fffff", "nome": "Guaratiba", "codbairro": "151", "codra": 26, "rp": "Guaratiba", "cod_rp": "5.4", "area_plane": "5", "ideb_bairro": "Guaratiba" }, "geometry": { "type": "Polygon", "coordinates": [ [ [ -43.634885872747013, -23.051905477283711 ], [ -43.630714500831147, -23.048920691849101 ], [ -43.631624140804298, -23.044250350021965 ], [ -43.636705078272996, -23.042564831628159 ], [ -43.640876412779399, -23.045549685822941 ], [ -43.639966847238249, -23.050219989639864 ], [ -43.634885872747013, -23.051905477283711 ] ] ] } },
{ "type": "Feature", "properties": { "hex_id": "88a8a07411fffff", "nome": "Vargem Pequena", "codbairro": "130", "codra": 24, "rp": "Barra da Tijuca", "cod_rp": "4.2", "area_plane": "4", "ideb_bairro": "Vargem Pequena" }, "geometry": { "type": "Polygon", "coordinates": [ [ [ -43.47653437833749, -22.986379262135099 ], [ -43.472363589549296, -22.983387705939062 ], [ -43.473274433928943, -22.978714390526154 ], [ -43.478355993488428, -22.977032667752969 ], [ -43.482526747291857, -22.980024292238888 ], [ -43.481615976532268, -22.984697571196598 ], [ -43.47653437833749, -22.986379262135099 ] ] ] } },
{ "type": "Feature", "properties": { "hex_id": "88a8a06335fffff", "nome": "Tijuca", "codbairro": "033", "codra": 8, "rp": "Tijuca", "cod_rp": "2.2", "area_plane": "2", "ideb_bairro": "Tijuca" }, "geometry": { "type": "Polygon", "coordinates": [ [ [ -43.251209540049139, -22.947106695718823 ], [ -43.247039333255344, -22.944107547506068 ], [ -43.247951945531454, -22.939432983216928 ], [ -43.253034692141576, -22.937757601370325 ], [ -43.257204867397483, -22.940756817310078 ], [ -43.256292327592924, -22.945431347357896 ], [ -43.251209540049139, -22.947106695718823 ] ] ] } },
{ "type": "Feature", "properties": { "hex_id": "88a8a07465fffff", "nome": "Barra da Tijuca", "codbairro": "128", "codra": 24, "rp": "Barra da Tijuca", "cod_rp": "4.2", "area_plane": "4", "ideb_bairro": "Barra da Tijuca" }, "geometry": { "type": "Polygon", "coordinates": [ [ [ -43.424804440621884, -23.007857659336757 ], [ -43.420633573382176, -23.0048654705015 ], [ -43.421544869961522, -23.000193510615276 ], [ -43.426626960428223, -22.998513775504197 ], [ -43.43079779347088, -23.001506032555731 ], [ -43.429886570255611, -23.006177956490536 ], [ -43.424804440621884, -23.007857659336757 ] ] ] } },
{ "type": "Feature", "properties": { "hex_id": "88a8a074b9fffff", "nome": "Campo Grande", "codbairro": "144", "codra": 18, "rp": "Campo Grande", "cod_rp": "5.2", "area_plane": "5", "ideb_bairro": "Campo Grande" }, "geometry": { "type": "Polygon", "coordinates": [ [ [ -43.499974661891841, -22.939262936560645 ], [ -43.495804156960645, -22.936270298872206 ], [ -43.496714742234808, -22.931594353850098 ], [ -43.501795758724633, -22.929911083184503 ], [ -43.505966228318407, -22.932903789126705 ], [ -43.505055716771466, -22.937579697469221 ], [ -43.499974661891841, -22.939262936560645 ] ] ] } },
{ "type": "Feature", "properties": { "hex_id": "88a8a0750dfffff", "nome": "Barra da Tijuca", "codbairro": "128", "codra": 24, "rp": "Barra da Tijuca", "cod_rp": "4.2", "area_plane": "4", "ideb_bairro": "Barra da Tijuca" }, "geometry": { "type": "Polygon", "coordinates": [ [ [ -43.384532858265189, -22.994937747824473 ], [ -43.38036212983522, -22.991943982813012 ], [ -43.381273734793957, -22.987271477951438 ], [ -43.386355995036737, -22.985592773645298 ], [ -43.390526689886286, -22.988586606761363 ], [ -43.389615158085192, -22.993259076067435 ], [ -43.384532858265189, -22.994937747824473 ] ] ] } },
{ "type": "Feature", "properties": { "hex_id": "88a8a02833fffff", "nome": "Campo Grande", "codbairro": "144", "codra": 18, "rp": "Campo Grande", "cod_rp": "5.2", "area_plane": "5", "ideb_bairro": "Campo Grande" }, "geometry": { "type": "Polygon", "coordinates": [ [ [ -43.609395147317684, -22.889840631228029 ], [ -43.605224862761702, -22.886849189206742 ], [ -43.60613447991588, -22.882170191058076 ], [ -43.611214307371711, -22.88048267266905 ], [ -43.615384554926173, -22.883474183093927 ], [ -43.614475012037978, -22.888153143492758 ], [ -43.609395147317684, -22.889840631228029 ] ] ] } },
{ "type": "Feature", "properties": { "hex_id": "88a8a07561fffff", "nome": "Barra da Tijuca", "codbairro": "128", "codra": 24, "rp": "Barra da Tijuca", "cod_rp": "4.2", "area_plane": "4", "ideb_bairro": "Barra da Tijuca" }, "geometry": { "type": "Polygon", "coordinates": [ [ [ -43.369285673003148, -22.999972634317022 ], [ -43.365114932800907, -22.996978636030153 ], [ -43.366026668576609, -22.992306462340611 ], [ -43.371109071484575, -22.990628322333453 ], [ -43.375279778338843, -22.993622388701123 ], [ -43.374368115644849, -22.998294526983621 ], [ -43.369285673003148, -22.999972634317022 ] ] ] } },
{ "type": "Feature", "properties": { "hex_id": "88a8a02887fffff", "nome": "Paciência", "codbairro": "148", "codra": 19, "rp": "Santa Cruz", "cod_rp": "5.3", "area_plane": "5", "ideb_bairro": "Paciência" }, "geometry": { "type": "Polygon", "coordinates": [ [ [ -43.642601486930083, -22.865673640595325 ], [ -43.638431335428955, -22.862682226797148 ], [ -43.639340644398928, -22.858001814832338 ], [ -43.644420030454725, -22.856312854728984 ], [ -43.648590144450722, -22.85930433695928 ], [ -43.647680909907699, -22.863984710849319 ], [ -43.642601486930083, -22.865673640595325 ] ] ] } },
{ "type": "Feature", "properties": { "hex_id": "88a8a039b7fffff", "nome": "Guaratiba", "codbairro": "151", "codra": 26, "rp": "Guaratiba", "cod_rp": "5.4", "area_plane": "5", "ideb_bairro": "Guaratiba" }, "geometry": { "type": "Polygon", "coordinates": [ [ [ -43.581038772389661, -22.986734174256586 ], [ -43.576867874367686, -22.983745504464896 ], [ -43.577777863775005, -22.979071827838425 ], [ -43.582858677069758, -22.977386858471284 ], [ -43.587029538511594, -22.980375596784324 ], [ -43.586119623250497, -22.985049235931648 ], [ -43.581038772389661, -22.986734174256586 ] ] ] } },
{ "type": "Feature", "properties": { "hex_id": "88a8a075b5fffff", "nome": "Jacarepaguá", "codbairro": "115", "codra": 16, "rp": "Jacarepaguá", "cod_rp": "4.1", "area_plane": "4", "ideb_bairro": "Jacarepaguá" }, "geometry": { "type": "Polygon", "coordinates": [ [ [ -43.422701592364099, -22.921098483242467 ], [ -43.418531299028189, -22.918103065926605 ], [ -43.419442487895203, -22.913426429623268 ], [ -43.424523896776492, -22.911745246542981 ], [ -43.42869415595684, -22.914740731908697 ], [ -43.427783040423179, -22.919417332293342 ], [ -43.422701592364099, -22.921098483242467 ] ] ] } },
{ "type": "Feature", "properties": { "hex_id": "88a8a028dbfffff", "nome": "Santa Cruz", "codbairro": "149", "codra": 19, "rp": "Santa Cruz", "cod_rp": "5.3", "area_plane": "5", "ideb_bairro": "Santa Cruz" }, "geometry": { "type": "Polygon", "coordinates": [ [ [ -43.676872550921807, -22.884917785302079 ], [ -43.672702249059093, -22.88192801898477 ], [ -43.67361130270627, -22.877248523228637 ], [ -43.678690583624501, -22.875558832191814 ], [ -43.682860847457249, -22.878548667054631 ], [ -43.681951868413357, -22.883228124397281 ], [ -43.676872550921807, -22.884917785302079 ] ] ] } },
{ "type": "Feature", "properties": { "hex_id": "88a8a0652dfffff", "nome": "Barros Filho", "codbairro": "112", "codra": 25, "rp": "Pavuna", "cod_rp": "3.6", "area_plane": "3", "ideb_bairro": "Barros Filho" }, "geometry": { "type": "Polygon", "coordinates": [ [ [ -43.359102942673154, -22.832707212384062 ], [ -43.354933317479862, -22.829706844953073 ], [ -43.35584489513014, -22.825025697606677 ], [ -43.360926024993766, -22.823344952958351 ], [ -43.365095617012209, -22.826345388131443 ], [ -43.364184112353598, -22.831026500199254 ], [ -43.359102942673154, -22.832707212384062 ] ] ] } },
{ "type": "Feature", "properties": { "hex_id": "88a8a02983fffff", "nome": "Campo Grande", "codbairro": "144", "codra": 18, "rp": "Campo Grande", "cod_rp": "5.2", "area_plane": "5", "ideb_bairro": "Campo Grande" }, "geometry": { "type": "Polygon", "coordinates": [ [ [ -43.587103046523509, -22.857848669060218 ], [ -43.582932991254957, -22.854855445353156 ], [ -43.58384274580537, -22.850174806855009 ], [ -43.588922481489462, -22.848487429579976 ], [ -43.593092500100241, -22.851480721580177 ], [ -43.592182819696355, -22.856161322550808 ], [ -43.587103046523509, -22.857848669060218 ] ] ] } },
{ "type": "Feature", "properties": { "hex_id": "88a8a076b1fffff", "nome": "Guaratiba", "codbairro": "151", "codra": 26, "rp": "Guaratiba", "cod_rp": "5.4", "area_plane": "5", "ideb_bairro": "Guaratiba" }, "geometry": { "type": "Polygon", "coordinates": [ [ [ -43.519535641673137, -22.985258224248671 ], [ -43.515364812974141, -22.982267808114866 ], [ -43.516275304442189, -22.977594273725657 ], [ -43.521356550784475, -22.975911192335069 ], [ -43.525527343842249, -22.978901676851365 ], [ -43.524616926210655, -22.98357517436424 ], [ -43.519535641673137, -22.985258224248671 ] ] ] } },
{ "type": "Feature", "properties": { "hex_id": "88a8a02115fffff", "nome": "Sepetiba", "codbairro": "150", "codra": 19, "rp": "Santa Cruz", "cod_rp": "5.3", "area_plane": "5", "ideb_bairro": "Sepetiba" }, "geometry": { "type": "Polygon", "coordinates": [ [ [ -43.703500141790634, -22.96793205440995 ], [ -43.699329277115012, -22.964946071570864 ], [ -43.70023822957458, -22.960270954498924 ], [ -43.705317971965165, -22.958581858933631 ], [ -43.709488798194798, -22.961567910533059 ], [ -43.708579920491466, -22.966242988925963 ], [ -43.703500141790634, -22.96793205440995 ] ] ] } },
{ "type": "Feature", "properties": { "hex_id": "88a8a06e43fffff", "nome": "Colégio", "codbairro": "077", "codra": 14, "rp": "Madureira", "cod_rp": "3.3", "area_plane": "3", "ideb_bairro": "Colégio" }, "geometry": { "type": "Polygon", "coordinates": [ [ [ -43.328614934816265, -22.842787556546529 ], [ -43.324445288654992, -22.839786725558259 ], [ -43.32535712726888, -22.83510623742994 ], [ -43.330438539215976, -22.833426615258741 ], [ -43.334608152667045, -22.836427513942237 ], [ -43.333696386892953, -22.841107967090178 ], [ -43.328614934816265, -22.842787556546529 ] ] ] } },
{ "type": "Feature", "properties": { "hex_id": "88a8a029d7fffff", "nome": "Campo Grande", "codbairro": "144", "codra": 18, "rp": "Campo Grande", "cod_rp": "5.2", "area_plane": "5", "ideb_bairro": "Campo Grande" }, "geometry": { "type": "Polygon", "coordinates": [ [ [ -43.599613352011879, -22.866826997610136 ], [ -43.595443226945946, -22.863834445233433 ], [ -43.596352891547546, -22.859154244800667 ], [ -43.601432607015269, -22.857466634384682 ], [ -43.605602695231568, -22.860459255099524 ], [ -43.604693104841431, -22.865139417880727 ], [ -43.599613352011879, -22.866826997610136 ] ] ] } },
{ "type": "Feature", "properties": { "hex_id": "88a8a02a2bfffff", "nome": "Guaratiba", "codbairro": "151", "codra": 26, "rp": "Guaratiba", "cod_rp": "5.4", "area_plane": "5", "ideb_bairro": "Guaratiba" }, "geometry": { "type": "Polygon", "coordinates": [ [ [ -43.61425215333643, -22.962598419267731 ], [ -43.610081386012261, -22.959609778014766 ], [ -43.610991067631105, -22.954934681035944 ], [ -43.616071442278368, -22.953248263101649 ], [ -43.620242172518402, -22.956236972905234 ], [ -43.619332565206975, -22.960912032080991 ], [ -43.61425215333643, -22.962598419267731 ] ] ] } },
{ "type": "Feature", "properties": { "hex_id": "88a8a06629fffff", "nome": "Bangu", "codbairro": "141", "codra": 17, "rp": "Bangu", "cod_rp": "5.1", "area_plane": "5", "ideb_bairro": "Bangu" }, "geometry": { "type": "Polygon", "coordinates": [ [ [ -43.455922201352934, -22.896976556443434 ], [ -43.451752025295107, -22.893981167780222 ], [ -43.452662909181818, -22.889303107956781 ], [ -43.4577438956427, -22.88762047302658 ], [ -43.461914037040309, -22.890615929766881 ], [ -43.461003226648977, -22.895293953348784 ], [ -43.455922201352934, -22.896976556443434 ] ] ] } },
{ "type": "Feature", "properties": { "hex_id": "88a8a021bdfffff", "nome": "Santa Cruz", "codbairro": "149", "codra": 19, "rp": "Santa Cruz", "cod_rp": "5.3", "area_plane": "5", "ideb_bairro": "Santa Cruz" }, "geometry": { "type": "Polygon", "coordinates": [ [ [ -43.726917904769707, -22.920777464008712 ], [ -43.722747337491413, -22.917790393606122 ], [ -43.723656028270419, -22.91311265732875 ], [ -43.72873521147698, -22.911422030349932 ], [ -43.732905739958007, -22.914409169478102 ], [ -43.731997124041349, -22.919086866848026 ], [ -43.726917904769707, -22.920777464008712 ] ] ] } },
{ "type": "Feature", "properties": { "hex_id": "88a8a02ad3fffff", "nome": "Santa Cruz", "codbairro": "149", "codra": 19, "rp": "Santa Cruz", "cod_rp": "5.3", "area_plane": "5", "ideb_bairro": "Santa Cruz" }, "geometry": { "type": "Polygon", "coordinates": [ [ [ -43.696441478336922, -22.930917138710633 ], [ -43.692270861545083, -22.927929599762841 ], [ -43.693179819324314, -22.923252511812379 ], [ -43.698259319194861, -22.921563001406504 ], [ -43.702429897652827, -22.924550609030096 ], [ -43.701521014585751, -22.929227658372284 ], [ -43.696441478336922, -22.930917138710633 ] ] ] } },
{ "type": "Feature", "properties": { "hex_id": "88a8a066d1fffff", "nome": "Campo Grande", "codbairro": "144", "codra": 18, "rp": "Campo Grande", "cod_rp": "5.2", "area_plane": "5", "ideb_bairro": "Campo Grande" }, "geometry": { "type": "Polygon", "coordinates": [ [ [ -43.538122848991442, -22.865352820426033 ], [ -43.533952790315659, -22.862358528067499 ], [ -43.534862957405693, -22.857678467047045 ], [ -43.539943109281133, -22.855992735419683 ], [ -43.54411313204556, -22.858987095976708 ], [ -43.543203038857577, -22.863667119951113 ], [ -43.538122848991442, -22.865352820426033 ] ] ] } },
{ "type": "Feature", "properties": { "hex_id": "88a8a02b27fffff", "nome": "Campo Grande", "codbairro": "144", "codra": 18, "rp": "Campo Grande", "cod_rp": "5.2", "area_plane": "5", "ideb_bairro": "Campo Grande" }, "geometry": { "type": "Polygon", "coordinates": [ [ [ -43.536980752886635, -22.944495923586171 ], [ -43.532810174711884, -22.941504493077996 ], [ -43.533720464795763, -22.936828695319864 ], [ -43.53880125915132, -22.935144365101724 ], [ -43.542971801423171, -22.9381358639552 ], [ -43.542061585254046, -22.942811624670004 ], [ -43.536980752886635, -22.944495923586171 ] ] ] } },
{ "type": "Feature", "properties": { "hex_id": "88a8a06725fffff", "nome": "Campo dos Afonsos", "codbairro": "136", "codra": 33, "rp": "Bangu", "cod_rp": "5.1", "area_plane": "5", "ideb_bairro": "Campo dos Afonsos" }, "geometry": { "type": "Polygon", "coordinates": [ [ [ -43.378652707909794, -22.878780182735113 ], [ -43.374482752075266, -22.875782021307124 ], [ -43.375394237609704, -22.871103274370675 ], [ -43.380475605889288, -22.86942272432989 ], [ -43.384645528245521, -22.872420953631149 ], [ -43.383734115812196, -22.877099665088394 ], [ -43.378652707909794, -22.878780182735113 ] ] ] } },
{ "type": "Feature", "properties": { "hex_id": "88a8a078a9fffff", "nome": "Botafogo", "codbairro": "020", "codra": 4, "rp": "Zona Sul", "cod_rp": "2.1", "area_plane": "2", "ideb_bairro": "Botafogo" }, "geometry": { "type": "Polygon", "coordinates": [ [ [ -43.177701949967712, -22.958195278373477 ], [ -43.173531803181568, -22.955194534616002 ], [ -43.174445020660919, -22.950520869274417 ], [ -43.179528312837363, -22.948847981202555 ], [ -43.183698429208526, -22.951848792550667 ], [ -43.182785283830029, -22.956522424368465 ], [ -43.177701949967712, -22.958195278373477 ] ] ] } },
{ "type": "Feature", "properties": { "hex_id": "88a8a06007fffff", "nome": "Engenho de Dentro", "codbairro": "066", "codra": 13, "rp": "Méier", "cod_rp": "3.2", "area_plane": "3", "ideb_bairro": "Engenho de Dentro" }, "geometry": { "type": "Polygon", "coordinates": [ [ [ -43.299689514202733, -22.917994769754674 ], [ -43.295519418656738, -22.914995882751747 ], [ -43.296431598823325, -22.910319554564008 ], [ -43.301513801837032, -22.908642148078499 ], [ -43.305683865107063, -22.911641102857846 ], [ -43.30477175765111, -22.91631739633474 ], [ -43.299689514202733, -22.917994769754674 ] ] ] } },
{ "type": "Feature", "properties": { "hex_id": "88a8a021b9fffff", "nome": "Santa Cruz", "codbairro": "149", "codra": 19, "rp": "Santa Cruz", "cod_rp": "5.3", "area_plane": "5", "ideb_bairro": "Santa Cruz" }, "geometry": { "type": "Polygon", "coordinates": [ [ [ -43.736167704615639, -22.922073634186301 ], [ -43.731997124041349, -22.919086866848026 ], [ -43.732905739958007, -22.914409169478102 ], [ -43.737984861551617, -22.912718278433381 ], [ -43.742155403187482, -22.915705114520538 ], [ -43.741246862179764, -22.920382772892054 ], [ -43.736167704615639, -22.922073634186301 ] ] ] } },
{ "type": "Feature", "properties": { "hex_id": "88a8a0605bfffff", "nome": "Freguesia (Jacarepaguá)", "codbairro": "120", "codra": 16, "rp": "Jacarepaguá", "cod_rp": "4.1", "area_plane": "4", "ideb_bairro": "Freguesia (Jacarepaguá)" }, "geometry": { "type": "Polygon", "coordinates": [ [ [ -43.333963139892283, -22.937302827183711 ], [ -43.32979286408132, -22.934305576980794 ], [ -43.330704795412188, -22.929630155263446 ], [ -43.335786929677177, -22.927952018788144 ], [ -43.339957172686447, -22.93094933687815 ], [ -43.339045314244167, -22.935624723544851 ], [ -43.333963139892283, -22.937302827183711 ] ] ] } },
{ "type": "Feature", "properties": { "hex_id": "88a8a06103fffff", "nome": "São Francisco Xavier", "codbairro": "057", "codra": 13, "rp": "Méier", "cod_rp": "3.2", "area_plane": "3", "ideb_bairro": "São Francisco Xavier" }, "geometry": { "type": "Polygon", "coordinates": [ [ [ -43.244174813366762, -22.910055618135964 ], [ -43.240004862487496, -22.907054932527753 ], [ -43.240917477926786, -22.902378397987139 ], [ -43.24599997182969, -22.900702583207664 ], [ -43.250169891282297, -22.903703336457578 ], [ -43.249257348270419, -22.908379836833706 ], [ -43.244174813366762, -22.910055618135964 ] ] ] } },
{ "type": "Feature", "properties": { "hex_id": "88a8a06157fffff", "nome": "Vila Isabel", "codbairro": "036", "codra": 9, "rp": "Tijuca", "cod_rp": "2.2", "area_plane": "2", "ideb_bairro": "Vila Isabel" }, "geometry": { "type": "Polygon", "coordinates": [ [ [ -43.256684827515485, -22.919056341247458 ], [ -43.252514795924682, -22.916056322541159 ], [ -43.253427323804885, -22.911380222873728 ], [ -43.258509810794756, -22.909704176190179 ], [ -43.262679810766777, -22.912704262582182 ], [ -43.261767355379497, -22.91738032796048 ], [ -43.256684827515485, -22.919056341247458 ] ] ] } },
{ "type": "Feature", "properties": { "hex_id": "88a8a06625fffff", "nome": "Padre Miguel", "codbairro": "140", "codra": 17, "rp": "Bangu", "cod_rp": "5.1", "area_plane": "5", "ideb_bairro": "Padre Miguel" }, "geometry": { "type": "Polygon", "coordinates": [ [ [ -43.443411747464772, -22.887989720693533 ], [ -43.439241645780193, -22.884993662359982 ], [ -43.440152618619273, -22.880315165692377 ], [ -43.445233619724448, -22.878632763464122 ], [ -43.449403686940812, -22.881628889830235 ], [ -43.448492787531919, -22.886307350380537 ], [ -43.443411747464772, -22.887989720693533 ] ] ] } },
{ "type": "Feature", "properties": { "hex_id": "88a8a06a19fffff", "nome": "Santo Cristo", "codbairro": "003", "codra": 1, "rp": "Centro", "cod_rp": "1.1", "area_plane": "1", "ideb_bairro": "Santo Cristo" }, "geometry": { "type": "Polygon", "coordinates": [ [ [ -43.197911925920145, -22.90342412141403 ], [ -43.193742101581144, -22.900421939164598 ], [ -43.194655078448577, -22.895745235167816 ], [ -43.199737807475735, -22.894070747117972 ], [ -43.203907601095999, -22.897072996897261 ], [ -43.202994696419637, -22.901749667184994 ], [ -43.197911925920145, -22.90342412141403 ] ] ] } },
{ "type": "Feature", "properties": { "hex_id": "88a8a061abfffff", "nome": "Complexo do Alemão", "codbairro": "156", "codra": 29, "rp": "Inhaúma", "cod_rp": "3.4", "area_plane": "3", "ideb_bairro": "Complexo do Alemão" }, "geometry": { "type": "Polygon", "coordinates": [ [ [ -43.267633883070253, -22.862928015314736 ], [ -43.263464202070104, -22.859926257615957 ], [ -43.264376561143628, -22.855247092042607 ], [ -43.269458528693484, -22.853569718541184 ], [ -43.273628177913125, -22.856571543841973 ], [ -43.272715891375178, -22.861250675030625 ], [ -43.267633883070253, -22.862928015314736 ] ] ] } },
{ "type": "Feature", "properties": { "hex_id": "88a8a06ac1fffff", "nome": "Caju", "codbairro": "004", "codra": 1, "rp": "Centro", "cod_rp": "1.1", "area_plane": "1", "ideb_bairro": "Caju" }, "geometry": { "type": "Polygon", "coordinates": [ [ [ -43.215898515859642, -22.884368750583693 ], [ -43.211728783950043, -22.881366365742593 ], [ -43.21264158929219, -22.876688561995003 ], [ -43.217724054277681, -22.875013176958131 ], [ -43.221893755195417, -22.878015629331163 ], [ -43.220981022131312, -22.882693399197585 ], [ -43.215898515859642, -22.884368750583693 ] ] ] } },
{ "type": "Feature", "properties": { "hex_id": "88a8a02a27fffff", "nome": "Guaratiba", "codbairro": "151", "codra": 26, "rp": "Guaratiba", "cod_rp": "5.4", "area_plane": "5", "ideb_bairro": "Guaratiba" }, "geometry": { "type": "Polygon", "coordinates": [ [ [ -43.601739920628752, -22.953631821725669 ], [ -43.597569222657434, -22.950642506778394 ], [ -43.598478994354473, -22.945966970232725 ], [ -43.603559389792025, -22.944280786302464 ], [ -43.607730050871162, -22.947270169755825 ], [ -43.606820353416602, -22.951945668621846 ], [ -43.601739920628752, -22.953631821725669 ] ] ] } },
{ "type": "Feature", "properties": { "hex_id": "88a8a06253fffff", "nome": "Barra Olímpica", "codbairro": "165", "codra": 16, "rp": "Jacarepaguá", "cod_rp": "4.1", "area_plane": "4", "ideb_bairro": "Barra Olímpica" }, "geometry": { "type": "Polygon", "coordinates": [ [ [ -43.353514690560388, -22.983322688982412 ], [ -43.349344082753795, -22.980327651004341 ], [ -43.350255922234915, -22.975654638154122 ], [ -43.355338296536253, -22.973976698520506 ], [ -43.359508871237615, -22.976971804514246 ], [ -43.358597104754608, -22.981644782114397 ], [ -43.353514690560388, -22.983322688982412 ] ] ] } },
{ "type": "Feature", "properties": { "hex_id": "88a8a062a7fffff", "nome": "Tanque", "codbairro": "123", "codra": 16, "rp": "Jacarepaguá", "cod_rp": "4.1", "area_plane": "4", "ideb_bairro": "Tanque" }, "geometry": { "type": "Polygon", "coordinates": [ [ [ -43.342692663412905, -22.916921642675327 ], [ -43.338522508617146, -22.91392388846705 ], [ -43.339434340066617, -22.909247333812168 ], [ -43.344516253395554, -22.907568568486667 ], [ -43.34868637525836, -22.91056639056249 ], [ -43.347774616736949, -22.915242910084729 ], [ -43.342692663412905, -22.916921642675327 ] ] ] } },
{ "type": "Feature", "properties": { "hex_id": "88a8a02f6bfffff", "nome": "Santa Cruz", "codbairro": "149", "codra": 19, "rp": "Santa Cruz", "cod_rp": "5.3", "area_plane": "5", "ideb_bairro": "Santa Cruz" }, "geometry": { "type": "Polygon", "coordinates": [ [ [ -43.698633267148132, -22.895184633217891 ], [ -43.694462884159385, -22.892195842813397 ], [ -43.695371772555973, -22.887516825063088 ], [ -43.700450969238219, -22.88582663633396 ], [ -43.704621313863996, -22.888815495352265 ], [ -43.703712500182121, -22.893494474474402 ], [ -43.698633267148132, -22.895184633217891 ] ] ] } },
{ "type": "Feature", "properties": { "hex_id": "88a8a0742bfffff", "nome": "Vargem Pequena", "codbairro": "130", "codra": 24, "rp": "Barra da Tijuca", "cod_rp": "4.2", "area_plane": "4", "ideb_bairro": "Vargem Pequena" }, "geometry": { "type": "Polygon", "coordinates": [ [ [ -43.442784048817316, -22.988800786350701 ], [ -43.438613284441331, -22.98580839286252 ], [ -43.439524407330694, -22.981135334512132 ], [ -43.444606221157372, -22.979454705763338 ], [ -43.448776951063763, -22.982447167471886 ], [ -43.447865901624787, -22.987120189697329 ], [ -43.442784048817316, -22.988800786350701 ] ] ] } },
{ "type": "Feature", "properties": { "hex_id": "88a8a074d3fffff", "nome": "Guaratiba", "codbairro": "151", "codra": 26, "rp": "Guaratiba", "cod_rp": "5.4", "area_plane": "5", "ideb_bairro": "Guaratiba" }, "geometry": { "type": "Polygon", "coordinates": [ [ [ -43.524998198968866, -22.95721405993979 ], [ -43.520827549260503, -22.954222766118043 ], [ -43.521737955718869, -22.949547697777785 ], [ -43.526818938039867, -22.947863960174825 ], [ -43.530989552026796, -22.950855322339098 ], [ -43.530079219425843, -22.955530353752295 ], [ -43.524998198968866, -22.95721405993979 ] ] ] } },
{ "type": "Feature", "properties": { "hex_id": "88a8a07527fffff", "nome": "Barra Olímpica", "codbairro": "165", "codra": 16, "rp": "Jacarepaguá", "cod_rp": "4.1", "area_plane": "4", "ideb_bairro": "Barra Olímpica" }, "geometry": { "type": "Polygon", "coordinates": [ [ [ -43.36550290338058, -22.970620255042817 ], [ -43.361332361875391, -22.967625081032221 ], [ -43.362244086029882, -22.962951335239758 ], [ -43.3673262786455, -22.961272798811759 ], [ -43.371496786863609, -22.964268040840373 ], [ -43.370585135764919, -22.968941751267437 ], [ -43.36550290338058, -22.970620255042817 ] ] ] } },
{ "type": "Feature", "properties": { "hex_id": "88a8a0284dfffff", "nome": "Guaratiba", "codbairro": "151", "codra": 26, "rp": "Guaratiba", "cod_rp": "5.4", "area_plane": "5", "ideb_bairro": "Guaratiba" }, "geometry": { "type": "Polygon", "coordinates": [ [ [ -43.598478994354473, -22.945966970232725 ], [ -43.594308349594868, -22.942977284346636 ], [ -43.595218137102684, -22.93830134605723 ], [ -43.600298495157467, -22.936615131289471 ], [ -43.604469103075537, -22.939604885660131 ], [ -43.603559389792025, -22.944280786302464 ], [ -43.598478994354473, -22.945966970232725 ] ] ] } },
{ "type": "Feature", "properties": { "hex_id": "88a8a0644bfffff", "nome": "Bangu", "codbairro": "141", "codra": 17, "rp": "Bangu", "cod_rp": "5.1", "area_plane": "5", "ideb_bairro": "Bangu" }, "geometry": { "type": "Polygon", "coordinates": [ [ [ -43.461387114515347, -22.868905245666397 ], [ -43.457217116507806, -22.865908983232 ], [ -43.458127915550556, -22.86122939348132 ], [ -43.463208639096131, -22.85954610244486 ], [ -43.467378602363084, -22.862542432914971 ], [ -43.466467876836766, -22.867221986374311 ], [ -43.461387114515347, -22.868905245666397 ] ] ] } },
{ "type": "Feature", "properties": { "hex_id": "88a8a039d1fffff", "nome": "Guaratiba", "codbairro": "151", "codra": 26, "rp": "Guaratiba", "cod_rp": "5.4", "area_plane": "5", "ideb_bairro": "Guaratiba" }, "geometry": { "type": "Polygon", "coordinates": [ [ [ -43.60659657134191, -23.026336024243662 ], [ -43.602425390412044, -23.02334951523498 ], [ -43.603335226621269, -23.018677888743412 ], [ -43.608416169488088, -23.016992808981168 ], [ -43.612587313443186, -23.019979386640603 ], [ -43.611677551517886, -23.024650975400032 ], [ -43.60659657134191, -23.026336024243662 ] ] ] } },
{ "type": "Feature", "properties": { "hex_id": "88a8a02949fffff", "nome": "Campo Grande", "codbairro": "144", "codra": 18, "rp": "Campo Grande", "cod_rp": "5.2", "area_plane": "5", "ideb_bairro": "Campo Grande" }, "geometry": { "type": "Polygon", "coordinates": [ [ [ -43.542971801423171, -22.9381358639552 ], [ -43.53880125915132, -22.935144365101724 ], [ -43.539711491022103, -22.930468202839307 ], [ -43.544792191232972, -22.928783576520338 ], [ -43.548962697511207, -22.93177514372049 ], [ -43.54805253958385, -22.936451268881417 ], [ -43.542971801423171, -22.9381358639552 ] ] ] } },
{ "type": "Feature", "properties": { "hex_id": "88a8a06547fffff", "nome": "Deodoro", "codbairro": "134", "codra": 33, "rp": "Bangu", "cod_rp": "5.1", "area_plane": "5", "ideb_bairro": "Deodoro" }, "geometry": { "type": "Polygon", "coordinates": [ [ [ -43.384121232497826, -22.850704746965746 ], [ -43.379951453619924, -22.847705714047994 ], [ -43.380862854488647, -22.843025437171413 ], [ -43.385943961124717, -22.841344228729191 ], [ -43.390113706443778, -22.844343329478352 ], [ -43.38920237869732, -22.849023570826805 ], [ -43.384121232497826, -22.850704746965746 ] ] ] } },
{ "type": "Feature", "properties": { "hex_id": "88a8a02165fffff", "nome": "Guaratiba", "codbairro": "151", "codra": 26, "rp": "Guaratiba", "cod_rp": "5.4", "area_plane": "5", "ideb_bairro": "Guaratiba" }, "geometry": { "type": "Polygon", "coordinates": [ [ [ -43.661041424579977, -22.99078530010479 ], [ -43.656870436506942, -22.987798985573949 ], [ -43.657779772849871, -22.983125247067605 ], [ -43.662860022728637, -22.98143786134413 ], [ -43.667030973000443, -22.984424244582129 ], [ -43.666121711206365, -22.989097944824955 ], [ -43.661041424579977, -22.99078530010479 ] ] ] } },
{ "type": "Feature", "properties": { "hex_id": "88a8a06e09fffff", "nome": "Irajá", "codbairro": "076", "codra": 14, "rp": "Madureira", "cod_rp": "3.3", "area_plane": "3", "ideb_bairro": "Irajá" }, "geometry": { "type": "Polygon", "coordinates": [ [ [ -43.32535712726888, -22.83510623742994 ], [ -43.321187536557261, -22.832105039368866 ], [ -43.322099390440648, -22.827424151474816 ], [ -43.327180762225858, -22.825744496577105 ], [ -43.331350320277821, -22.828745762311488 ], [ -43.330438539215976, -22.833426615258741 ], [ -43.32535712726888, -22.83510623742994 ] ] ] } },
{ "type": "Feature", "properties": { "hex_id": "88a8a076cbfffff", "nome": "Recreio dos Bandeirantes", "codbairro": "132", "codra": 24, "rp": "Barra da Tijuca", "cod_rp": "4.2", "area_plane": "4", "ideb_bairro": "Recreio dos Bandeirantes" }, "geometry": { "type": "Polygon", "coordinates": [ [ [ -43.529846403846584, -23.029920094569047 ], [ -43.52567527024307, -23.026931601574059 ], [ -43.526585741560034, -23.022260444821121 ], [ -43.53166727259341, -23.020577818033132 ], [ -43.53583837039325, -23.023566379515437 ], [ -43.534927972975083, -23.028237499286885 ], [ -43.529846403846584, -23.029920094569047 ] ] ] } },
{ "type": "Feature", "properties": { "hex_id": "88a8a06e5dfffff", "nome": "Colégio", "codbairro": "077", "codra": 14, "rp": "Madureira", "cod_rp": "3.3", "area_plane": "3", "ideb_bairro": "Colégio" }, "geometry": { "type": "Polygon", "coordinates": [ [ [ -43.337866055717569, -22.844108498598626 ], [ -43.333696386892953, -22.841107967090178 ], [ -43.334608152667045, -22.836427513942237 ], [ -43.339689514390578, -22.834747627362901 ], [ -43.343859150363521, -22.837748226589234 ], [ -43.342947457476349, -22.842428644665503 ], [ -43.337866055717569, -22.844108498598626 ] ] ] } },
{ "type": "Feature", "properties": { "hex_id": "88a8a02183fffff", "nome": "Santa Cruz", "codbairro": "149", "codra": 19, "rp": "Santa Cruz", "cod_rp": "5.3", "area_plane": "5", "ideb_bairro": "Santa Cruz" }, "geometry": { "type": "Polygon", "coordinates": [ [ [ -43.739429737419577, -22.929737325353326 ], [ -43.735259104777811, -22.926750929926559 ], [ -43.736167704615639, -22.922073634186301 ], [ -43.741246862179764, -22.920382772892054 ], [ -43.745417455832438, -22.923369237089368 ], [ -43.744508930921683, -22.928046493798906 ], [ -43.739429737419577, -22.929737325353326 ] ] ] } },
{ "type": "Feature", "properties": { "hex_id": "88a8a02a45fffff", "nome": "Guaratiba", "codbairro": "151", "codra": 26, "rp": "Guaratiba", "cod_rp": "5.4", "area_plane": "5", "ideb_bairro": "Guaratiba" }, "geometry": { "type": "Polygon", "coordinates": [ [ [ -43.618045586674661, -22.991944480809064 ], [ -43.613874623030334, -22.988957022383186 ], [ -43.614784315572017, -22.984283496217888 ], [ -43.619864897436322, -22.982597466309144 ], [ -43.624035823935202, -22.985584993348279 ], [ -43.623126205726876, -22.990258481671408 ], [ -43.618045586674661, -22.991944480809064 ] ] ] } },
{ "type": "Feature", "properties": { "hex_id": "88a8a06643fffff", "nome": "Senador Camará", "codbairro": "142", "codra": 17, "rp": "Bangu", "cod_rp": "5.1", "area_plane": "5", "ideb_bairro": "Senador Camará" }, "geometry": { "type": "Polygon", "coordinates": [ [ [ -43.480943774927425, -22.91494419727097 ], [ -43.476773451310144, -22.91195014916125 ], [ -43.477684157021649, -22.907272963833023 ], [ -43.482765112736459, -22.905589863092793 ], [ -43.486935401309537, -22.908583979368633 ], [ -43.486024769223718, -22.913261128207083 ], [ -43.480943774927425, -22.91494419727097 ] ] ] } },
{ "type": "Feature", "properties": { "hex_id": "88a8a021d7fffff", "nome": "Santa Cruz", "codbairro": "149", "codra": 19, "rp": "Santa Cruz", "cod_rp": "5.3", "area_plane": "5", "ideb_bairro": "Santa Cruz" }, "geometry": { "type": "Polygon", "coordinates": [ [ [ -43.75194176536737, -22.9386951609745 ], [ -43.747771067758379, -22.935709440921496 ], [ -43.748679576565415, -22.931032585984813 ], [ -43.753758708001264, -22.929341490243548 ], [ -43.757929366429359, -22.932327279112044 ], [ -43.757020932614104, -22.937004094894849 ], [ -43.75194176536737, -22.9386951609745 ] ] ] } },
{ "type": "Feature", "properties": { "hex_id": "88a8a029d3fffff", "nome": "Campo Grande", "codbairro": "144", "codra": 18, "rp": "Campo Grande", "cod_rp": "5.2", "area_plane": "5", "ideb_bairro": "Campo Grande" }, "geometry": { "type": "Polygon", "coordinates": [ [ [ -43.60886324619613, -22.868131668621562 ], [ -43.604693104841431, -22.865139417880727 ], [ -43.605602695231568, -22.860459255099524 ], [ -43.610682352729839, -22.858771380790404 ], [ -43.614852457093676, -22.861763699892524 ], [ -43.613942940961763, -22.866443824930982 ], [ -43.60886324619613, -22.868131668621562 ] ] ] } },
{ "type": "Feature", "properties": { "hex_id": "88a8a02a99fffff", "nome": "Santa Cruz", "codbairro": "149", "codra": 19, "rp": "Santa Cruz", "cod_rp": "5.3", "area_plane": "5", "ideb_bairro": "Santa Cruz" }, "geometry": { "type": "Polygon", "coordinates": [ [ [ -43.693179819324314, -22.923252511812379 ], [ -43.689009254956297, -22.920264601331557 ], [ -43.689918228730434, -22.915587111802203 ], [ -43.694997692190199, -22.913897571318039 ], [ -43.699168218274984, -22.916885550453014 ], [ -43.698259319194861, -22.921563001406504 ], [ -43.693179819324314, -22.923252511812379 ] ] ] } },
{ "type": "Feature", "properties": { "hex_id": "88a8a06697fffff", "nome": "Campo Grande", "codbairro": "144", "codra": 18, "rp": "Campo Grande", "cod_rp": "5.2", "area_plane": "5", "ideb_bairro": "Campo Grande" }, "geometry": { "type": "Polygon", "coordinates": [ [ [ -43.534333598532115, -22.835960432438569 ], [ -43.530163736862093, -22.832964964450209 ], [ -43.531073892809374, -22.828283339338569 ], [ -43.5361538365622, -22.82659721920907 ], [ -43.540323662382008, -22.829592755331287 ], [ -43.539413580310864, -22.834274343437666 ], [ -43.534333598532115, -22.835960432438569 ] ] ] } },
{ "type": "Feature", "properties": { "hex_id": "88a8a06f59fffff", "nome": "Penha Circular", "codbairro": "044", "codra": 11, "rp": "Penha", "cod_rp": "3.5", "area_plane": "3", "ideb_bairro": "Penha Circular" }, "geometry": { "type": "Polygon", "coordinates": [ [ [ -43.282358929106216, -22.836174388121194 ], [ -43.278189399525026, -22.833172060929012 ], [ -43.279101601630884, -22.828491399268579 ], [ -43.284183260725626, -22.826813099312581 ], [ -43.288352758303979, -22.82981549408694 ], [ -43.287440628802202, -22.834496121223591 ], [ -43.282358929106216, -22.836174388121194 ] ] ] } },
{ "type": "Feature", "properties": { "hex_id": "88a8a02aedfffff", "nome": "Santa Cruz", "codbairro": "149", "codra": 19, "rp": "Santa Cruz", "cod_rp": "5.3", "area_plane": "5", "ideb_bairro": "Santa Cruz" }, "geometry": { "type": "Polygon", "coordinates": [ [ [ -43.641472544413631, -22.944813372389177 ], [ -43.637301873088411, -22.941824828121327 ], [ -43.638211304901986, -22.937148677180748 ], [ -43.643291333612567, -22.935461108565597 ], [ -43.647461967440513, -22.938449721411828 ], [ -43.646552610066806, -22.94312583428334 ], [ -43.641472544413631, -22.944813372389177 ] ] ] } },
{ "type": "Feature", "properties": { "hex_id": "88a8a066ebfffff", "nome": "Bangu", "codbairro": "141", "codra": 17, "rp": "Bangu", "cod_rp": "5.1", "area_plane": "5", "ideb_bairro": "Bangu" }, "geometry": { "type": "Polygon", "coordinates": [ [ [ -43.504380998568408, -22.867788940268746 ], [ -43.500210959007703, -22.864793812933435 ], [ -43.501121405621596, -22.860114005040192 ], [ -43.506201818075105, -22.858429361184974 ], [ -43.510371822239108, -22.861424556648707 ], [ -43.509461449357993, -22.866104327827724 ], [ -43.504380998568408, -22.867788940268746 ] ] ] } },
{ "type": "Feature", "properties": { "hex_id": "88a8a02b41fffff", "nome": "Guaratiba", "codbairro": "151", "codra": 26, "rp": "Guaratiba", "cod_rp": "5.4", "area_plane": "5", "ideb_bairro": "Guaratiba" }, "geometry": { "type": "Polygon", "coordinates": [ [ [ -43.562535119965531, -22.984125612951541 ], [ -43.558364256060862, -22.981136337941248 ], [ -43.55927439362015, -22.976462586628788 ], [ -43.56435532104323, -22.974778147612732 ], [ -43.568526148650456, -22.977767491098515 ], [ -43.56761608514374, -22.982441205113364 ], [ -43.562535119965531, -22.984125612951541 ] ] ] } },
{ "type": "Feature", "properties": { "hex_id": "88a8a078c3fffff", "nome": "Lagoa", "codbairro": "027", "codra": 6, "rp": "Zona Sul", "cod_rp": "2.1", "area_plane": "2", "ideb_bairro": "Lagoa" }, "geometry": { "type": "Polygon", "coordinates": [ [ [ -43.202723409923536, -22.976195072069462 ], [ -43.198553097860106, -22.973195662495584 ], [ -43.199466141040986, -22.968522867002196 ], [ -43.204549424064972, -22.966849514843911 ], [ -43.208719705329017, -22.969848992095617 ], [ -43.207806734380242, -22.974521753816227 ], [ -43.202723409923536, -22.976195072069462 ] ] ] } },
{ "type": "Feature", "properties": { "hex_id": "88a8a06021fffff", "nome": "Lins de Vasconcelos", "codbairro": "062", "codra": 13, "rp": "Méier", "cod_rp": "3.2", "area_plane": "3", "ideb_bairro": "Lins de Vasconcelos" }, "geometry": { "type": "Polygon", "coordinates": [ [ [ -43.281184712332021, -22.915350646637282 ], [ -43.277014664137745, -22.912351159780545 ], [ -43.277926989584046, -22.90767476244428 ], [ -43.283009290620122, -22.905997886481948 ], [ -43.2871793068215, -22.908997441070134 ], [ -43.286267053991473, -22.913673803877657 ], [ -43.281184712332021, -22.915350646637282 ] ] ] } },
{ "type": "Feature", "properties": { "hex_id": "88a8a060c9fffff", "nome": "Praça Seca", "codbairro": "124", "codra": 16, "rp": "Jacarepaguá", "cod_rp": "4.1", "area_plane": "4", "ideb_bairro": "Praça Seca" }, "geometry": { "type": "Polygon", "coordinates": [ [ [ -43.34868637525836, -22.91056639056249 ], [ -43.344516253395554, -22.907568568486667 ], [ -43.345428027235975, -22.902891648111051 ], [ -43.350509849994019, -22.901212584990088 ], [ -43.354679938832966, -22.904210474934423 ], [ -43.35376823794946, -22.908887360119682 ], [ -43.34868637525836, -22.91056639056249 ] ] ] } },
{ "type": "Feature", "properties": { "hex_id": "88a8a07abbfffff", "nome": "Vidigal", "codbairro": "030", "codra": 6, "rp": "Zona Sul", "cod_rp": "2.1", "area_plane": "2", "ideb_bairro": "Vidigal" }, "geometry": { "type": "Polygon", "coordinates": [ [ [ -43.227745856009797, -22.994186854953977 ], [ -43.223575380250068, -22.99118878119458 ], [ -43.224488248769703, -22.986516856626491 ], [ -43.229571520697576, -22.984843039827645 ], [ -43.233741965273502, -22.987841181351971 ], [ -43.232829169117146, -22.992513071898653 ], [ -43.227745856009797, -22.994186854953977 ] ] ] } },
{ "type": "Feature", "properties": { "hex_id": "88a8a0611dfffff", "nome": "Riachuelo", "codbairro": "059", "codra": 13, "rp": "Méier", "cod_rp": "3.2", "area_plane": "3", "ideb_bairro": "Riachuelo" }, "geometry": { "type": "Polygon", "coordinates": [ [ [ -43.253427323804885, -22.911380222873728 ], [ -43.249257348270419, -22.908379836833706 ], [ -43.250169891282297, -22.903703336457578 ], [ -43.255252337365761, -22.902027256365479 ], [ -43.259422281331986, -22.905027710069614 ], [ -43.258509810794756, -22.909704176190179 ], [ -43.253427323804885, -22.911380222873728 ] ] ] } },
{ "type": "Feature", "properties": { "hex_id": "88a8a02111fffff", "nome": "Santa Cruz", "codbairro": "149", "codra": 19, "rp": "Santa Cruz", "cod_rp": "5.3", "area_plane": "5", "ideb_bairro": "Santa Cruz" }, "geometry": { "type": "Polygon", "coordinates": [ [ [ -43.712750799016163, -22.969228668384652 ], [ -43.708579920491466, -22.966242988925963 ], [ -43.709488798194798, -22.961567910533059 ], [ -43.714568479631559, -22.9598785503572 ], [ -43.718739319569039, -22.962864298599431 ], [ -43.717830516668599, -22.967539338222497 ], [ -43.712750799016163, -22.969228668384652 ] ] ] } },
{ "type": "Feature", "properties": { "hex_id": "88a8a076adfffff", "nome": "Vargem Pequena", "codbairro": "130", "codra": 24, "rp": "Barra da Tijuca", "cod_rp": "4.2", "area_plane": "4", "ideb_bairro": "Vargem Pequena" }, "geometry": { "type": "Polygon", "coordinates": [ [ [ -43.492307068163377, -23.003015573849311 ], [ -43.48813615190695, -23.000025060580814 ], [ -43.489046891475802, -22.995352586013183 ], [ -43.494128473609329, -22.993670661314056 ], [ -43.498299354638277, -22.996661242937829 ], [ -43.497388688772872, -23.001333680893953 ], [ -43.492307068163377, -23.003015573849311 ] ] ] } },
{ "type": "Feature", "properties": { "hex_id": "88a8a061c5fffff", "nome": "Cachambi", "codbairro": "065", "codra": 13, "rp": "Méier", "cod_rp": "3.2", "area_plane": "3", "ideb_bairro": "Cachambi" }, "geometry": { "type": "Polygon", "coordinates": [ [ [ -43.271411757206906, -22.892320689651772 ], [ -43.267241876650132, -22.889320100616985 ], [ -43.268154247615215, -22.884642501523729 ], [ -43.273236426587381, -22.882965525881783 ], [ -43.277406275302958, -22.885966182583093 ], [ -43.276493976899339, -22.89064374724828 ], [ -43.271411757206906, -22.892320689651772 ] ] ] } },
{ "type": "Feature", "properties": { "hex_id": "88a8a06219fffff", "nome": "Jacarepaguá", "codbairro": "115", "codra": 16, "rp": "Jacarepaguá", "cod_rp": "4.1", "area_plane": "4", "ideb_bairro": "Jacarepaguá" }, "geometry": { "type": "Polygon", "coordinates": [ [ [ -43.350255922234915, -22.975654638154122 ], [ -43.346085369697022, -22.972659231164531 ], [ -43.346997224503369, -22.967985816558542 ], [ -43.35207955887951, -22.96630784414749 ], [ -43.356250078362756, -22.969303319131395 ], [ -43.355338296536253, -22.973976698520506 ], [ -43.350255922234915, -22.975654638154122 ] ] ] } },
{ "type": "Feature", "properties": { "hex_id": "88a8a06adbfffff", "nome": "Bonsucesso", "codbairro": "040", "codra": 10, "rp": "Ramos", "cod_rp": "3.1", "area_plane": "3", "ideb_bairro": "Bonsucesso" }, "geometry": { "type": "Polygon", "coordinates": [ [ [ -43.246392875269656, -22.874313822952519 ], [ -43.24222315558162, -22.87131190123937 ], [ -43.243135701766882, -22.866633433086843 ], [ -43.248217895221465, -22.864956920814347 ], [ -43.25238758345246, -22.867958910105635 ], [ -43.251475109697701, -22.872637344079738 ], [ -43.246392875269656, -22.874313822952519 ] ] ] } },
{ "type": "Feature", "properties": { "hex_id": "88a8a0626dfffff", "nome": "Itanhangá", "codbairro": "127", "codra": 24, "rp": "Barra da Tijuca", "cod_rp": "4.2", "area_plane": "4", "ideb_bairro": "Itanhangá" }, "geometry": { "type": "Polygon", "coordinates": [ [ [ -43.298517325022239, -22.997095588739583 ], [ -43.294346710670574, -22.994099550932667 ], [ -43.295259014185625, -22.989427499110171 ], [ -43.300341859341252, -22.987751519797254 ], [ -43.304512441426809, -22.99074762552652 ], [ -43.303600210634599, -22.995419642634818 ], [ -43.298517325022239, -22.997095588739583 ] ] ] } },
{ "type": "Feature", "properties": { "hex_id": "88a8a062c1fffff", "nome": "Jacarepaguá", "codbairro": "115", "codra": 16, "rp": "Jacarepaguá", "cod_rp": "4.1", "area_plane": "4", "ideb_bairro": "Jacarepaguá" }, "geometry": { "type": "Polygon", "coordinates": [ [ [ -43.368237945110614, -22.95659868675153 ], [ -43.364067492009426, -22.95360307577554 ], [ -43.364979173834193, -22.948928562193295 ], [ -43.370061235705499, -22.947249694965468 ], [ -43.374231655479299, -22.950245373939211 ], [ -43.373320046720927, -22.954919852131521 ], [ -43.368237945110614, -22.95659868675153 ] ] ] } },
{ "type": "Feature", "properties": { "hex_id": "88a8a06315fffff", "nome": "Alto da Boa Vista", "codbairro": "034", "codra": 8, "rp": "Tijuca", "cod_rp": "2.2", "area_plane": "2", "ideb_bairro": "Alto da Boa Vista" }, "geometry": { "type": "Polygon", "coordinates": [ [ [ -43.272973413233288, -22.957425404241377 ], [ -43.268803101743337, -22.954427224058396 ], [ -43.269715553863534, -22.949753129609647 ], [ -43.274798244901163, -22.948077249788987 ], [ -43.278968524519492, -22.951075497765196 ], [ -43.278056144983587, -22.95574955775729 ], [ -43.272973413233288, -22.957425404241377 ] ] ] } },
{ "type": "Feature", "properties": { "hex_id": "88a8a07445fffff", "nome": "Recreio dos Bandeirantes", "codbairro": "132", "codra": 24, "rp": "Barra da Tijuca", "cod_rp": "4.2", "area_plane": "4", "ideb_bairro": "Recreio dos Bandeirantes" }, "geometry": { "type": "Polygon", "coordinates": [ [ [ -43.446570270344253, -23.018144160086148 ], [ -43.442399307994492, -23.015152945318338 ], [ -43.44331044228894, -23.010481459810816 ], [ -43.448392465468544, -23.008801225225248 ], [ -43.452563393287676, -23.011792508275846 ], [ -43.451652332469536, -23.016463957617709 ], [ -43.446570270344253, -23.018144160086148 ] ] ] } },
{ "type": "Feature", "properties": { "hex_id": "88a8a06369fffff", "nome": "Gávea", "codbairro": "029", "codra": 6, "rp": "Zona Sul", "cod_rp": "2.1", "area_plane": "2", "ideb_bairro": "Gávea" }, "geometry": { "type": "Polygon", "coordinates": [ [ [ -43.242995659322006, -22.989164939582288 ], [ -43.238825189839275, -22.986167098350492 ], [ -43.239737928699938, -22.981494840149061 ], [ -43.2448210646156, -22.979820457337404 ], [ -43.248991502681847, -22.982818366357421 ], [ -43.248078836260696, -22.987490590389331 ], [ -43.242995659322006, -22.989164939582288 ] ] ] } },
{ "type": "Feature", "properties": { "hex_id": "88a8a07499fffff", "nome": "Campo Grande", "codbairro": "144", "codra": 18, "rp": "Campo Grande", "cod_rp": "5.2", "area_plane": "5", "ideb_bairro": "Campo Grande" }, "geometry": { "type": "Polygon", "coordinates": [ [ [ -43.521737955718869, -22.949547697777785 ], [ -43.517567359857722, -22.946556033678601 ], [ -43.518477781976692, -22.941880563666935 ], [ -43.523558726129288, -22.940196794637234 ], [ -43.527729286319619, -22.943188527057444 ], [ -43.526818938039867, -22.947863960174825 ], [ -43.521737955718869, -22.949547697777785 ] ] ] } },
{ "type": "Feature", "properties": { "hex_id": "88a8a074edfffff", "nome": "Vargem Grande", "codbairro": "131", "codra": 24, "rp": "Barra da Tijuca", "cod_rp": "4.2", "area_plane": "4", "ideb_bairro": "Vargem Grande" }, "geometry": { "type": "Polygon", "coordinates": [ [ [ -43.470014559340299, -22.971048746738198 ], [ -43.465843879083558, -22.968056450298743 ], [ -43.466754754590426, -22.963382331004333 ], [ -43.47183623678211, -22.961700544527357 ], [ -43.476006882155318, -22.964692909213937 ], [ -43.475096080232092, -22.969366992118857 ], [ -43.470014559340299, -22.971048746738198 ] ] ] } },
{ "type": "Feature", "properties": { "hex_id": "88a8a02813fffff", "nome": "Paciência", "codbairro": "148", "codra": 19, "rp": "Santa Cruz", "cod_rp": "5.3", "area_plane": "5", "ideb_bairro": "Paciência" }, "geometry": { "type": "Polygon", "coordinates": [ [ [ -43.631156352192107, -22.900116358753415 ], [ -43.626985982774819, -22.897125891250763 ], [ -43.627895435484632, -22.892447369742843 ], [ -43.63297518324574, -22.890759353690783 ], [ -43.637145515328385, -22.893749889665045 ], [ -43.636236136996189, -22.898428373208287 ], [ -43.631156352192107, -22.900116358753415 ] ] ] } },
{ "type": "Feature", "properties": { "hex_id": "88a8a07541fffff", "nome": "Barra da Tijuca", "codbairro": "128", "codra": 24, "rp": "Barra da Tijuca", "cod_rp": "4.2", "area_plane": "4", "ideb_bairro": "Barra da Tijuca" }, "geometry": { "type": "Polygon", "coordinates": [ [ [ -43.391051316336451, -23.010267972424405 ], [ -43.38688047795408, -23.007274946656942 ], [ -43.387792052118947, -23.002603246059838 ], [ -43.392874391483815, -23.000924606840176 ], [ -43.397045196184543, -23.003917700754769 ], [ -43.396133695213798, -23.008589365730355 ], [ -43.391051316336451, -23.010267972424405 ] ] ] } },
{ "type": "Feature", "properties": { "hex_id": "88a8a02867fffff", "nome": "Campo Grande", "codbairro": "144", "codra": 18, "rp": "Campo Grande", "cod_rp": "5.2", "area_plane": "5", "ideb_bairro": "Campo Grande" }, "geometry": { "type": "Polygon", "coordinates": [ [ [ -43.579445804082077, -22.921662994524116 ], [ -43.575275335877976, -22.918671894500449 ], [ -43.576185244900493, -22.913994714187918 ], [ -43.5812655480158, -22.912308671345698 ], [ -43.585435979671573, -22.915299839766135 ], [ -43.584526144772028, -22.919976982620533 ], [ -43.579445804082077, -22.921662994524116 ] ] ] } },
{ "type": "Feature", "properties": { "hex_id": "88a8a03997fffff", "nome": "Guaratiba", "codbairro": "151", "codra": 26, "rp": "Guaratiba", "cod_rp": "5.4", "area_plane": "5", "ideb_bairro": "Guaratiba" }, "geometry": { "type": "Polygon", "coordinates": [ [ [ -43.602803421804204, -22.997001355742054 ], [ -43.59863243732547, -22.994013662947449 ], [ -43.599542262578524, -22.989340463712924 ], [ -43.604622998063988, -22.987654994954678 ], [ -43.608793945629266, -22.990642756337913 ], [ -43.607884194634195, -22.995315917879285 ], [ -43.602803421804204, -22.997001355742054 ] ] ] } },
{ "type": "Feature", "properties": { "hex_id": "88a8a06465fffff", "nome": "Realengo", "codbairro": "139", "codra": 33, "rp": "Bangu", "cod_rp": "5.1", "area_plane": "5", "ideb_bairro": "Realengo" }, "geometry": { "type": "Polygon", "coordinates": [ [ [ -43.421124831718565, -22.855971587347728 ], [ -43.416954968714258, -22.852973754728584 ], [ -43.417866076811755, -22.848293620512131 ], [ -43.422946974614931, -22.84661135479649 ], [ -43.427116803494783, -22.849609255338141 ], [ -43.426205768707618, -22.854289353661411 ], [ -43.421124831718565, -22.855971587347728 ] ] ] } },
{ "type": "Feature", "properties": { "hex_id": "88a8a07595fffff", "nome": "Jacarepaguá", "codbairro": "115", "codra": 16, "rp": "Jacarepaguá", "cod_rp": "4.1", "area_plane": "4", "ideb_bairro": "Jacarepaguá" }, "geometry": { "type": "Polygon", "coordinates": [ [ [ -43.444464445165131, -22.931396457342579 ], [ -43.440294056628801, -22.928402011228915 ], [ -43.441205083280742, -22.923725848039489 ], [ -43.446286425035161, -22.922044167085996 ], [ -43.450456779082472, -22.925038681316593 ], [ -43.449545825876093, -22.929714808372228 ], [ -43.444464445165131, -22.931396457342579 ] ] ] } },
{ "type": "Feature", "properties": { "hex_id": "88a8a039ebfffff", "nome": "Guaratiba", "codbairro": "151", "codra": 26, "rp": "Guaratiba", "cod_rp": "5.4", "area_plane": "5", "ideb_bairro": "Guaratiba" }, "geometry": { "type": "Polygon", "coordinates": [ [ [ -43.572848498821536, -23.028784432436154 ], [ -43.56867733113581, -23.025797082559855 ], [ -43.569587448254794, -23.021125708778172 ], [ -43.57466865895632, -23.019441722263348 ], [ -43.578839790182073, -23.022429140719971 ], [ -43.577929747177954, -23.027100477099584 ], [ -43.572848498821536, -23.028784432436154 ] ] ] } },
{ "type": "Feature", "properties": { "hex_id": "88a8a075e9fffff", "nome": "Jacarepaguá", "codbairro": "115", "codra": 16, "rp": "Jacarepaguá", "cod_rp": "4.1", "area_plane": "4", "ideb_bairro": "Jacarepaguá" }, "geometry": { "type": "Polygon", "coordinates": [ [ [ -43.414500523060823, -22.963175397996757 ], [ -43.410329963441853, -22.960181292449636 ], [ -43.411241279463923, -22.955506956726037 ], [ -43.41632308181498, -22.95382676238242 ], [ -43.420493607399109, -22.956820936040408 ], [ -43.419582364678732, -22.961495235919632 ], [ -43.414500523060823, -22.963175397996757 ] ] ] } },
{ "type": "Feature", "properties": { "hex_id": "88a8a0650dfffff", "nome": "Guadalupe", "codbairro": "106", "codra": 22, "rp": "Pavuna", "cod_rp": "3.6", "area_plane": "3", "ideb_bairro": "Guadalupe" }, "geometry": { "type": "Polygon", "coordinates": [ [ [ -43.380862854488647, -22.843025437171413 ], [ -43.376693130603691, -22.840026036568183 ], [ -43.377604546851366, -22.835345359724752 ], [ -43.382685613891688, -22.833664118967718 ], [ -43.386855304268359, -22.836663587380457 ], [ -43.385943961124717, -22.841344228729191 ], [ -43.380862854488647, -22.843025437171413 ] ] ] } },
{ "type": "Feature", "properties": { "hex_id": "88a8a0763dfffff", "nome": "Recreio dos Bandeirantes", "codbairro": "132", "codra": 24, "rp": "Barra da Tijuca", "cod_rp": "4.2", "area_plane": "4", "ideb_bairro": "Recreio dos Bandeirantes" }, "geometry": { "type": "Polygon", "coordinates": [ [ [ -43.471596563950172, -23.036086739732777 ], [ -43.467425453389687, -23.033096870605206 ], [ -43.468336409571805, -23.02842626275239 ], [ -43.473418402719375, -23.026745560428097 ], [ -43.477589478364997, -23.029735497926161 ], [ -43.476678595789629, -23.034406069366504 ], [ -43.471596563950172, -23.036086739732777 ] ] ] } },
{ "type": "Feature", "properties": { "hex_id": "88a8a020a1fffff", "nome": "Santa Cruz", "codbairro": "149", "codra": 19, "rp": "Santa Cruz", "cod_rp": "5.3", "area_plane": "5", "ideb_bairro": "Santa Cruz" }, "geometry": { "type": "Polygon", "coordinates": [ [ [ -43.776428796384579, -22.934914962605674 ], [ -43.772258113040529, -22.931929780601344 ], [ -43.773166412890674, -22.927252641529552 ], [ -43.778245320983181, -22.925560723845063 ], [ -43.782415964773612, -22.928545974713305 ], [ -43.781507740036758, -22.933223074390657 ], [ -43.776428796384579, -22.934914962605674 ] ] ] } },
{ "type": "Feature", "properties": { "hex_id": "88a8a02963fffff", "nome": "Campo Grande", "codbairro": "144", "codra": 18, "rp": "Campo Grande", "cod_rp": "5.2", "area_plane": "5", "ideb_bairro": "Campo Grande" }, "geometry": { "type": "Polygon", "coordinates": [ [ [ -43.523940017175256, -22.913822380959775 ], [ -43.519769654138287, -22.910829470248533 ], [ -43.520680006915406, -22.906152067098454 ], [ -43.525760648899187, -22.90446761156014 ], [ -43.529930976235754, -22.907460590530299 ], [ -43.529020697300616, -22.912137956768355 ], [ -43.523940017175256, -22.913822380959775 ] ] ] } },
{ "type": "Feature", "properties": { "hex_id": "88a8a06529fffff", "nome": "Costa Barros", "codbairro": "113", "codra": 25, "rp": "Pavuna", "cod_rp": "3.6", "area_plane": "3", "ideb_bairro": "Costa Barros" }, "geometry": { "type": "Polygon", "coordinates": [ [ [ -43.368353759492244, -22.834026568036844 ], [ -43.364184112353598, -22.831026500199254 ], [ -43.365095617012209, -22.826345388131443 ], [ -43.370176695782433, -22.824664379259623 ], [ -43.374346309604782, -22.827664514862047 ], [ -43.373434877984934, -22.832345591559935 ], [ -43.368353759492244, -22.834026568036844 ] ] ] } },
{ "type": "Feature", "properties": { "hex_id": "88a8a06561fffff", "nome": "Guadalupe", "codbairro": "106", "codra": 22, "rp": "Pavuna", "cod_rp": "3.6", "area_plane": "3", "ideb_bairro": "Guadalupe" }, "geometry": { "type": "Polygon", "coordinates": [ [ [ -43.365619249259836, -22.848067940267626 ], [ -43.36144951375055, -22.845068307675525 ], [ -43.362361060722648, -22.840387960016535 ], [ -43.367442270187588, -22.838707280283678 ], [ -43.371611972420872, -22.841706980661719 ], [ -43.370700498476943, -22.846387292975159 ], [ -43.365619249259836, -22.848067940267626 ] ] ] } },
{ "type": "Feature", "properties": { "hex_id": "88a8a07691fffff", "nome": "Guaratiba", "codbairro": "151", "codra": 26, "rp": "Guaratiba", "cod_rp": "5.4", "area_plane": "5", "ideb_bairro": "Guaratiba" }, "geometry": { "type": "Polygon", "coordinates": [ [ [ -43.541300457174906, -22.995534283360726 ], [ -43.537129538615417, -22.992544842758026 ], [ -43.538039866669216, -22.987871784437719 ], [ -43.543121039345749, -22.986188203799138 ], [ -43.547291921930608, -22.989177712851372 ], [ -43.54638166782523, -22.993850734081143 ], [ -43.541300457174906, -22.995534283360726 ] ] ] } },
{ "type": "Feature", "properties": { "hex_id": "88a8a06e23fffff", "nome": "Vigário Geral", "codbairro": "048", "codra": 31, "rp": "Penha", "cod_rp": "3.5", "area_plane": "3", "ideb_bairro": "Vigário Geral" }, "geometry": { "type": "Polygon", "coordinates": [ [ [ -43.306333363766853, -22.810734837634357 ], [ -43.302163962742611, -22.807732240109662 ], [ -43.303075935113561, -22.803050118839757 ], [ -43.308157235800806, -22.801370629837436 ], [ -43.312326604458505, -22.804373294946831 ], [ -43.311414704807234, -22.809055381462315 ], [ -43.306333363766853, -22.810734837634357 ] ] ] } },
{ "type": "Feature", "properties": { "hex_id": "88a8a0292bfffff", "nome": "Senador Vasconcelos", "codbairro": "145", "codra": 18, "rp": "Campo Grande", "cod_rp": "5.2", "area_plane": "5", "ideb_bairro": "Senador Vasconcelos" }, "geometry": { "type": "Polygon", "coordinates": [ [ [ -43.526670943508911, -22.899789844219583 ], [ -43.522500669970313, -22.896796495526697 ], [ -43.523410980247853, -22.892118327195114 ], [ -43.528491490223203, -22.890433544482217 ], [ -43.532661728021303, -22.893426961413596 ], [ -43.531751491596232, -22.898105092807871 ], [ -43.526670943508911, -22.899789844219583 ] ] ] } },
{ "type": "Feature", "properties": { "hex_id": "88a8a076e5fffff", "nome": "Recreio dos Bandeirantes", "codbairro": "132", "codra": 24, "rp": "Barra da Tijuca", "cod_rp": "4.2", "area_plane": "4", "ideb_bairro": "Recreio dos Bandeirantes" }, "geometry": { "type": "Polygon", "coordinates": [ [ [ -43.4895748537934, -23.017031022124531 ], [ -43.485403848249959, -23.014040947880929 ], [ -43.486314630293904, -23.009369241559305 ], [ -43.491396344200062, -23.007687646056038 ], [ -43.49556731455619, -23.010677788674677 ], [ -43.494656606205176, -23.015349458410039 ], [ -43.4895748537934, -23.017031022124531 ] ] ] } },
{ "type": "Feature", "properties": { "hex_id": "88a8a02a0bfffff", "nome": "Guaratiba", "codbairro": "151", "codra": 26, "rp": "Guaratiba", "cod_rp": "5.4", "area_plane": "5", "ideb_bairro": "Guaratiba" }, "geometry": { "type": "Polygon", "coordinates": [ [ [ -43.63601583571382, -22.972864037795205 ], [ -43.631844983777754, -22.969876373524588 ], [ -43.63275450085618, -22.96520175430571 ], [ -43.637834795463249, -22.963514837363167 ], [ -43.642005609981972, -22.966502570251969 ], [ -43.641096167322615, -22.971177151453634 ], [ -43.63601583571382, -22.972864037795205 ] ] ] } },
{ "type": "Feature", "properties": { "hex_id": "88a8a06609fffff", "nome": "Senador Camará", "codbairro": "142", "codra": 17, "rp": "Bangu", "cod_rp": "5.1", "area_plane": "5", "ideb_bairro": "Senador Camará" }, "geometry": { "type": "Polygon", "coordinates": [ [ [ -43.477684157021649, -22.907272963833023 ], [ -43.473513887608597, -22.904278546361688 ], [ -43.474424608892242, -22.899600960017157 ], [ -43.479505525993162, -22.897917827589236 ], [ -43.483675760412616, -22.900912313205041 ], [ -43.482765112736459, -22.905589863092793 ], [ -43.477684157021649, -22.907272963833023 ] ] ] } },
{ "type": "Feature", "properties": { "hex_id": "88a8a0219dfffff", "nome": "Santa Cruz", "codbairro": "149", "codra": 19, "rp": "Santa Cruz", "cod_rp": "5.3", "area_plane": "5", "ideb_bairro": "Santa Cruz" }, "geometry": { "type": "Polygon", "coordinates": [ [ [ -43.748679576565415, -22.931032585984813 ], [ -43.744508930921683, -22.928046493798906 ], [ -43.745417455832438, -22.923369237089368 ], [ -43.750496551424874, -22.921678111675888 ], [ -43.754667157938371, -22.924664272655654 ], [ -43.753758708001264, -22.929341490243548 ], [ -43.748679576565415, -22.931032585984813 ] ] ] } },
{ "type": "Feature", "properties": { "hex_id": "88a8a0665dfffff", "nome": "Senador Camará", "codbairro": "142", "codra": 17, "rp": "Bangu", "cod_rp": "5.1", "area_plane": "5", "ideb_bairro": "Senador Camará" }, "geometry": { "type": "Polygon", "coordinates": [ [ [ -43.490195111924791, -22.916254875020126 ], [ -43.486024769223718, -22.913261128207083 ], [ -43.486935401309537, -22.908583979368633 ], [ -43.492016302435516, -22.906900613912548 ], [ -43.496186609950996, -22.909894428914566 ], [ -43.495276051537786, -22.914571541172201 ], [ -43.490195111924791, -22.916254875020126 ] ] ] } },
{ "type": "Feature", "properties": { "hex_id": "88a8a02ab3fffff", "nome": "Santa Cruz", "codbairro": "149", "codra": 19, "rp": "Santa Cruz", "cod_rp": "5.3", "area_plane": "5", "ideb_bairro": "Santa Cruz" }, "geometry": { "type": "Polygon", "coordinates": [ [ [ -43.674145395194664, -22.898954305633094 ], [ -43.669975002789329, -22.895964978804809 ], [ -43.670884099100498, -22.89128624681803 ], [ -43.675963513235715, -22.889596880035512 ], [ -43.680133867650966, -22.892586275429611 ], [ -43.679224845932723, -22.897264969028935 ], [ -43.674145395194664, -22.898954305633094 ] ] ] } },
{ "type": "Feature", "properties": { "hex_id": "88a8a066b1fffff", "nome": "Bangu", "codbairro": "141", "codra": 17, "rp": "Bangu", "cod_rp": "5.1", "area_plane": "5", "ideb_bairro": "Bangu" }, "geometry": { "type": "Polygon", "coordinates": [ [ [ -43.515833762149185, -22.833340582115596 ], [ -43.511663936777715, -22.830344512632578 ], [ -43.51257424033674, -22.825662813784369 ], [ -43.517654295496477, -22.823977221230315 ], [ -43.52182408530031, -22.826973358801141 ], [ -43.52091385552373, -22.831655020826727 ], [ -43.515833762149185, -22.833340582115596 ] ] ] } },
{ "type": "Feature", "properties": { "hex_id": "88a8a02b07fffff", "nome": "Guaratiba", "codbairro": "151", "codra": 26, "rp": "Guaratiba", "cod_rp": "5.4", "area_plane": "5", "ideb_bairro": "Guaratiba" }, "geometry": { "type": "Polygon", "coordinates": [ [ [ -43.558744111341603, -22.954774793580629 ], [ -43.554573444283314, -22.951784337688178 ], [ -43.555483570764203, -22.947109015799029 ], [ -43.560564290288411, -22.945424187048705 ], [ -43.564734921110457, -22.94841471135382 ], [ -43.563824868656212, -22.95308999598511 ], [ -43.558744111341603, -22.954774793580629 ] ] ] } },
{ "type": "Feature", "properties": { "hex_id": "88a8a06705fffff", "nome": "Vila Militar", "codbairro": "135", "codra": 33, "rp": "Bangu", "cod_rp": "5.1", "area_plane": "5", "ideb_bairro": "Vila Militar" }, "geometry": { "type": "Polygon", "coordinates": [ [ [ -43.400414177464285, -22.889089772894021 ], [ -43.396244124005236, -22.886092580259135 ], [ -43.397155447877594, -22.881414304899828 ], [ -43.402236752007305, -22.879733257858714 ], [ -43.406406771654602, -22.882730518434041 ], [ -43.405495520995665, -22.887408758098527 ], [ -43.400414177464285, -22.889089772894021 ] ] ] } },
{ "type": "Feature", "properties": { "hex_id": "88a8a02b5bfffff", "nome": "Guaratiba", "codbairro": "151", "codra": 26, "rp": "Guaratiba", "cod_rp": "5.4", "area_plane": "5", "ideb_bairro": "Guaratiba" }, "geometry": { "type": "Polygon", "coordinates": [ [ [ -43.593020151221772, -22.974016358451845 ], [ -43.588849326450763, -22.971027551615865 ], [ -43.589759199128572, -22.966353145684327 ], [ -43.594839822385616, -22.964667584172897 ], [ -43.599010610395126, -22.967656459533352 ], [ -43.598100811920766, -22.972330827869254 ], [ -43.593020151221772, -22.974016358451845 ] ] ] } },
{ "type": "Feature", "properties": { "hex_id": "88a8a06759fffff", "nome": "Realengo", "codbairro": "139", "codra": 33, "rp": "Bangu", "cod_rp": "5.1", "area_plane": "5", "ideb_bairro": "Realengo" }, "geometry": { "type": "Polygon", "coordinates": [ [ [ -43.434686569560448, -22.908382318439376 ], [ -43.430516344626476, -22.905386765022687 ], [ -43.431427417762194, -22.900709398611241 ], [ -43.436508642452679, -22.899027621639508 ], [ -43.440678833049432, -22.902023243108282 ], [ -43.439767833304614, -22.906700573485193 ], [ -43.434686569560448, -22.908382318439376 ] ] ] } },
{ "type": "Feature", "properties": { "hex_id": "88a8a07889fffff", "nome": "Lagoa", "codbairro": "027", "codra": 6, "rp": "Zona Sul", "cod_rp": "2.1", "area_plane": "2", "ideb_bairro": "Lagoa" }, "geometry": { "type": "Polygon", "coordinates": [ [ [ -43.199466141040986, -22.968522867002196 ], [ -43.195295885488925, -22.965523089901474 ], [ -43.196208943697897, -22.960849892997537 ], [ -43.201292185256918, -22.959176506921974 ], [ -43.20546241006015, -22.962176351679169 ], [ -43.204549424064972, -22.966849514843911 ], [ -43.199466141040986, -22.968522867002196 ] ] ] } },
{ "type": "Feature", "properties": { "hex_id": "88a8a078ddfffff", "nome": "Lagoa", "codbairro": "027", "codra": 6, "rp": "Zona Sul", "cod_rp": "2.1", "area_plane": "2", "ideb_bairro": "Lagoa" }, "geometry": { "type": "Polygon", "coordinates": [ [ [ -43.211977072079613, -22.977520863438926 ], [ -43.207806734380242, -22.974521753816227 ], [ -43.208719705329017, -22.969848992095617 ], [ -43.213802941709559, -22.968175373849757 ], [ -43.217973248467906, -22.971174551172528 ], [ -43.21706034979853, -22.975847279029541 ], [ -43.211977072079613, -22.977520863438926 ] ] ] } },
{ "type": "Feature", "properties": { "hex_id": "88a8a0603bfffff", "nome": "Piedade", "codbairro": "069", "codra": 13, "rp": "Méier", "cod_rp": "3.2", "area_plane": "3", "ideb_bairro": "Piedade" }, "geometry": { "type": "Polygon", "coordinates": [ [ [ -43.311678068663326, -22.905286771621476 ], [ -43.307508037760208, -22.902287749064797 ], [ -43.308420102957129, -22.897610688838508 ], [ -43.313502126300492, -22.895932685983396 ], [ -43.317672124745748, -22.898931776318303 ], [ -43.316760132317249, -22.903608801718551 ], [ -43.311678068663326, -22.905286771621476 ] ] ] } },
{ "type": "Feature", "properties": { "hex_id": "88a8a060e3fffff", "nome": "Cascadura", "codbairro": "082", "codra": 15, "rp": "Madureira", "cod_rp": "3.3", "area_plane": "3", "ideb_bairro": "Cascadura" }, "geometry": { "type": "Polygon", "coordinates": [ [ [ -43.329659793986032, -22.886219794603313 ], [ -43.32548986072932, -22.883220568709294 ], [ -43.326401753341152, -22.878542411445316 ], [ -43.331483506366389, -22.876863515062858 ], [ -43.335653406892447, -22.879862808737752 ], [ -43.33474158713566, -22.8845409310027 ], [ -43.329659793986032, -22.886219794603313 ] ] ] } },
{ "type": "Feature", "properties": { "hex_id": "88a8a06137fffff", "nome": "Caju", "codbairro": "004", "codra": 1, "rp": "Centro", "cod_rp": "1.1", "area_plane": "1", "ideb_bairro": "Caju" }, "geometry": { "type": "Polygon", "coordinates": [ [ [ -43.234403020859077, -22.887021654913113 ], [ -43.230233238530012, -22.884019868354134 ], [ -43.231145899268789, -22.879342132460021 ], [ -43.236228269975825, -22.877666217176849 ], [ -43.240398021029883, -22.880668071312559 ], [ -43.239485432663677, -22.885345773143179 ], [ -43.234403020859077, -22.887021654913113 ] ] ] } },
{ "type": "Feature", "properties": { "hex_id": "88a8a0618bfffff", "nome": "Inhaúma", "codbairro": "054", "codra": 12, "rp": "Inhaúma", "cod_rp": "3.4", "area_plane": "3", "ideb_bairro": "Inhaúma" }, "geometry": { "type": "Polygon", "coordinates": [ [ [ -43.289394871182978, -22.873255176089849 ], [ -43.28522508642272, -22.870254384053155 ], [ -43.28613728518404, -22.865575687466457 ], [ -43.29121919606915, -22.863897817505677 ], [ -43.295388948715299, -22.866898677211228 ], [ -43.294476822602206, -22.871577339197152 ], [ -43.289394871182978, -22.873255176089849 ] ] ] } },
{ "type": "Feature", "properties": { "hex_id": "88a8a06233fffff", "nome": "Anil", "codbairro": "116", "codra": 16, "rp": "Jacarepaguá", "cod_rp": "4.1", "area_plane": "4", "ideb_bairro": "Anil" }, "geometry": { "type": "Polygon", "coordinates": [ [ [ -43.331227349480272, -22.951327121152552 ], [ -43.327056985511476, -22.948330307253684 ], [ -43.327968959130835, -22.943655653020723 ], [ -43.333051223852763, -22.941977847701409 ], [ -43.337221555060225, -22.944974729507834 ], [ -43.336309654318832, -22.949649348714484 ], [ -43.331227349480272, -22.951327121152552 ] ] ] } },
{ "type": "Feature", "properties": { "hex_id": "88a8a06287fffff", "nome": "Taquara", "codbairro": "122", "codra": 16, "rp": "Jacarepaguá", "cod_rp": "4.1", "area_plane": "4", "ideb_bairro": "Taquara" }, "geometry": { "type": "Polygon", "coordinates": [ [ [ -43.364455479933902, -22.927231387936438 ], [ -43.360285225512477, -22.92423460292294 ], [ -43.361196895714698, -22.919558519622729 ], [ -43.366278747309579, -22.917879256672489 ], [ -43.37044896846448, -22.920876109620302 ], [ -43.369537371302762, -22.925552157572508 ], [ -43.364455479933902, -22.927231387936438 ] ] ] } },
{ "type": "Feature", "properties": { "hex_id": "88a8a028d7fffff", "nome": "Santa Cruz", "codbairro": "149", "codra": 19, "rp": "Santa Cruz", "cod_rp": "5.3", "area_plane": "5", "ideb_bairro": "Santa Cruz" }, "geometry": { "type": "Polygon", "coordinates": [ [ [ -43.66436171258978, -22.875947813281901 ], [ -43.660191478071184, -22.872957373985315 ], [ -43.661100622211151, -22.868277439028233 ], [ -43.666179926342885, -22.866587981645992 ], [ -43.670350123023326, -22.869578489443001 ], [ -43.669441053421821, -22.874258386110327 ], [ -43.66436171258978, -22.875947813281901 ] ] ] } },
{ "type": "Feature", "properties": { "hex_id": "88a8a02f4bfffff", "nome": "Santa Cruz", "codbairro": "149", "codra": 19, "rp": "Santa Cruz", "cod_rp": "5.3", "area_plane": "5", "ideb_bairro": "Santa Cruz" }, "geometry": { "type": "Polygon", "coordinates": [ [ [ -43.720394219994759, -22.905447077472584 ], [ -43.716223757081593, -22.902459263811991 ], [ -43.71713247996172, -22.897780724673094 ], [ -43.722211590940539, -22.896090038026045 ], [ -43.726382015157753, -22.899077920368807 ], [ -43.725473367103717, -22.903756420664973 ], [ -43.720394219994759, -22.905447077472584 ] ] ] } },
{ "type": "Feature", "properties": { "hex_id": "88a8a062dbfffff", "nome": "Jacarepaguá", "codbairro": "115", "codra": 16, "rp": "Jacarepaguá", "cod_rp": "4.1", "area_plane": "4", "ideb_bairro": "Jacarepaguá" }, "geometry": { "type": "Polygon", "coordinates": [ [ [ -43.398729840611502, -22.946522861751223 ], [ -43.394559411561829, -22.943527716623386 ], [ -43.395470831683468, -22.938852542170658 ], [ -43.400552607648329, -22.937172548521563 ], [ -43.404723002905854, -22.940167761694692 ], [ -43.403811656002397, -22.944842900460106 ], [ -43.398729840611502, -22.946522861751223 ] ] ] } },
{ "type": "Feature", "properties": { "hex_id": "88a8a0740bfffff", "nome": "Recreio dos Bandeirantes", "codbairro": "132", "codra": 24, "rp": "Barra da Tijuca", "cod_rp": "4.2", "area_plane": "4", "ideb_bairro": "Recreio dos Bandeirantes" }, "geometry": { "type": "Polygon", "coordinates": [ [ [ -43.464549187408238, -22.999087212440056 ], [ -43.460378328922921, -22.996095792819585 ], [ -43.461289289320398, -22.991423208961791 ], [ -43.466371034652326, -22.989742081052274 ], [ -43.470541858334492, -22.992733568959817 ], [ -43.469630971499591, -22.997406116478292 ], [ -43.464549187408238, -22.999087212440056 ] ] ] } },
{ "type": "Feature", "properties": { "hex_id": "88a8a038b5fffff", "nome": "Pedra de Guaratiba", "codbairro": "153", "codra": 26, "rp": "Guaratiba", "cod_rp": "5.4", "area_plane": "5", "ideb_bairro": "Pedra de Guaratiba" }, "geometry": { "type": "Polygon", "coordinates": [ [ [ -43.639810260934418, -23.002205753363437 ], [ -43.635639212880363, -22.999219272953052 ], [ -43.636548740820849, -22.994546225035471 ], [ -43.641629242382024, -22.992859695572818 ], [ -43.645800252957372, -22.995846244663856 ], [ -43.644890799461905, -23.000519254525415 ], [ -43.639810260934418, -23.002205753363437 ] ] ] } },
{ "type": "Feature", "properties": { "hex_id": "88a8a074b3fffff", "nome": "Campo Grande", "codbairro": "144", "codra": 18, "rp": "Campo Grande", "cod_rp": "5.2", "area_plane": "5", "ideb_bairro": "Campo Grande" }, "geometry": { "type": "Polygon", "coordinates": [ [ [ -43.502706285900437, -22.925234773425654 ], [ -43.498535870307123, -22.922241697674192 ], [ -43.499446413105012, -22.917564986610291 ], [ -43.504527297770188, -22.915881387991082 ], [ -43.508697677985928, -22.918874531976005 ], [ -43.507787208925762, -22.923551206335148 ], [ -43.502706285900437, -22.925234773425654 ] ] ] } },
{ "type": "Feature", "properties": { "hex_id": "88a8a07507fffff", "nome": "Barra Olímpica", "codbairro": "165", "codra": 16, "rp": "Jacarepaguá", "cod_rp": "4.1", "area_plane": "4", "ideb_bairro": "Barra Olímpica" }, "geometry": { "type": "Polygon", "coordinates": [ [ [ -43.387267542242846, -22.980919902340098 ], [ -43.383096902357281, -22.977925699807059 ], [ -43.38400846496161, -22.973252426613584 ], [ -43.389090594295034, -22.971573391521783 ], [ -43.393261200559877, -22.974567662139364 ], [ -43.392349711123764, -22.979240899752664 ], [ -43.387267542242846, -22.980919902340098 ] ] ] } },
{ "type": "Feature", "properties": { "hex_id": "88a8a0282dfffff", "nome": "Campo Grande", "codbairro": "144", "codra": 18, "rp": "Campo Grande", "cod_rp": "5.2", "area_plane": "5", "ideb_bairro": "Campo Grande" }, "geometry": { "type": "Polygon", "coordinates": [ [ [ -43.576185244900493, -22.913994714187918 ], [ -43.572014830087213, -22.911003243814662 ], [ -43.572924754875253, -22.906325662235556 ], [ -43.578005020383443, -22.904639588443629 ], [ -43.582175398699036, -22.907631127192001 ], [ -43.5812655480158, -22.912308671345698 ], [ -43.576185244900493, -22.913994714187918 ] ] ] } },
{ "type": "Feature", "properties": { "hex_id": "88a8a0395dfffff", "nome": "Barra de Guaratiba", "codbairro": "152", "codra": 26, "rp": "Guaratiba", "cod_rp": "5.4", "area_plane": "5", "ideb_bairro": "Barra de Guaratiba" }, "geometry": { "type": "Polygon", "coordinates": [ [ [ -43.558665106344627, -23.077165282100776 ], [ -43.554493632881993, -23.074179322235082 ], [ -43.555403936006485, -23.069510621047773 ], [ -43.560485638550404, -23.067827916981464 ], [ -43.564657075764003, -23.07081394548381 ], [ -43.5637468466944, -23.07548260940429 ], [ -43.558665106344627, -23.077165282100776 ] ] ] } },
{ "type": "Feature", "properties": { "hex_id": "88a8a0755bfffff", "nome": "Barra da Tijuca", "codbairro": "128", "codra": 24, "rp": "Barra da Tijuca", "cod_rp": "4.2", "area_plane": "4", "ideb_bairro": "Barra da Tijuca" }, "geometry": { "type": "Polygon", "coordinates": [ [ [ -43.421544869961522, -23.000193510615276 ], [ -43.417374057405958, -22.997200951814801 ], [ -43.418285369451795, -22.992528589719761 ], [ -43.423367420719096, -22.990848822332172 ], [ -43.427538199128229, -22.993841449327668 ], [ -43.426626960428223, -22.998513775504197 ], [ -43.421544869961522, -23.000193510615276 ] ] ] } },
{ "type": "Feature", "properties": { "hex_id": "88a8a02881fffff", "nome": "Paciência", "codbairro": "148", "codra": 19, "rp": "Santa Cruz", "cod_rp": "5.3", "area_plane": "5", "ideb_bairro": "Paciência" }, "geometry": { "type": "Polygon", "coordinates": [ [ [ -43.645862398187425, -22.873344695279652 ], [ -43.64169219385321, -22.870353651858466 ], [ -43.642601486930083, -22.865673640595325 ], [ -43.647680909907699, -22.863984710849319 ], [ -43.651851076686143, -22.866975822724488 ], [ -43.650941858054381, -22.871655795880187 ], [ -43.645862398187425, -22.873344695279652 ] ] ] } },
{ "type": "Feature", "properties": { "hex_id": "88a8a039b1fffff", "nome": "Guaratiba", "codbairro": "151", "codra": 26, "rp": "Guaratiba", "cod_rp": "5.4", "area_plane": "5", "ideb_bairro": "Guaratiba" }, "geometry": { "type": "Polygon", "coordinates": [ [ [ -43.584299750145902, -22.994395747128703 ], [ -43.580128798761002, -22.991407448605198 ], [ -43.581038772389661, -22.986734174256586 ], [ -43.586119623250497, -22.985049235931648 ], [ -43.590290538004602, -22.98803760299786 ], [ -43.589380638540334, -22.992710839834793 ], [ -43.584299750145902, -22.994395747128703 ] ] ] } },
{ "type": "Feature", "properties": { "hex_id": "88a8a075b1fffff", "nome": "Jacarepaguá", "codbairro": "115", "codra": 16, "rp": "Jacarepaguá", "cod_rp": "4.1", "area_plane": "4", "ideb_bairro": "Jacarepaguá" }, "geometry": { "type": "Polygon", "coordinates": [ [ [ -43.43195335421386, -22.922412448659397 ], [ -43.427783040423179, -22.919417332293342 ], [ -43.42869415595684, -22.914740731908697 ], [ -43.433775511912543, -22.913059283888316 ], [ -43.437945791406229, -22.916054468326962 ], [ -43.437034749252923, -22.920731032701884 ], [ -43.43195335421386, -22.922412448659397 ] ] ] } },
{ "type": "Feature", "properties": { "hex_id": "88a8a028d5fffff", "nome": "Paciência", "codbairro": "148", "codra": 19, "rp": "Santa Cruz", "cod_rp": "5.3", "area_plane": "5", "ideb_bairro": "Paciência" }, "geometry": { "type": "Polygon", "coordinates": [ [ [ -43.658373147142001, -22.882316480385001 ], [ -43.654202874875814, -22.87932610958746 ], [ -43.655112077589557, -22.874646537277741 ], [ -43.660191478071184, -22.872957373985315 ], [ -43.66436171258978, -22.875947813281901 ], [ -43.663452584385972, -22.880627347360377 ], [ -43.658373147142001, -22.882316480385001 ] ] ] } },
{ "type": "Feature", "properties": { "hex_id": "88a8a02929fffff", "nome": "Campo Grande", "codbairro": "144", "codra": 18, "rp": "Campo Grande", "cod_rp": "5.2", "area_plane": "5", "ideb_bairro": "Campo Grande" }, "geometry": { "type": "Polygon", "coordinates": [ [ [ -43.520680006915406, -22.906152067098454 ], [ -43.516509697727024, -22.903158786642809 ], [ -43.517420066160533, -22.898480982423106 ], [ -43.522500669970313, -22.896796495526697 ], [ -43.526670943508911, -22.899789844219583 ], [ -43.525760648899187, -22.90446761156014 ], [ -43.520680006915406, -22.906152067098454 ] ] ] } },
{ "type": "Feature", "properties": { "hex_id": "88a8a06527fffff", "nome": "Pavuna", "codbairro": "114", "codra": 25, "rp": "Pavuna", "cod_rp": "3.6", "area_plane": "3", "ideb_bairro": "Pavuna" }, "geometry": { "type": "Polygon", "coordinates": [ [ [ -43.361837544999545, -22.818663441182071 ], [ -43.357668008126872, -22.815662638797576 ], [ -43.358579543473049, -22.810980727425441 ], [ -43.363660542701361, -22.80929965372917 ], [ -43.36783004635889, -22.812300523834541 ], [ -43.366918584014982, -22.816982399903793 ], [ -43.361837544999545, -22.818663441182071 ] ] ] } },
{ "type": "Feature", "properties": { "hex_id": "88a8a039b3fffff", "nome": "Guaratiba", "codbairro": "151", "codra": 26, "rp": "Guaratiba", "cod_rp": "5.4", "area_plane": "5", "ideb_bairro": "Guaratiba" }, "geometry": { "type": "Polygon", "coordinates": [ [ [ -43.590290538004602, -22.98803760299786 ], [ -43.586119623250497, -22.985049235931648 ], [ -43.587029538511594, -22.980375596784324 ], [ -43.592110294345439, -22.97869036226162 ], [ -43.59628117237807, -22.981678797872146 ], [ -43.595371331309991, -22.986352399449558 ], [ -43.590290538004602, -22.98803760299786 ] ] ] } },
{ "type": "Feature", "properties": { "hex_id": "88a8a076abfffff", "nome": "Vargem Grande", "codbairro": "131", "codra": 24, "rp": "Barra da Tijuca", "cod_rp": "4.2", "area_plane": "4", "ideb_bairro": "Vargem Grande" }, "geometry": { "type": "Polygon", "coordinates": [ [ [ -43.507551781552166, -22.997969332040878 ], [ -43.503380881843036, -22.994979052667635 ], [ -43.504291489593257, -22.99030624909792 ], [ -43.509372923285234, -22.988623761650182 ], [ -43.513543787534672, -22.991614109402967 ], [ -43.512633253563521, -22.996286876212434 ], [ -43.507551781552166, -22.997969332040878 ] ] ] } },
{ "type": "Feature", "properties": { "hex_id": "88a8a06e3dfffff", "nome": "Vigário Geral", "codbairro": "048", "codra": 31, "rp": "Penha", "cod_rp": "3.5", "area_plane": "3", "ideb_bairro": "Vigário Geral" }, "geometry": { "type": "Polygon", "coordinates": [ [ [ -43.315584129016713, -22.812057679996236 ], [ -43.311414704807234, -22.809055381462315 ], [ -43.312326604458505, -22.804373294946831 ], [ -43.317407855564184, -22.802693541799592 ], [ -43.321577247265651, -22.805695907940866 ], [ -43.320665420381196, -22.810377959610491 ], [ -43.315584129016713, -22.812057679996236 ] ] ] } },
{ "type": "Feature", "properties": { "hex_id": "88a8a029d1fffff", "nome": "Campo Grande", "codbairro": "144", "codra": 18, "rp": "Campo Grande", "cod_rp": "5.2", "area_plane": "5", "ideb_bairro": "Campo Grande" }, "geometry": { "type": "Polygon", "coordinates": [ [ [ -43.602873881474295, -22.874498979774067 ], [ -43.598703703219321, -22.871506797393224 ], [ -43.599613352011879, -22.866826997610136 ], [ -43.604693104841431, -22.865139417880727 ], [ -43.60886324619613, -22.868131668621562 ], [ -43.607953671633219, -22.872811430720315 ], [ -43.602873881474295, -22.874498979774067 ] ] ] } },
{ "type": "Feature", "properties": { "hex_id": "88a8a02883fffff", "nome": "Paciência", "codbairro": "148", "codra": 19, "rp": "Santa Cruz", "cod_rp": "5.3", "area_plane": "5", "ideb_bairro": "Paciência" }, "geometry": { "type": "Polygon", "coordinates": [ [ [ -43.651851076686143, -22.866975822724488 ], [ -43.647680909907699, -22.863984710849319 ], [ -43.648590144450722, -22.85930433695928 ], [ -43.653669471310195, -22.85761511309888 ], [ -43.657839600442315, -22.860606293429388 ], [ -43.656930440372932, -22.86528662915347 ], [ -43.651851076686143, -22.866975822724488 ] ] ] } },
{ "type": "Feature", "properties": { "hex_id": "88a8a02a25fffff", "nome": "Guaratiba", "codbairro": "151", "codra": 26, "rp": "Guaratiba", "cod_rp": "5.4", "area_plane": "5", "ideb_bairro": "Guaratiba" }, "geometry": { "type": "Polygon", "coordinates": [ [ [ -43.595749636672863, -22.95999281379336 ], [ -43.591578901900021, -22.957003567350682 ], [ -43.592488731993406, -22.952328395038265 ], [ -43.597569222657434, -22.950642506778394 ], [ -43.601739920628752, -22.953631821725669 ], [ -43.60083016474924, -22.958306956416706 ], [ -43.595749636672863, -22.95999281379336 ] ] ] } },
{ "type": "Feature", "properties": { "hex_id": "88a8a06623fffff", "nome": "Bangu", "codbairro": "141", "codra": 17, "rp": "Bangu", "cod_rp": "5.1", "area_plane": "5", "ideb_bairro": "Bangu" }, "geometry": { "type": "Polygon", "coordinates": [ [ [ -43.458654721574412, -22.882942048684704 ], [ -43.454484634534133, -22.879946223053089 ], [ -43.455395475999467, -22.875267398063023 ], [ -43.460476331010867, -22.873584434959501 ], [ -43.464646383350747, -22.876580328647556 ], [ -43.463735615391322, -22.88125911737119 ], [ -43.458654721574412, -22.882942048684704 ] ] ] } },
{ "type": "Feature", "properties": { "hex_id": "88a8a021b7fffff", "nome": "Santa Cruz", "codbairro": "149", "codra": 19, "rp": "Santa Cruz", "cod_rp": "5.3", "area_plane": "5", "ideb_bairro": "Santa Cruz" }, "geometry": { "type": "Polygon", "coordinates": [ [ [ -43.729643843465716, -22.906743931461339 ], [ -43.725473367103717, -22.903756420664973 ], [ -43.726382015157753, -22.899077920368807 ], [ -43.731461064712732, -22.897386969791274 ], [ -43.735631502237631, -22.900374549293112 ], [ -43.734722929056275, -22.905053010655511 ], [ -43.729643843465716, -22.906743931461339 ] ] ] } },
{ "type": "Feature", "properties": { "hex_id": "88a8a02acdfffff", "nome": "Santa Cruz", "codbairro": "149", "codra": 19, "rp": "Santa Cruz", "cod_rp": "5.3", "area_plane": "5", "ideb_bairro": "Santa Cruz" }, "geometry": { "type": "Polygon", "coordinates": [ [ [ -43.663235492272356, -22.955077451937893 ], [ -43.659064737846514, -22.95208988470398 ], [ -43.659974004802457, -22.947414211852958 ], [ -43.665053951644445, -22.945726144507656 ], [ -43.669224668239863, -22.948713780387727 ], [ -43.668315475835357, -22.953389414955446 ], [ -43.663235492272356, -22.955077451937893 ] ] ] } },
{ "type": "Feature", "properties": { "hex_id": "88a8a066cbfffff", "nome": "Santíssimo", "codbairro": "143", "codra": 18, "rp": "Campo Grande", "cod_rp": "5.2", "area_plane": "5", "ideb_bairro": "Santíssimo" }, "geometry": { "type": "Polygon", "coordinates": [ [ [ -43.526141826079211, -22.878082292558574 ], [ -43.521971695852784, -22.87508813659354 ], [ -43.522881979295278, -22.870408802797158 ], [ -43.527962319131142, -22.868723661883909 ], [ -43.532132413627608, -22.871717886045097 ], [ -43.531222204029845, -22.876397182911884 ], [ -43.526141826079211, -22.878082292558574 ] ] ] } },
{ "type": "Feature", "properties": { "hex_id": "88a8a02b21fffff", "nome": "Guaratiba", "codbairro": "151", "codra": 26, "rp": "Guaratiba", "cod_rp": "5.4", "area_plane": "5", "ideb_bairro": "Guaratiba" }, "geometry": { "type": "Polygon", "coordinates": [ [ [ -43.540241110388017, -22.952162379869844 ], [ -43.536070478492981, -22.949171319718371 ], [ -43.536980752886635, -22.944495923586171 ], [ -43.542061585254046, -22.942811624670004 ], [ -43.546232181195542, -22.945802753188275 ], [ -43.545321980734855, -22.950478112244408 ], [ -43.540241110388017, -22.952162379869844 ] ] ] } },
{ "type": "Feature", "properties": { "hex_id": "88a8a078a3fffff", "nome": "Botafogo", "codbairro": "020", "codra": 4, "rp": "Zona Sul", "cod_rp": "2.1", "area_plane": "2", "ideb_bairro": "Botafogo" }, "geometry": { "type": "Polygon", "coordinates": [ [ [ -43.180441473212113, -22.944173948230691 ], [ -43.176271413504764, -22.941172769829041 ], [ -43.177184588868975, -22.936498335814665 ], [ -43.182267751840733, -22.934825113737727 ], [ -43.186437781092536, -22.937826359709362 ], [ -43.185524677839922, -22.942500760176411 ], [ -43.180441473212113, -22.944173948230691 ] ] ] } },
{ "type": "Feature", "properties": { "hex_id": "88a8a06001fffff", "nome": "Jacarepaguá", "codbairro": "115", "codra": 16, "rp": "Jacarepaguá", "cod_rp": "4.1", "area_plane": "4", "ideb_bairro": "Jacarepaguá" }, "geometry": { "type": "Polygon", "coordinates": [ [ [ -43.30294750048111, -22.925669216224769 ], [ -43.298777349259169, -22.922670697066053 ], [ -43.299689514202733, -22.917994769754674 ], [ -43.30477175765111, -22.91631739633474 ], [ -43.308941876546513, -22.919315983291458 ], [ -43.308029784331836, -22.923991875858562 ], [ -43.30294750048111, -22.925669216224769 ] ] ] } },
{ "type": "Feature", "properties": { "hex_id": "88a8a06055fffff", "nome": "Jacarepaguá", "codbairro": "115", "codra": 16, "rp": "Jacarepaguá", "cod_rp": "4.1", "area_plane": "4", "ideb_bairro": "Jacarepaguá" }, "geometry": { "type": "Polygon", "coordinates": [ [ [ -43.315458111929985, -22.934663437355809 ], [ -43.311287881860451, -22.931665586414823 ], [ -43.312199958827073, -22.926990094869126 ], [ -43.317282193080679, -22.925312489121563 ], [ -43.321452390631585, -22.92831040790459 ], [ -43.320540386459271, -22.9329858645816 ], [ -43.315458111929985, -22.934663437355809 ] ] ] } },
{ "type": "Feature", "properties": { "hex_id": "88a8a060a9fffff", "nome": "Engenheiro Leal", "codbairro": "081", "codra": 15, "rp": "Madureira", "cod_rp": "3.3", "area_plane": "3", "ideb_bairro": "Engenheiro Leal" }, "geometry": { "type": "Polygon", "coordinates": [ [ [ -43.326401753341152, -22.878542411445316 ], [ -43.322231875533078, -22.875542817938975 ], [ -43.323143783418566, -22.870864260302572 ], [ -43.328225496287068, -22.869185331126531 ], [ -43.332395341415072, -22.872184992392 ], [ -43.331483506366389, -22.876863515062858 ], [ -43.326401753341152, -22.878542411445316 ] ] ] } },
{ "type": "Feature", "properties": { "hex_id": "88a8a06151fffff", "nome": "Grajaú", "codbairro": "038", "codra": 9, "rp": "Tijuca", "cod_rp": "2.2", "area_plane": "2", "ideb_bairro": "Grajaú" }, "geometry": { "type": "Polygon", "coordinates": [ [ [ -43.259942402395382, -22.926731691343207 ], [ -43.255772314773722, -22.923732040094396 ], [ -43.256684827515485, -22.919056341247458 ], [ -43.261767355379497, -22.91738032796048 ], [ -43.265937411331798, -22.920380046916559 ], [ -43.265024971101226, -22.925055711440802 ], [ -43.259942402395382, -22.926731691343207 ] ] ] } },
{ "type": "Feature", "properties": { "hex_id": "88a8a0755dfffff", "nome": "Barra da Tijuca", "codbairro": "128", "codra": 24, "rp": "Barra da Tijuca", "cod_rp": "4.2", "area_plane": "4", "ideb_bairro": "Barra da Tijuca" }, "geometry": { "type": "Polygon", "coordinates": [ [ [ -43.406298309278576, -23.005231587910092 ], [ -43.402127483513787, -23.002238795610129 ], [ -43.403038926680161, -22.997566764093218 ], [ -43.408121122353045, -22.995887560634721 ], [ -43.412291914203792, -22.998880421105724 ], [ -43.411380544307406, -23.003552416852653 ], [ -43.406298309278576, -23.005231587910092 ] ] ] } },
{ "type": "Feature", "properties": { "hex_id": "88a8a061a5fffff", "nome": "Ramos", "codbairro": "041", "codra": 10, "rp": "Ramos", "cod_rp": "3.1", "area_plane": "3", "ideb_bairro": "Ramos" }, "geometry": { "type": "Polygon", "coordinates": [ [ [ -43.249130384103772, -22.860278086736621 ], [ -43.24496075195551, -22.857275730775164 ], [ -43.2458732559586, -22.852596496706152 ], [ -43.25095531968055, -22.850919652789269 ], [ -43.25512492033134, -22.853922076307761 ], [ -43.254212488769426, -22.858601276174571 ], [ -43.249130384103772, -22.860278086736621 ] ] ] } },
{ "type": "Feature", "properties": { "hex_id": "88a8a02e69fffff", "nome": "Santa Cruz", "codbairro": "149", "codra": 19, "rp": "Santa Cruz", "cod_rp": "5.3", "area_plane": "5", "ideb_bairro": "Santa Cruz" }, "geometry": { "type": "Polygon", "coordinates": [ [ [ -43.757392422228875, -22.910631091542971 ], [ -43.7532219068258, -22.907644489799591 ], [ -43.754130330122074, -22.902966106577765 ], [ -43.759209193820652, -22.901274364294697 ], [ -43.763379669963228, -22.904261034813597 ], [ -43.762471321679342, -22.908939378828588 ], [ -43.757392422228875, -22.910631091542971 ] ] ] } },
{ "type": "Feature", "properties": { "hex_id": "88a8a0624dfffff", "nome": "Barra da Tijuca", "codbairro": "128", "codra": 24, "rp": "Barra da Tijuca", "cod_rp": "4.2", "area_plane": "4", "ideb_bairro": "Barra da Tijuca" }, "geometry": { "type": "Polygon", "coordinates": [ [ [ -43.320282919085152, -23.007401250712867 ], [ -43.316112202638323, -23.004406183677254 ], [ -43.317024345399446, -22.999734603407369 ], [ -43.322107131783717, -22.998058125090441 ], [ -43.326277815630689, -23.00105326011446 ], [ -43.325365745705014, -23.005724805455451 ], [ -43.320282919085152, -23.007401250712867 ] ] ] } },
{ "type": "Feature", "properties": { "hex_id": "88a8a0642dfffff", "nome": "Parque Anchieta", "codbairro": "108", "codra": 22, "rp": "Pavuna", "cod_rp": "3.6", "area_plane": "3", "ideb_bairro": "Parque Anchieta" }, "geometry": { "type": "Polygon", "coordinates": [ [ [ -43.423858024872189, -22.84193085633953 ], [ -43.419688250630088, -22.838932587726813 ], [ -43.420599316350653, -22.834251689248415 ], [ -43.42568008300416, -22.832569095289031 ], [ -43.429849823081575, -22.835567431803273 ], [ -43.428938830681894, -22.840248294363846 ], [ -43.423858024872189, -22.84193085633953 ] ] ] } },
{ "type": "Feature", "properties": { "hex_id": "88a8a062a1fffff", "nome": "Pechincha", "codbairro": "121", "codra": 16, "rp": "Jacarepaguá", "cod_rp": "4.1", "area_plane": "4", "ideb_bairro": "Pechincha" }, "geometry": { "type": "Polygon", "coordinates": [ [ [ -43.345951057387602, -22.92459518237666 ], [ -43.341780847270947, -22.921597796398519 ], [ -43.342692663412905, -22.916921642675327 ], [ -43.347774616736949, -22.915242910084729 ], [ -43.351944793870061, -22.918240363952002 ], [ -43.351033050674424, -22.922916482509216 ], [ -43.345951057387602, -22.92459518237666 ] ] ] } },
{ "type": "Feature", "properties": { "hex_id": "88a8a02f65fffff", "nome": "Santa Cruz", "codbairro": "149", "codra": 19, "rp": "Santa Cruz", "cod_rp": "5.3", "area_plane": "5", "ideb_bairro": "Santa Cruz" }, "geometry": { "type": "Polygon", "coordinates": [ [ [ -43.680133867650966, -22.892586275429611 ], [ -43.675963513235715, -22.889596880035512 ], [ -43.676872550921807, -22.884917785302079 ], [ -43.681951868413357, -22.883228124397281 ], [ -43.68612218474798, -22.886217588358679 ], [ -43.68521322168332, -22.890896644646094 ], [ -43.680133867650966, -22.892586275429611 ] ] ] } },
{ "type": "Feature", "properties": { "hex_id": "88a8a03827fffff", "nome": "Guaratiba", "codbairro": "151", "codra": 26, "rp": "Guaratiba", "cod_rp": "5.4", "area_plane": "5", "ideb_bairro": "Guaratiba" }, "geometry": { "type": "Polygon", "coordinates": [ [ [ -43.582632065661031, -23.051755955252172 ], [ -43.578460737739015, -23.048769720829139 ], [ -43.579370807543583, -23.044099555904445 ], [ -43.584452131112386, -23.042415662890569 ], [ -43.588623422422422, -23.045401965957396 ], [ -43.587713426787317, -23.050072093382777 ], [ -43.582632065661031, -23.051755955252172 ] ] ] } },
{ "type": "Feature", "properties": { "hex_id": "88a8a07425fffff", "nome": "Camorim", "codbairro": "129", "codra": 24, "rp": "Barra da Tijuca", "cod_rp": "4.2", "area_plane": "4", "ideb_bairro": "Camorim" }, "geometry": { "type": "Polygon", "coordinates": [ [ [ -43.424278674897067, -22.986176094024568 ], [ -43.42010795114706, -22.983183097207458 ], [ -43.421019220796218, -22.978509966879525 ], [ -43.426101140850712, -22.976829869300548 ], [ -43.43027183041405, -22.979822934292685 ], [ -43.429360634121274, -22.984496028677238 ], [ -43.424278674897067, -22.986176094024568 ] ] ] } },
{ "type": "Feature", "properties": { "hex_id": "88a8a06349fffff", "nome": "São Conrado", "codbairro": "031", "codra": 6, "rp": "Zona Sul", "cod_rp": "2.1", "area_plane": "2", "ideb_bairro": "São Conrado" }, "geometry": { "type": "Polygon", "coordinates": [ [ [ -43.264760973986597, -22.999479416244128 ], [ -43.260590399339407, -22.996482544221507 ], [ -43.261502978122387, -22.991810756283662 ], [ -43.266586059012042, -22.990135874741348 ], [ -43.270756601908943, -22.993132814618111 ], [ -43.269844095678238, -22.997804568171496 ], [ -43.264760973986597, -22.999479416244128 ] ] ] } },
{ "type": "Feature", "properties": { "hex_id": "88a8a074cdfffff", "nome": "Vargem Grande", "codbairro": "131", "codra": 24, "rp": "Barra da Tijuca", "cod_rp": "4.2", "area_plane": "4", "ideb_bairro": "Vargem Grande" }, "geometry": { "type": "Polygon", "coordinates": [ [ [ -43.491779025230045, -22.981333626532749 ], [ -43.487608252376184, -22.978342304017882 ], [ -43.488518965072188, -22.973668659544337 ], [ -43.493600376938012, -22.971986374178144 ], [ -43.497771114574874, -22.974977765007083 ], [ -43.4968604755746, -22.979651372876635 ], [ -43.491779025230045, -22.981333626532749 ] ] ] } },
{ "type": "Feature", "properties": { "hex_id": "88a8a03923fffff", "nome": "Grumari", "codbairro": "133", "codra": 24, "rp": "Barra da Tijuca", "cod_rp": "4.2", "area_plane": "4", "ideb_bairro": "Grumari" }, "geometry": { "type": "Polygon", "coordinates": [ [ [ -43.527114994411626, -23.043931587625842 ], [ -43.522943771250752, -23.040943534454271 ], [ -43.523854285088305, -23.036273146435178 ], [ -43.528935948210098, -23.034590848532119 ], [ -43.533107135607416, -23.037578970210525 ], [ -43.532196695658179, -23.042249321273623 ], [ -43.527114994411626, -23.043931587625842 ] ] ] } },
{ "type": "Feature", "properties": { "hex_id": "88a8a07521fffff", "nome": "Barra Olímpica", "codbairro": "165", "codra": 16, "rp": "Jacarepaguá", "cod_rp": "4.1", "area_plane": "4", "ideb_bairro": "Barra Olímpica" }, "geometry": { "type": "Polygon", "coordinates": [ [ [ -43.368761791228174, -22.978288404043187 ], [ -43.364591194581045, -22.975293599124196 ], [ -43.36550290338058, -22.970620255042817 ], [ -43.370585135764919, -22.968941751267437 ], [ -43.374755699074356, -22.971936624225826 ], [ -43.373844063348876, -22.976609932908662 ], [ -43.368761791228174, -22.978288404043187 ] ] ] } },
{ "type": "Feature", "properties": { "hex_id": "88a8a02847fffff", "nome": "Inhoaíba", "codbairro": "146", "codra": 18, "rp": "Campo Grande", "cod_rp": "5.2", "area_plane": "5", "ideb_bairro": "Inhoaíba" }, "geometry": { "type": "Polygon", "coordinates": [ [ [ -43.601208224263168, -22.931938828981764 ], [ -43.597037669531872, -22.928948703815859 ], [ -43.597947414452982, -22.92427199995381 ], [ -43.603027639882335, -22.922585458918952 ], [ -43.607198157732086, -22.925575652549337 ], [ -43.606288487045695, -22.930252318738606 ], [ -43.601208224263168, -22.931938828981764 ] ] ] } },
{ "type": "Feature", "properties": { "hex_id": "88a8a06445fffff", "nome": "Realengo", "codbairro": "139", "codra": 33, "rp": "Bangu", "cod_rp": "5.1", "area_plane": "5", "ideb_bairro": "Realengo" }, "geometry": { "type": "Polygon", "coordinates": [ [ [ -43.442885452324411, -22.866278145597516 ], [ -43.438715494051962, -22.8632812820215 ], [ -43.439626439986718, -22.858601619961796 ], [ -43.444707270783113, -22.856918857575508 ], [ -43.448877194597728, -22.859915789141549 ], [ -43.447966322085506, -22.864595415092339 ], [ -43.442885452324411, -22.866278145597516 ] ] ] } },
{ "type": "Feature", "properties": { "hex_id": "88a8a039cbfffff", "nome": "Guaratiba", "codbairro": "151", "codra": 26, "rp": "Guaratiba", "cod_rp": "5.4", "area_plane": "5", "ideb_bairro": "Guaratiba" }, "geometry": { "type": "Polygon", "coordinates": [ [ [ -43.594614625706441, -23.039047314175519 ], [ -43.590443371099106, -23.036060942463166 ], [ -43.591353324140414, -23.031390046483391 ], [ -43.596434457574027, -23.029705559820165 ], [ -43.600605675387968, -23.032692000179807 ], [ -43.599695796573371, -23.037362858543887 ], [ -43.594614625706441, -23.039047314175519 ] ] ] } },
{ "type": "Feature", "properties": { "hex_id": "88a8a075c9fffff", "nome": "Camorim", "codbairro": "129", "codra": 24, "rp": "Barra da Tijuca", "cod_rp": "4.2", "area_plane": "4", "ideb_bairro": "Camorim" }, "geometry": { "type": "Polygon", "coordinates": [ [ [ -43.436264835877232, -22.973469110796795 ], [ -43.43209418059142, -22.970475977628325 ], [ -43.433005334475766, -22.965802115437963 ], [ -43.438087070243689, -22.964121422463631 ], [ -43.442257691161132, -22.967114623809739 ], [ -43.441346610690729, -22.971788449941016 ], [ -43.436264835877232, -22.973469110796795 ] ] ] } },
{ "type": "Feature", "properties": { "hex_id": "88a8a02943fffff", "nome": "Campo Grande", "codbairro": "144", "codra": 18, "rp": "Campo Grande", "cod_rp": "5.2", "area_plane": "5", "ideb_bairro": "Campo Grande" }, "geometry": { "type": "Polygon", "coordinates": [ [ [ -43.545702364873414, -22.924107049890154 ], [ -43.541531912239883, -22.921115112498715 ], [ -43.54244210158663, -22.916438184510483 ], [ -43.547522669624698, -22.914753231029092 ], [ -43.551693086224532, -22.917745236746956 ], [ -43.550782970831676, -22.922422127608289 ], [ -43.545702364873414, -22.924107049890154 ] ] ] } },
{ "type": "Feature", "properties": { "hex_id": "88a8a06541fffff", "nome": "Deodoro", "codbairro": "134", "codra": 33, "rp": "Bangu", "cod_rp": "5.1", "area_plane": "5", "ideb_bairro": "Deodoro" }, "geometry": { "type": "Polygon", "coordinates": [ [ [ -43.387379680860107, -22.858383288871636 ], [ -43.38320984701484, -22.855384623763165 ], [ -43.384121232497826, -22.850704746965746 ], [ -43.38920237869732, -22.849023570826805 ], [ -43.393372178933177, -22.852022303788548 ], [ -43.392460866590682, -22.856702145024443 ], [ -43.387379680860107, -22.858383288871636 ] ] ] } },
{ "type": "Feature", "properties": { "hex_id": "88a8a06e03fffff", "nome": "Irajá", "codbairro": "076", "codra": 14, "rp": "Madureira", "cod_rp": "3.3", "area_plane": "3", "ideb_bairro": "Irajá" }, "geometry": { "type": "Polygon", "coordinates": [ [ [ -43.32809255856867, -22.821063243943069 ], [ -43.323923055941329, -22.81806161128204 ], [ -43.324834867558366, -22.813379959073838 ], [ -43.329916108982303, -22.811699974486068 ], [ -43.334085578909637, -22.814701674799124 ], [ -43.333173840124786, -22.819383292036413 ], [ -43.32809255856867, -22.821063243943069 ] ] ] } },
{ "type": "Feature", "properties": { "hex_id": "88a8a07509fffff", "nome": "Barra da Tijuca", "codbairro": "128", "codra": 24, "rp": "Barra da Tijuca", "cod_rp": "4.2", "area_plane": "4", "ideb_bairro": "Barra da Tijuca" }, "geometry": { "type": "Polygon", "coordinates": [ [ [ -43.393785907873124, -22.996252539643997 ], [ -43.389615158085192, -22.993259076067435 ], [ -43.390526689886286, -22.988586606761363 ], [ -43.395608898282347, -22.986907636666587 ], [ -43.399779614348361, -22.989901168370345 ], [ -43.398868155751963, -22.994573602030155 ], [ -43.393785907873124, -22.996252539643997 ] ] ] } },
{ "type": "Feature", "properties": { "hex_id": "88a8a076c5fffff", "nome": "Recreio dos Bandeirantes", "codbairro": "132", "codra": 24, "rp": "Barra da Tijuca", "cod_rp": "4.2", "area_plane": "4", "ideb_bairro": "Recreio dos Bandeirantes" }, "geometry": { "type": "Polygon", "coordinates": [ [ [ -43.511340849296175, -23.027307198949426 ], [ -43.507169752224854, -23.024318100571151 ], [ -43.508080371198723, -23.019646870127119 ], [ -43.513162013450589, -23.017964774850086 ], [ -43.517333075001069, -23.020953941670118 ], [ -43.516422529832212, -23.02562513531392 ], [ -43.511340849296175, -23.027307198949426 ] ] ] } },
{ "type": "Feature", "properties": { "hex_id": "88a8a02129fffff", "nome": "Guaratiba", "codbairro": "151", "codra": 26, "rp": "Guaratiba", "cod_rp": "5.4", "area_plane": "5", "ideb_bairro": "Guaratiba" }, "geometry": { "type": "Polygon", "coordinates": [ [ [ -43.673020366296562, -22.978062529591345 ], [ -43.668849453916579, -22.97507607764447 ], [ -43.669758673038388, -22.970401611039261 ], [ -43.674838729945904, -22.968713634749847 ], [ -43.679009604343477, -22.971700155407316 ], [ -43.678100459827576, -22.976374583632111 ], [ -43.673020366296562, -22.978062529591345 ] ] ] } },
{ "type": "Feature", "properties": { "hex_id": "88a8a06e57fffff", "nome": "Acari", "codbairro": "111", "codra": 25, "rp": "Pavuna", "cod_rp": "3.6", "area_plane": "3", "ideb_bairro": "Acari" }, "geometry": { "type": "Polygon", "coordinates": [ [ [ -43.340601222583757, -22.830066809453758 ], [ -43.3364316419338, -22.827065843074308 ], [ -43.3373433654262, -22.822384625444794 ], [ -43.342424596682783, -22.820704409279102 ], [ -43.346594144440743, -22.823705443355255 ], [ -43.345682493845857, -22.828386625888879 ], [ -43.340601222583757, -22.830066809453758 ] ] ] } },
{ "type": "Feature", "properties": { "hex_id": "88a8a0390bfffff", "nome": "Barra de Guaratiba", "codbairro": "152", "codra": 26, "rp": "Guaratiba", "cod_rp": "5.4", "area_plane": "5", "ideb_bairro": "Barra de Guaratiba" }, "geometry": { "type": "Polygon", "coordinates": [ [ [ -43.552142834989944, -23.061855184599555 ], [ -43.547971468731113, -23.058868480808535 ], [ -43.548881803313918, -23.054198972986939 ], [ -43.553963430148755, -23.052516206146883 ], [ -43.558134760259883, -23.055502978532498 ], [ -43.557224499695565, -23.060172449152056 ], [ -43.552142834989944, -23.061855184599555 ] ] ] } },
{ "type": "Feature", "properties": { "hex_id": "88a8a029ebfffff", "nome": "Campo Grande", "codbairro": "144", "codra": 18, "rp": "Campo Grande", "cod_rp": "5.2", "area_plane": "5", "ideb_bairro": "Campo Grande" }, "geometry": { "type": "Polygon", "coordinates": [ [ [ -43.569133766169315, -22.876948564075523 ], [ -43.564963601471291, -22.873955545240509 ], [ -43.565873530971565, -22.869275996261869 ], [ -43.570953551120823, -22.867589503459254 ], [ -43.575123679432998, -22.870582590583723 ], [ -43.574213823993432, -22.875262102209859 ], [ -43.569133766169315, -22.876948564075523 ] ] ] } },
{ "type": "Feature", "properties": { "hex_id": "88a8a0663dfffff", "nome": "Bangu", "codbairro": "141", "codra": 17, "rp": "Bangu", "cod_rp": "5.1", "area_plane": "5", "ideb_bairro": "Bangu" }, "geometry": { "type": "Polygon", "coordinates": [ [ [ -43.467905722037933, -22.884254642189703 ], [ -43.463735615391322, -22.88125911737119 ], [ -43.464646383350747, -22.876580328647556 ], [ -43.469727184415625, -22.874897101088532 ], [ -43.473897256220461, -22.87789269398635 ], [ -43.472986561813883, -22.882571446352376 ], [ -43.467905722037933, -22.884254642189703 ] ] ] } },
{ "type": "Feature", "properties": { "hex_id": "88a8a02a93fffff", "nome": "Santa Cruz", "codbairro": "149", "codra": 19, "rp": "Santa Cruz", "cod_rp": "5.3", "area_plane": "5", "ideb_bairro": "Santa Cruz" }, "geometry": { "type": "Polygon", "coordinates": [ [ [ -43.695906607276591, -22.909219718864293 ], [ -43.691736133590723, -22.906231368339764 ], [ -43.69264506467664, -22.901553114496885 ], [ -43.697724394755681, -22.899863249769101 ], [ -43.701894830118455, -22.902851668927678 ], [ -43.700985973736898, -22.907529884168522 ], [ -43.695906607276591, -22.909219718864293 ] ] ] } },
{ "type": "Feature", "properties": { "hex_id": "88a8a06691fffff", "nome": "Campo Grande", "codbairro": "144", "codra": 18, "rp": "Campo Grande", "cod_rp": "5.2", "area_plane": "5", "ideb_bairro": "Campo Grande" }, "geometry": { "type": "Polygon", "coordinates": [ [ [ -43.537593373658311, -22.843636756401803 ], [ -43.533423458264508, -22.840641657434048 ], [ -43.534333598532115, -22.835960432438569 ], [ -43.539413580310864, -22.834274343437666 ], [ -43.543583459803855, -22.837269510561239 ], [ -43.542673393430583, -22.841950698518417 ], [ -43.537593373658311, -22.843636756401803 ] ] ] } },
{ "type": "Feature", "properties": { "hex_id": "88a8a06f53fffff", "nome": "Cordovil", "codbairro": "046", "codra": 31, "rp": "Penha", "cod_rp": "3.5", "area_plane": "3", "ideb_bairro": "Cordovil" }, "geometry": { "type": "Polygon", "coordinates": [ [ [ -43.285095405423888, -22.822132072544829 ], [ -43.280925963625002, -22.81912931123151 ], [ -43.281838123512983, -22.814447884945341 ], [ -43.286919652596865, -22.812769254508634 ], [ -43.291089062352512, -22.8157720833828 ], [ -43.290176975079262, -22.820453475121298 ], [ -43.285095405423888, -22.822132072544829 ] ] ] } },
{ "type": "Feature", "properties": { "hex_id": "88a8a02ae7fffff", "nome": "Santa Cruz", "codbairro": "149", "codra": 19, "rp": "Santa Cruz", "cod_rp": "5.3", "area_plane": "5", "ideb_bairro": "Santa Cruz" }, "geometry": { "type": "Polygon", "coordinates": [ [ [ -43.644200706892541, -22.930784593976949 ], [ -43.640030125895287, -22.927795609955382 ], [ -43.640939515074756, -22.923118693760575 ], [ -43.646019410812855, -22.921430799670848 ], [ -43.650189954272896, -22.924419852250747 ], [ -43.649280639543683, -22.929096730350551 ], [ -43.644200706892541, -22.930784593976949 ] ] ] } },
{ "type": "Feature", "properties": { "hex_id": "88a8a066e5fffff", "nome": "Vila Kennedy", "codbairro": "162", "codra": 17, "rp": "Bangu", "cod_rp": "5.1", "area_plane": "5", "ideb_bairro": "Vila Kennedy" }, "geometry": { "type": "Polygon", "coordinates": [ [ [ -43.485879871638858, -22.865166816799686 ], [ -43.481709869789874, -22.862171087739998 ], [ -43.482620463728686, -22.857491206691908 ], [ -43.487700985889177, -22.855807091223806 ], [ -43.491870952624119, -22.858802888366046 ], [ -43.490960432324307, -22.863482732882328 ], [ -43.485879871638858, -22.865166816799686 ] ] ] } },
{ "type": "Feature", "properties": { "hex_id": "88a8a02b3bfffff", "nome": "Campo Grande", "codbairro": "144", "codra": 18, "rp": "Campo Grande", "cod_rp": "5.2", "area_plane": "5", "ideb_bairro": "Campo Grande" }, "geometry": { "type": "Polygon", "coordinates": [ [ [ -43.570725577960062, -22.942053968666869 ], [ -43.566554983464933, -22.939063375947626 ], [ -43.567464993364915, -22.934387325262509 ], [ -43.572545523687786, -22.932701904659449 ], [ -43.576716081765312, -22.935692565794234 ], [ -43.575806145949237, -22.940368579105037 ], [ -43.570725577960062, -22.942053968666869 ] ] ] } },
{ "type": "Feature", "properties": { "hex_id": "88a8a06739fffff", "nome": "Magalhães Bastos", "codbairro": "138", "codra": 33, "rp": "Bangu", "cod_rp": "5.1", "area_plane": "5", "ideb_bairro": "Magalhães Bastos" }, "geometry": { "type": "Polygon", "coordinates": [ [ [ -43.412399216348781, -22.876370602241337 ], [ -43.408229230604071, -22.873373273724567 ], [ -43.409140438894347, -22.868694268769747 ], [ -43.414221559670047, -22.867012628130784 ], [ -43.418391511421333, -22.870010024589977 ], [ -43.417480376402061, -22.874688993734189 ], [ -43.412399216348781, -22.876370602241337 ] ] ] } },
{ "type": "Feature", "properties": { "hex_id": "88a8a078bdfffff", "nome": "Laranjeiras", "codbairro": "017", "codra": 4, "rp": "Zona Sul", "cod_rp": "2.1", "area_plane": "2", "ideb_bairro": "Laranjeiras" }, "geometry": { "type": "Polygon", "coordinates": [ [ [ -43.189694763704992, -22.945501639115946 ], [ -43.185524677839922, -22.942500760176411 ], [ -43.186437781092536, -22.937826359709362 ], [ -43.191520898063104, -22.936152871808602 ], [ -43.195690953331003, -22.939153818340394 ], [ -43.1947779222373, -22.943828185169139 ], [ -43.189694763704992, -22.945501639115946 ] ] ] } },
{ "type": "Feature", "properties": { "hex_id": "88a8a0601bfffff", "nome": "Freguesia (Jacarepaguá)", "codbairro": "120", "codra": 16, "rp": "Jacarepaguá", "cod_rp": "4.1", "area_plane": "4", "ideb_bairro": "Freguesia (Jacarepaguá)" }, "geometry": { "type": "Polygon", "coordinates": [ [ [ -43.333440504825639, -22.915602355860049 ], [ -43.329270372584851, -22.912604301389997 ], [ -43.330182276915281, -22.907927711693507 ], [ -43.335264240617306, -22.906249211497141 ], [ -43.339434340066617, -22.909247333812168 ], [ -43.338522508617146, -22.91392388846705 ], [ -43.333440504825639, -22.915602355860049 ] ] ] } },
{ "type": "Feature", "properties": { "hex_id": "88a8a060c3fffff", "nome": "Praça Seca", "codbairro": "124", "codra": 16, "rp": "Jacarepaguá", "cod_rp": "4.1", "area_plane": "4", "ideb_bairro": "Praça Seca" }, "geometry": { "type": "Polygon", "coordinates": [ [ [ -43.351421566207996, -22.896535299029832 ], [ -43.347251532614337, -22.893537041022025 ], [ -43.348163264152006, -22.888859354398562 ], [ -43.353244956327558, -22.887179960986099 ], [ -43.357414956857021, -22.890178286841721 ], [ -43.356503298286867, -22.894855938250462 ], [ -43.351421566207996, -22.896535299029832 ] ] ] } },
{ "type": "Feature", "properties": { "hex_id": "88a8a07ab5fffff", "nome": "Ipanema", "codbairro": "025", "codra": 6, "rp": "Zona Sul", "cod_rp": "2.1", "area_plane": "2", "ideb_bairro": "Ipanema" }, "geometry": { "type": "Polygon", "coordinates": [ [ [ -43.209238162232339, -22.991537174453025 ], [ -43.205067737222606, -22.988538500303175 ], [ -43.205980750326901, -22.983866507964603 ], [ -43.211064116184041, -22.982193223604185 ], [ -43.215234510293271, -22.985191965474456 ], [ -43.214321569457653, -22.989863923973182 ], [ -43.209238162232339, -22.991537174453025 ] ] ] } },
{ "type": "Feature", "properties": { "hex_id": "88a8a06117fffff", "nome": "Jacaré", "codbairro": "051", "codra": 13, "rp": "Méier", "cod_rp": "3.2", "area_plane": "3", "ideb_bairro": "Jacaré" }, "geometry": { "type": "Polygon", "coordinates": [ [ [ -43.256164823046156, -22.897350389614463 ], [ -43.251994935111227, -22.894349568722067 ], [ -43.252907435928009, -22.889672301452553 ], [ -43.257989752206171, -22.887995889343333 ], [ -43.262159608532428, -22.890996777879 ], [ -43.261247180200961, -22.895674010869087 ], [ -43.256164823046156, -22.897350389614463 ] ] ] } },
{ "type": "Feature", "properties": { "hex_id": "88a8a0616bfffff", "nome": "Tijuca", "codbairro": "033", "codra": 8, "rp": "Tijuca", "cod_rp": "2.2", "area_plane": "2", "ideb_bairro": "Tijuca" }, "geometry": { "type": "Polygon", "coordinates": [ [ [ -43.22618870396952, -22.929108469461305 ], [ -43.222018659356401, -22.926107986773381 ], [ -43.222931446598437, -22.921432552343699 ], [ -43.228014206124882, -22.919757634582623 ], [ -43.232184219584418, -22.922758184909831 ], [ -43.231271504682873, -22.927433585347284 ], [ -43.22618870396952, -22.929108469461305 ] ] ] } },
{ "type": "Feature", "properties": { "hex_id": "88a8a074b5fffff", "nome": "Senador Camará", "codbairro": "142", "codra": 17, "rp": "Bangu", "cod_rp": "5.1", "area_plane": "5", "ideb_bairro": "Senador Camará" }, "geometry": { "type": "Polygon", "coordinates": [ [ [ -43.487463219992627, -22.930284352076104 ], [ -43.483292788043784, -22.927291043057956 ], [ -43.484203462590713, -22.922614660096716 ], [ -43.489284495436081, -22.920931622697811 ], [ -43.493454892239505, -22.923924999925298 ], [ -43.492544291354683, -22.928601346330833 ], [ -43.487463219992627, -22.930284352076104 ] ] ] } },
{ "type": "Feature", "properties": { "hex_id": "88a8a06213fffff", "nome": "Gardênia Azul", "codbairro": "117", "codra": 16, "rp": "Jacarepaguá", "cod_rp": "4.1", "area_plane": "4", "ideb_bairro": "Gardênia Azul" }, "geometry": { "type": "Polygon", "coordinates": [ [ [ -43.352991356042708, -22.961634063080471 ], [ -43.348820891803122, -22.958638219229272 ], [ -43.349732704296272, -22.953964036595455 ], [ -43.354814908050272, -22.952285733042654 ], [ -43.358985339194888, -22.95528164486791 ], [ -43.358073599692197, -22.959955792260377 ], [ -43.352991356042708, -22.961634063080471 ] ] ] } },
{ "type": "Feature", "properties": { "hex_id": "88a8a06267fffff", "nome": "Itanhangá", "codbairro": "127", "codra": 24, "rp": "Barra da Tijuca", "cod_rp": "4.2", "area_plane": "4", "ideb_bairro": "Itanhangá" }, "geometry": { "type": "Polygon", "coordinates": [ [ [ -43.301254105369452, -22.983079100799603 ], [ -43.297083578958372, -22.980082626422394 ], [ -43.297995840215805, -22.97540980564635 ], [ -43.303078555162578, -22.973733493974393 ], [ -43.307249049267149, -22.976730036253759 ], [ -43.306336860743222, -22.981402822291372 ], [ -43.301254105369452, -22.983079100799603 ] ] ] } },
{ "type": "Feature", "properties": { "hex_id": "88a8a02f2bfffff", "nome": "Santa Cruz", "codbairro": "149", "codra": 19, "rp": "Santa Cruz", "cod_rp": "5.3", "area_plane": "5", "ideb_bairro": "Santa Cruz" }, "geometry": { "type": "Polygon", "coordinates": [ [ [ -43.698098352365101, -22.873478244720001 ], [ -43.693928112463297, -22.870488643619616 ], [ -43.694836974171444, -22.865808461471115 ], [ -43.699916001086095, -22.864117919033337 ], [ -43.7040862026357, -22.86710758870537 ], [ -43.703177415634471, -22.871787732232072 ], [ -43.698098352365101, -22.873478244720001 ] ] ] } },
{ "type": "Feature", "properties": { "hex_id": "88a8a038b7fffff", "nome": "Guaratiba", "codbairro": "151", "codra": 26, "rp": "Guaratiba", "cod_rp": "5.4", "area_plane": "5", "ideb_bairro": "Guaratiba" }, "geometry": { "type": "Polygon", "coordinates": [ [ [ -43.645800252957372, -22.995846244663856 ], [ -43.641629242382024, -22.992859695572818 ], [ -43.642538711783388, -22.988186283206275 ], [ -43.647619117298156, -22.986499458033663 ], [ -43.651790090304168, -22.989486075807083 ], [ -43.650880695376401, -22.994159450059232 ], [ -43.645800252957372, -22.995846244663856 ] ] ] } },
{ "type": "Feature", "properties": { "hex_id": "88a8a062bbfffff", "nome": "Tanque", "codbairro": "123", "codra": 16, "rp": "Jacarepaguá", "cod_rp": "4.1", "area_plane": "4", "ideb_bairro": "Tanque" }, "geometry": { "type": "Polygon", "coordinates": [ [ [ -43.376442308252308, -22.914520167930064 ], [ -43.372272120454831, -22.911523247046883 ], [ -43.373183675283201, -22.906846432515508 ], [ -43.378265344822616, -22.90516657431932 ], [ -43.382435499171791, -22.908163563138906 ], [ -43.381524017441599, -22.912840342206749 ], [ -43.376442308252308, -22.914520167930064 ] ] ] } },
{ "type": "Feature", "properties": { "hex_id": "88a8a06363fffff", "nome": "Alto da Boa Vista", "codbairro": "034", "codra": 8, "rp": "Tijuca", "cod_rp": "2.2", "area_plane": "2", "ideb_bairro": "Alto da Boa Vista" }, "geometry": { "type": "Polygon", "coordinates": [ [ [ -43.245733746163097, -22.975147831616205 ], [ -43.241563364227936, -22.972149554559017 ], [ -43.242476060894994, -22.967476527259663 ], [ -43.247559067058788, -22.965801811199398 ], [ -43.251729417536993, -22.968800156024503 ], [ -43.250816793320126, -22.973473149130385 ], [ -43.245733746163097, -22.975147831616205 ] ] ] } },
{ "type": "Feature", "properties": { "hex_id": "88a8a07493fffff", "nome": "Campo Grande", "codbairro": "144", "codra": 18, "rp": "Campo Grande", "cod_rp": "5.2", "area_plane": "5", "ideb_bairro": "Campo Grande" }, "geometry": { "type": "Polygon", "coordinates": [ [ [ -43.524469090081062, -22.935520959926698 ], [ -43.520298583712972, -22.932528857372901 ], [ -43.521208963330018, -22.927852621180335 ], [ -43.526289775477146, -22.926168524449658 ], [ -43.530460246134325, -22.929160695304301 ], [ -43.529549940366977, -22.933836894577269 ], [ -43.524469090081062, -22.935520959926698 ] ] ] } },
{ "type": "Feature", "properties": { "hex_id": "88a8a038e9fffff", "nome": "Guaratiba", "codbairro": "151", "codra": 26, "rp": "Guaratiba", "cod_rp": "5.4", "area_plane": "5", "ideb_bairro": "Guaratiba" }, "geometry": { "type": "Polygon", "coordinates": [ [ [ -43.631624140804298, -23.044250350021965 ], [ -43.627452821842226, -23.041265192169782 ], [ -43.628362477695958, -23.036594447196212 ], [ -43.633443378109604, -23.034908898041319 ], [ -43.637614659712895, -23.037894124632562 ], [ -43.636705078272996, -23.042564831628159 ], [ -43.631624140804298, -23.044250350021965 ] ] ] } },
{ "type": "Feature", "properties": { "hex_id": "88a8a074e7fffff", "nome": "Vargem Grande", "codbairro": "131", "codra": 24, "rp": "Barra da Tijuca", "cod_rp": "4.2", "area_plane": "4", "ideb_bairro": "Vargem Grande" }, "geometry": { "type": "Polygon", "coordinates": [ [ [ -43.472747054276994, -22.957026059815131 ], [ -43.468576463157333, -22.954033325211753 ], [ -43.469487296217125, -22.949358438803195 ], [ -43.47456864681412, -22.947676323401087 ], [ -43.478739203010086, -22.950669126231485 ], [ -43.477828443544446, -22.955343976225461 ], [ -43.472747054276994, -22.957026059815131 ] ] ] } },
{ "type": "Feature", "properties": { "hex_id": "88a8a0280dfffff", "nome": "Inhoaíba", "codbairro": "146", "codra": 18, "rp": "Campo Grande", "cod_rp": "5.2", "area_plane": "5", "ideb_bairro": "Inhoaíba" }, "geometry": { "type": "Polygon", "coordinates": [ [ [ -43.597947414452982, -22.92427199995381 ], [ -43.59377691293416, -22.92128150411477 ], [ -43.594686673663922, -22.916604398809515 ], [ -43.599766861707622, -22.914917826971937 ], [ -43.603937326395545, -22.917908391253828 ], [ -43.603027639882335, -22.922585458918952 ], [ -43.597947414452982, -22.92427199995381 ] ] ] } },
{ "type": "Feature", "properties": { "hex_id": "88a8a0393dfffff", "nome": "Grumari", "codbairro": "133", "codra": 24, "rp": "Barra da Tijuca", "cod_rp": "4.2", "area_plane": "4", "ideb_bairro": "Grumari" }, "geometry": { "type": "Polygon", "coordinates": [ [ [ -43.536367936823645, -23.045237071513981 ], [ -43.532196695658179, -23.042249321273623 ], [ -43.533107135607416, -23.037578970210525 ], [ -43.538188742798596, -23.035896406422818 ], [ -43.542359948059072, -23.038884225192792 ], [ -43.541449582045047, -23.043554539209325 ], [ -43.536367936823645, -23.045237071513981 ] ] ] } },
{ "type": "Feature", "properties": { "hex_id": "88a8a0753bfffff", "nome": "Jacarepaguá", "codbairro": "115", "codra": 16, "rp": "Jacarepaguá", "cod_rp": "4.1", "area_plane": "4", "ideb_bairro": "Jacarepaguá" }, "geometry": { "type": "Polygon", "coordinates": [ [ [ -43.399254709619463, -22.968214757621706 ], [ -43.395084137066213, -22.965220418918349 ], [ -43.395995584136152, -22.960546413400063 ], [ -43.40107753054523, -22.958866782269332 ], [ -43.405248069295993, -22.961861189059686 ], [ -43.404336695451903, -22.966535158882252 ], [ -43.399254709619463, -22.968214757621706 ] ] ] } },
{ "type": "Feature", "properties": { "hex_id": "88a8a02861fffff", "nome": "Campo Grande", "codbairro": "144", "codra": 18, "rp": "Campo Grande", "cod_rp": "5.2", "area_plane": "5", "ideb_bairro": "Campo Grande" }, "geometry": { "type": "Polygon", "coordinates": [ [ [ -43.582706432401075, -22.929330503010579 ], [ -43.578535910831846, -22.926339773458807 ], [ -43.579445804082077, -22.921662994524116 ], [ -43.584526144772028, -22.919976982620533 ], [ -43.588696629742309, -22.922967780590692 ], [ -43.587786810633247, -22.927644522034548 ], [ -43.582706432401075, -22.929330503010579 ] ] ] } },
{ "type": "Feature", "properties": { "hex_id": "88a8a03991fffff", "nome": "Guaratiba", "codbairro": "151", "codra": 26, "rp": "Guaratiba", "cod_rp": "5.4", "area_plane": "5", "ideb_bairro": "Guaratiba" }, "geometry": { "type": "Polygon", "coordinates": [ [ [ -43.606064650036167, -23.004661473727555 ], [ -43.601893612372933, -23.00167415252324 ], [ -43.602803421804204, -22.997001355742054 ], [ -43.607884194634195, -22.995315917879285 ], [ -43.612055195333312, -22.998303307693547 ], [ -43.611145460178214, -23.002976066749127 ], [ -43.606064650036167, -23.004661473727555 ] ] ] } },
{ "type": "Feature", "properties": { "hex_id": "88a8a039e5fffff", "nome": "Guaratiba", "codbairro": "151", "codra": 26, "rp": "Guaratiba", "cod_rp": "5.4", "area_plane": "5", "ideb_bairro": "Guaratiba" }, "geometry": { "type": "Polygon", "coordinates": [ [ [ -43.55434351295299, -23.026176543275806 ], [ -43.550172379774722, -23.023188587441592 ], [ -43.551082644982984, -23.018517139127638 ], [ -43.556163969359972, -23.016833683857197 ], [ -43.560335066361006, -23.019821708226008 ], [ -43.559424875173953, -23.024493119319146 ], [ -43.55434351295299, -23.026176543275806 ] ] ] } },
{ "type": "Feature", "properties": { "hex_id": "88a8a075e3fffff", "nome": "Jacarepaguá", "codbairro": "115", "codra": 16, "rp": "Jacarepaguá", "cod_rp": "4.1", "area_plane": "4", "ideb_bairro": "Jacarepaguá" }, "geometry": { "type": "Polygon", "coordinates": [ [ [ -43.417234339997677, -22.949152060893642 ], [ -43.413063869124485, -22.946157517925656 ], [ -43.41397514276273, -22.941482414938466 ], [ -43.419056813973626, -22.939801890776916 ], [ -43.423227250771731, -22.942796501835534 ], [ -43.422316050445744, -22.947471568953564 ], [ -43.417234339997677, -22.949152060893642 ] ] ] } },
{ "type": "Feature", "properties": { "hex_id": "88a8a02909fffff", "nome": "Campo Grande", "codbairro": "144", "codra": 18, "rp": "Campo Grande", "cod_rp": "5.2", "area_plane": "5", "ideb_bairro": "Campo Grande" }, "geometry": { "type": "Polygon", "coordinates": [ [ [ -43.54244210158663, -22.916438184510483 ], [ -43.538271702623454, -22.91344587705019 ], [ -43.53918190766975, -22.9087685478152 ], [ -43.544262437755194, -22.907083563123084 ], [ -43.548432800735299, -22.910075938888181 ], [ -43.547522669624698, -22.914753231029092 ], [ -43.54244210158663, -22.916438184510483 ] ] ] } },
{ "type": "Feature", "properties": { "hex_id": "88a8a06507fffff", "nome": "Anchieta", "codbairro": "107", "codra": 22, "rp": "Pavuna", "cod_rp": "3.6", "area_plane": "3", "ideb_bairro": "Anchieta" }, "geometry": { "type": "Polygon", "coordinates": [ [ [ -43.383596972425742, -22.828983077731078 ], [ -43.379427337017006, -22.825983241778694 ], [ -43.380338710934716, -22.821301800766612 ], [ -43.385419647158258, -22.819620231214518 ], [ -43.389589249018449, -22.822620134955283 ], [ -43.388677948215367, -22.82730154044825 ], [ -43.383596972425742, -22.828983077731078 ] ] ] } },
{ "type": "Feature", "properties": { "hex_id": "88a8a07637fffff", "nome": "Recreio dos Bandeirantes", "codbairro": "132", "codra": 24, "rp": "Barra da Tijuca", "cod_rp": "4.2", "area_plane": "4", "ideb_bairro": "Recreio dos Bandeirantes" }, "geometry": { "type": "Polygon", "coordinates": [ [ [ -43.474329300872718, -23.022074586283512 ], [ -43.470158279478717, -23.019084278071951 ], [ -43.471069193203256, -23.014412901333426 ], [ -43.476151054716262, -23.012731869232578 ], [ -43.480322041155219, -23.015722245794958 ], [ -43.479411201047931, -23.020393586095842 ], [ -43.474329300872718, -23.022074586283512 ] ] ] } },
{ "type": "Feature", "properties": { "hex_id": "88a8a07461fffff", "nome": "Recreio dos Bandeirantes", "codbairro": "132", "codra": 24, "rp": "Barra da Tijuca", "cod_rp": "4.2", "area_plane": "4", "ideb_bairro": "Recreio dos Bandeirantes" }, "geometry": { "type": "Polygon", "coordinates": [ [ [ -43.434057457906185, -23.00916984347586 ], [ -43.429886570255611, -23.006177956490536 ], [ -43.43079779347088, -23.001506032555731 ], [ -43.435879830937367, -22.999826031636832 ], [ -43.440050684249414, -23.002817986861064 ], [ -43.439139534445225, -23.007489874753745 ], [ -43.434057457906185, -23.00916984347586 ] ] ] } },
{ "type": "Feature", "properties": { "hex_id": "88a8a0295dfffff", "nome": "Campo Grande", "codbairro": "144", "codra": 18, "rp": "Campo Grande", "cod_rp": "5.2", "area_plane": "5", "ideb_bairro": "Campo Grande" }, "geometry": { "type": "Polygon", "coordinates": [ [ [ -43.554953441025575, -22.925413763156484 ], [ -43.550782970831676, -22.922422127608289 ], [ -43.551693086224532, -22.917745236746956 ], [ -43.55677359782225, -22.916060018640206 ], [ -43.560944031841139, -22.919051722537795 ], [ -43.560033990448993, -22.92372857618124 ], [ -43.554953441025575, -22.925413763156484 ] ] ] } },
{ "type": "Feature", "properties": { "hex_id": "88a8a0655bfffff", "nome": "Vila Militar", "codbairro": "135", "codra": 33, "rp": "Bangu", "cod_rp": "5.1", "area_plane": "5", "ideb_bairro": "Vila Militar" }, "geometry": { "type": "Polygon", "coordinates": [ [ [ -43.417866076811755, -22.848293620512131 ], [ -43.413696268495762, -22.845295419800053 ], [ -43.414607392045127, -22.840614885483209 ], [ -43.419688250630088, -22.838932587726813 ], [ -43.423858024872189, -22.84193085633953 ], [ -43.422946974614931, -22.84661135479649 ], [ -43.417866076811755, -22.848293620512131 ] ] ] } },
{ "type": "Feature", "properties": { "hex_id": "88a8a0768bfffff", "nome": "Guaratiba", "codbairro": "151", "codra": 26, "rp": "Guaratiba", "cod_rp": "5.4", "area_plane": "5", "ideb_bairro": "Guaratiba" }, "geometry": { "type": "Polygon", "coordinates": [ [ [ -43.529317070467698, -23.008245437807659 ], [ -43.525146080231188, -23.005256134099408 ], [ -43.526056524704778, -23.000583806522119 ], [ -43.531137885535486, -22.998900819615933 ], [ -43.535308839978853, -23.001890191770634 ], [ -43.534398469396351, -23.006562482373578 ], [ -43.529317070467698, -23.008245437807659 ] ] ] } },
{ "type": "Feature", "properties": { "hex_id": "88a8a06331fffff", "nome": "Tijuca", "codbairro": "033", "codra": 8, "rp": "Tijuca", "cod_rp": "2.2", "area_plane": "2", "ideb_bairro": "Tijuca" }, "geometry": { "type": "Polygon", "coordinates": [ [ [ -43.260462558879219, -22.948430195571426 ], [ -43.256292327592924, -22.945431347357896 ], [ -43.257204867397483, -22.940756817310078 ], [ -43.262287565981303, -22.939081169796516 ], [ -43.266457765588143, -22.942080085759432 ], [ -43.265545298302378, -22.946754581474984 ], [ -43.260462558879219, -22.948430195571426 ] ] ] } },
{ "type": "Feature", "properties": { "hex_id": "88a8a06e1dfffff", "nome": "Acari", "codbairro": "111", "codra": 25, "rp": "Pavuna", "cod_rp": "3.6", "area_plane": "3", "ideb_bairro": "Acari" }, "geometry": { "type": "Polygon", "coordinates": [ [ [ -43.3373433654262, -22.822384625444794 ], [ -43.333173840124786, -22.819383292036413 ], [ -43.334085578909637, -22.814701674799124 ], [ -43.339166770128379, -22.81302142602101 ], [ -43.343336262588373, -22.81602282710411 ], [ -43.342424596682783, -22.820704409279102 ], [ -43.3373433654262, -22.822384625444794 ] ] ] } },
{ "type": "Feature", "properties": { "hex_id": "88a8a029b1fffff", "nome": "Campo Grande", "codbairro": "144", "codra": 18, "rp": "Campo Grande", "cod_rp": "5.2", "area_plane": "5", "ideb_bairro": "Campo Grande" }, "geometry": { "type": "Polygon", "coordinates": [ [ [ -43.58058251418133, -22.842500174607313 ], [ -43.576412565571914, -22.839506211724412 ], [ -43.577322351670254, -22.834824772552089 ], [ -43.582402012279495, -22.833137333712934 ], [ -43.586571924332368, -22.836131364845116 ], [ -43.585662212344211, -22.840812766555693 ], [ -43.58058251418133, -22.842500174607313 ] ] ] } },
{ "type": "Feature", "properties": { "hex_id": "88a8a02a05fffff", "nome": "Guaratiba", "codbairro": "151", "codra": 26, "rp": "Guaratiba", "cod_rp": "5.4", "area_plane": "5", "ideb_bairro": "Guaratiba" }, "geometry": { "type": "Polygon", "coordinates": [ [ [ -43.617513307968181, -22.97026138421862 ], [ -43.613342487560054, -22.967273114248584 ], [ -43.61425215333643, -22.962598419267731 ], [ -43.619332565206975, -22.960912032080991 ], [ -43.62350334848032, -22.963900370623112 ], [ -43.622593757029541, -22.968575027768392 ], [ -43.617513307968181, -22.97026138421862 ] ] ] } },
{ "type": "Feature", "properties": { "hex_id": "88a8a06603fffff", "nome": "Senador Camará", "codbairro": "142", "codra": 17, "rp": "Bangu", "cod_rp": "5.1", "area_plane": "5", "ideb_bairro": "Senador Camará" }, "geometry": { "type": "Polygon", "coordinates": [ [ [ -43.480416189252892, -22.893239876763737 ], [ -43.476246009012684, -22.890245021930884 ], [ -43.477156687849217, -22.885566670279257 ], [ -43.482237473319678, -22.883883209930765 ], [ -43.486407618526144, -22.886878132887524 ], [ -43.485497013307594, -22.891556448057347 ], [ -43.480416189252892, -22.893239876763737 ] ] ] } },
{ "type": "Feature", "properties": { "hex_id": "88a8a3934dfffff", "nome": "Campo Grande", "codbairro": "144", "codra": 18, "rp": "Campo Grande", "cod_rp": "5.2", "area_plane": "5", "ideb_bairro": "Campo Grande" }, "geometry": { "type": "Polygon", "coordinates": [ [ [ -43.552833282486546, -22.838578023904436 ], [ -43.548663385388139, -22.83558315772386 ], [ -43.549573393536299, -22.830901606714054 ], [ -43.554653224824719, -22.829214959061193 ], [ -43.558823085790351, -22.832209893421751 ], [ -43.557913151612006, -22.836891407243691 ], [ -43.552833282486546, -22.838578023904436 ] ] ] } },
{ "type": "Feature", "properties": { "hex_id": "88a8a02197fffff", "nome": "Santa Cruz", "codbairro": "149", "codra": 19, "rp": "Santa Cruz", "cod_rp": "5.3", "area_plane": "5", "ideb_bairro": "Santa Cruz" }, "geometry": { "type": "Polygon", "coordinates": [ [ [ -43.751405017477076, -22.917000492393758 ], [ -43.747234462903961, -22.914013959424246 ], [ -43.748142945064501, -22.90933593855884 ], [ -43.7532219068258, -22.907644489799591 ], [ -43.757392422228875, -22.910631091542971 ], [ -43.756484015052287, -22.915309073260275 ], [ -43.751405017477076, -22.917000492393758 ] ] ] } },
{ "type": "Feature", "properties": { "hex_id": "88a8a07733fffff", "nome": "Barra da Tijuca", "codbairro": "128", "codra": 24, "rp": "Barra da Tijuca", "cod_rp": "4.2", "area_plane": "4", "ideb_bairro": "Barra da Tijuca" }, "geometry": { "type": "Polygon", "coordinates": [ [ [ -43.418810937823068, -23.014208621540277 ], [ -43.414640036477188, -23.011216500919915 ], [ -43.415551390918523, -23.006544907459485 ], [ -43.420633573382176, -23.0048654705015 ], [ -43.424804440621884, -23.007857659336757 ], [ -43.423893159515828, -23.012529216903577 ], [ -43.418810937823068, -23.014208621540277 ] ] ] } },
{ "type": "Feature", "properties": { "hex_id": "88a8a02a59fffff", "nome": "Guaratiba", "codbairro": "151", "codra": 26, "rp": "Guaratiba", "cod_rp": "5.4", "area_plane": "5", "ideb_bairro": "Guaratiba" }, "geometry": { "type": "Polygon", "coordinates": [ [ [ -43.651790090304168, -22.989486075807083 ], [ -43.647619117298156, -22.986499458033663 ], [ -43.648528528143224, -22.981825681354543 ], [ -43.653608837503803, -22.980138560610108 ], [ -43.657779772849871, -22.983125247067605 ], [ -43.656870436506942, -22.987798985573949 ], [ -43.651790090304168, -22.989486075807083 ] ] ] } },
{ "type": "Feature", "properties": { "hex_id": "88a8a06657fffff", "nome": "Senador Camará", "codbairro": "142", "codra": 17, "rp": "Bangu", "cod_rp": "5.1", "area_plane": "5", "ideb_bairro": "Senador Camará" }, "geometry": { "type": "Polygon", "coordinates": [ [ [ -43.492926876457268, -22.902223100572641 ], [ -43.48875662301915, -22.899228916129466 ], [ -43.489667212642694, -22.894551001818787 ], [ -43.494747982032933, -22.8928673085457 ], [ -43.498918200245321, -22.895861561157378 ], [ -43.498007684304895, -22.900539438862129 ], [ -43.492926876457268, -22.902223100572641 ] ] ] } },
{ "type": "Feature", "properties": { "hex_id": "88a8a021ebfffff", "nome": "Santa Cruz", "codbairro": "149", "codra": 19, "rp": "Santa Cruz", "cod_rp": "5.3", "area_plane": "5", "ideb_bairro": "Santa Cruz" }, "geometry": { "type": "Polygon", "coordinates": [ [ [ -43.721465642818067, -22.948837648793074 ], [ -43.717294893752033, -22.945851459667818 ], [ -43.718203669977662, -22.941175252644896 ], [ -43.72328312043927, -22.939485273590535 ], [ -43.727453830787717, -22.942471531481274 ], [ -43.726545129403782, -22.947147699649427 ], [ -43.721465642818067, -22.948837648793074 ] ] ] } },
{ "type": "Feature", "properties": { "hex_id": "88a8a06f19fffff", "nome": "Cordovil", "codbairro": "046", "codra": 31, "rp": "Penha", "cod_rp": "3.5", "area_plane": "3", "ideb_bairro": "Cordovil" }, "geometry": { "type": "Polygon", "coordinates": [ [ [ -43.281838123512983, -22.814447884945341 ], [ -43.277668737519079, -22.811444757217561 ], [ -43.278580912589995, -22.806762931525725 ], [ -43.283662401070089, -22.8050842680641 ], [ -43.287831755071302, -22.808087463330736 ], [ -43.286919652596865, -22.812769254508634 ], [ -43.281838123512983, -22.814447884945341 ] ] ] } },
{ "type": "Feature", "properties": { "hex_id": "88a8a02aadfffff", "nome": "Paciência", "codbairro": "148", "codra": 19, "rp": "Santa Cruz", "cod_rp": "5.3", "area_plane": "5", "ideb_bairro": "Paciência" }, "geometry": { "type": "Polygon", "coordinates": [ [ [ -43.640939515074756, -22.923118693760575 ], [ -43.636768986933916, -22.920129338685609 ], [ -43.637678392006109, -22.915452020995708 ], [ -43.6427582507987, -22.913764096431752 ], [ -43.64692874145296, -22.916753520043414 ], [ -43.646019410812855, -22.921430799670848 ], [ -43.640939515074756, -22.923118693760575 ] ] ] } },
{ "type": "Feature", "properties": { "hex_id": "88a8a066abfffff", "nome": "Bangu", "codbairro": "141", "codra": 17, "rp": "Bangu", "cod_rp": "5.1", "area_plane": "5", "ideb_bairro": "Bangu" }, "geometry": { "type": "Polygon", "coordinates": [ [ [ -43.503852660520337, -22.846073053193372 ], [ -43.499682764285687, -22.843077119882835 ], [ -43.500593184048405, -22.83839614774309 ], [ -43.505673426332379, -22.836711145608632 ], [ -43.509843287180793, -22.839707147004887 ], [ -43.508932941143165, -22.844388082438389 ], [ -43.503852660520337, -22.846073053193372 ] ] ] } },
{ "type": "Feature", "properties": { "hex_id": "88a8a02b01fffff", "nome": "Guaratiba", "codbairro": "151", "codra": 26, "rp": "Guaratiba", "cod_rp": "5.4", "area_plane": "5", "ideb_bairro": "Guaratiba" }, "geometry": { "type": "Polygon", "coordinates": [ [ [ -43.562004721194384, -22.962439798879636 ], [ -43.557834000594106, -22.959449713667418 ], [ -43.558744111341603, -22.954774793580629 ], [ -43.563824868656212, -22.95308999598511 ], [ -43.567995552969634, -22.956080149631482 ], [ -43.567085516266971, -22.960755032427738 ], [ -43.562004721194384, -22.962439798879636 ] ] ] } },
{ "type": "Feature", "properties": { "hex_id": "88a8a02b55fffff", "nome": "Guaratiba", "codbairro": "151", "codra": 26, "rp": "Guaratiba", "cod_rp": "5.4", "area_plane": "5", "ideb_bairro": "Guaratiba" }, "geometry": { "type": "Polygon", "coordinates": [ [ [ -43.574517024320819, -22.971408708106505 ], [ -43.570346233101745, -22.968419296143697 ], [ -43.571256254046055, -22.963744815293317 ], [ -43.57633699211128, -22.96205978380825 ], [ -43.580507746851509, -22.965049264249618 ], [ -43.579597800017034, -22.969723707685983 ], [ -43.574517024320819, -22.971408708106505 ] ] ] } },
{ "type": "Feature", "properties": { "hex_id": "88a8a0740dfffff", "nome": "Recreio dos Bandeirantes", "codbairro": "132", "codra": 24, "rp": "Barra da Tijuca", "cod_rp": "4.2", "area_plane": "4", "ideb_bairro": "Recreio dos Bandeirantes" }, "geometry": { "type": "Polygon", "coordinates": [ [ [ -43.449303541814658, -23.0041293734654 ], [ -43.445132668450952, -23.001137720146762 ], [ -43.446043760318261, -22.996465466079428 ], [ -43.451125652074118, -22.994784901509902 ], [ -43.455296490866964, -22.997776623091507 ], [ -43.454385472486514, -23.002448840968146 ], [ -43.449303541814658, -23.0041293734654 ] ] ] } },
{ "type": "Feature", "properties": { "hex_id": "88a8a06753fffff", "nome": "Realengo", "codbairro": "139", "codra": 33, "rp": "Bangu", "cod_rp": "5.1", "area_plane": "5", "ideb_bairro": "Realengo" }, "geometry": { "type": "Polygon", "coordinates": [ [ [ -43.437419657696772, -22.89434989037861 ], [ -43.43324952163475, -22.891353900076528 ], [ -43.434160552371331, -22.886675768043311 ], [ -43.439241645780193, -22.884993662359982 ], [ -43.443411747464772, -22.887989720693533 ], [ -43.442500790129635, -22.892667816667434 ], [ -43.437419657696772, -22.89434989037861 ] ] ] } },
{ "type": "Feature", "properties": { "hex_id": "88a8a07883fffff", "nome": "Humaitá", "codbairro": "021", "codra": 4, "rp": "Zona Sul", "cod_rp": "2.1", "area_plane": "2", "ideb_bairro": "Humaitá" }, "geometry": { "type": "Polygon", "coordinates": [ [ [ -43.202205186291721, -22.954502942424451 ], [ -43.198035017974803, -22.951502730285352 ], [ -43.198948034042445, -22.946828764566462 ], [ -43.204031146214284, -22.945155044737994 ], [ -43.208201283741857, -22.948155324513035 ], [ -43.207288339898724, -22.952829256469048 ], [ -43.202205186291721, -22.954502942424451 ] ] ] } },
{ "type": "Feature", "properties": { "hex_id": "88a8a078d7fffff", "nome": "Alto da Boa Vista", "codbairro": "034", "codra": 8, "rp": "Tijuca", "cod_rp": "2.2", "area_plane": "2", "ideb_bairro": "Alto da Boa Vista" }, "geometry": { "type": "Polygon", "coordinates": [ [ [ -43.214715855443629, -22.963502244515073 ], [ -43.210545605070045, -22.960502699584648 ], [ -43.211458533862043, -22.9558291688836 ], [ -43.216541640749284, -22.954155216988799 ], [ -43.220711860141314, -22.957154829598878 ], [ -43.219799003639444, -22.961828326412547 ], [ -43.214715855443629, -22.963502244515073 ] ] ] } },
{ "type": "Feature", "properties": { "hex_id": "88a8a062ddfffff", "nome": "Curicica", "codbairro": "119", "codra": 16, "rp": "Jacarepaguá", "cod_rp": "4.1", "area_plane": "4", "ideb_bairro": "Curicica" }, "geometry": { "type": "Polygon", "coordinates": [ [ [ -43.383484107347236, -22.951561619332193 ], [ -43.379313665976035, -22.948566241264043 ], [ -43.380225217010278, -22.943891397075436 ], [ -43.385307136285157, -22.942211966482034 ], [ -43.389477544096579, -22.945207412571698 ], [ -43.388566066204639, -22.949882221221714 ], [ -43.383484107347236, -22.951561619332193 ] ] ] } },
{ "type": "Feature", "properties": { "hex_id": "88a8a079d3fffff", "nome": "Urca", "codbairro": "022", "codra": 4, "rp": "Zona Sul", "cod_rp": "2.1", "area_plane": "2", "ideb_bairro": "Urca" }, "geometry": { "type": "Polygon", "coordinates": [ [ [ -43.159194878114377, -22.955538401196922 ], [ -43.15502478442793, -22.95253705850655 ], [ -43.155938145966971, -22.947863326390152 ], [ -43.161021529198088, -22.946190970294506 ], [ -43.165191592752848, -22.949192380531073 ], [ -43.16427830321998, -22.953866079305531 ], [ -43.159194878114377, -22.955538401196922 ] ] ] } },
{ "type": "Feature", "properties": { "hex_id": "88a8a06035fffff", "nome": "Engenho de Dentro", "codbairro": "066", "codra": 13, "rp": "Méier", "cod_rp": "3.2", "area_plane": "3", "ideb_bairro": "Engenho de Dentro" }, "geometry": { "type": "Polygon", "coordinates": [ [ [ -43.293173754361618, -22.902643570888142 ], [ -43.289003770244101, -22.899643948567629 ], [ -43.289915980836376, -22.894966818962516 ], [ -43.294998102883845, -22.893289346310233 ], [ -43.299168054826538, -22.896289036363921 ], [ -43.298255916908353, -22.900966131325173 ], [ -43.293173754361618, -22.902643570888142 ] ] ] } },
{ "type": "Feature", "properties": { "hex_id": "88a8a06089fffff", "nome": "Campinho", "codbairro": "078", "codra": 15, "rp": "Madureira", "cod_rp": "3.3", "area_plane": "3", "ideb_bairro": "Campinho" }, "geometry": { "type": "Polygon", "coordinates": [ [ [ -43.348163264152006, -22.888859354398562 ], [ -43.343993285829185, -22.885860728450826 ], [ -43.344905032683791, -22.881182641276045 ], [ -43.349986684923664, -22.879503215218804 ], [ -43.354156630232865, -22.882501908992637 ], [ -43.353244956327558, -22.887179960986099 ], [ -43.348163264152006, -22.888859354398562 ] ] ] } },
{ "type": "Feature", "properties": { "hex_id": "88a8a071b9fffff", "nome": "Joá", "codbairro": "126", "codra": 24, "rp": "Barra da Tijuca", "cod_rp": "4.2", "area_plane": "4", "ideb_bairro": "Joá" }, "geometry": { "type": "Polygon", "coordinates": [ [ [ -43.286526650637391, -23.009789514972248 ], [ -43.282355972026529, -23.006793613006593 ], [ -43.283268390462972, -23.002122295939728 ], [ -43.288351414857047, -23.000446915426199 ], [ -43.292522061383814, -23.003442885311905 ], [ -43.291609715612374, -23.008114167779542 ], [ -43.286526650637391, -23.009789514972248 ] ] ] } },
{ "type": "Feature", "properties": { "hex_id": "88a8a060ddfffff", "nome": "Vila Valqueire", "codbairro": "125", "codra": 16, "rp": "Jacarepaguá", "cod_rp": "4.1", "area_plane": "4", "ideb_bairro": "Vila Valqueire" }, "geometry": { "type": "Polygon", "coordinates": [ [ [ -43.360673354011041, -22.897853896064284 ], [ -43.356503298286867, -22.894855938250462 ], [ -43.357414956857021, -22.890178286841721 ], [ -43.362496598148454, -22.888498628541086 ], [ -43.366666620666955, -22.891496654225353 ], [ -43.365755035111427, -22.89617427032827 ], [ -43.360673354011041, -22.897853896064284 ] ] ] } },
{ "type": "Feature", "properties": { "hex_id": "88a8a06131fffff", "nome": "Benfica", "codbairro": "012", "codra": 7, "rp": "Centro", "cod_rp": "1.1", "area_plane": "1", "ideb_bairro": "Benfica" }, "geometry": { "type": "Polygon", "coordinates": [ [ [ -43.237660213751319, -22.894700410167534 ], [ -43.233490375213357, -22.8916989904681 ], [ -43.234403020859077, -22.887021654913113 ], [ -43.239485432663677, -22.885345773143179 ], [ -43.243655239876077, -22.888347260441009 ], [ -43.242742666621204, -22.893024561898834 ], [ -43.237660213751319, -22.894700410167534 ] ] ] } },
{ "type": "Feature", "properties": { "hex_id": "88a8a06185fffff", "nome": "Complexo do Alemão", "codbairro": "156", "codra": 29, "rp": "Inhaúma", "cod_rp": "3.4", "area_plane": "3", "ideb_bairro": "Complexo do Alemão" }, "geometry": { "type": "Polygon", "coordinates": [ [ [ -43.270891276084832, -22.870608171653096 ], [ -43.266721539154034, -22.867606780829384 ], [ -43.267633883070253, -22.862928015314736 ], [ -43.272715891375178, -22.861250675030625 ], [ -43.276885596474912, -22.864252133478153 ], [ -43.275973325112552, -22.868930864574441 ], [ -43.270891276084832, -22.870608171653096 ] ] ] } },
{ "type": "Feature", "properties": { "hex_id": "88a8a02e49fffff", "nome": "Santa Cruz", "codbairro": "149", "codra": 19, "rp": "Santa Cruz", "cod_rp": "5.3", "area_plane": "5", "ideb_bairro": "Santa Cruz" }, "geometry": { "type": "Polygon", "coordinates": [ [ [ -43.779153561889487, -22.920883222376876 ], [ -43.774982969810075, -22.91789759921944 ], [ -43.775891226879089, -22.913219696071295 ], [ -43.780970000915538, -22.911527455490152 ], [ -43.785140553401568, -22.914513147491579 ], [ -43.784232371456142, -22.91919101121869 ], [ -43.779153561889487, -22.920883222376876 ] ] ] } },
{ "type": "Feature", "properties": { "hex_id": "88a8a061d9fffff", "nome": "Piedade", "codbairro": "069", "codra": 13, "rp": "Méier", "cod_rp": "3.2", "area_plane": "3", "ideb_bairro": "Piedade" }, "geometry": { "type": "Polygon", "coordinates": [ [ [ -43.305162208090479, -22.889933837770254 ], [ -43.300992288413553, -22.886934079982538 ], [ -43.301904384082114, -22.882256218652376 ], [ -43.306986326707445, -22.880578149857477 ], [ -43.311156214027619, -22.883577975380071 ], [ -43.310244191090973, -22.888255801951157 ], [ -43.305162208090479, -22.889933837770254 ] ] ] } },
{ "type": "Feature", "properties": { "hex_id": "88a8a06a9bfffff", "nome": "Maré", "codbairro": "157", "codra": 30, "rp": "Ramos", "cod_rp": "3.1", "area_plane": "3", "ideb_bairro": "Maré" }, "geometry": { "type": "Polygon", "coordinates": [ [ [ -43.2458732559586, -22.852596496706152 ], [ -43.241703679918579, -22.849593774198812 ], [ -43.242616199035659, -22.844914140250939 ], [ -43.24769822178164, -22.843237262967317 ], [ -43.251867766374737, -22.846240053009854 ], [ -43.25095531968055, -22.850919652789269 ], [ -43.2458732559586, -22.852596496706152 ] ] ] } },
{ "type": "Feature", "properties": { "hex_id": "88a8a0622dfffff", "nome": "Alto da Boa Vista", "codbairro": "034", "codra": 8, "rp": "Tijuca", "cod_rp": "2.2", "area_plane": "2", "ideb_bairro": "Alto da Boa Vista" }, "geometry": { "type": "Polygon", "coordinates": [ [ [ -43.297995840215805, -22.97540980564635 ], [ -43.293825369504724, -22.972412962744219 ], [ -43.294737645984597, -22.967739740300825 ], [ -43.299820320472072, -22.966063395453165 ], [ -43.303990758927227, -22.969060306236123 ], [ -43.303078555162578, -22.973733493974393 ], [ -43.297995840215805, -22.97540980564635 ] ] ] } },
{ "type": "Feature", "properties": { "hex_id": "88a8a02f4dfffff", "nome": "Santa Cruz", "codbairro": "149", "codra": 19, "rp": "Santa Cruz", "cod_rp": "5.3", "area_plane": "5", "ideb_bairro": "Santa Cruz" }, "geometry": { "type": "Polygon", "coordinates": [ [ [ -43.705156461447935, -22.910517931959227 ], [ -43.700985973736898, -22.907529884168522 ], [ -43.701894830118455, -22.902851668927678 ], [ -43.706974099471665, -22.90116154015913 ], [ -43.711144548718423, -22.904149656607157 ], [ -43.710235767087852, -22.908827833154941 ], [ -43.705156461447935, -22.910517931959227 ] ] ] } },
{ "type": "Feature", "properties": { "hex_id": "88a8a06281fffff", "nome": "Taquara", "codbairro": "122", "codra": 16, "rp": "Jacarepaguá", "cod_rp": "4.1", "area_plane": "4", "ideb_bairro": "Taquara" }, "geometry": { "type": "Polygon", "coordinates": [ [ [ -43.367714134646931, -22.934903486583444 ], [ -43.363543825082481, -22.931907070126762 ], [ -43.364455479933902, -22.927231387936438 ], [ -43.369537371302762, -22.925552157572508 ], [ -43.373707647550098, -22.928548641985067 ], [ -43.372796065757427, -22.93322428879414 ], [ -43.367714134646931, -22.934903486583444 ] ] ] } },
{ "type": "Feature", "properties": { "hex_id": "88a8a02f45fffff", "nome": "Santa Cruz", "codbairro": "149", "codra": 19, "rp": "Santa Cruz", "cod_rp": "5.3", "area_plane": "5", "ideb_bairro": "Santa Cruz" }, "geometry": { "type": "Polygon", "coordinates": [ [ [ -43.701894830118455, -22.902851668927678 ], [ -43.697724394755681, -22.899863249769101 ], [ -43.698633267148132, -22.895184633217891 ], [ -43.703712500182121, -22.893494474474402 ], [ -43.707882897131256, -22.89648296226855 ], [ -43.706974099471665, -22.90116154015913 ], [ -43.701894830118455, -22.902851668927678 ] ] ] } },
{ "type": "Feature", "properties": { "hex_id": "88a8a062d5fffff", "nome": "Curicica", "codbairro": "119", "codra": 16, "rp": "Jacarepaguá", "cod_rp": "4.1", "area_plane": "4", "ideb_bairro": "Curicica" }, "geometry": { "type": "Polygon", "coordinates": [ [ [ -43.380225217010278, -22.943891397075436 ], [ -43.376054830654788, -22.940895650102789 ], [ -43.376966397071634, -22.936220404548269 ], [ -43.382048276731638, -22.934540941460302 ], [ -43.38621862957794, -22.937536756432952 ], [ -43.385307136285157, -22.942211966482034 ], [ -43.380225217010278, -22.943891397075436 ] ] ] } },
{ "type": "Feature", "properties": { "hex_id": "88a8a07405fffff", "nome": "Vargem Pequena", "codbairro": "130", "codra": 24, "rp": "Barra da Tijuca", "cod_rp": "4.2", "area_plane": "4", "ideb_bairro": "Vargem Pequena" }, "geometry": { "type": "Polygon", "coordinates": [ [ [ -43.446043760318261, -22.996465466079428 ], [ -43.441872941435598, -22.993473442614913 ], [ -43.442784048817316, -22.988800786350701 ], [ -43.447865901624787, -22.987120189697329 ], [ -43.45203668598721, -22.990112281403537 ], [ -43.451125652074118, -22.994784901509902 ], [ -43.446043760318261, -22.996465466079428 ] ] ] } },
{ "type": "Feature", "properties": { "hex_id": "88a8a06329fffff", "nome": "Alto da Boa Vista", "codbairro": "034", "codra": 8, "rp": "Tijuca", "cod_rp": "2.2", "area_plane": "2", "ideb_bairro": "Alto da Boa Vista" }, "geometry": { "type": "Polygon", "coordinates": [ [ [ -43.242476060894994, -22.967476527259663 ], [ -43.238305735116427, -22.964477882288623 ], [ -43.239218446896281, -22.959804453522324 ], [ -43.244301412034531, -22.958129703875517 ], [ -43.248471706406711, -22.961128416593112 ], [ -43.247559067058788, -22.965801811199398 ], [ -43.242476060894994, -22.967476527259663 ] ] ] } },
{ "type": "Feature", "properties": { "hex_id": "88a8a07459fffff", "nome": "Recreio dos Bandeirantes", "codbairro": "132", "codra": 24, "rp": "Barra da Tijuca", "cod_rp": "4.2", "area_plane": "4", "ideb_bairro": "Recreio dos Bandeirantes" }, "geometry": { "type": "Polygon", "coordinates": [ [ [ -43.480322041155219, -23.015722245794958 ], [ -43.476151054716262, -23.012731869232578 ], [ -43.477061910406192, -23.008060126415376 ], [ -43.482143678900805, -23.006378796644615 ], [ -43.486314630293904, -23.009369241559305 ], [ -43.485403848249959, -23.014040947880929 ], [ -43.480322041155219, -23.015722245794958 ] ] ] } },
{ "type": "Feature", "properties": { "hex_id": "88a8a074adfffff", "nome": "Vargem Grande", "codbairro": "131", "codra": 24, "rp": "Barra da Tijuca", "cod_rp": "4.2", "area_plane": "4", "ideb_bairro": "Vargem Grande" }, "geometry": { "type": "Polygon", "coordinates": [ [ [ -43.469487296217125, -22.949358438803195 ], [ -43.465316759376641, -22.946365334405474 ], [ -43.466227607994554, -22.941690046411633 ], [ -43.471308919888706, -22.94000789918567 ], [ -43.4754794218561, -22.94300107178892 ], [ -43.47456864681412, -22.947676323401087 ], [ -43.469487296217125, -22.949358438803195 ] ] ] } },
{ "type": "Feature", "properties": { "hex_id": "88a8a06289fffff", "nome": "Taquara", "codbairro": "122", "codra": 16, "rp": "Jacarepaguá", "cod_rp": "4.1", "area_plane": "4", "ideb_bairro": "Taquara" }, "geometry": { "type": "Polygon", "coordinates": [ [ [ -43.370972859835, -22.942574815329177 ], [ -43.366802495153088, -22.939578767552433 ], [ -43.367714134646931, -22.934903486583444 ], [ -43.372796065757427, -22.93322428879414 ], [ -43.376966397071634, -22.936220404548269 ], [ -43.376054830654788, -22.940895650102789 ], [ -43.370972859835, -22.942574815329177 ] ] ] } },
{ "type": "Feature", "properties": { "hex_id": "88a8a03903fffff", "nome": "Barra de Guaratiba", "codbairro": "152", "codra": 26, "rp": "Guaratiba", "cod_rp": "5.4", "area_plane": "5", "ideb_bairro": "Barra de Guaratiba" }, "geometry": { "type": "Polygon", "coordinates": [ [ [ -43.548881803313918, -23.054198972986939 ], [ -43.544710490695515, -23.051211897414998 ], [ -43.545620840997323, -23.046541986440968 ], [ -43.550702429928933, -23.044859188196977 ], [ -43.554873706450287, -23.047846332342452 ], [ -43.553963430148755, -23.052516206146883 ], [ -43.548881803313918, -23.054198972986939 ] ] ] } },
{ "type": "Feature", "properties": { "hex_id": "88a8a07501fffff", "nome": "Barra da Tijuca", "codbairro": "128", "codra": 24, "rp": "Barra da Tijuca", "cod_rp": "4.2", "area_plane": "4", "ideb_bairro": "Barra da Tijuca" }, "geometry": { "type": "Polygon", "coordinates": [ [ [ -43.390526689886286, -22.988586606761363 ], [ -43.386355995036737, -22.985592773645298 ], [ -43.387267542242846, -22.980919902340098 ], [ -43.392349711123764, -22.979240899752664 ], [ -43.396520372301985, -22.98223480097462 ], [ -43.395608898282347, -22.986907636666587 ], [ -43.390526689886286, -22.988586606761363 ] ] ] } },
{ "type": "Feature", "properties": { "hex_id": "88a8a02827fffff", "nome": "Campo Grande", "codbairro": "144", "codra": 18, "rp": "Campo Grande", "cod_rp": "5.2", "area_plane": "5", "ideb_bairro": "Campo Grande" }, "geometry": { "type": "Polygon", "coordinates": [ [ [ -43.57891488684362, -22.89996164310196 ], [ -43.574744561893908, -22.896969734148069 ], [ -43.575654444124254, -22.892291387729831 ], [ -43.580734577200751, -22.890604987704929 ], [ -43.584904865612756, -22.893596965013579 ], [ -43.583995057497646, -22.898275273980882 ], [ -43.57891488684362, -22.89996164310196 ] ] ] } },
{ "type": "Feature", "properties": { "hex_id": "88a8a03957fffff", "nome": "Guaratiba", "codbairro": "151", "codra": 26, "rp": "Guaratiba", "cod_rp": "5.4", "area_plane": "5", "ideb_bairro": "Guaratiba" }, "geometry": { "type": "Polygon", "coordinates": [ [ [ -43.561395883370764, -23.063158849656588 ], [ -43.557224499695565, -23.060172449152056 ], [ -43.558134760259883, -23.055502978532498 ], [ -43.563216330445755, -23.053819945698503 ], [ -43.567387677831839, -23.056806414820457 ], [ -43.566477491332847, -23.06147584814746 ], [ -43.561395883370764, -23.063158849656588 ] ] ] } },
{ "type": "Feature", "properties": { "hex_id": "88a8a07555fffff", "nome": "Barra da Tijuca", "codbairro": "128", "codra": 24, "rp": "Barra da Tijuca", "cod_rp": "4.2", "area_plane": "4", "ideb_bairro": "Barra da Tijuca" }, "geometry": { "type": "Polygon", "coordinates": [ [ [ -43.403038926680161, -22.997566764093218 ], [ -43.398868155751963, -22.994573602030155 ], [ -43.399779614348361, -22.989901168370345 ], [ -43.404861770632927, -22.988221932499076 ], [ -43.409032507697688, -22.991215162711921 ], [ -43.408121122353045, -22.995887560634721 ], [ -43.403038926680161, -22.997566764093218 ] ] ] } },
{ "type": "Feature", "properties": { "hex_id": "88a8a039abfffff", "nome": "Guaratiba", "codbairro": "151", "codra": 26, "rp": "Guaratiba", "cod_rp": "5.4", "area_plane": "5", "ideb_bairro": "Guaratiba" }, "geometry": { "type": "Polygon", "coordinates": [ [ [ -43.572317714473215, -23.007110051309997 ], [ -43.568146690098821, -23.00412188986709 ], [ -43.569056780410982, -22.999449345524344 ], [ -43.574137821002068, -22.99776500000829 ], [ -43.578308808927062, -23.000753229990686 ], [ -43.57739879272205, -23.005425736938147 ], [ -43.572317714473215, -23.007110051309997 ] ] ] } },
{ "type": "Feature", "properties": { "hex_id": "88a8a075a9fffff", "nome": "Jacarepaguá", "codbairro": "115", "codra": 16, "rp": "Jacarepaguá", "cod_rp": "4.1", "area_plane": "4", "ideb_bairro": "Jacarepaguá" }, "geometry": { "type": "Polygon", "coordinates": [ [ [ -43.41397514276273, -22.941482414938466 ], [ -43.409804726626078, -22.938487502783261 ], [ -43.410716015713092, -22.933811998408899 ], [ -43.41579764765445, -22.932131442014299 ], [ -43.419968029766622, -22.935126422238632 ], [ -43.419056813973626, -22.939801890776916 ], [ -43.41397514276273, -22.941482414938466 ] ] ] } },
{ "type": "Feature", "properties": { "hex_id": "88a8a064cdfffff", "nome": "Bangu", "codbairro": "141", "codra": 17, "rp": "Bangu", "cod_rp": "5.1", "area_plane": "5", "ideb_bairro": "Bangu" }, "geometry": { "type": "Polygon", "coordinates": [ [ [ -43.488083730205361, -22.82940657241835 ], [ -43.483913960913263, -22.82640960128159 ], [ -43.484824485538361, -22.821727792513489 ], [ -43.489904705825445, -22.820042991419285 ], [ -43.494074439973829, -22.823040030574873 ], [ -43.493163988990524, -22.82772180279434 ], [ -43.488083730205361, -22.82940657241835 ] ] ] } },
{ "type": "Feature", "properties": { "hex_id": "88a8a02923fffff", "nome": "Senador Vasconcelos", "codbairro": "145", "codra": 18, "rp": "Campo Grande", "cod_rp": "5.2", "area_plane": "5", "ideb_bairro": "Senador Vasconcelos" }, "geometry": { "type": "Polygon", "coordinates": [ [ [ -43.523410980247853, -22.892118327195114 ], [ -43.519240760532867, -22.889124608902236 ], [ -43.520151086471451, -22.88444603969122 ], [ -43.52523155830243, -22.882761225665945 ], [ -43.529401742327522, -22.885755012175572 ], [ -43.528491490223203, -22.890433544482217 ], [ -43.523410980247853, -22.892118327195114 ] ] ] } },
{ "type": "Feature", "properties": { "hex_id": "88a8a06521fffff", "nome": "Costa Barros", "codbairro": "113", "codra": 25, "rp": "Pavuna", "cod_rp": "3.6", "area_plane": "3", "ideb_bairro": "Costa Barros" }, "geometry": { "type": "Polygon", "coordinates": [ [ [ -43.365095617012209, -22.826345388131443 ], [ -43.360926024993766, -22.823344952958351 ], [ -43.361837544999545, -22.818663441182071 ], [ -43.366918584014982, -22.816982399903793 ], [ -43.371088142767704, -22.819982902819756 ], [ -43.370176695782433, -22.824664379259623 ], [ -43.365095617012209, -22.826345388131443 ] ] ] } },
{ "type": "Feature", "properties": { "hex_id": "88a8a020b5fffff", "nome": "Santa Cruz", "codbairro": "149", "codra": 19, "rp": "Santa Cruz", "cod_rp": "5.3", "area_plane": "5", "ideb_bairro": "Santa Cruz" }, "geometry": { "type": "Polygon", "coordinates": [ [ [ -43.788402975602516, -22.922176330952588 ], [ -43.784232371456142, -22.91919101121869 ], [ -43.785140553401568, -22.914513147491579 ], [ -43.790219264334873, -22.912820642998931 ], [ -43.794389828746752, -22.915806031600241 ], [ -43.793481721971418, -22.920483855815334 ], [ -43.788402975602516, -22.922176330952588 ] ] ] } },
{ "type": "Feature", "properties": { "hex_id": "88a8a076a5fffff", "nome": "Vargem Pequena", "codbairro": "130", "codra": 24, "rp": "Barra da Tijuca", "cod_rp": "4.2", "area_plane": "4", "ideb_bairro": "Vargem Pequena" }, "geometry": { "type": "Polygon", "coordinates": [ [ [ -43.489046891475802, -22.995352586013183 ], [ -43.484876029344733, -22.992361702216801 ], [ -43.485786784512328, -22.987688825398816 ], [ -43.490868328137473, -22.986006868944472 ], [ -43.49503915509171, -22.988997821074832 ], [ -43.494128473609329, -22.993670661314056 ], [ -43.489046891475802, -22.995352586013183 ] ] ] } },
{ "type": "Feature", "properties": { "hex_id": "88a8a02109fffff", "nome": "Sepetiba", "codbairro": "150", "codra": 19, "rp": "Santa Cruz", "cod_rp": "5.3", "area_plane": "5", "ideb_bairro": "Sepetiba" }, "geometry": { "type": "Polygon", "coordinates": [ [ [ -43.694784301295336, -22.98831782730489 ], [ -43.690613307552304, -22.985332354186333 ], [ -43.69152236142105, -22.980658366800416 ], [ -43.696602334327075, -22.978969891115796 ], [ -43.700773289754544, -22.981955433012637 ], [ -43.699864310603189, -22.986629381804331 ], [ -43.694784301295336, -22.98831782730489 ] ] ] } },
{ "type": "Feature", "properties": { "hex_id": "88a8a029cbfffff", "nome": "Campo Grande", "codbairro": "144", "codra": 18, "rp": "Campo Grande", "cod_rp": "5.2", "area_plane": "5", "ideb_bairro": "Campo Grande" }, "geometry": { "type": "Polygon", "coordinates": [ [ [ -43.590894691057599, -22.887231628245789 ], [ -43.586724439273958, -22.884239582581049 ], [ -43.587634204819814, -22.879560509206062 ], [ -43.592714147988495, -22.877873519051921 ], [ -43.596884363053114, -22.880865633074063 ], [ -43.595974671679727, -22.885544668881447 ], [ -43.590894691057599, -22.887231628245789 ] ] ] } },
{ "type": "Feature", "properties": { "hex_id": "88a8a0661dfffff", "nome": "Senador Camará", "codbairro": "142", "codra": 17, "rp": "Bangu", "cod_rp": "5.1", "area_plane": "5", "ideb_bairro": "Senador Camará" }, "geometry": { "type": "Polygon", "coordinates": [ [ [ -43.489667212642694, -22.894551001818787 ], [ -43.485497013307594, -22.891556448057347 ], [ -43.486407618526144, -22.886878132887524 ], [ -43.491488349426582, -22.885194408040533 ], [ -43.495658513586569, -22.888189029948769 ], [ -43.494747982032933, -22.8928673085457 ], [ -43.489667212642694, -22.894551001818787 ] ] ] } },
{ "type": "Feature", "properties": { "hex_id": "88a8a021b1fffff", "nome": "Santa Cruz", "codbairro": "149", "codra": 19, "rp": "Santa Cruz", "cod_rp": "5.3", "area_plane": "5", "ideb_bairro": "Santa Cruz" }, "geometry": { "type": "Polygon", "coordinates": [ [ [ -43.732905739958007, -22.914409169478102 ], [ -43.72873521147698, -22.911422030349932 ], [ -43.729643843465716, -22.906743931461339 ], [ -43.734722929056275, -22.905053010655511 ], [ -43.738893418649539, -22.90804021851088 ], [ -43.737984861551617, -22.912718278433381 ], [ -43.732905739958007, -22.914409169478102 ] ] ] } },
{ "type": "Feature", "properties": { "hex_id": "88a8a02ac7fffff", "nome": "Santa Cruz", "codbairro": "149", "codra": 19, "rp": "Santa Cruz", "cod_rp": "5.3", "area_plane": "5", "ideb_bairro": "Santa Cruz" }, "geometry": { "type": "Polygon", "coordinates": [ [ [ -43.665963159998299, -22.941050108047012 ], [ -43.661792496055085, -22.938062100669313 ], [ -43.662701720351507, -22.933385662426598 ], [ -43.667781534040984, -22.931697269859484 ], [ -43.67195216011384, -22.934685345863407 ], [ -43.671043010379229, -22.939361745796756 ], [ -43.665963159998299, -22.941050108047012 ] ] ] } },
{ "type": "Feature", "properties": { "hex_id": "88a8a066c5fffff", "nome": "Senador Camará", "codbairro": "142", "codra": 17, "rp": "Bangu", "cod_rp": "5.1", "area_plane": "5", "ideb_bairro": "Senador Camará" }, "geometry": { "type": "Polygon", "coordinates": [ [ [ -43.507640661114586, -22.875463105856149 ], [ -43.503470567577047, -22.872468347650848 ], [ -43.504380998568408, -22.867788940268746 ], [ -43.509461449357993, -22.866104327827724 ], [ -43.513631507448203, -22.869099154183264 ], [ -43.512721150207831, -22.873778524818093 ], [ -43.507640661114586, -22.875463105856149 ] ] ] } },
{ "type": "Feature", "properties": { "hex_id": "88a8a02b1bfffff", "nome": "Guaratiba", "codbairro": "151", "codra": 26, "rp": "Guaratiba", "cod_rp": "5.4", "area_plane": "5", "ideb_bairro": "Guaratiba" }, "geometry": { "type": "Polygon", "coordinates": [ [ [ -43.592488731993406, -22.952328395038265 ], [ -43.588318050482926, -22.949338777635258 ], [ -43.589227896375668, -22.944663203500806 ], [ -43.594308349594868, -22.942977284346636 ], [ -43.598478994354473, -22.945966970232725 ], [ -43.597569222657434, -22.950642506778394 ], [ -43.592488731993406, -22.952328395038265 ] ] ] } },
{ "type": "Feature", "properties": { "hex_id": "88a8a06235fffff", "nome": "Jacarepaguá", "codbairro": "115", "codra": 16, "rp": "Jacarepaguá", "cod_rp": "4.1", "area_plane": "4", "ideb_bairro": "Jacarepaguá" }, "geometry": { "type": "Polygon", "coordinates": [ [ [ -43.315980154209043, -22.95635931019935 ], [ -43.311809780538681, -22.95336226365156 ], [ -43.312721884522418, -22.948687940961207 ], [ -43.317804289386316, -22.947010699684903 ], [ -43.321974630527833, -22.950007814116709 ], [ -43.321062599346043, -22.954682101929276 ], [ -43.315980154209043, -22.95635931019935 ] ] ] } },
{ "type": "Feature", "properties": { "hex_id": "88a8a06719fffff", "nome": "Realengo", "codbairro": "139", "codra": 33, "rp": "Bangu", "cod_rp": "5.1", "area_plane": "5", "ideb_bairro": "Realengo" }, "geometry": { "type": "Polygon", "coordinates": [ [ [ -43.434160552371331, -22.886675768043311 ], [ -43.429990470869662, -22.883679409031121 ], [ -43.430901517091968, -22.879000876337372 ], [ -43.435982571444427, -22.877318738670439 ], [ -43.440152618619273, -22.880315165692377 ], [ -43.439241645780193, -22.884993662359982 ], [ -43.434160552371331, -22.886675768043311 ] ] ] } },
{ "type": "Feature", "properties": { "hex_id": "88a8a0676dfffff", "nome": "Jardim Sulacap", "codbairro": "137", "codra": 33, "rp": "Bangu", "cod_rp": "5.1", "area_plane": "5", "ideb_bairro": "Jardim Sulacap" }, "geometry": { "type": "Polygon", "coordinates": [ [ [ -43.382435499171791, -22.908163563138906 ], [ -43.378265344822616, -22.90516657431932 ], [ -43.379176841938033, -22.90048939437656 ], [ -43.384258420287331, -22.898809238763153 ], [ -43.388428541097333, -22.901806295520153 ], [ -43.387517117108928, -22.906483439941606 ], [ -43.382435499171791, -22.908163563138906 ] ] ] } },
{ "type": "Feature", "properties": { "hex_id": "88a8a0789dfffff", "nome": "Santa Teresa", "codbairro": "014", "codra": 23, "rp": "Centro", "cod_rp": "1.1", "area_plane": "1", "ideb_bairro": "Santa Teresa" }, "geometry": { "type": "Polygon", "coordinates": [ [ [ -43.211458533862043, -22.9558291688836 ], [ -43.207288339898724, -22.952829256469048 ], [ -43.208201283741857, -22.948155324513035 ], [ -43.213284349288266, -22.946481338813797 ], [ -43.2174545123206, -22.949481318886573 ], [ -43.216541640749284, -22.954155216988799 ], [ -43.211458533862043, -22.9558291688836 ] ] ] } },
{ "type": "Feature", "properties": { "hex_id": "88a8a07999fffff", "nome": "Urca", "codbairro": "022", "codra": 4, "rp": "Zona Sul", "cod_rp": "2.1", "area_plane": "2", "ideb_bairro": "Urca" }, "geometry": { "type": "Polygon", "coordinates": [ [ [ -43.155938145966971, -22.947863326390152 ], [ -43.151768109146893, -22.944861616829701 ], [ -43.152681485627284, -22.940187483660374 ], [ -43.157764826951677, -22.938515093348158 ], [ -43.161934833690616, -22.941516870433396 ], [ -43.161021529198088, -22.946190970294506 ], [ -43.155938145966971, -22.947863326390152 ] ] ] } },
{ "type": "Feature", "properties": { "hex_id": "88a8a060a3fffff", "nome": "Vaz Lobo", "codbairro": "084", "codra": 15, "rp": "Madureira", "cod_rp": "3.3", "area_plane": "3", "ideb_bairro": "Vaz Lobo" }, "geometry": { "type": "Polygon", "coordinates": [ [ [ -43.329137346620875, -22.864506408161855 ], [ -43.324967556916476, -22.861506379429663 ], [ -43.325879422528629, -22.856827056283347 ], [ -43.330961005009499, -22.855147796847451 ], [ -43.335130761993462, -22.85814789331782 ], [ -43.334218969228736, -22.862827181474394 ], [ -43.329137346620875, -22.864506408161855 ] ] ] } },
{ "type": "Feature", "properties": { "hex_id": "88a8a0614bfffff", "nome": "Tijuca", "codbairro": "033", "codra": 8, "rp": "Tijuca", "cod_rp": "2.2", "area_plane": "2", "ideb_bairro": "Tijuca" }, "geometry": { "type": "Polygon", "coordinates": [ [ [ -43.247951945531454, -22.939432983216928 ], [ -43.243781794844132, -22.936433467380034 ], [ -43.244694422242475, -22.931758502002562 ], [ -43.249777127886624, -22.930083086658236 ], [ -43.253947247086629, -22.933082670200648 ], [ -43.253034692141576, -22.937757601370325 ], [ -43.247951945531454, -22.939432983216928 ] ] ] } },
{ "type": "Feature", "properties": { "hex_id": "88a8a06a0dfffff", "nome": "Centro", "codbairro": "005", "codra": 2, "rp": "Centro", "cod_rp": "1.1", "area_plane": "1", "ideb_bairro": "Centro" }, "geometry": { "type": "Polygon", "coordinates": [ [ [ -43.167414365946094, -22.91346689234625 ], [ -43.163244533148635, -22.910464246969887 ], [ -43.16415776840288, -22.905788209902795 ], [ -43.169240764428011, -22.904114851612793 ], [ -43.173410566972095, -22.907117564473065 ], [ -43.172497403756232, -22.911793568127859 ], [ -43.167414365946094, -22.91346689234625 ] ] ] } },
{ "type": "Feature", "properties": { "hex_id": "88a8a02e63fffff", "nome": "Santa Cruz", "codbairro": "149", "codra": 19, "rp": "Santa Cruz", "cod_rp": "5.3", "area_plane": "5", "ideb_bairro": "Santa Cruz" }, "geometry": { "type": "Polygon", "coordinates": [ [ [ -43.760117558235606, -22.896595618853997 ], [ -43.755947133957861, -22.893608576510378 ], [ -43.756855514497126, -22.888929429755141 ], [ -43.761934244303056, -22.887237364565348 ], [ -43.76610462928052, -22.890224475664375 ], [ -43.765196323763945, -22.894903583186327 ], [ -43.760117558235606, -22.896595618853997 ] ] ] } },
{ "type": "Feature", "properties": { "hex_id": "88a8a06247fffff", "nome": "Itanhangá", "codbairro": "127", "codra": 24, "rp": "Barra da Tijuca", "cod_rp": "4.2", "area_plane": "4", "ideb_bairro": "Itanhangá" }, "geometry": { "type": "Polygon", "coordinates": [ [ [ -43.323019216988683, -22.993386177682794 ], [ -43.318848588638353, -22.990390673684836 ], [ -43.319760689115874, -22.985718324321372 ], [ -43.324843345109386, -22.984041513897573 ], [ -43.329013940819479, -22.987037085863879 ], [ -43.32810191318805, -22.991709400274093 ], [ -43.323019216988683, -22.993386177682794 ] ] ] } },
{ "type": "Feature", "properties": { "hex_id": "88a8a02f0bfffff", "nome": "Santa Cruz", "codbairro": "149", "codra": 19, "rp": "Santa Cruz", "cod_rp": "5.3", "area_plane": "5", "ideb_bairro": "Santa Cruz" }, "geometry": { "type": "Polygon", "coordinates": [ [ [ -43.719858563170845, -22.883743579888527 ], [ -43.715688243320493, -22.880754954818624 ], [ -43.7165969395299, -22.876075250967194 ], [ -43.721675880783025, -22.874384211010756 ], [ -43.72584616194824, -22.877372904720811 ], [ -43.724937540557107, -22.882052569735674 ], [ -43.719858563170845, -22.883743579888527 ] ] ] } },
{ "type": "Feature", "properties": { "hex_id": "88a8a0629bfffff", "nome": "Jacarepaguá", "codbairro": "115", "codra": 16, "rp": "Jacarepaguá", "cod_rp": "4.1", "area_plane": "4", "ideb_bairro": "Jacarepaguá" }, "geometry": { "type": "Polygon", "coordinates": [ [ [ -43.398205007320904, -22.924825484903813 ], [ -43.394034721765635, -22.921829533927806 ], [ -43.394946114940396, -22.917153191434309 ], [ -43.400027720471613, -22.915472835584112 ], [ -43.404197972245065, -22.918468854563457 ], [ -43.403286652280833, -22.923145161378137 ], [ -43.398205007320904, -22.924825484903813 ] ] ] } },
{ "type": "Feature", "properties": { "hex_id": "88a8a06343fffff", "nome": "Alto da Boa Vista", "codbairro": "034", "codra": 8, "rp": "Tijuca", "cod_rp": "2.2", "area_plane": "2", "ideb_bairro": "Alto da Boa Vista" }, "geometry": { "type": "Polygon", "coordinates": [ [ [ -43.267498580412422, -22.985463719320883 ], [ -43.263328093468921, -22.982466411080065 ], [ -43.264240630032219, -22.977793853903499 ], [ -43.269323580987823, -22.976118639364731 ], [ -43.273494036140576, -22.97911601543948 ], [ -43.272581572140247, -22.983788538207513 ], [ -43.267498580412422, -22.985463719320883 ] ] ] } },
{ "type": "Feature", "properties": { "hex_id": "88a8a038c9fffff", "nome": "Guaratiba", "codbairro": "151", "codra": 26, "rp": "Guaratiba", "cod_rp": "5.4", "area_plane": "5", "ideb_bairro": "Guaratiba" }, "geometry": { "type": "Polygon", "coordinates": [ [ [ -43.653390552641838, -23.054502895792798 ], [ -43.649219150007859, -23.051518717949385 ], [ -43.650128641070275, -23.046848452233217 ], [ -43.655209460252856, -23.045162402540218 ], [ -43.65938082519471, -23.048146649189775 ], [ -43.658471408657768, -23.05281687671469 ], [ -43.653390552641838, -23.054502895792798 ] ] ] } },
{ "type": "Feature", "properties": { "hex_id": "88a8a074c7fffff", "nome": "Vargem Grande", "codbairro": "131", "codra": 24, "rp": "Barra da Tijuca", "cod_rp": "4.2", "area_plane": "4", "ideb_bairro": "Vargem Grande" }, "geometry": { "type": "Polygon", "coordinates": [ [ [ -43.494511031553145, -22.967312364324751 ], [ -43.490340347991669, -22.964320603254862 ], [ -43.491251018214889, -22.959646191528449 ], [ -43.496332298305063, -22.957963577489597 ], [ -43.50050294660938, -22.960955406853547 ], [ -43.499592350092385, -22.965629781950767 ], [ -43.494511031553145, -22.967312364324751 ] ] ] } },
{ "type": "Feature", "properties": { "hex_id": "88a8a0391dfffff", "nome": "Guaratiba", "codbairro": "151", "codra": 26, "rp": "Guaratiba", "cod_rp": "5.4", "area_plane": "5", "ideb_bairro": "Guaratiba" }, "geometry": { "type": "Polygon", "coordinates": [ [ [ -43.558134760259883, -23.055502978532498 ], [ -43.553963430148755, -23.052516206146883 ], [ -43.554873706450287, -23.047846332342452 ], [ -43.55995523882747, -23.046163268172254 ], [ -43.564126532700129, -23.049150109154198 ], [ -43.563216330445755, -23.053819945698503 ], [ -43.558134760259883, -23.055502978532498 ] ] ] } },
{ "type": "Feature", "properties": { "hex_id": "88a8a0751bfffff", "nome": "Camorim", "codbairro": "129", "codra": 24, "rp": "Barra da Tijuca", "cod_rp": "4.2", "area_plane": "4", "ideb_bairro": "Camorim" }, "geometry": { "type": "Polygon", "coordinates": [ [ [ -43.421019220796218, -22.978509966879525 ], [ -43.416848551730965, -22.975516600363218 ], [ -43.417759836844532, -22.970843068125784 ], [ -43.422841717696919, -22.969162938303548 ], [ -43.427012352626129, -22.972156372973526 ], [ -43.426101140850712, -22.976829869300548 ], [ -43.421019220796218, -22.978509966879525 ] ] ] } },
{ "type": "Feature", "properties": { "hex_id": "88a8a02841fffff", "nome": "Guaratiba", "codbairro": "151", "codra": 26, "rp": "Guaratiba", "cod_rp": "5.4", "area_plane": "5", "ideb_bairro": "Guaratiba" }, "geometry": { "type": "Polygon", "coordinates": [ [ [ -43.604469103075537, -22.939604885660131 ], [ -43.600298495157467, -22.936615131289471 ], [ -43.601208224263168, -22.931938828981764 ], [ -43.606288487045695, -22.930252318738606 ], [ -43.610459058031573, -22.933242141595315 ], [ -43.609549403178782, -22.937918406197635 ], [ -43.604469103075537, -22.939604885660131 ] ] ] } },
{ "type": "Feature", "properties": { "hex_id": "88a8a039c5fffff", "nome": "Guaratiba", "codbairro": "151", "codra": 26, "rp": "Guaratiba", "cod_rp": "5.4", "area_plane": "5", "ideb_bairro": "Guaratiba" }, "geometry": { "type": "Polygon", "coordinates": [ [ [ -43.576109618590785, -23.036442381555364 ], [ -43.57193839746725, -23.033455403375545 ], [ -43.572848498821536, -23.028784432436154 ], [ -43.577929747177954, -23.027100477099584 ], [ -43.582100931790833, -23.030087523880901 ], [ -43.581190904569624, -23.034758457385777 ], [ -43.576109618590785, -23.036442381555364 ] ] ] } },
{ "type": "Feature", "properties": { "hex_id": "88a8a075c3fffff", "nome": "Camorim", "codbairro": "129", "codra": 24, "rp": "Barra da Tijuca", "cod_rp": "4.2", "area_plane": "4", "ideb_bairro": "Camorim" }, "geometry": { "type": "Polygon", "coordinates": [ [ [ -43.43899816621964, -22.95944719454576 ], [ -43.434827599835096, -22.956453623564599 ], [ -43.435738711309824, -22.95177899397115 ], [ -43.440820315756312, -22.95009797143134 ], [ -43.444990847732257, -22.953091610569992 ], [ -43.444079809682023, -22.957766204079455 ], [ -43.43899816621964, -22.95944719454576 ] ] ] } },
{ "type": "Feature", "properties": { "hex_id": "88a8a061e1fffff", "nome": "Higienópolis", "codbairro": "050", "codra": 12, "rp": "Inhaúma", "cod_rp": "3.4", "area_plane": "3", "ideb_bairro": "Higienópolis" }, "geometry": { "type": "Polygon", "coordinates": [ [ [ -43.258902195685508, -22.883318255913135 ], [ -43.254732395365501, -22.880317000334834 ], [ -43.255644853985949, -22.875638966576602 ], [ -43.260727040442191, -22.873962222688423 ], [ -43.264896809113083, -22.876963545889069 ], [ -43.263984422988621, -22.88164154534401 ], [ -43.258902195685508, -22.883318255913135 ] ] ] } },
{ "type": "Feature", "properties": { "hex_id": "88a8a028e9fffff", "nome": "Paciência", "codbairro": "148", "codra": 19, "rp": "Santa Cruz", "cod_rp": "5.3", "area_plane": "5", "ideb_bairro": "Paciência" }, "geometry": { "type": "Polygon", "coordinates": [ [ [ -43.627895435484632, -22.892447369742843 ], [ -43.623725119026631, -22.889456531675421 ], [ -43.624634587602102, -22.884777609117535 ], [ -43.629714298287787, -22.883089562547635 ], [ -43.633884577461778, -22.886080469064936 ], [ -43.63297518324574, -22.890759353690783 ], [ -43.627895435484632, -22.892447369742843 ] ] ] } },
{ "type": "Feature", "properties": { "hex_id": "88a8a07617fffff", "nome": "Recreio dos Bandeirantes", "codbairro": "132", "codra": 24, "rp": "Barra da Tijuca", "cod_rp": "4.2", "area_plane": "4", "ideb_bairro": "Recreio dos Bandeirantes" }, "geometry": { "type": "Polygon", "coordinates": [ [ [ -43.49609550995018, -23.032352262996888 ], [ -43.491924396183002, -23.029362930460962 ], [ -43.492835147018447, -23.024692029347751 ], [ -43.497916937903419, -23.023010497410564 ], [ -43.502088016382025, -23.025999898363931 ], [ -43.501177339275934, -23.030670762825519 ], [ -43.49609550995018, -23.032352262996888 ] ] ] } },
{ "type": "Feature", "properties": { "hex_id": "88a8a0293dfffff", "nome": "Senador Vasconcelos", "codbairro": "145", "codra": 18, "rp": "Campo Grande", "cod_rp": "5.2", "area_plane": "5", "ideb_bairro": "Senador Vasconcelos" }, "geometry": { "type": "Polygon", "coordinates": [ [ [ -43.532661728021303, -22.893426961413596 ], [ -43.528491490223203, -22.890433544482217 ], [ -43.529401742327522, -22.885755012175572 ], [ -43.534482158360497, -22.884069933784282 ], [ -43.538652360327397, -22.887063418955364 ], [ -43.537742182104196, -22.891741914266529 ], [ -43.532661728021303, -22.893426961413596 ] ] ] } },
{ "type": "Feature", "properties": { "hex_id": "88a8a02123fffff", "nome": "Santa Cruz", "codbairro": "149", "codra": 19, "rp": "Santa Cruz", "cod_rp": "5.3", "area_plane": "5", "ideb_bairro": "Santa Cruz" }, "geometry": { "type": "Polygon", "coordinates": [ [ [ -43.675747890431431, -22.964038804300127 ], [ -43.671577068608833, -22.96105191178026 ], [ -43.672486245057229, -22.956376679216209 ], [ -43.677566168723594, -22.954688377567077 ], [ -43.681736952523856, -22.957675338777758 ], [ -43.680827850691749, -22.962350532935265 ], [ -43.675747890431431, -22.964038804300127 ] ] ] } },
{ "type": "Feature", "properties": { "hex_id": "88a8a06e51fffff", "nome": "Coelho Neto", "codbairro": "110", "codra": 25, "rp": "Pavuna", "cod_rp": "3.6", "area_plane": "3", "ideb_bairro": "Coelho Neto" }, "geometry": { "type": "Polygon", "coordinates": [ [ [ -43.343859150363521, -22.837748226589234 ], [ -43.339689514390578, -22.834747627362901 ], [ -43.340601222583757, -22.830066809453758 ], [ -43.345682493845857, -22.828386625888879 ], [ -43.349852096876262, -22.831387292833849 ], [ -43.348940461598836, -22.83606807561355 ], [ -43.343859150363521, -22.837748226589234 ] ] ] } },
{ "type": "Feature", "properties": { "hex_id": "88a8a029e5fffff", "nome": "Campo Grande", "codbairro": "144", "codra": 18, "rp": "Campo Grande", "cod_rp": "5.2", "area_plane": "5", "ideb_bairro": "Campo Grande" }, "geometry": { "type": "Polygon", "coordinates": [ [ [ -43.550633167819974, -22.874334356182526 ], [ -43.546463037787582, -22.871340734528353 ], [ -43.547373115268826, -22.866661111118194 ], [ -43.552453248827057, -22.864975146520898 ], [ -43.556623342756183, -22.867968836418445 ], [ -43.555713339242018, -22.872648422658425 ], [ -43.550633167819974, -22.874334356182526 ] ] ] } },
{ "type": "Feature", "properties": { "hex_id": "88a8a07713fffff", "nome": "Barra da Tijuca", "codbairro": "128", "codra": 24, "rp": "Barra da Tijuca", "cod_rp": "4.2", "area_plane": "4", "ideb_bairro": "Barra da Tijuca" }, "geometry": { "type": "Polygon", "coordinates": [ [ [ -43.44057699697936, -23.024495147461487 ], [ -43.436406000189827, -23.021504000975014 ], [ -43.4373171924153, -23.016832881855301 ], [ -43.442399307994492, -23.015152945318338 ], [ -43.446570270344253, -23.018144160086148 ], [ -43.445659151566318, -23.022815243098044 ], [ -43.44057699697936, -23.024495147461487 ] ] ] } },
{ "type": "Feature", "properties": { "hex_id": "88a8a02a39fffff", "nome": "Guaratiba", "codbairro": "151", "codra": 26, "rp": "Guaratiba", "cod_rp": "5.4", "area_plane": "5", "ideb_bairro": "Guaratiba" }, "geometry": { "type": "Polygon", "coordinates": [ [ [ -43.629493234808585, -22.957538697269815 ], [ -43.625322488760659, -22.954550290154032 ], [ -43.626232037589979, -22.94987486691997 ], [ -43.631312258096123, -22.948187888742499 ], [ -43.635482966828008, -22.951176364433532 ], [ -43.634573492381435, -22.955851749715311 ], [ -43.629493234808585, -22.957538697269815 ] ] ] } },
{ "type": "Feature", "properties": { "hex_id": "88a8a06637fffff", "nome": "Bangu", "codbairro": "141", "codra": 17, "rp": "Bangu", "cod_rp": "5.1", "area_plane": "5", "ideb_bairro": "Bangu" }, "geometry": { "type": "Polygon", "coordinates": [ [ [ -43.470637894385462, -22.870217948119897 ], [ -43.466467876836766, -22.867221986374311 ], [ -43.467378602363084, -22.862542432914971 ], [ -43.472459271886457, -22.860858877572223 ], [ -43.476629254553217, -22.863854907376393 ], [ -43.475718602590256, -22.868534424453216 ], [ -43.470637894385462, -22.870217948119897 ] ] ] } },
{ "type": "Feature", "properties": { "hex_id": "88a8a02a8dfffff", "nome": "Santa Cruz", "codbairro": "149", "codra": 19, "rp": "Santa Cruz", "cod_rp": "5.3", "area_plane": "5", "ideb_bairro": "Santa Cruz" }, "geometry": { "type": "Polygon", "coordinates": [ [ [ -43.662701720351507, -22.933385662426598 ], [ -43.658531109086233, -22.930397283673035 ], [ -43.659440349318466, -22.925720443759175 ], [ -43.664520126283982, -22.924032020864331 ], [ -43.668690699729559, -22.92702046822254 ], [ -43.667781534040984, -22.931697269859484 ], [ -43.662701720351507, -22.933385662426598 ] ] ] } },
{ "type": "Feature", "properties": { "hex_id": "88a8a0668bfffff", "nome": "Campo Grande", "codbairro": "144", "codra": 18, "rp": "Campo Grande", "cod_rp": "5.2", "area_plane": "5", "ideb_bairro": "Campo Grande" }, "geometry": { "type": "Polygon", "coordinates": [ [ [ -43.525612744628518, -22.856369272959828 ], [ -43.52144275770511, -22.85337431030041 ], [ -43.522353014313957, -22.848693811938759 ], [ -43.527433184020865, -22.847008313146851 ], [ -43.531603135224827, -22.850003343959894 ], [ -43.530692952452995, -22.85468380539972 ], [ -43.525612744628518, -22.856369272959828 ] ] ] } },
{ "type": "Feature", "properties": { "hex_id": "88a8a06f4dfffff", "nome": "Ramos", "codbairro": "041", "codra": 10, "rp": "Ramos", "cod_rp": "3.1", "area_plane": "3", "ideb_bairro": "Ramos" }, "geometry": { "type": "Polygon", "coordinates": [ [ [ -43.251867766374737, -22.846240053009854 ], [ -43.24769822178164, -22.843237262967317 ], [ -43.248610683601306, -22.838557263387756 ], [ -43.253692617573989, -22.836880088065165 ], [ -43.257862130629185, -22.83988294564352 ], [ -43.256949741261359, -22.844562910997112 ], [ -43.251867766374737, -22.846240053009854 ] ] ] } },
{ "type": "Feature", "properties": { "hex_id": "88a8a02ae1fffff", "nome": "Santa Cruz", "codbairro": "149", "codra": 19, "rp": "Santa Cruz", "cod_rp": "5.3", "area_plane": "5", "ideb_bairro": "Santa Cruz" }, "geometry": { "type": "Polygon", "coordinates": [ [ [ -43.647461967440513, -22.938449721411828 ], [ -43.643291333612567, -22.935461108565597 ], [ -43.644200706892541, -22.930784593976949 ], [ -43.649280639543683, -22.929096730350551 ], [ -43.653451235783763, -22.932085411776701 ], [ -43.652541936972206, -22.936761888237847 ], [ -43.647461967440513, -22.938449721411828 ] ] ] } },
{ "type": "Feature", "properties": { "hex_id": "88a8a02b35fffff", "nome": "Campo Grande", "codbairro": "144", "codra": 18, "rp": "Campo Grande", "cod_rp": "5.2", "area_plane": "5", "ideb_bairro": "Campo Grande" }, "geometry": { "type": "Polygon", "coordinates": [ [ [ -43.552223099481111, -22.939442465767907 ], [ -43.54805253958385, -22.936451268881417 ], [ -43.548962697511207, -22.93177514372049 ], [ -43.554043341357222, -22.930090252626986 ], [ -43.558213865119519, -22.933081517883096 ], [ -43.557303781182434, -22.937757605851587 ], [ -43.552223099481111, -22.939442465767907 ] ] ] } },
{ "type": "Feature", "properties": { "hex_id": "88a8a06733fffff", "nome": "Realengo", "codbairro": "139", "codra": 33, "rp": "Bangu", "cod_rp": "5.1", "area_plane": "5", "ideb_bairro": "Realengo" }, "geometry": { "type": "Polygon", "coordinates": [ [ [ -43.415132710143276, -22.862333258583085 ], [ -43.410962813105293, -22.859335493885517 ], [ -43.411873979025714, -22.854655724046406 ], [ -43.416954968714258, -22.852973754728584 ], [ -43.421124831718565, -22.855971587347728 ], [ -43.42021373907972, -22.8606513213516 ], [ -43.415132710143276, -22.862333258583085 ] ] ] } },
{ "type": "Feature", "properties": { "hex_id": "88a8a078b7fffff", "nome": "Santa Teresa", "codbairro": "014", "codra": 23, "rp": "Centro", "cod_rp": "1.1", "area_plane": "1", "ideb_bairro": "Santa Teresa" }, "geometry": { "type": "Polygon", "coordinates": [ [ [ -43.192433944176088, -22.931478103981568 ], [ -43.188263945470922, -22.928476790439163 ], [ -43.189177006596395, -22.923801621725538 ], [ -43.19425999426921, -22.922127800204645 ], [ -43.198429962336675, -22.925129181318603 ], [ -43.197516973380829, -22.929804316370362 ], [ -43.192433944176088, -22.931478103981568 ] ] ] } },
{ "type": "Feature", "properties": { "hex_id": "88a8a06015fffff", "nome": "Água Santa", "codbairro": "067", "codra": 13, "rp": "Méier", "cod_rp": "3.2", "area_plane": "3", "ideb_bairro": "Água Santa" }, "geometry": { "type": "Polygon", "coordinates": [ [ [ -43.314936105190313, -22.912962085883667 ], [ -43.3107660187124, -22.909963431128013 ], [ -43.311678068663326, -22.905286771621476 ], [ -43.316760132317249, -22.903608801718551 ], [ -43.320930186286716, -22.906607524274058 ], [ -43.320018209122466, -22.911284148921098 ], [ -43.314936105190313, -22.912962085883667 ] ] ] } },
{ "type": "Feature", "properties": { "hex_id": "88a8a06069fffff", "nome": "Jacarepaguá", "codbairro": "115", "codra": 16, "rp": "Jacarepaguá", "cod_rp": "4.1", "area_plane": "4", "ideb_bairro": "Jacarepaguá" }, "geometry": { "type": "Polygon", "coordinates": [ [ [ -43.284963489013236, -22.944724925453443 ], [ -43.280793241357522, -22.941726609683062 ], [ -43.28170557865937, -22.937051781682538 ], [ -43.286788090986548, -22.935375304012513 ], [ -43.290958306588649, -22.938373687578057 ], [ -43.290046041928946, -22.94304848100694 ], [ -43.284963489013236, -22.944724925453443 ] ] ] } },
{ "type": "Feature", "properties": { "hex_id": "88a8a07199fffff", "nome": "Barra da Tijuca", "codbairro": "128", "codra": 24, "rp": "Barra da Tijuca", "cod_rp": "4.2", "area_plane": "4", "ideb_bairro": "Barra da Tijuca" }, "geometry": { "type": "Polygon", "coordinates": [ [ [ -43.30829268300122, -23.020095232139049 ], [ -43.304121901627617, -23.017100301076681 ], [ -43.305034159448802, -23.012429455487549 ], [ -43.310117125877682, -23.010753575763108 ], [ -43.31428787483339, -23.01374857481149 ], [ -43.313375689789865, -23.018419385586768 ], [ -43.30829268300122, -23.020095232139049 ] ] ] } },
{ "type": "Feature", "properties": { "hex_id": "88a8a0618dfffff", "nome": "Inhaúma", "codbairro": "054", "codra": 12, "rp": "Inhaúma", "cod_rp": "3.4", "area_plane": "3", "ideb_bairro": "Inhaúma" }, "geometry": { "type": "Polygon", "coordinates": [ [ [ -43.274148740168641, -22.878287560821299 ], [ -43.269978947332703, -22.875286536996768 ], [ -43.270891276084832, -22.870608171653096 ], [ -43.275973325112552, -22.868930864574441 ], [ -43.280143086066872, -22.871931956044559 ], [ -43.279230829886863, -22.876610286936206 ], [ -43.274148740168641, -22.878287560821299 ] ] ] } },
{ "type": "Feature", "properties": { "hex_id": "88a8a060bdfffff", "nome": "Turiaçú", "codbairro": "085", "codra": 15, "rp": "Madureira", "cod_rp": "3.3", "area_plane": "3", "ideb_bairro": "Turiaçu" }, "geometry": { "type": "Polygon", "coordinates": [ [ [ -43.338388781585735, -22.865826910499827 ], [ -43.334218969228736, -22.862827181474394 ], [ -43.335130761993462, -22.85814789331782 ], [ -43.34021229423238, -22.856468369256149 ], [ -43.344382073727481, -22.859468166042383 ], [ -43.343470353857299, -22.864147419117973 ], [ -43.338388781585735, -22.865826910499827 ] ] ] } },
{ "type": "Feature", "properties": { "hex_id": "88a8a06111fffff", "nome": "Sampaio", "codbairro": "060", "codra": 13, "rp": "Méier", "cod_rp": "3.2", "area_plane": "3", "ideb_bairro": "Sampaio" }, "geometry": { "type": "Polygon", "coordinates": [ [ [ -43.259422281331986, -22.905027710069614 ], [ -43.255252337365761, -22.902027256365479 ], [ -43.256164823046156, -22.897350389614463 ], [ -43.261247180200961, -22.895674010869087 ], [ -43.26541709250796, -22.898674532238147 ], [ -43.264504679331154, -22.903351364676112 ], [ -43.259422281331986, -22.905027710069614 ] ] ] } },
{ "type": "Feature", "properties": { "hex_id": "88a8a06165fffff", "nome": "Estácio", "codbairro": "009", "codra": 3, "rp": "Centro", "cod_rp": "1.1", "area_plane": "1", "ideb_bairro": "Estácio" }, "geometry": { "type": "Polygon", "coordinates": [ [ [ -43.207682897467329, -22.92645617585168 ], [ -43.203512903667018, -22.923455094133029 ], [ -43.20442583544822, -22.918779591991907 ], [ -43.209508688795594, -22.917105205368113 ], [ -43.21367865172553, -22.920106354681391 ], [ -43.212765792190268, -22.924781823012303 ], [ -43.207682897467329, -22.92645617585168 ] ] ] } },
{ "type": "Feature", "properties": { "hex_id": "88a8a061b9fffff", "nome": "Olaria", "codbairro": "042", "codra": 10, "rp": "Ramos", "cod_rp": "3.1", "area_plane": "3", "ideb_bairro": "Olaria" }, "geometry": { "type": "Polygon", "coordinates": [ [ [ -43.282879770157464, -22.857895431637296 ], [ -43.278710096979772, -22.854893905565234 ], [ -43.279622326121995, -22.850214408838795 ], [ -43.284704155841986, -22.848536472706407 ], [ -43.288873797006694, -22.851538066403716 ], [ -43.287961640476162, -22.856217528596627 ], [ -43.282879770157464, -22.857895431637296 ] ] ] } },
{ "type": "Feature", "properties": { "hex_id": "88a8a0620dfffff", "nome": "Itanhangá", "codbairro": "127", "codra": 24, "rp": "Barra da Tijuca", "cod_rp": "4.2", "area_plane": "4", "ideb_bairro": "Itanhangá" }, "geometry": { "type": "Polygon", "coordinates": [ [ [ -43.319760689115874, -22.985718324321372 ], [ -43.315590116287751, -22.982722451472284 ], [ -43.31650223203102, -22.978049700263902 ], [ -43.32158484778634, -22.976372856813093 ], [ -43.325755388024824, -22.979368797609229 ], [ -43.324843345109386, -22.984041513897573 ], [ -43.319760689115874, -22.985718324321372 ] ] ] } },
{ "type": "Feature", "properties": { "hex_id": "88a8a06261fffff", "nome": "Itanhangá", "codbairro": "127", "codra": 24, "rp": "Barra da Tijuca", "cod_rp": "4.2", "area_plane": "4", "ideb_bairro": "Itanhangá" }, "geometry": { "type": "Polygon", "coordinates": [ [ [ -43.304512441426809, -22.99074762552652 ], [ -43.300341859341252, -22.987751519797254 ], [ -43.301254105369452, -22.983079100799603 ], [ -43.306336860743222, -22.981402822291372 ], [ -43.310507410471679, -22.984398995944112 ], [ -43.309595237195232, -22.98907138017006 ], [ -43.304512441426809, -22.99074762552652 ] ] ] } },
{ "type": "Feature", "properties": { "hex_id": "88a8a02f25fffff", "nome": "Santa Cruz", "codbairro": "149", "codra": 19, "rp": "Santa Cruz", "cod_rp": "5.3", "area_plane": "5", "ideb_bairro": "Santa Cruz" }, "geometry": { "type": "Polygon", "coordinates": [ [ [ -43.679599578640875, -22.870878973905395 ], [ -43.675429367335767, -22.867888768263409 ], [ -43.676338378317837, -22.863208509144769 ], [ -43.681417526003017, -22.861518494096135 ], [ -43.685587699238255, -22.86450876826321 ], [ -43.684678762869815, -22.869188988942362 ], [ -43.679599578640875, -22.870878973905395 ] ] ] } },
{ "type": "Feature", "properties": { "hex_id": "88a8a062b5fffff", "nome": "Praça Seca", "codbairro": "124", "codra": 16, "rp": "Jacarepaguá", "cod_rp": "4.1", "area_plane": "4", "ideb_bairro": "Praça Seca" }, "geometry": { "type": "Polygon", "coordinates": [ [ [ -43.357938382008136, -22.911884881877089 ], [ -43.35376823794946, -22.908887360119682 ], [ -43.354679938832966, -22.904210474934423 ], [ -43.359761710782841, -22.902531146776457 ], [ -43.363931821676154, -22.90552873642498 ], [ -43.363020193796672, -22.910205586328829 ], [ -43.357938382008136, -22.911884881877089 ] ] ] } },
{ "type": "Feature", "properties": { "hex_id": "88a8a06309fffff", "nome": "Alto da Boa Vista", "codbairro": "034", "codra": 8, "rp": "Tijuca", "cod_rp": "2.2", "area_plane": "2", "ideb_bairro": "Alto da Boa Vista" }, "geometry": { "type": "Polygon", "coordinates": [ [ [ -43.264240630032219, -22.977793853903499 ], [ -43.260070199067634, -22.974796177421737 ], [ -43.260982750787043, -22.970123218600158 ], [ -43.266065660938139, -22.968447970623934 ], [ -43.270236060162553, -22.971445714918296 ], [ -43.269323580987823, -22.976118639364731 ], [ -43.264240630032219, -22.977793853903499 ] ] ] } },
{ "type": "Feature", "properties": { "hex_id": "88a8a0383bfffff", "nome": "Guaratiba", "codbairro": "151", "codra": 26, "rp": "Guaratiba", "cod_rp": "5.4", "area_plane": "5", "ideb_bairro": "Guaratiba" }, "geometry": { "type": "Polygon", "coordinates": [ [ [ -43.616381019360269, -23.049305780794974 ], [ -43.612209679033491, -23.046320388076527 ], [ -43.613119467730357, -23.041649970500565 ], [ -43.618200522427195, -23.039964983460699 ], [ -43.622371825627205, -23.042950444893428 ], [ -43.621462111268812, -23.047620824640244 ], [ -43.616381019360269, -23.049305780794974 ] ] ] } },
{ "type": "Feature", "properties": { "hex_id": "88a8a07439fffff", "nome": "Vargem Pequena", "codbairro": "130", "codra": 24, "rp": "Barra da Tijuca", "cod_rp": "4.2", "area_plane": "4", "ideb_bairro": "Vargem Pequena" }, "geometry": { "type": "Polygon", "coordinates": [ [ [ -43.458029461130828, -22.983758433106097 ], [ -43.453858711379475, -22.980766273156831 ], [ -43.454769702858393, -22.976092885105878 ], [ -43.459851370574214, -22.974411693266294 ], [ -43.464022085623675, -22.97740392145997 ], [ -43.463111167670917, -22.982077273237305 ], [ -43.458029461130828, -22.983758433106097 ] ] ] } },
{ "type": "Feature", "properties": { "hex_id": "88a8a0635dfffff", "nome": "São Conrado", "codbairro": "031", "codra": 6, "rp": "Zona Sul", "cod_rp": "2.1", "area_plane": "2", "ideb_bairro": "São Conrado" }, "geometry": { "type": "Polygon", "coordinates": [ [ [ -43.276752083195809, -22.98678554593948 ], [ -43.272581572140247, -22.983788538207513 ], [ -43.273494036140576, -22.97911601543948 ], [ -43.278576938598079, -22.977440534891201 ], [ -43.282747417721303, -22.980437610479463 ], [ -43.281835026331144, -22.985110098748169 ], [ -43.276752083195809, -22.98678554593948 ] ] ] } },
{ "type": "Feature", "properties": { "hex_id": "88a8a0748dfffff", "nome": "Vargem Grande", "codbairro": "131", "codra": 24, "rp": "Barra da Tijuca", "cod_rp": "4.2", "area_plane": "4", "ideb_bairro": "Vargem Grande" }, "geometry": { "type": "Polygon", "coordinates": [ [ [ -43.491251018214889, -22.959646191528449 ], [ -43.487080388754443, -22.956654060339893 ], [ -43.487991074578986, -22.951979246851394 ], [ -43.49307231618765, -22.950296601136284 ], [ -43.497242910441571, -22.953288800597448 ], [ -43.496332298305063, -22.957963577489597 ], [ -43.491251018214889, -22.959646191528449 ] ] ] } },
{ "type": "Feature", "properties": { "hex_id": "88a8a074e1fffff", "nome": "Vargem Grande", "codbairro": "131", "codra": 24, "rp": "Barra da Tijuca", "cod_rp": "4.2", "area_plane": "4", "ideb_bairro": "Vargem Grande" }, "geometry": { "type": "Polygon", "coordinates": [ [ [ -43.476006882155318, -22.964692909213937 ], [ -43.47183623678211, -22.961700544527357 ], [ -43.472747054276994, -22.957026059815131 ], [ -43.477828443544446, -22.955343976225461 ], [ -43.481999053943333, -22.958336409160516 ], [ -43.481088310060798, -22.963010857425264 ], [ -43.476006882155318, -22.964692909213937 ] ] ] } },
{ "type": "Feature", "properties": { "hex_id": "88a8a02807fffff", "nome": "Inhoaíba", "codbairro": "146", "codra": 18, "rp": "Campo Grande", "cod_rp": "5.2", "area_plane": "5", "ideb_bairro": "Inhoaíba" }, "geometry": { "type": "Polygon", "coordinates": [ [ [ -43.600676564040889, -22.910240357942133 ], [ -43.596506152540499, -22.907249423130953 ], [ -43.597415870687065, -22.90257155284775 ], [ -43.602495926118706, -22.900884655030016 ], [ -43.606666300748181, -22.903875658263786 ], [ -43.605756656828589, -22.908553490881204 ], [ -43.600676564040889, -22.910240357942133 ] ] ] } },
{ "type": "Feature", "properties": { "hex_id": "88a8a03937fffff", "nome": "Barra de Guaratiba", "codbairro": "152", "codra": 26, "rp": "Guaratiba", "cod_rp": "5.4", "area_plane": "5", "ideb_bairro": "Barra de Guaratiba" }, "geometry": { "type": "Polygon", "coordinates": [ [ [ -43.539099124518081, -23.031225689473775 ], [ -43.534927972975083, -23.028237499286885 ], [ -43.53583837039325, -23.023566379515437 ], [ -43.540919845420433, -23.021883486991449 ], [ -43.545090961018353, -23.024871745688468 ], [ -43.54418063754585, -23.029542828387825 ], [ -43.539099124518081, -23.031225689473775 ] ] ] } },
{ "type": "Feature", "properties": { "hex_id": "88a8a07535fffff", "nome": "Jacarepaguá", "codbairro": "115", "codra": 16, "rp": "Jacarepaguá", "cod_rp": "4.1", "area_plane": "4", "ideb_bairro": "Jacarepaguá" }, "geometry": { "type": "Polygon", "coordinates": [ [ [ -43.380749458061409, -22.965584179815416 ], [ -43.376578928180578, -22.962589238816431 ], [ -43.377490521561029, -22.957915162179322 ], [ -43.382572571702347, -22.956236062043651 ], [ -43.386743068063694, -22.959231071084417 ], [ -43.385831547814952, -22.963905112207549 ], [ -43.380749458061409, -22.965584179815416 ] ] ] } },
{ "type": "Feature", "properties": { "hex_id": "88a8a0285bfffff", "nome": "Paciência", "codbairro": "148", "codra": 19, "rp": "Santa Cruz", "cod_rp": "5.3", "area_plane": "5", "ideb_bairro": "Paciência" }, "geometry": { "type": "Polygon", "coordinates": [ [ [ -43.634950134159794, -22.929483209090755 ], [ -43.630779568622984, -22.926493922550996 ], [ -43.631689032205983, -22.921816968352143 ], [ -43.636768986933916, -22.920129338685609 ], [ -43.640939515074756, -22.923118693760575 ], [ -43.640030125895287, -22.927795609955382 ], [ -43.634950134159794, -22.929483209090755 ] ] ] } },
{ "type": "Feature", "properties": { "hex_id": "88a8a06459fffff", "nome": "Bangu", "codbairro": "141", "codra": 17, "rp": "Bangu", "cod_rp": "5.1", "area_plane": "5", "ideb_bairro": "Bangu" }, "geometry": { "type": "Polygon", "coordinates": [ [ [ -43.476629254553217, -22.863854907376393 ], [ -43.472459271886457, -22.860858877572223 ], [ -43.473369939417346, -22.856178960083522 ], [ -43.478450516034613, -22.854495108828079 ], [ -43.482620463728686, -22.857491206691908 ], [ -43.481709869789874, -22.862171087739998 ], [ -43.476629254553217, -22.863854907376393 ] ] ] } },
{ "type": "Feature", "properties": { "hex_id": "88a8a06139fffff", "nome": "Benfica", "codbairro": "012", "codra": 7, "rp": "Centro", "cod_rp": "1.1", "area_plane": "1", "ideb_bairro": "Benfica" }, "geometry": { "type": "Polygon", "coordinates": [ [ [ -43.240917477926786, -22.902378397987139 ], [ -43.236747583205428, -22.89937734527134 ], [ -43.237660213751319, -22.894700410167534 ], [ -43.242742666621204, -22.893024561898834 ], [ -43.246912529966451, -22.896025682234708 ], [ -43.24599997182969, -22.900702583207664 ], [ -43.240917477926786, -22.902378397987139 ] ] ] } },
{ "type": "Feature", "properties": { "hex_id": "88a8a0398bfffff", "nome": "Guaratiba", "codbairro": "151", "codra": 26, "rp": "Guaratiba", "cod_rp": "5.4", "area_plane": "5", "ideb_bairro": "Guaratiba" }, "geometry": { "type": "Polygon", "coordinates": [ [ [ -43.594083098074698, -23.017375822148271 ], [ -43.589911986755254, -23.014388638158831 ], [ -43.590821913007346, -23.009716571306416 ], [ -43.595902876371589, -23.008031726041047 ], [ -43.600073950908275, -23.011018978637082 ], [ -43.599164098875136, -23.015691007880392 ], [ -43.594083098074698, -23.017375822148271 ] ] ] } },
{ "type": "Feature", "properties": { "hex_id": "88a8a07589fffff", "nome": "Jacarepaguá", "codbairro": "115", "codra": 16, "rp": "Jacarepaguá", "cod_rp": "4.1", "area_plane": "4", "ideb_bairro": "Jacarepaguá" }, "geometry": { "type": "Polygon", "coordinates": [ [ [ -43.435738711309824, -22.95177899397115 ], [ -43.431568199483806, -22.948785053477526 ], [ -43.432479326450533, -22.944110022319585 ], [ -43.437560891848747, -22.942428967694724 ], [ -43.441731369316784, -22.945422976324387 ], [ -43.440820315756312, -22.95009797143134 ], [ -43.435738711309824, -22.95177899397115 ] ] ] } },
{ "type": "Feature", "properties": { "hex_id": "88a8a075ddfffff", "nome": "Vargem Grande", "codbairro": "131", "codra": 24, "rp": "Barra da Tijuca", "cod_rp": "4.2", "area_plane": "4", "ideb_bairro": "Vargem Grande" }, "geometry": { "type": "Polygon", "coordinates": [ [ [ -43.448250396140253, -22.960759473604483 ], [ -43.444079809682023, -22.957766204079455 ], [ -43.444990847732257, -22.953091610569992 ], [ -43.450072398780968, -22.951410322748924 ], [ -43.454242950689149, -22.954403660454176 ], [ -43.453331986110385, -22.95907821778875 ], [ -43.448250396140253, -22.960759473604483 ] ] ] } },
{ "type": "Feature", "properties": { "hex_id": "88a8a02903fffff", "nome": "Campo Grande", "codbairro": "144", "codra": 18, "rp": "Campo Grande", "cod_rp": "5.2", "area_plane": "5", "ideb_bairro": "Campo Grande" }, "geometry": { "type": "Polygon", "coordinates": [ [ [ -43.545172584576754, -22.902405869813968 ], [ -43.541002275242064, -22.899413124124212 ], [ -43.54191243776782, -22.894735029758305 ], [ -43.5469928356938, -22.89304971819012 ], [ -43.551163109005351, -22.896042532164294 ], [ -43.550253020425757, -22.900720589410749 ], [ -43.545172584576754, -22.902405869813968 ] ] ] } },
{ "type": "Feature", "properties": { "hex_id": "88a8a06501fffff", "nome": "Ricardo de Albuquerque", "codbairro": "109", "codra": 22, "rp": "Pavuna", "cod_rp": "3.6", "area_plane": "3", "ideb_bairro": "Ricardo de Albuquerque" }, "geometry": { "type": "Polygon", "coordinates": [ [ [ -43.386855304268359, -22.836663587380457 ], [ -43.382685613891688, -22.833664118967718 ], [ -43.383596972425742, -22.828983077731078 ], [ -43.388677948215367, -22.82730154044825 ], [ -43.39284760499293, -22.830301076671311 ], [ -43.391936319591707, -22.834982082355374 ], [ -43.386855304268359, -22.836663587380457 ] ] ] } },
{ "type": "Feature", "properties": { "hex_id": "88a8a07631fffff", "nome": "Recreio dos Bandeirantes", "codbairro": "132", "codra": 24, "rp": "Barra da Tijuca", "cod_rp": "4.2", "area_plane": "4", "ideb_bairro": "Recreio dos Bandeirantes" }, "geometry": { "type": "Polygon", "coordinates": [ [ [ -43.477589478364997, -23.029735497926161 ], [ -43.473418402719375, -23.026745560428097 ], [ -43.474329300872718, -23.022074586283512 ], [ -43.479411201047931, -23.020393586095842 ], [ -43.48358224168787, -23.023383591965914 ], [ -43.482671417169996, -23.028054529640119 ], [ -43.477589478364997, -23.029735497926161 ] ] ] } },
{ "type": "Feature", "properties": { "hex_id": "88a8a02957fffff", "nome": "Campo Grande", "codbairro": "144", "codra": 18, "rp": "Campo Grande", "cod_rp": "5.2", "area_plane": "5", "ideb_bairro": "Campo Grande" }, "geometry": { "type": "Polygon", "coordinates": [ [ [ -43.557683654950317, -22.911382763684408 ], [ -43.553513274474874, -22.908390689638768 ], [ -43.554423347332076, -22.903713033481946 ], [ -43.559503726665227, -22.902027488602617 ], [ -43.5636740709256, -22.905019630977367 ], [ -43.56276407207956, -22.909697249890844 ], [ -43.557683654950317, -22.911382763684408 ] ] ] } },
{ "type": "Feature", "properties": { "hex_id": "88a8a06555fffff", "nome": "Ricardo de Albuquerque", "codbairro": "109", "codra": 22, "rp": "Pavuna", "cod_rp": "3.6", "area_plane": "3", "ideb_bairro": "Ricardo de Albuquerque" }, "geometry": { "type": "Polygon", "coordinates": [ [ [ -43.39936452780411, -22.845660657515431 ], [ -43.395194761268506, -22.842661856699529 ], [ -43.396106031261084, -22.837981250936807 ], [ -43.401186994602874, -22.836299481655757 ], [ -43.405356727347382, -22.839298350326697 ], [ -43.404445530552906, -22.843978920412127 ], [ -43.39936452780411, -22.845660657515431 ] ] ] } },
{ "type": "Feature", "properties": { "hex_id": "88a8a07685fffff", "nome": "Vargem Grande", "codbairro": "131", "codra": 24, "rp": "Barra da Tijuca", "cod_rp": "4.2", "area_plane": "4", "ideb_bairro": "Vargem Grande" }, "geometry": { "type": "Polygon", "coordinates": [ [ [ -43.510812143119026, -23.005631641938763 ], [ -43.506641189437119, -23.002641733294755 ], [ -43.507551781552166, -22.997969332040878 ], [ -43.512633253563521, -22.996286876212434 ], [ -43.516804171735103, -22.999276853257278 ], [ -43.515893653417344, -23.003949217718212 ], [ -43.510812143119026, -23.005631641938763 ] ] ] } },
{ "type": "Feature", "properties": { "hex_id": "88a8a06e17fffff", "nome": "Pavuna", "codbairro": "114", "codra": 25, "rp": "Pavuna", "cod_rp": "3.6", "area_plane": "3", "ideb_bairro": "Pavuna" }, "geometry": { "type": "Polygon", "coordinates": [ [ [ -43.340078451337888, -22.808339444317301 ], [ -43.33590901420142, -22.805337676351538 ], [ -43.336820710708075, -22.800655295231877 ], [ -43.341901771473069, -22.798974717152941 ], [ -43.346071175727779, -22.8019765527721 ], [ -43.345159552111006, -22.806658898805289 ], [ -43.340078451337888, -22.808339444317301 ] ] ] } },
{ "type": "Feature", "properties": { "hex_id": "88a8a029abfffff", "nome": "Campo Grande", "codbairro": "144", "codra": 18, "rp": "Campo Grande", "cod_rp": "5.2", "area_plane": "5", "ideb_bairro": "Campo Grande" }, "geometry": { "type": "Polygon", "coordinates": [ [ [ -43.568603234382849, -22.855235821512345 ], [ -43.564433212932272, -22.852241995124487 ], [ -43.565343115635415, -22.847561281845014 ], [ -43.570422965747831, -22.845874432286948 ], [ -43.574592950823138, -22.848868326921757 ], [ -43.573683122172966, -22.853549002856184 ], [ -43.568603234382849, -22.855235821512345 ] ] ] } },
{ "type": "Feature", "properties": { "hex_id": "88a8a076d9fffff", "nome": "Guaratiba", "codbairro": "151", "codra": 26, "rp": "Guaratiba", "cod_rp": "5.4", "area_plane": "5", "ideb_bairro": "Guaratiba" }, "geometry": { "type": "Polygon", "coordinates": [ [ [ -43.545090961018353, -23.024871745688468 ], [ -43.540919845420433, -23.021883486991449 ], [ -43.541830184603036, -23.017212001547318 ], [ -43.546911565420892, -23.015528811918866 ], [ -43.551082644982984, -23.018517139127638 ], [ -43.550172379774722, -23.023188587441592 ], [ -43.545090961018353, -23.024871745688468 ] ] ] } },
{ "type": "Feature", "properties": { "hex_id": "88a8a0213dfffff", "nome": "Sepetiba", "codbairro": "150", "codra": 19, "rp": "Santa Cruz", "cod_rp": "5.3", "area_plane": "5", "ideb_bairro": "Sepetiba" }, "geometry": { "type": "Polygon", "coordinates": [ [ [ -43.684998687016325, -22.965337122305009 ], [ -43.680827850691749, -22.962350532935265 ], [ -43.681736952523856, -22.957675338777758 ], [ -43.686816816029257, -22.955986772475875 ], [ -43.690987614190291, -22.958973430559595 ], [ -43.690078587021112, -22.963648586219723 ], [ -43.684998687016325, -22.965337122305009 ] ] ] } },
{ "type": "Feature", "properties": { "hex_id": "88a8a06e6bfffff", "nome": "Vista Alegre", "codbairro": "075", "codra": 14, "rp": "Madureira", "cod_rp": "3.3", "area_plane": "3", "ideb_bairro": "Vista Alegre" }, "geometry": { "type": "Polygon", "coordinates": [ [ [ -43.310112611326204, -22.840143980605241 ], [ -43.305943011144301, -22.837142550896179 ], [ -43.306854995296412, -22.832461993081047 ], [ -43.311936506896636, -22.8307828997612 ], [ -43.316106074651259, -22.833784397120223 ], [ -43.315194163244698, -22.838464920137593 ], [ -43.310112611326204, -22.840143980605241 ] ] ] } },
{ "type": "Feature", "properties": { "hex_id": "88a8a02191fffff", "nome": "Santa Cruz", "codbairro": "149", "codra": 19, "rp": "Santa Cruz", "cod_rp": "5.3", "area_plane": "5", "ideb_bairro": "Santa Cruz" }, "geometry": { "type": "Polygon", "coordinates": [ [ [ -43.754667157938371, -22.924664272655654 ], [ -43.750496551424874, -22.921678111675888 ], [ -43.751405017477076, -22.917000492393758 ], [ -43.756484015052287, -22.915309073260275 ], [ -43.760654582345097, -22.918295303035581 ], [ -43.759746191294973, -22.922972883137358 ], [ -43.754667157938371, -22.924664272655654 ] ] ] } },
{ "type": "Feature", "properties": { "hex_id": "88a8a02a53fffff", "nome": "Guaratiba", "codbairro": "151", "codra": 26, "rp": "Guaratiba", "cod_rp": "5.4", "area_plane": "5", "ideb_bairro": "Guaratiba" }, "geometry": { "type": "Polygon", "coordinates": [ [ [ -43.654518189775423, -22.975464419754864 ], [ -43.650347307182074, -22.972477361492142 ], [ -43.651256675375613, -22.967802818398486 ], [ -43.656336851661635, -22.966115371754899 ], [ -43.660507696555094, -22.969102498681973 ], [ -43.659598402874067, -22.973777003576799 ], [ -43.654518189775423, -22.975464419754864 ] ] ] } },
{ "type": "Feature", "properties": { "hex_id": "88a8a06651fffff", "nome": "Senador Camará", "codbairro": "142", "codra": 17, "rp": "Bangu", "cod_rp": "5.1", "area_plane": "5", "ideb_bairro": "Senador Camará" }, "geometry": { "type": "Polygon", "coordinates": [ [ [ -43.496186609950996, -22.909894428914566 ], [ -43.492016302435516, -22.906900613912548 ], [ -43.492926876457268, -22.902223100572641 ], [ -43.498007684304895, -22.900539438862129 ], [ -43.502177956544038, -22.903533322054347 ], [ -43.501267456223609, -22.908210798755359 ], [ -43.496186609950996, -22.909894428914566 ] ] ] } },
{ "type": "Feature", "properties": { "hex_id": "88a8a021e5fffff", "nome": "Santa Cruz", "codbairro": "149", "codra": 19, "rp": "Santa Cruz", "cod_rp": "5.3", "area_plane": "5", "ideb_bairro": "Santa Cruz" }, "geometry": { "type": "Polygon", "coordinates": [ [ [ -43.70296500154236, -22.946244072240763 ], [ -43.698794279980099, -22.943257276724065 ], [ -43.699703205749259, -22.938580992264271 ], [ -43.704782778343862, -22.936891541982689 ], [ -43.708953461470898, -22.939878406218384 ], [ -43.708044610450187, -22.944554652005181 ], [ -43.70296500154236, -22.946244072240763 ] ] ] } },
{ "type": "Feature", "properties": { "hex_id": "88a8a02aa7fffff", "nome": "Paciência", "codbairro": "148", "codra": 19, "rp": "Santa Cruz", "cod_rp": "5.3", "area_plane": "5", "ideb_bairro": "Paciência" }, "geometry": { "type": "Polygon", "coordinates": [ [ [ -43.643667597342933, -22.909086415387808 ], [ -43.639497159520161, -22.906096620866446 ], [ -43.640406521961758, -22.901418538517209 ], [ -43.645486247795262, -22.899730288766211 ], [ -43.649656648091515, -22.902720151804075 ], [ -43.648747360092415, -22.907398196064968 ], [ -43.643667597342933, -22.909086415387808 ] ] ] } },
{ "type": "Feature", "properties": { "hex_id": "88a8a060e5fffff", "nome": "Quintino Bocaiúva", "codbairro": "079", "codra": 15, "rp": "Madureira", "cod_rp": "3.3", "area_plane": "3", "ideb_bairro": "Quintino Bocaiúva" }, "geometry": { "type": "Polygon", "coordinates": [ [ [ -43.314414133986453, -22.891255259941776 ], [ -43.310244191090973, -22.888255801951157 ], [ -43.311156214027619, -22.883577975380071 ], [ -43.31623810709246, -22.881899641638284 ], [ -43.320408017489704, -22.88489916738634 ], [ -43.319496067332111, -22.889576959107206 ], [ -43.314414133986453, -22.891255259941776 ] ] ] } },
{ "type": "Feature", "properties": { "hex_id": "88a8a066a5fffff", "nome": "Bangu", "codbairro": "141", "codra": 17, "rp": "Bangu", "cod_rp": "5.1", "area_plane": "5", "ideb_bairro": "Bangu" }, "geometry": { "type": "Polygon", "coordinates": [ [ [ -43.485352160644126, -22.843450035280448 ], [ -43.481182302143459, -22.840453500697027 ], [ -43.482092869215684, -22.835772455418667 ], [ -43.487173221168966, -22.834087981235893 ], [ -43.491343044566044, -22.837084583859117 ], [ -43.490432551125124, -22.841765592613807 ], [ -43.485352160644126, -22.843450035280448 ] ] ] } },
{ "type": "Feature", "properties": { "hex_id": "88a8a0674dfffff", "nome": "Taquara", "codbairro": "122", "codra": 16, "rp": "Jacarepaguá", "cod_rp": "4.1", "area_plane": "4", "ideb_bairro": "Taquara" }, "geometry": { "type": "Polygon", "coordinates": [ [ [ -43.404197972245065, -22.918468854563457 ], [ -43.400027720471613, -22.915472835584112 ], [ -43.400939055864299, -22.910796127716452 ], [ -43.406020569802841, -22.909115474553257 ], [ -43.410190787703598, -22.912111561537021 ], [ -43.409279525550232, -22.916788233668036 ], [ -43.404197972245065, -22.918468854563457 ] ] ] } },
{ "type": "Feature", "properties": { "hex_id": "88a8a078d1fffff", "nome": "Lagoa", "codbairro": "027", "codra": 6, "rp": "Zona Sul", "cod_rp": "2.1", "area_plane": "2", "ideb_bairro": "Lagoa" }, "geometry": { "type": "Polygon", "coordinates": [ [ [ -43.217973248467906, -22.971174551172528 ], [ -43.213802941709559, -22.968175373849757 ], [ -43.214715855443629, -22.963502244515073 ], [ -43.219799003639444, -22.961828326412547 ], [ -43.223969279365683, -22.964827571436324 ], [ -43.223056437940009, -22.969500666850077 ], [ -43.217973248467906, -22.971174551172528 ] ] ] } },
{ "type": "Feature", "properties": { "hex_id": "88a8a070b7fffff", "nome": "Barra da Tijuca", "codbairro": "128", "codra": 24, "rp": "Barra da Tijuca", "cod_rp": "4.2", "area_plane": "4", "ideb_bairro": "Barra da Tijuca" }, "geometry": { "type": "Polygon", "coordinates": [ [ [ -43.344784673765417, -23.003688871938238 ], [ -43.340613944676832, -23.000694339164749 ], [ -43.34152588410597, -22.996022461820747 ], [ -43.346608479676782, -22.99434515240662 ], [ -43.350779175791423, -22.997339753214657 ], [ -43.349867309320921, -23.002011595390726 ], [ -43.344784673765417, -23.003688871938238 ] ] ] } },
{ "type": "Feature", "properties": { "hex_id": "88a8a06083fffff", "nome": "Osvaldo Cruz", "codbairro": "088", "codra": 15, "rp": "Madureira", "cod_rp": "3.3", "area_plane": "3", "ideb_bairro": "Oswaldo Cruz" }, "geometry": { "type": "Polygon", "coordinates": [ [ [ -43.350898374157367, -22.874824762752578 ], [ -43.34672848409398, -22.871825701184179 ], [ -43.347640188649315, -22.867146848357219 ], [ -43.352721710319898, -22.865467092292782 ], [ -43.356891567329349, -22.868466221666434 ], [ -43.355979935733906, -22.873145039287749 ], [ -43.350898374157367, -22.874824762752578 ] ] ] } },
{ "type": "Feature", "properties": { "hex_id": "88a8a071b3fffff", "nome": "Itanhangá", "codbairro": "127", "codra": 24, "rp": "Barra da Tijuca", "cod_rp": "4.2", "area_plane": "4", "ideb_bairro": "Itanhangá" }, "geometry": { "type": "Polygon", "coordinates": [ [ [ -43.289263775841505, -22.995775230913996 ], [ -43.285093185090389, -22.99277889233781 ], [ -43.286005561281087, -22.988106805891892 ], [ -43.29108845555902, -22.986431092634039 ], [ -43.295259014185625, -22.989427499110171 ], [ -43.294346710670574, -22.994099550932667 ], [ -43.289263775841505, -22.995775230913996 ] ] ] } },
{ "type": "Feature", "properties": { "hex_id": "88a8a060d7fffff", "nome": "Vila Valqueire", "codbairro": "125", "codra": 16, "rp": "Jacarepaguá", "cod_rp": "4.1", "area_plane": "4", "ideb_bairro": "Vila Valqueire" }, "geometry": { "type": "Polygon", "coordinates": [ [ [ -43.363408199057389, -22.883820611820099 ], [ -43.359238231683015, -22.880822218115746 ], [ -43.360149847938601, -22.876143800888595 ], [ -43.365231358555086, -22.87446381268451 ], [ -43.369401292683492, -22.877462274238521 ], [ -43.368489749453126, -22.882140656135448 ], [ -43.363408199057389, -22.883820611820099 ] ] ] } },
{ "type": "Feature", "properties": { "hex_id": "88a8a0612bfffff", "nome": "Imperial de São Cristóvão", "codbairro": "010", "codra": 7, "rp": "Centro", "cod_rp": "1.1", "area_plane": "1", "ideb_bairro": "Imperial de São Cristóvão" }, "geometry": { "type": "Polygon", "coordinates": [ [ [ -43.225669723991821, -22.907404713847171 ], [ -43.221499823075803, -22.904403429342345 ], [ -43.222412583228163, -22.89972682674599 ], [ -43.227495171975406, -22.898051542625254 ], [ -43.23166504174791, -22.901052894727002 ], [ -43.230752353928459, -22.905729463341029 ], [ -43.225669723991821, -22.907404713847171 ] ] ] } },
{ "type": "Feature", "properties": { "hex_id": "88a8a06a41fffff", "nome": "Glória", "codbairro": "016", "codra": 4, "rp": "Zona Sul", "cod_rp": "2.1", "area_plane": "2", "ideb_bairro": "Glória" }, "geometry": { "type": "Polygon", "coordinates": [ [ [ -43.173927776197814, -22.928821955538108 ], [ -43.169757829894493, -22.925820043401053 ], [ -43.170671035217289, -22.92114480763669 ], [ -43.175754114780212, -22.919471517477689 ], [ -43.179924030729076, -22.922473497141748 ], [ -43.179010897481277, -22.927148699426262 ], [ -43.173927776197814, -22.928821955538108 ] ] ] } },
{ "type": "Feature", "properties": { "hex_id": "88a8a061d3fffff", "nome": "Tomás Coelho", "codbairro": "056", "codra": 12, "rp": "Inhaúma", "cod_rp": "3.4", "area_plane": "3", "ideb_bairro": "Tomás Coelho" }, "geometry": { "type": "Polygon", "coordinates": [ [ [ -43.307898364888011, -22.875899922868921 ], [ -43.303728533168659, -22.872899729938194 ], [ -43.304640586586366, -22.868221102644238 ], [ -43.309722398992648, -22.866542703052673 ], [ -43.313892198314896, -22.869542963697359 ], [ -43.312980217639719, -22.874221556208134 ], [ -43.307898364888011, -22.875899922868921 ] ] ] } },
{ "type": "Feature", "properties": { "hex_id": "88a8a06227fffff", "nome": "Jacarepaguá", "codbairro": "115", "codra": 16, "rp": "Jacarepaguá", "cod_rp": "4.1", "area_plane": "4", "ideb_bairro": "Jacarepaguá" }, "geometry": { "type": "Polygon", "coordinates": [ [ [ -43.300732539470651, -22.961389806125368 ], [ -43.29656215669047, -22.958392526961898 ], [ -43.2974743909162, -22.953718536155758 ], [ -43.302556935208003, -22.952041859230871 ], [ -43.306727285691863, -22.955039206254842 ], [ -43.305815124191994, -22.959713162331642 ], [ -43.300732539470651, -22.961389806125368 ] ] ] } },
{ "type": "Feature", "properties": { "hex_id": "88a8a06323fffff", "nome": "Alto da Boa Vista", "codbairro": "034", "codra": 8, "rp": "Tijuca", "cod_rp": "2.2", "area_plane": "2", "ideb_bairro": "Alto da Boa Vista" }, "geometry": { "type": "Polygon", "coordinates": [ [ [ -43.24521406650674, -22.953455907880087 ], [ -43.2410438282661, -22.95045682739341 ], [ -43.241956497855803, -22.945782630120227 ], [ -43.247039333255344, -22.944107547506068 ], [ -43.251209540049139, -22.947106695718823 ], [ -43.250296942902025, -22.951780858808107 ], [ -43.24521406650674, -22.953455907880087 ] ] ] } },
{ "type": "Feature", "properties": { "hex_id": "88a8a07453fffff", "nome": "Vargem Pequena", "codbairro": "130", "codra": 24, "rp": "Barra da Tijuca", "cod_rp": "4.2", "area_plane": "4", "ideb_bairro": "Vargem Pequena" }, "geometry": { "type": "Polygon", "coordinates": [ [ [ -43.48305447653884, -23.001706687884358 ], [ -43.478883579321732, -22.998715872420501 ], [ -43.479794392547078, -22.994043361332089 ], [ -43.484876029344733, -22.992361702216801 ], [ -43.489046891475802, -22.995352586013183 ], [ -43.48813615190695, -23.000025060580814 ], [ -43.48305447653884, -23.001706687884358 ] ] ] } },
{ "type": "Feature", "properties": { "hex_id": "88a8a074a7fffff", "nome": "Senador Camará", "codbairro": "142", "codra": 17, "rp": "Bangu", "cod_rp": "5.1", "area_plane": "5", "ideb_bairro": "Senador Camará" }, "geometry": { "type": "Polygon", "coordinates": [ [ [ -43.472219710500241, -22.935332246066412 ], [ -43.468049262787048, -22.932338703812903 ], [ -43.46896006896138, -22.92766264929778 ], [ -43.474041249274151, -22.925980173431373 ], [ -43.478211662074081, -22.928973783870145 ], [ -43.477300929486205, -22.933649801978564 ], [ -43.472219710500241, -22.935332246066412 ] ] ] } },
{ "type": "Feature", "properties": { "hex_id": "88a8a02821fffff", "nome": "Inhoaíba", "codbairro": "146", "codra": 18, "rp": "Campo Grande", "cod_rp": "5.2", "area_plane": "5", "ideb_bairro": "Inhoaíba" }, "geometry": { "type": "Polygon", "coordinates": [ [ [ -43.582175398699036, -22.907631127192001 ], [ -43.578005020383443, -22.904639588443629 ], [ -43.57891488684362, -22.89996164310196 ], [ -43.583995057497646, -22.898275273980882 ], [ -43.588165399224884, -22.90126688110573 ], [ -43.587255606898125, -22.905944788963698 ], [ -43.582175398699036, -22.907631127192001 ] ] ] } },
{ "type": "Feature", "properties": { "hex_id": "88a8a03951fffff", "nome": "Barra de Guaratiba", "codbairro": "152", "codra": 26, "rp": "Guaratiba", "cod_rp": "5.4", "area_plane": "5", "ideb_bairro": "Barra de Guaratiba" }, "geometry": { "type": "Polygon", "coordinates": [ [ [ -43.564657075764003, -23.07081394548381 ], [ -43.560485638550404, -23.067827916981464 ], [ -43.561395883370764, -23.063158849656588 ], [ -43.566477491332847, -23.06147584814746 ], [ -43.570648892206663, -23.064461945288251 ], [ -43.56973872146984, -23.069130975288214 ], [ -43.564657075764003, -23.07081394548381 ] ] ] } },
{ "type": "Feature", "properties": { "hex_id": "88a8a039a5fffff", "nome": "Ilha de Guaratiba", "codbairro": "164", "codra": 26, "rp": "Guaratiba", "cod_rp": "5.4", "area_plane": "5", "ideb_bairro": "Ilha de Guaratiba" }, "geometry": { "type": "Polygon", "coordinates": [ [ [ -43.553813355510997, -23.004501257960136 ], [ -43.549642365666699, -23.001512491006256 ], [ -43.550552604052648, -22.996839872145081 ], [ -43.555633758281111, -22.995156057440141 ], [ -43.559804711958755, -22.998144892887744 ], [ -43.558894547586284, -23.00281747453505 ], [ -43.553813355510997, -23.004501257960136 ] ] ] } },
{ "type": "Feature", "properties": { "hex_id": "88a8a075a3fffff", "nome": "Jacarepaguá", "codbairro": "115", "codra": 16, "rp": "Jacarepaguá", "cod_rp": "4.1", "area_plane": "4", "ideb_bairro": "Jacarepaguá" }, "geometry": { "type": "Polygon", "coordinates": [ [ [ -43.416708878907684, -22.927455572167037 ], [ -43.412538551507055, -22.924460222899882 ], [ -43.413449798213733, -22.919783951855024 ], [ -43.418531299028189, -22.918103065926605 ], [ -43.422701592364099, -22.921098483242467 ], [ -43.42179041896199, -22.925774718426524 ], [ -43.416708878907684, -22.927455572167037 ] ] ] } },
{ "type": "Feature", "properties": { "hex_id": "88a8a028c9fffff", "nome": "Paciência", "codbairro": "148", "codra": 19, "rp": "Santa Cruz", "cod_rp": "5.3", "area_plane": "5", "ideb_bairro": "Paciência" }, "geometry": { "type": "Polygon", "coordinates": [ [ [ -43.649656648091515, -22.902720151804075 ], [ -43.645486247795262, -22.899730288766211 ], [ -43.646395551703129, -22.895051843278743 ], [ -43.65147518144785, -22.893363298964481 ], [ -43.655645544126997, -22.896353230520294 ], [ -43.654736314690169, -22.901031637860946 ], [ -43.649656648091515, -22.902720151804075 ] ] ] } },
{ "type": "Feature", "properties": { "hex_id": "88a8a06091fffff", "nome": "Marechal Hermes", "codbairro": "090", "codra": 15, "rp": "Madureira", "cod_rp": "3.3", "area_plane": "3", "ideb_bairro": "Marechal Hermes" }, "geometry": { "type": "Polygon", "coordinates": [ [ [ -43.366142917143563, -22.869785030360038 ], [ -43.361973038134252, -22.866786200931287 ], [ -43.362884612074076, -22.862107018291312 ], [ -43.367965991999114, -22.860426700423186 ], [ -43.372135837722148, -22.863425597680735 ], [ -43.371224336818138, -22.868104744966082 ], [ -43.366142917143563, -22.869785030360038 ] ] ] } },
{ "type": "Feature", "properties": { "hex_id": "88a8a0291dfffff", "nome": "Campo Grande", "codbairro": "144", "codra": 18, "rp": "Campo Grande", "cod_rp": "5.2", "area_plane": "5", "ideb_bairro": "Campo Grande" }, "geometry": { "type": "Polygon", "coordinates": [ [ [ -43.554423347332076, -22.903713033481946 ], [ -43.550253020425757, -22.900720589410749 ], [ -43.551163109005351, -22.896042532164294 ], [ -43.556243450509974, -22.894356956188084 ], [ -43.56041374125185, -22.897349468566699 ], [ -43.559503726665227, -22.902027488602617 ], [ -43.554423347332076, -22.903713033481946 ] ] ] } },
{ "type": "Feature", "properties": { "hex_id": "88a8a02103fffff", "nome": "Sepetiba", "codbairro": "150", "codra": 19, "rp": "Santa Cruz", "cod_rp": "5.3", "area_plane": "5", "ideb_bairro": "Sepetiba" }, "geometry": { "type": "Polygon", "coordinates": [ [ [ -43.697511329491128, -22.974295539924157 ], [ -43.693340426460047, -22.971309625843684 ], [ -43.694249437630056, -22.96663487236253 ], [ -43.699329277115012, -22.964946071570864 ], [ -43.703500141790634, -22.96793205440995 ], [ -43.702591205348384, -22.972606769270605 ], [ -43.697511329491128, -22.974295539924157 ] ] ] } },
{ "type": "Feature", "properties": { "hex_id": "88a8a029c5fffff", "nome": "Campo Grande", "codbairro": "144", "codra": 18, "rp": "Campo Grande", "cod_rp": "5.2", "area_plane": "5", "ideb_bairro": "Campo Grande" }, "geometry": { "type": "Polygon", "coordinates": [ [ [ -43.572394070559845, -22.884620361309633 ], [ -43.568223852418917, -22.881627712312341 ], [ -43.569133766169315, -22.876948564075523 ], [ -43.574213823993432, -22.875262102209859 ], [ -43.578384005697899, -22.878254819518396 ], [ -43.577474166026384, -22.88293393036987 ], [ -43.572394070559845, -22.884620361309633 ] ] ] } },
{ "type": "Feature", "properties": { "hex_id": "88a8a02a19fffff", "nome": "Guaratiba", "codbairro": "151", "codra": 26, "rp": "Guaratiba", "cod_rp": "5.4", "area_plane": "5", "ideb_bairro": "Guaratiba" }, "geometry": { "type": "Polygon", "coordinates": [ [ [ -43.651256675375613, -22.967802818398486 ], [ -43.647085845560703, -22.964815388452024 ], [ -43.647995229669405, -22.960140443230554 ], [ -43.653075369110304, -22.958452966110478 ], [ -43.657246161275978, -22.961440464699852 ], [ -43.656336851661635, -22.966115371754899 ], [ -43.651256675375613, -22.967802818398486 ] ] ] } },
{ "type": "Feature", "properties": { "hex_id": "88a8a06617fffff", "nome": "Senador Camará", "codbairro": "142", "codra": 17, "rp": "Bangu", "cod_rp": "5.1", "area_plane": "5", "ideb_bairro": "Senador Camará" }, "geometry": { "type": "Polygon", "coordinates": [ [ [ -43.492398896586671, -22.880515728663113 ], [ -43.488228786504713, -22.877520737581296 ], [ -43.489139349264477, -22.872841657535108 ], [ -43.494219948442485, -22.871157605157222 ], [ -43.498390023309177, -22.874152664365234 ], [ -43.49747953422483, -22.878831707813433 ], [ -43.492398896586671, -22.880515728663113 ] ] ] } },
{ "type": "Feature", "properties": { "hex_id": "88a8a021abfffff", "nome": "Santa Cruz", "codbairro": "149", "codra": 19, "rp": "Santa Cruz", "cod_rp": "5.3", "area_plane": "5", "ideb_bairro": "Santa Cruz" }, "geometry": { "type": "Polygon", "coordinates": [ [ [ -43.720929913209297, -22.927145101826397 ], [ -43.716759307224244, -22.924158100147757 ], [ -43.717668056776425, -22.919480726618946 ], [ -43.722747337491413, -22.917790393606122 ], [ -43.726917904769707, -22.920777464008712 ], [ -43.726009230051403, -22.925454798688712 ], [ -43.720929913209297, -22.927145101826397 ] ] ] } },
{ "type": "Feature", "properties": { "hex_id": "88a8a02a6dfffff", "nome": "Guaratiba", "codbairro": "151", "codra": 26, "rp": "Guaratiba", "cod_rp": "5.4", "area_plane": "5", "ideb_bairro": "Guaratiba" }, "geometry": { "type": "Polygon", "coordinates": [ [ [ -43.599542262578524, -22.989340463712924 ], [ -43.595371331309991, -22.986352399449558 ], [ -43.59628117237807, -22.981678797872146 ], [ -43.601361870486528, -22.979993298207287 ], [ -43.60553276489226, -22.982981431037942 ], [ -43.604622998063988, -22.987654994954678 ], [ -43.599542262578524, -22.989340463712924 ] ] ] } },
{ "type": "Feature", "properties": { "hex_id": "88a8a0666bfffff", "nome": "Realengo", "codbairro": "139", "codra": 33, "rp": "Bangu", "cod_rp": "5.1", "area_plane": "5", "ideb_bairro": "Realengo" }, "geometry": { "type": "Polygon", "coordinates": [ [ [ -43.462440995410056, -22.912321143558071 ], [ -43.45827071061322, -22.909326493090084 ], [ -43.459181563435294, -22.904649235055405 ], [ -43.464262627534104, -22.902966663784916 ], [ -43.468432877569505, -22.905961382373359 ], [ -43.467522098279247, -22.910638604100335 ], [ -43.462440995410056, -22.912321143558071 ] ] ] } },
{ "type": "Feature", "properties": { "hex_id": "88a8a02ac1fffff", "nome": "Santa Cruz", "codbairro": "149", "codra": 19, "rp": "Santa Cruz", "cod_rp": "5.3", "area_plane": "5", "ideb_bairro": "Santa Cruz" }, "geometry": { "type": "Polygon", "coordinates": [ [ [ -43.669224668239863, -22.948713780387727 ], [ -43.665053951644445, -22.945726144507656 ], [ -43.665963159998299, -22.941050108047012 ], [ -43.671043010379229, -22.939361745796756 ], [ -43.675213689053642, -22.942349450324606 ], [ -43.674304555279761, -22.947025448443455 ], [ -43.669224668239863, -22.948713780387727 ] ] ] } },
{ "type": "Feature", "properties": { "hex_id": "88a8a02b15fffff", "nome": "Campo Grande", "codbairro": "144", "codra": 18, "rp": "Campo Grande", "cod_rp": "5.2", "area_plane": "5", "ideb_bairro": "Campo Grande" }, "geometry": { "type": "Polygon", "coordinates": [ [ [ -43.573986231752158, -22.94971983978818 ], [ -43.5698155838163, -22.946729617706183 ], [ -43.570725577960062, -22.942053968666869 ], [ -43.575806145949237, -22.940368579105037 ], [ -43.579976757416837, -22.943358869624127 ], [ -43.57906683737518, -22.94803448125646 ], [ -43.573986231752158, -22.94971983978818 ] ] ] } },
{ "type": "Feature", "properties": { "hex_id": "88a8a06713fffff", "nome": "Realengo", "codbairro": "139", "codra": 33, "rp": "Bangu", "cod_rp": "5.1", "area_plane": "5", "ideb_bairro": "Realengo" }, "geometry": { "type": "Polygon", "coordinates": [ [ [ -43.436893559780692, -22.87263984142097 ], [ -43.432723567141196, -22.869643045833939 ], [ -43.433634570967868, -22.864963748114501 ], [ -43.438715494051962, -22.8632812820215 ], [ -43.442885452324411, -22.866278145597516 ], [ -43.441974521891517, -22.87095740726604 ], [ -43.436893559780692, -22.87263984142097 ] ] ] } },
{ "type": "Feature", "properties": { "hex_id": "88a8a02b69fffff", "nome": "Guaratiba", "codbairro": "151", "codra": 26, "rp": "Guaratiba", "cod_rp": "5.4", "area_plane": "5", "ideb_bairro": "Guaratiba" }, "geometry": { "type": "Polygon", "coordinates": [ [ [ -43.544031309163785, -22.981514780311301 ], [ -43.539860480247178, -22.978524900392635 ], [ -43.540770765771086, -22.973851074757334 ], [ -43.545851806264402, -22.972167166145216 ], [ -43.55002259916629, -22.97515711449358 ], [ -43.549112387601262, -22.979830903012861 ], [ -43.544031309163785, -22.981514780311301 ] ] ] } },
{ "type": "Feature", "properties": { "hex_id": "88a8a06767fffff", "nome": "Jardim Sulacap", "codbairro": "137", "codra": 33, "rp": "Bangu", "cod_rp": "5.1", "area_plane": "5", "ideb_bairro": "Jardim Sulacap" }, "geometry": { "type": "Polygon", "coordinates": [ [ [ -43.385169859672409, -22.894131693545212 ], [ -43.380999793828664, -22.89113426844111 ], [ -43.381911248603629, -22.886456322538432 ], [ -43.386992696096506, -22.884775837274216 ], [ -43.39116272836079, -22.887773330295058 ], [ -43.390251346723403, -22.892451240651877 ], [ -43.385169859672409, -22.894131693545212 ] ] ] } },
{ "type": "Feature", "properties": { "hex_id": "88a8a07897fffff", "nome": "Rio Comprido", "codbairro": "007", "codra": 3, "rp": "Centro", "cod_rp": "1.1", "area_plane": "1", "ideb_bairro": "Rio Comprido" }, "geometry": { "type": "Polygon", "coordinates": [ [ [ -43.214197235922221, -22.941807039534449 ], [ -43.210027129275076, -22.938806692122625 ], [ -43.210940030964906, -22.934131991777711 ], [ -43.216022967031137, -22.932457672710598 ], [ -43.220193042706782, -22.935458087760054 ], [ -43.219280213299484, -22.940132754227459 ], [ -43.214197235922221, -22.941807039534449 ] ] ] } },
{ "type": "Feature", "properties": { "hex_id": "88a8a078ebfffff", "nome": "Copacabana", "codbairro": "024", "codra": 5, "rp": "Zona Sul", "cod_rp": "2.1", "area_plane": "2", "ideb_bairro": "Copacabana" }, "geometry": { "type": "Polygon", "coordinates": [ [ [ -43.18421602358351, -22.973541791044767 ], [ -43.18004576344503, -22.970541781808361 ], [ -43.180958950948146, -22.965868919041963 ], [ -43.186042326464076, -22.964196099091492 ], [ -43.190212556086458, -22.967196175961273 ], [ -43.189299440720809, -22.971869005136579 ], [ -43.18421602358351, -22.973541791044767 ] ] ] } },
{ "type": "Feature", "properties": { "hex_id": "88a8a06049fffff", "nome": "Jacarepaguá", "codbairro": "115", "codra": 16, "rp": "Jacarepaguá", "cod_rp": "4.1", "area_plane": "4", "ideb_bairro": "Jacarepaguá" }, "geometry": { "type": "Polygon", "coordinates": [ [ [ -43.306727285691863, -22.955039206254842 ], [ -43.302556935208003, -22.952041859230871 ], [ -43.303469111946505, -22.947367501753646 ], [ -43.308551566425848, -22.945690526075722 ], [ -43.312721884522418, -22.948687940961207 ], [ -43.311809780538681, -22.95336226365156 ], [ -43.306727285691863, -22.955039206254842 ] ] ] } },
{ "type": "Feature", "properties": { "hex_id": "88a8a0609dfffff", "nome": "Bento Ribeiro", "codbairro": "089", "codra": 15, "rp": "Madureira", "cod_rp": "3.3", "area_plane": "3", "ideb_bairro": "Bento Ribeiro" }, "geometry": { "type": "Polygon", "coordinates": [ [ [ -43.360149847938601, -22.876143800888595 ], [ -43.355979935733906, -22.873145039287749 ], [ -43.356891567329349, -22.868466221666434 ], [ -43.361973038134252, -22.866786200931287 ], [ -43.366142917143563, -22.869785030360038 ], [ -43.365231358555086, -22.87446381268451 ], [ -43.360149847938601, -22.876143800888595 ] ] ] } },
{ "type": "Feature", "properties": { "hex_id": "88a8a06145fffff", "nome": "Tijuca", "codbairro": "033", "codra": 8, "rp": "Tijuca", "cod_rp": "2.2", "area_plane": "2", "ideb_bairro": "Tijuca" }, "geometry": { "type": "Polygon", "coordinates": [ [ [ -43.229446032703557, -22.936783618373259 ], [ -43.225275931806358, -22.933783502981441 ], [ -43.22618870396952, -22.929108469461305 ], [ -43.231271504682873, -22.927433585347284 ], [ -43.235441574375933, -22.930433768399897 ], [ -43.234528874571552, -22.935108767894185 ], [ -43.229446032703557, -22.936783618373259 ] ] ] } },
{ "type": "Feature", "properties": { "hex_id": "88a8a06a07fffff", "nome": "Centro", "codbairro": "005", "codra": 2, "rp": "Centro", "cod_rp": "1.1", "area_plane": "1", "ideb_bairro": "Centro" }, "geometry": { "type": "Polygon", "coordinates": [ [ [ -43.170153942617731, -22.89943844744073 ], [ -43.165984196814222, -22.896435368168675 ], [ -43.166897389971027, -22.891758563591402 ], [ -43.171980256894003, -22.890084871710368 ], [ -43.176149972403572, -22.893088018445386 ], [ -43.175236851295907, -22.897764789586937 ], [ -43.170153942617731, -22.89943844744073 ] ] ] } },
{ "type": "Feature", "properties": { "hex_id": "88a8a0603dfffff", "nome": "Engenho de Dentro", "codbairro": "066", "codra": 13, "rp": "Méier", "cod_rp": "3.2", "area_plane": "3", "ideb_bairro": "Engenho de Dentro" }, "geometry": { "type": "Polygon", "coordinates": [ [ [ -43.296431598823325, -22.910319554564008 ], [ -43.292261558978794, -22.907320299840471 ], [ -43.293173754361618, -22.902643570888142 ], [ -43.298255916908353, -22.900966131325173 ], [ -43.302425924527491, -22.903965453803533 ], [ -43.301513801837032, -22.908642148078499 ], [ -43.296431598823325, -22.910319554564008 ] ] ] } },
{ "type": "Feature", "properties": { "hex_id": "88a8a06199fffff", "nome": "Tomás Coelho", "codbairro": "056", "codra": 12, "rp": "Inhaúma", "cod_rp": "3.4", "area_plane": "3", "ideb_bairro": "Tomás Coelho" }, "geometry": { "type": "Polygon", "coordinates": [ [ [ -43.304640586586366, -22.868221102644238 ], [ -43.300470810493373, -22.865220542429295 ], [ -43.30138287914145, -22.860541514942128 ], [ -43.306464651169982, -22.858863082408 ], [ -43.310634394916434, -22.861863710315127 ], [ -43.309722398992648, -22.866542703052673 ], [ -43.304640586586366, -22.868221102644238 ] ] ] } },
{ "type": "Feature", "properties": { "hex_id": "88a8a02e5dfffff", "nome": "Santa Cruz", "codbairro": "149", "codra": 19, "rp": "Santa Cruz", "cod_rp": "5.3", "area_plane": "5", "ideb_bairro": "Santa Cruz" }, "geometry": { "type": "Polygon", "coordinates": [ [ [ -43.791127387302389, -22.908142417150451 ], [ -43.786956874500177, -22.905156656303319 ], [ -43.787865013653111, -22.900478028932444 ], [ -43.792943590439478, -22.898785201935894 ], [ -43.79711406346744, -22.901771031630425 ], [ -43.79620599949488, -22.906449619462649 ], [ -43.791127387302389, -22.908142417150451 ] ] ] } },
{ "type": "Feature", "properties": { "hex_id": "88a8a06a5bfffff", "nome": "Estácio", "codbairro": "009", "codra": 3, "rp": "Centro", "cod_rp": "1.1", "area_plane": "1", "ideb_bairro": "Estácio" }, "geometry": { "type": "Polygon", "coordinates": [ [ [ -43.20442583544822, -22.918779591991907 ], [ -43.200255898109539, -22.915778143305637 ], [ -43.201168844926258, -22.911102240434062 ], [ -43.206251656865824, -22.909427820013722 ], [ -43.210421563384678, -22.912429336273053 ], [ -43.209508688795594, -22.917105205368113 ], [ -43.20442583544822, -22.918779591991907 ] ] ] } },
{ "type": "Feature", "properties": { "hex_id": "88a8a079dbfffff", "nome": "Urca", "codbairro": "022", "codra": 4, "rp": "Zona Sul", "cod_rp": "2.1", "area_plane": "2", "ideb_bairro": "Urca" }, "geometry": { "type": "Polygon", "coordinates": [ [ [ -43.162451682050808, -22.963212707845283 ], [ -43.158281531523457, -22.960211732148856 ], [ -43.159194878114377, -22.955538401196922 ], [ -43.16427830321998, -22.953866079305531 ], [ -43.168448423565103, -22.956867122569562 ], [ -43.167535148998653, -22.96154042014583 ], [ -43.162451682050808, -22.963212707845283 ] ] ] } },
{ "type": "Feature", "properties": { "hex_id": "88a8a061edfffff", "nome": "Jacarezinho", "codbairro": "155", "codra": 28, "rp": "Méier", "cod_rp": "3.2", "area_plane": "3", "ideb_bairro": "Jacarezinho" }, "geometry": { "type": "Polygon", "coordinates": [ [ [ -43.252907435928009, -22.889672301452553 ], [ -43.248737604049879, -22.886671113495844 ], [ -43.249650119996254, -22.881993445819859 ], [ -43.254732395365501, -22.880317000334834 ], [ -43.258902195685508, -22.883318255913135 ], [ -43.257989752206171, -22.887995889343333 ], [ -43.252907435928009, -22.889672301452553 ] ] ] } },
{ "type": "Feature", "properties": { "hex_id": "88a8a06241fffff", "nome": "Barra da Tijuca", "codbairro": "128", "codra": 24, "rp": "Barra da Tijuca", "cod_rp": "4.2", "area_plane": "4", "ideb_bairro": "Barra da Tijuca" }, "geometry": { "type": "Polygon", "coordinates": [ [ [ -43.326277815630689, -23.00105326011446 ], [ -43.322107131783717, -22.998058125090441 ], [ -43.323019216988683, -22.993386177682794 ], [ -43.32810191318805, -22.991709400274093 ], [ -43.332272564344194, -22.994704603287733 ], [ -43.331360552003567, -22.999376515708924 ], [ -43.326277815630689, -23.00105326011446 ] ] ] } },
{ "type": "Feature", "properties": { "hex_id": "88a8a02f05fffff", "nome": "Santa Cruz", "codbairro": "149", "codra": 19, "rp": "Santa Cruz", "cod_rp": "5.3", "area_plane": "5", "ideb_bairro": "Santa Cruz" }, "geometry": { "type": "Polygon", "coordinates": [ [ [ -43.701359798935606, -22.881147256091591 ], [ -43.697189506658951, -22.878158025971175 ], [ -43.698098352365101, -22.873478244720001 ], [ -43.703177415634471, -22.871787732232072 ], [ -43.707347669508287, -22.874777030945999 ], [ -43.706438898527196, -22.879456773542863 ], [ -43.701359798935606, -22.881147256091591 ] ] ] } },
{ "type": "Feature", "properties": { "hex_id": "88a8a06295fffff", "nome": "Taquara", "codbairro": "122", "codra": 16, "rp": "Jacarepaguá", "cod_rp": "4.1", "area_plane": "4", "ideb_bairro": "Taquara" }, "geometry": { "type": "Polygon", "coordinates": [ [ [ -43.379701011637003, -22.922193133877627 ], [ -43.375530768797667, -22.919196581508135 ], [ -43.376442308252308, -22.914520167930064 ], [ -43.381524017441599, -22.912840342206749 ], [ -43.385694226782029, -22.915836962534254 ], [ -43.384782760443812, -22.920513340615543 ], [ -43.379701011637003, -22.922193133877627 ] ] ] } },
{ "type": "Feature", "properties": { "hex_id": "88a8a02f59fffff", "nome": "Santa Cruz", "codbairro": "149", "codra": 19, "rp": "Santa Cruz", "cod_rp": "5.3", "area_plane": "5", "ideb_bairro": "Santa Cruz" }, "geometry": { "type": "Polygon", "coordinates": [ [ [ -43.735631502237631, -22.900374549293112 ], [ -43.731461064712732, -22.897386969791274 ], [ -43.732369653970785, -22.892708107100106 ], [ -43.737448605864216, -22.891016862891746 ], [ -43.741619004461548, -22.89400451110064 ], [ -43.740710490104625, -22.898683334799369 ], [ -43.735631502237631, -22.900374549293112 ] ] ] } },
{ "type": "Feature", "properties": { "hex_id": "88a8a062e9fffff", "nome": "Freguesia (Jacarepaguá)", "codbairro": "120", "codra": 16, "rp": "Jacarepaguá", "cod_rp": "4.1", "area_plane": "4", "ideb_bairro": "Freguesia (Jacarepaguá)" }, "geometry": { "type": "Polygon", "coordinates": [ [ [ -43.349732704296272, -22.953964036595455 ], [ -43.345562295325919, -22.95096782399991 ], [ -43.346474123142215, -22.946293239910485 ], [ -43.351556286968389, -22.9446149036132 ], [ -43.355726662894348, -22.947611184161364 ], [ -43.354814908050272, -22.952285733042654 ], [ -43.349732704296272, -22.953964036595455 ] ] ] } },
{ "type": "Feature", "properties": { "hex_id": "88a8a07419fffff", "nome": "Vargem Pequena", "codbairro": "130", "codra": 24, "rp": "Barra da Tijuca", "cod_rp": "4.2", "area_plane": "4", "ideb_bairro": "Vargem Pequena" }, "geometry": { "type": "Polygon", "coordinates": [ [ [ -43.479794392547078, -22.994043361332089 ], [ -43.475623549531605, -22.991052175441087 ], [ -43.47653437833749, -22.986379262135099 ], [ -43.481615976532268, -22.984697571196598 ], [ -43.485786784512328, -22.987688825398816 ], [ -43.484876029344733, -22.992361702216801 ], [ -43.479794392547078, -22.994043361332089 ] ] ] } },
{ "type": "Feature", "properties": { "hex_id": "88a8a0633dfffff", "nome": "Alto da Boa Vista", "codbairro": "034", "codra": 8, "rp": "Tijuca", "cod_rp": "2.2", "area_plane": "2", "ideb_bairro": "Alto da Boa Vista" }, "geometry": { "type": "Polygon", "coordinates": [ [ [ -43.25446720577677, -22.954779639273205 ], [ -43.250296942902025, -22.951780858808107 ], [ -43.251209540049139, -22.947106695718823 ], [ -43.256292327592924, -22.945431347357896 ], [ -43.260462558879219, -22.948430195571426 ], [ -43.259550034221959, -22.953104324385901 ], [ -43.25446720577677, -22.954779639273205 ] ] ] } },
{ "type": "Feature", "properties": { "hex_id": "88a8a0746dfffff", "nome": "Barra da Tijuca", "codbairro": "128", "codra": 24, "rp": "Barra da Tijuca", "cod_rp": "4.2", "area_plane": "4", "ideb_bairro": "Barra da Tijuca" }, "geometry": { "type": "Polygon", "coordinates": [ [ [ -43.428064081414064, -23.015521035651378 ], [ -43.423893159515828, -23.012529216903577 ], [ -43.424804440621884, -23.007857659336757 ], [ -43.429886570255611, -23.006177956490536 ], [ -43.434057457906185, -23.00916984347586 ], [ -43.433146250182425, -23.013841365058358 ], [ -43.428064081414064, -23.015521035651378 ] ] ] } },
{ "type": "Feature", "properties": { "hex_id": "88a8a074c1fffff", "nome": "Vargem Grande", "codbairro": "131", "codra": 24, "rp": "Barra da Tijuca", "cod_rp": "4.2", "area_plane": "4", "ideb_bairro": "Vargem Grande" }, "geometry": { "type": "Polygon", "coordinates": [ [ [ -43.497771114574874, -22.974977765007083 ], [ -43.493600376938012, -22.971986374178144 ], [ -43.494511031553145, -22.967312364324751 ], [ -43.499592350092385, -22.965629781950767 ], [ -43.503763052421476, -22.968621241095168 ], [ -43.502852471530787, -22.973295214286573 ], [ -43.497771114574874, -22.974977765007083 ] ] ] } },
{ "type": "Feature", "properties": { "hex_id": "88a8a03917fffff", "nome": "Guaratiba", "codbairro": "151", "codra": 26, "rp": "Guaratiba", "cod_rp": "5.4", "area_plane": "5", "ideb_bairro": "Guaratiba" }, "geometry": { "type": "Polygon", "coordinates": [ [ [ -43.560865456830477, -23.041493028520524 ], [ -43.556694216496922, -23.038505815799809 ], [ -43.557604450241783, -23.033835173150607 ], [ -43.562685850274278, -23.032151780496413 ], [ -43.566857054329297, -23.035139061794069 ], [ -43.565946894642032, -23.039809667157471 ], [ -43.560865456830477, -23.041493028520524 ] ] ] } },
{ "type": "Feature", "properties": { "hex_id": "88a8a07515fffff", "nome": "Jacarepaguá", "codbairro": "115", "codra": 16, "rp": "Jacarepaguá", "cod_rp": "4.1", "area_plane": "4", "ideb_bairro": "Jacarepaguá" }, "geometry": { "type": "Polygon", "coordinates": [ [ [ -43.402513905386705, -22.975882330736578 ], [ -43.398343277970689, -22.972888361407477 ], [ -43.399254709619463, -22.968214757621706 ], [ -43.404336695451903, -22.966535158882252 ], [ -43.408507289014835, -22.969529196319748 ], [ -43.407595930610135, -22.974202764376766 ], [ -43.402513905386705, -22.975882330736578 ] ] ] } },
{ "type": "Feature", "properties": { "hex_id": "88a8a0283bfffff", "nome": "Cosmos", "codbairro": "147", "codra": 18, "rp": "Campo Grande", "cod_rp": "5.2", "area_plane": "5", "ideb_bairro": "Cosmos" }, "geometry": { "type": "Polygon", "coordinates": [ [ [ -43.612655883660793, -22.897510300049856 ], [ -43.608485545992856, -22.894519228392088 ], [ -43.609395147317684, -22.889840631228029 ], [ -43.614475012037978, -22.888153143492758 ], [ -43.618645312653761, -22.891144283575876 ], [ -43.617735785613071, -22.895822842957418 ], [ -43.612655883660793, -22.897510300049856 ] ] ] } },
{ "type": "Feature", "properties": { "hex_id": "88a8a07569fffff", "nome": "Barra da Tijuca", "codbairro": "128", "codra": 24, "rp": "Barra da Tijuca", "cod_rp": "4.2", "area_plane": "4", "ideb_bairro": "Barra da Tijuca" }, "geometry": { "type": "Polygon", "coordinates": [ [ [ -43.372544747909302, -23.007638034691109 ], [ -43.368373952591263, -23.004644405885045 ], [ -43.369285673003148, -22.999972634317022 ], [ -43.374368115644849, -22.998294526983621 ], [ -43.37853887756431, -23.001288223891734 ], [ -43.377627230252394, -23.005959960019663 ], [ -43.372544747909302, -23.007638034691109 ] ] ] } },
{ "type": "Feature", "properties": { "hex_id": "88a8a075bdfffff", "nome": "Jacarepaguá", "codbairro": "115", "codra": 16, "rp": "Jacarepaguá", "cod_rp": "4.1", "area_plane": "4", "ideb_bairro": "Jacarepaguá" }, "geometry": { "type": "Polygon", "coordinates": [ [ [ -43.425960766958838, -22.928769766721135 ], [ -43.42179041896199, -22.925774718426524 ], [ -43.422701592364099, -22.921098483242467 ], [ -43.427783040423179, -22.919417332293342 ], [ -43.43195335421386, -22.922412448659397 ], [ -43.431042254163344, -22.927088647891626 ], [ -43.425960766958838, -22.928769766721135 ] ] ] } },
{ "type": "Feature", "properties": { "hex_id": "88a8a028e3fffff", "nome": "Paciência", "codbairro": "148", "codra": 19, "rp": "Santa Cruz", "cod_rp": "5.3", "area_plane": "5", "ideb_bairro": "Paciência" }, "geometry": { "type": "Polygon", "coordinates": [ [ [ -43.630623708380881, -22.878410276950653 ], [ -43.626453482141244, -22.875419000012709 ], [ -43.627362908104658, -22.870739313556122 ], [ -43.632442485949504, -22.869050941983815 ], [ -43.636612674865177, -22.872042287351203 ], [ -43.635703323271613, -22.876721935849968 ], [ -43.630623708380881, -22.878410276950653 ] ] ] } },
{ "type": "Feature", "properties": { "hex_id": "88a8a07611fffff", "nome": "Recreio dos Bandeirantes", "codbairro": "132", "codra": 24, "rp": "Barra da Tijuca", "cod_rp": "4.2", "area_plane": "4", "ideb_bairro": "Recreio dos Bandeirantes" }, "geometry": { "type": "Polygon", "coordinates": [ [ [ -43.499355942569714, -23.040011722840013 ], [ -43.495184774729132, -23.037022761340499 ], [ -43.49609550995018, -23.032352262996888 ], [ -43.501177339275934, -23.030670762825519 ], [ -43.505348471777275, -23.033659792763629 ], [ -43.504437810303799, -23.038330254422988 ], [ -43.499355942569714, -23.040011722840013 ] ] ] } },
{ "type": "Feature", "properties": { "hex_id": "88a8a02937fffff", "nome": "Campo Grande", "codbairro": "144", "codra": 18, "rp": "Campo Grande", "cod_rp": "5.2", "area_plane": "5", "ideb_bairro": "Campo Grande" }, "geometry": { "type": "Polygon", "coordinates": [ [ [ -43.535392352274357, -22.879391037639465 ], [ -43.531222204029845, -22.876397182911884 ], [ -43.532132413627608, -22.871717886045097 ], [ -43.537212697589958, -22.870032480915171 ], [ -43.541382809963174, -22.873026403861918 ], [ -43.540472674257011, -22.877705663707925 ], [ -43.535392352274357, -22.879391037639465 ] ] ] } },
{ "type": "Feature", "properties": { "hex_id": "88a8a0298bfffff", "nome": "Campo Grande", "codbairro": "144", "codra": 18, "rp": "Campo Grande", "cod_rp": "5.2", "area_plane": "5", "ideb_bairro": "Campo Grande" }, "geometry": { "type": "Polygon", "coordinates": [ [ [ -43.590363416316777, -22.865521760988177 ], [ -43.586193307757192, -22.862528907053346 ], [ -43.587103046523509, -22.857848669060218 ], [ -43.592182819696355, -22.856161322550808 ], [ -43.596352891547546, -22.859154244800667 ], [ -43.595443226945946, -22.863834445233433 ], [ -43.590363416316777, -22.865521760988177 ] ] ] } },
{ "type": "Feature", "properties": { "hex_id": "88a8a076b9fffff", "nome": "Guaratiba", "codbairro": "151", "codra": 26, "rp": "Guaratiba", "cod_rp": "5.4", "area_plane": "5", "ideb_bairro": "Guaratiba" }, "geometry": { "type": "Polygon", "coordinates": [ [ [ -43.522796048433619, -22.992921401925006 ], [ -43.518625165863135, -22.989931356477811 ], [ -43.519535641673137, -22.985258224248671 ], [ -43.524616926210655, -22.98357517436424 ], [ -43.528787773089299, -22.98656528821526 ], [ -43.527877371133961, -22.991238383535361 ], [ -43.522796048433619, -22.992921401925006 ] ] ] } },
{ "type": "Feature", "properties": { "hex_id": "88a8a0211dfffff", "nome": "Sepetiba", "codbairro": "150", "codra": 19, "rp": "Santa Cruz", "cod_rp": "5.3", "area_plane": "5", "ideb_bairro": "Sepetiba" }, "geometry": { "type": "Polygon", "coordinates": [ [ [ -43.706762122369739, -22.9755923799475 ], [ -43.702591205348384, -22.972606769270605 ], [ -43.703500141790634, -22.96793205440995 ], [ -43.708579920491466, -22.966242988925963 ], [ -43.712750799016163, -22.969228668384652 ], [ -43.711841937348304, -22.97390334453403 ], [ -43.706762122369739, -22.9755923799475 ] ] ] } },
{ "type": "Feature", "properties": { "hex_id": "88a8a06e4bfffff", "nome": "Colégio", "codbairro": "077", "codra": 14, "rp": "Madureira", "cod_rp": "3.3", "area_plane": "3", "ideb_bairro": "Colégio" }, "geometry": { "type": "Polygon", "coordinates": [ [ [ -43.331872813064045, -22.850468108587965 ], [ -43.327703111478655, -22.84746764479663 ], [ -43.328614934816265, -22.842787556546529 ], [ -43.333696386892953, -22.841107967090178 ], [ -43.337866055717569, -22.844108498598626 ], [ -43.33695430523801, -22.848788551834794 ], [ -43.331872813064045, -22.850468108587965 ] ] ] } },
{ "type": "Feature", "properties": { "hex_id": "88a8a02a33fffff", "nome": "Santa Cruz", "codbairro": "149", "codra": 19, "rp": "Santa Cruz", "cod_rp": "5.3", "area_plane": "5", "ideb_bairro": "Santa Cruz" }, "geometry": { "type": "Polygon", "coordinates": [ [ [ -43.632221748426154, -22.943512101586805 ], [ -43.628051092626265, -22.940523254677306 ], [ -43.628960598832997, -22.935847065758558 ], [ -43.634040686458114, -22.934159761715978 ], [ -43.638211304901986, -22.937148677180748 ], [ -43.637301873088411, -22.941824828121327 ], [ -43.632221748426154, -22.943512101586805 ] ] ] } },
{ "type": "Feature", "properties": { "hex_id": "88a8a06631fffff", "nome": "Bangu", "codbairro": "141", "codra": 17, "rp": "Bangu", "cod_rp": "5.1", "area_plane": "5", "ideb_bairro": "Bangu" }, "geometry": { "type": "Polygon", "coordinates": [ [ [ -43.473897256220461, -22.87789269398635 ], [ -43.469727184415625, -22.874897101088532 ], [ -43.470637894385462, -22.870217948119897 ], [ -43.475718602590256, -22.868534424453216 ], [ -43.479888639462537, -22.871530085431427 ], [ -43.478978003074282, -22.87620920198442 ], [ -43.473897256220461, -22.87789269398635 ] ] ] } },
{ "type": "Feature", "properties": { "hex_id": "88a8a021c5fffff", "nome": "Santa Cruz", "codbairro": "149", "codra": 19, "rp": "Santa Cruz", "cod_rp": "5.3", "area_plane": "5", "ideb_bairro": "Santa Cruz" }, "geometry": { "type": "Polygon", "coordinates": [ [ [ -43.724727683903652, -22.956499270867333 ], [ -43.720556882643898, -22.953513453839808 ], [ -43.721465642818067, -22.948837648793074 ], [ -43.726545129403782, -22.947147699649427 ], [ -43.730715891895279, -22.950133585463966 ], [ -43.729807206580936, -22.954809351623677 ], [ -43.724727683903652, -22.956499270867333 ] ] ] } },
{ "type": "Feature", "properties": { "hex_id": "88a8a02a87fffff", "nome": "Santa Cruz", "codbairro": "149", "codra": 19, "rp": "Santa Cruz", "cod_rp": "5.3", "area_plane": "5", "ideb_bairro": "Santa Cruz" }, "geometry": { "type": "Polygon", "coordinates": [ [ [ -43.665429307919773, -22.919354817634776 ], [ -43.661258787127188, -22.916365999044146 ], [ -43.66216798470343, -22.911688394333037 ], [ -43.667247628529843, -22.909999646503998 ], [ -43.671418111462799, -22.912988533679158 ], [ -43.670508988440602, -22.917666100087342 ], [ -43.665429307919773, -22.919354817634776 ] ] ] } },
{ "type": "Feature", "properties": { "hex_id": "88a8a06685fffff", "nome": "Bangu", "codbairro": "141", "codra": 17, "rp": "Bangu", "cod_rp": "5.1", "area_plane": "5", "ideb_bairro": "Bangu" }, "geometry": { "type": "Polygon", "coordinates": [ [ [ -43.507112206590193, -22.853749189573684 ], [ -43.502942256378049, -22.850753625124934 ], [ -43.503852660520337, -22.846073053193372 ], [ -43.508932941143165, -22.844388082438389 ], [ -43.513102855918461, -22.847383714994777 ], [ -43.51219252551946, -22.852064250187009 ], [ -43.507112206590193, -22.853749189573684 ] ] ] } },
{ "type": "Feature", "properties": { "hex_id": "88a8a02adbfffff", "nome": "Santa Cruz", "codbairro": "149", "codra": 19, "rp": "Santa Cruz", "cod_rp": "5.3", "area_plane": "5", "ideb_bairro": "Santa Cruz" }, "geometry": { "type": "Polygon", "coordinates": [ [ [ -43.699703205749259, -22.938580992264271 ], [ -43.695532536559341, -22.93559382497121 ], [ -43.696441478336922, -22.930917138710633 ], [ -43.701521014585751, -22.929227658372284 ], [ -43.705691645391127, -22.932214894362758 ], [ -43.704782778343862, -22.936891541982689 ], [ -43.699703205749259, -22.938580992264271 ] ] ] } },
{ "type": "Feature", "properties": { "hex_id": "88a8a066d9fffff", "nome": "Campo Grande", "codbairro": "144", "codra": 18, "rp": "Campo Grande", "cod_rp": "5.2", "area_plane": "5", "ideb_bairro": "Campo Grande" }, "geometry": { "type": "Polygon", "coordinates": [ [ [ -43.541382809963174, -22.873026403861918 ], [ -43.537212697589958, -22.870032480915171 ], [ -43.538122848991442, -22.865352820426033 ], [ -43.543203038857577, -22.863667119951113 ], [ -43.547373115268826, -22.866661111118194 ], [ -43.546463037787582, -22.871340734528353 ], [ -43.541382809963174, -22.873026403861918 ] ] ] } },
{ "type": "Feature", "properties": { "hex_id": "88a8a0672dfffff", "nome": "Campo dos Afonsos", "codbairro": "136", "codra": 33, "rp": "Bangu", "cod_rp": "5.1", "area_plane": "5", "ideb_bairro": "Campo dos Afonsos" }, "geometry": { "type": "Polygon", "coordinates": [ [ [ -43.381911248603629, -22.886456322538432 ], [ -43.377741237751707, -22.883458529210646 ], [ -43.378652707909794, -22.878780182735113 ], [ -43.383734115812196, -22.877099665088394 ], [ -43.387904093135248, -22.880097526311218 ], [ -43.386992696096506, -22.884775837274216 ], [ -43.381911248603629, -22.886456322538432 ] ] ] } },
{ "type": "Feature", "properties": { "hex_id": "88a8a078b1fffff", "nome": "Laranjeiras", "codbairro": "017", "codra": 4, "rp": "Zona Sul", "cod_rp": "2.1", "area_plane": "2", "ideb_bairro": "Laranjeiras" }, "geometry": { "type": "Polygon", "coordinates": [ [ [ -43.195690953331003, -22.939153818340394 ], [ -43.191520898063104, -22.936152871808602 ], [ -43.192433944176088, -22.931478103981568 ], [ -43.197516973380829, -22.929804316370362 ], [ -43.201686997960479, -22.932805330495178 ], [ -43.200774024035425, -22.937480064626644 ], [ -43.195690953331003, -22.939153818340394 ] ] ] } },
{ "type": "Feature", "properties": { "hex_id": "88a8a07097fffff", "nome": "Barra da Tijuca", "codbairro": "128", "codra": 24, "rp": "Barra da Tijuca", "cod_rp": "4.2", "area_plane": "4", "ideb_bairro": "Barra da Tijuca" }, "geometry": { "type": "Polygon", "coordinates": [ [ [ -43.366550469425839, -23.013987179950703 ], [ -43.362379640800143, -23.010993619245419 ], [ -43.363291418912539, -23.006322214527138 ], [ -43.368373952591263, -23.004644405885045 ], [ -43.372544747909302, -23.007638034691109 ], [ -43.371633042868027, -23.012309404026944 ], [ -43.366550469425839, -23.013987179950703 ] ] ] } },
{ "type": "Feature", "properties": { "hex_id": "88a8a06063fffff", "nome": "Jacarepaguá", "codbairro": "115", "codra": 16, "rp": "Jacarepaguá", "cod_rp": "4.1", "area_plane": "4", "ideb_bairro": "Jacarepaguá" }, "geometry": { "type": "Polygon", "coordinates": [ [ [ -43.287700370853059, -22.930700109439389 ], [ -43.283530211028044, -22.927701357986574 ], [ -43.284442506094599, -22.92302576238075 ], [ -43.289524888345142, -22.921348952811929 ], [ -43.293695016076121, -22.924347772039336 ], [ -43.292782793662376, -22.929023333049436 ], [ -43.287700370853059, -22.930700109439389 ] ] ] } },
{ "type": "Feature", "properties": { "hex_id": "88a8a07193fffff", "nome": "Barra da Tijuca", "codbairro": "128", "codra": 24, "rp": "Barra da Tijuca", "cod_rp": "4.2", "area_plane": "4", "ideb_bairro": "Barra da Tijuca" }, "geometry": { "type": "Polygon", "coordinates": [ [ [ -43.311029326177547, -23.00608236276608 ], [ -43.306858632819669, -23.003086994701306 ], [ -43.307770848369088, -22.998415379593247 ], [ -43.312853684499849, -22.996739167376596 ], [ -43.317024345399446, -22.999734603407369 ], [ -43.316112202638323, -23.004406183677254 ], [ -43.311029326177547, -23.00608236276608 ] ] ] } },
{ "type": "Feature", "properties": { "hex_id": "88a8a060b7fffff", "nome": "Colégio", "codbairro": "077", "codra": 14, "rp": "Madureira", "cod_rp": "3.3", "area_plane": "3", "ideb_bairro": "Colégio" }, "geometry": { "type": "Polygon", "coordinates": [ [ [ -43.341124029410636, -22.85178871604413 ], [ -43.33695430523801, -22.848788551834794 ], [ -43.337866055717569, -22.844108498598626 ], [ -43.342947457476349, -22.842428644665503 ], [ -43.347117148746747, -22.845428876614598 ], [ -43.346205471172347, -22.850108894745549 ], [ -43.341124029410636, -22.85178871604413 ] ] ] } },
{ "type": "Feature", "properties": { "hex_id": "88a8a0610bfffff", "nome": "Vila Isabel", "codbairro": "036", "codra": 9, "rp": "Tijuca", "cod_rp": "2.2", "area_plane": "2", "ideb_bairro": "Vila Isabel" }, "geometry": { "type": "Polygon", "coordinates": [ [ [ -43.247432220052552, -22.917732070378225 ], [ -43.243262213040872, -22.914731752001497 ], [ -43.244174813366762, -22.910055618135964 ], [ -43.249257348270419, -22.908379836833706 ], [ -43.253427323804885, -22.911380222873728 ], [ -43.252514795924682, -22.916056322541159 ], [ -43.247432220052552, -22.917732070378225 ] ] ] } },
{ "type": "Feature", "properties": { "hex_id": "88a8a061b3fffff", "nome": "Penha Circular", "codbairro": "044", "codra": 11, "rp": "Penha", "cod_rp": "3.5", "area_plane": "3", "ideb_bairro": "Penha Circular" }, "geometry": { "type": "Polygon", "coordinates": [ [ [ -43.285616327571077, -22.843856610578516 ], [ -43.281446742185366, -22.840854650071623 ], [ -43.282358929106216, -22.836174388121194 ], [ -43.287440628802202, -22.834496121223591 ], [ -43.291610182134526, -22.837498149334564 ], [ -43.290698067836011, -22.842178376727528 ], [ -43.285616327571077, -22.843856610578516 ] ] ] } },
{ "type": "Feature", "properties": { "hex_id": "88a8a06207fffff", "nome": "Jacarepaguá", "codbairro": "115", "codra": 16, "rp": "Jacarepaguá", "cod_rp": "4.1", "area_plane": "4", "ideb_bairro": "Jacarepaguá" }, "geometry": { "type": "Polygon", "coordinates": [ [ [ -43.322496905979023, -22.971699738757589 ], [ -43.318326421237693, -22.968703429254539 ], [ -43.319238494700841, -22.964029909542923 ], [ -43.324320980078596, -22.962352734267174 ], [ -43.3284914321899, -22.965349111697019 ], [ -43.327579431565226, -22.970022596464275 ], [ -43.322496905979023, -22.971699738757589 ] ] ] } },
{ "type": "Feature", "properties": { "hex_id": "88a8a06ac9fffff", "nome": "Caju", "codbairro": "004", "codra": 1, "rp": "Centro", "cod_rp": "1.1", "area_plane": "1", "ideb_bairro": "Caju" }, "geometry": { "type": "Polygon", "coordinates": [ [ [ -43.219155513844541, -22.89204817224612 ], [ -43.214985725573982, -22.889046154059645 ], [ -43.215898515859642, -22.884368750583693 ], [ -43.220981022131312, -22.882693399197585 ], [ -43.225150779359446, -22.885695484937688 ], [ -43.224238061370123, -22.890372854498722 ], [ -43.219155513844541, -22.89204817224612 ] ] ] } },
{ "type": "Feature", "properties": { "hex_id": "88a8a0625bfffff", "nome": "Barra da Tijuca", "codbairro": "128", "codra": 24, "rp": "Barra da Tijuca", "cod_rp": "4.2", "area_plane": "4", "ideb_bairro": "Barra da Tijuca" }, "geometry": { "type": "Polygon", "coordinates": [ [ [ -43.356773529461016, -22.990989968809686 ], [ -43.352602866411281, -22.987995299965881 ], [ -43.353514690560388, -22.983322688982412 ], [ -43.358597104754608, -22.981644782114397 ], [ -43.3627677346485, -22.984639518995195 ], [ -43.36185598351576, -22.989312094695478 ], [ -43.356773529461016, -22.990989968809686 ] ] ] } },
{ "type": "Feature", "properties": { "hex_id": "88a8a06303fffff", "nome": "Alto da Boa Vista", "codbairro": "034", "codra": 8, "rp": "Tijuca", "cod_rp": "2.2", "area_plane": "2", "ideb_bairro": "Alto da Boa Vista" }, "geometry": { "type": "Polygon", "coordinates": [ [ [ -43.266978155280505, -22.963774644610243 ], [ -43.262807812009939, -22.960776532219487 ], [ -43.263720321513148, -22.956102804749744 ], [ -43.268803101743337, -22.954427224058396 ], [ -43.272973413233288, -22.957425404241377 ], [ -43.272060976285424, -22.962099097311945 ], [ -43.266978155280505, -22.963774644610243 ] ] ] } },
{ "type": "Feature", "properties": { "hex_id": "88a8a03835fffff", "nome": "Guaratiba", "codbairro": "151", "codra": 26, "rp": "Guaratiba", "cod_rp": "5.4", "area_plane": "5", "ideb_bairro": "Guaratiba" }, "geometry": { "type": "Polygon", "coordinates": [ [ [ -43.597875996339695, -23.046703806832568 ], [ -43.59370468847299, -23.04371780713813 ], [ -43.594614625706441, -23.039047314175519 ], [ -43.599695796573371, -23.037362858543887 ], [ -43.60386706759602, -23.040348926906756 ], [ -43.602957204607456, -23.045019382221319 ], [ -43.597875996339695, -23.046703806832568 ] ] ] } },
{ "type": "Feature", "properties": { "hex_id": "88a8a07433fffff", "nome": "Vargem Grande", "codbairro": "131", "codra": 24, "rp": "Barra da Tijuca", "cod_rp": "4.2", "area_plane": "4", "ideb_bairro": "Vargem Grande" }, "geometry": { "type": "Polygon", "coordinates": [ [ [ -43.460762304075743, -22.969737939525661 ], [ -43.456591643381088, -22.966745341372359 ], [ -43.457502592424618, -22.962071185779273 ], [ -43.462584128637857, -22.960389664626643 ], [ -43.466754754590426, -22.963382331004333 ], [ -43.465843879083558, -22.968056450298743 ], [ -43.460762304075743, -22.969737939525661 ] ] ] } },
{ "type": "Feature", "properties": { "hex_id": "88a8a06357fffff", "nome": "Alto da Boa Vista", "codbairro": "034", "codra": 8, "rp": "Tijuca", "cod_rp": "2.2", "area_plane": "2", "ideb_bairro": "Alto da Boa Vista" }, "geometry": { "type": "Polygon", "coordinates": [ [ [ -43.279489345180913, -22.972767644910746 ], [ -43.275318921909921, -22.96977020100103 ], [ -43.27623134367866, -22.965096909419923 ], [ -43.281314116109328, -22.963421096260412 ], [ -43.285484507407553, -22.966418608006126 ], [ -43.284572158259643, -22.971091865063794 ], [ -43.279489345180913, -22.972767644910746 ] ] ] } },
{ "type": "Feature", "properties": { "hex_id": "88a8a07487fffff", "nome": "Campo Grande", "codbairro": "144", "codra": 18, "rp": "Campo Grande", "cod_rp": "5.2", "area_plane": "5", "ideb_bairro": "Campo Grande" }, "geometry": { "type": "Polygon", "coordinates": [ [ [ -43.493982943936935, -22.945621422560183 ], [ -43.489812403759061, -22.942628853124177 ], [ -43.490723047114336, -22.937953272975193 ], [ -43.495804156960645, -22.936270298872206 ], [ -43.499974661891841, -22.939262936560645 ], [ -43.499064092235102, -22.943938480088118 ], [ -43.493982943936935, -22.945621422560183 ] ] ] } },
{ "type": "Feature", "properties": { "hex_id": "88a8a074dbfffff", "nome": "Guaratiba", "codbairro": "151", "codra": 26, "rp": "Guaratiba", "cod_rp": "5.4", "area_plane": "5", "ideb_bairro": "Guaratiba" }, "geometry": { "type": "Polygon", "coordinates": [ [ [ -43.52825851170779, -22.964879649919745 ], [ -43.524087808177875, -22.961888726497673 ], [ -43.524998198968866, -22.95721405993979 ], [ -43.530079219425843, -22.955530353752295 ], [ -43.534249887183698, -22.958521345538351 ], [ -43.533339570268318, -22.963195975136415 ], [ -43.52825851170779, -22.964879649919745 ] ] ] } },
{ "type": "Feature", "properties": { "hex_id": "88a8a02801fffff", "nome": "Inhoaíba", "codbairro": "146", "codra": 18, "rp": "Campo Grande", "cod_rp": "5.2", "area_plane": "5", "ideb_bairro": "Inhoaíba" }, "geometry": { "type": "Polygon", "coordinates": [ [ [ -43.603937326395545, -22.917908391253828 ], [ -43.599766861707622, -22.914917826971937 ], [ -43.600676564040889, -22.910240357942133 ], [ -43.605756656828589, -22.908553490881204 ], [ -43.609927084594972, -22.911544123607371 ], [ -43.609017456506848, -22.916221554938708 ], [ -43.603937326395545, -22.917908391253828 ] ] ] } },
{ "type": "Feature", "properties": { "hex_id": "88a8a03931fffff", "nome": "Barra de Guaratiba", "codbairro": "152", "codra": 26, "rp": "Guaratiba", "cod_rp": "5.4", "area_plane": "5", "ideb_bairro": "Barra de Guaratiba" }, "geometry": { "type": "Polygon", "coordinates": [ [ [ -43.542359948059072, -23.038884225192792 ], [ -43.538188742798596, -23.035896406422818 ], [ -43.539099124518081, -23.031225689473775 ], [ -43.54418063754585, -23.029542828387825 ], [ -43.548351806810601, -23.032530715689091 ], [ -43.54744149905499, -23.037201395533504 ], [ -43.542359948059072, -23.038884225192792 ] ] ] } },
{ "type": "Feature", "properties": { "hex_id": "88a8a02855fffff", "nome": "Cosmos", "codbairro": "147", "codra": 18, "rp": "Campo Grande", "cod_rp": "5.2", "area_plane": "5", "ideb_bairro": "Cosmos" }, "geometry": { "type": "Polygon", "coordinates": [ [ [ -43.616448859097581, -22.926878738313242 ], [ -43.612278325134518, -22.92388884696901 ], [ -43.613187937384417, -22.919211817034995 ], [ -43.618268009298951, -22.917524716255826 ], [ -43.622438506148562, -22.920514676089045 ], [ -43.621528968208736, -22.925191668200966 ], [ -43.616448859097581, -22.926878738313242 ] ] ] } },
{ "type": "Feature", "properties": { "hex_id": "88a8a03985fffff", "nome": "Guaratiba", "codbairro": "151", "codra": 26, "rp": "Guaratiba", "cod_rp": "5.4", "area_plane": "5", "ideb_bairro": "Guaratiba" }, "geometry": { "type": "Polygon", "coordinates": [ [ [ -43.575578717736548, -23.014769983119134 ], [ -43.571407639923635, -23.011782193108619 ], [ -43.572317714473215, -23.007110051309997 ], [ -43.57739879272205, -23.005425736938147 ], [ -43.581569834034909, -23.008413595509428 ], [ -43.580659833610667, -23.013085699880271 ], [ -43.575578717736548, -23.014769983119134 ] ] ] } },
{ "type": "Feature", "properties": { "hex_id": "88a8a06453fffff", "nome": "Gericinó", "codbairro": "160", "codra": 17, "rp": "Bangu", "cod_rp": "5.1", "area_plane": "5", "ideb_bairro": "Gericinó" }, "geometry": { "type": "Polygon", "coordinates": [ [ [ -43.479361125552792, -22.849814827446988 ], [ -43.475191232039286, -22.846818360902358 ], [ -43.476101857130061, -22.842137679300361 ], [ -43.481182302143459, -22.840453500697027 ], [ -43.485352160644126, -22.843450035280448 ], [ -43.484441609155937, -22.848130680416897 ], [ -43.479361125552792, -22.849814827446988 ] ] ] } },
{ "type": "Feature", "properties": { "hex_id": "88a8a07583fffff", "nome": "Jacarepaguá", "codbairro": "115", "codra": 16, "rp": "Jacarepaguá", "cod_rp": "4.1", "area_plane": "4", "ideb_bairro": "Jacarepaguá" }, "geometry": { "type": "Polygon", "coordinates": [ [ [ -43.438471960912672, -22.937753571101428 ], [ -43.434301537978129, -22.934759193103492 ], [ -43.435212622538749, -22.93008339513506 ], [ -43.440294056628801, -22.928402011228915 ], [ -43.444464445165131, -22.931396457342579 ], [ -43.443553434021325, -22.936072219235147 ], [ -43.438471960912672, -22.937753571101428 ] ] ] } },
{ "type": "Feature", "properties": { "hex_id": "88a8a028a9fffff", "nome": "Paciência", "codbairro": "148", "codra": 19, "rp": "Santa Cruz", "cod_rp": "5.3", "area_plane": "5", "ideb_bairro": "Paciência" }, "geometry": { "type": "Polygon", "coordinates": [ [ [ -43.627362908104658, -22.870739313556122 ], [ -43.623192734825068, -22.867747666320021 ], [ -43.62410217665203, -22.863067579115484 ], [ -43.629181717418533, -22.861379177060691 ], [ -43.63335185342477, -22.864370892704393 ], [ -43.632442485949504, -22.869050941983815 ], [ -43.627362908104658, -22.870739313556122 ] ] ] } },
{ "type": "Feature", "properties": { "hex_id": "88a8a039d9fffff", "nome": "Guaratiba", "codbairro": "151", "codra": 26, "rp": "Guaratiba", "cod_rp": "5.4", "area_plane": "5", "ideb_bairro": "Guaratiba" }, "geometry": { "type": "Polygon", "coordinates": [ [ [ -43.609857985051256, -23.033993384906452 ], [ -43.605686750963365, -23.031007247873365 ], [ -43.60659657134191, -23.026336024243662 ], [ -43.611677551517886, -23.024650975400032 ], [ -43.615848748580341, -23.027637181105078 ], [ -43.61493900250391, -23.03230836697028 ], [ -43.609857985051256, -23.033993384906452 ] ] ] } },
{ "type": "Feature", "properties": { "hex_id": "88a8a075d7fffff", "nome": "Jacarepaguá", "codbairro": "115", "codra": 16, "rp": "Jacarepaguá", "cod_rp": "4.1", "area_plane": "4", "ideb_bairro": "Jacarepaguá" }, "geometry": { "type": "Polygon", "coordinates": [ [ [ -43.450983378888182, -22.946735363783862 ], [ -43.44681288141166, -22.943741656486466 ], [ -43.447723877040552, -22.93906629600205 ], [ -43.45280529667567, -22.937384679003351 ], [ -43.456975759561942, -22.940378454460753 ], [ -43.456064837415056, -22.945053778745343 ], [ -43.450983378888182, -22.946735363783862 ] ] ] } },
{ "type": "Feature", "properties": { "hex_id": "88a8a02951fffff", "nome": "Campo Grande", "codbairro": "144", "codra": 18, "rp": "Campo Grande", "cod_rp": "5.2", "area_plane": "5", "ideb_bairro": "Campo Grande" }, "geometry": { "type": "Polygon", "coordinates": [ [ [ -43.560944031841139, -22.919051722537795 ], [ -43.55677359782225, -22.916060018640206 ], [ -43.557683654950317, -22.911382763684408 ], [ -43.56276407207956, -22.909697249890844 ], [ -43.566934469832731, -22.91268902213919 ], [ -43.56602448673403, -22.917366239818858 ], [ -43.560944031841139, -22.919051722537795 ] ] ] } },
{ "type": "Feature", "properties": { "hex_id": "88a8a06e11fffff", "nome": "Parque Colúmbia", "codbairro": "159", "codra": 25, "rp": "Pavuna", "cod_rp": "3.6", "area_plane": "3", "ideb_bairro": "Parque Columbia" }, "geometry": { "type": "Polygon", "coordinates": [ [ [ -43.343336262588373, -22.81602282710411 ], [ -43.339166770128379, -22.81302142602101 ], [ -43.340078451337888, -22.808339444317301 ], [ -43.345159552111006, -22.806658898805289 ], [ -43.34932901163868, -22.809660367563815 ], [ -43.348417403337294, -22.814342314147432 ], [ -43.343336262588373, -22.81602282710411 ] ] ] } },
{ "type": "Feature", "properties": { "hex_id": "88a8a029a5fffff", "nome": "Campo Grande", "codbairro": "144", "codra": 18, "rp": "Campo Grande", "cod_rp": "5.2", "area_plane": "5", "ideb_bairro": "Campo Grande" }, "geometry": { "type": "Polygon", "coordinates": [ [ [ -43.55010326266482, -22.852620712972652 ], [ -43.545933275902449, -22.849626284215965 ], [ -43.546843326571086, -22.844945496520126 ], [ -43.551923290054432, -22.843259174732033 ], [ -43.556093240724095, -22.846253671689524 ], [ -43.555183264014786, -22.850934422222803 ], [ -43.55010326266482, -22.852620712972652 ] ] ] } },
{ "type": "Feature", "properties": { "hex_id": "88a8a076d3fffff", "nome": "Ilha de Guaratiba", "codbairro": "164", "codra": 26, "rp": "Guaratiba", "cod_rp": "5.4", "area_plane": "5", "ideb_bairro": "Ilha de Guaratiba" }, "geometry": { "type": "Polygon", "coordinates": [ [ [ -43.547821846350693, -23.010856960937797 ], [ -43.543650820430457, -23.007868262476038 ], [ -43.544561117075027, -23.003196008938151 ], [ -43.549642365666699, -23.001512491006256 ], [ -43.553813355510997, -23.004501257960136 ], [ -43.552903132851249, -23.00917347434229 ], [ -43.547821846350693, -23.010856960937797 ] ] ] } },
{ "type": "Feature", "properties": { "hex_id": "88a8a02137fffff", "nome": "Santa Cruz", "codbairro": "149", "codra": 19, "rp": "Santa Cruz", "cod_rp": "5.3", "area_plane": "5", "ideb_bairro": "Santa Cruz" }, "geometry": { "type": "Polygon", "coordinates": [ [ [ -43.687725859190849, -22.951311214747378 ], [ -43.683555113503466, -22.948324184844221 ], [ -43.684464172650706, -22.943648225158046 ], [ -43.689543902823658, -22.941959333887084 ], [ -43.69371461030758, -22.944946432484361 ], [ -43.692805625833643, -22.949622353646987 ], [ -43.687725859190849, -22.951311214747378 ] ] ] } },
{ "type": "Feature", "properties": { "hex_id": "88a8a06e65fffff", "nome": "Brás de Pina", "codbairro": "045", "codra": 11, "rp": "Penha", "cod_rp": "3.5", "area_plane": "3", "ideb_bairro": "Brás de Pina" }, "geometry": { "type": "Polygon", "coordinates": [ [ [ -43.291610182134526, -22.837498149334564 ], [ -43.287440628802202, -22.834496121223591 ], [ -43.288352758303979, -22.82981549408694 ], [ -43.293434368498581, -22.828136929664822 ], [ -43.29760388968657, -22.831139025380537 ], [ -43.296691832836046, -22.835819617902104 ], [ -43.291610182134526, -22.837498149334564 ] ] ] } },
{ "type": "Feature", "properties": { "hex_id": "88a8a0218bfffff", "nome": "Santa Cruz", "codbairro": "149", "codra": 19, "rp": "Santa Cruz", "cod_rp": "5.3", "area_plane": "5", "ideb_bairro": "Santa Cruz" }, "geometry": { "type": "Polygon", "coordinates": [ [ [ -43.742691838350815, -22.937400242746715 ], [ -43.738521153667342, -22.934414219352966 ], [ -43.739429737419577, -22.929737325353326 ], [ -43.744508930921683, -22.928046493798906 ], [ -43.748679576565415, -22.931032585984813 ], [ -43.747771067758379, -22.935709440921496 ], [ -43.742691838350815, -22.937400242746715 ] ] ] } },
{ "type": "Feature", "properties": { "hex_id": "88a8a02a4dfffff", "nome": "Guaratiba", "codbairro": "151", "codra": 26, "rp": "Guaratiba", "cod_rp": "5.4", "area_plane": "5", "ideb_bairro": "Guaratiba" }, "geometry": { "type": "Polygon", "coordinates": [ [ [ -43.621306926686152, -22.999604691323281 ], [ -43.617135909984363, -22.996617604566556 ], [ -43.618045586674661, -22.991944480809064 ], [ -43.623126205726876, -22.990258481671408 ], [ -43.627297185232564, -22.993245637062756 ], [ -43.626387582893798, -22.997918722945638 ], [ -43.621306926686152, -22.999604691323281 ] ] ] } },
{ "type": "Feature", "properties": { "hex_id": "88a8a0664bfffff", "nome": "Senador Camará", "codbairro": "142", "codra": 17, "rp": "Bangu", "cod_rp": "5.1", "area_plane": "5", "ideb_bairro": "Senador Camará" }, "geometry": { "type": "Polygon", "coordinates": [ [ [ -43.484203462590713, -22.922614660096716 ], [ -43.480033084794833, -22.919620981471414 ], [ -43.480943774927425, -22.91494419727097 ], [ -43.486024769223718, -22.913261128207083 ], [ -43.490195111924791, -22.916254875020126 ], [ -43.489284495436081, -22.920931622697811 ], [ -43.484203462590713, -22.922614660096716 ] ] ] } },
{ "type": "Feature", "properties": { "hex_id": "88a8a02aa1fffff", "nome": "Paciência", "codbairro": "148", "codra": 19, "rp": "Santa Cruz", "cod_rp": "5.3", "area_plane": "5", "ideb_bairro": "Paciência" }, "geometry": { "type": "Polygon", "coordinates": [ [ [ -43.64692874145296, -22.916753520043414 ], [ -43.6427582507987, -22.913764096431752 ], [ -43.643667597342933, -22.909086415387808 ], [ -43.648747360092415, -22.907398196064968 ], [ -43.652917813169502, -22.910387688214808 ], [ -43.652008541085934, -22.915065331137832 ], [ -43.64692874145296, -22.916753520043414 ] ] ] } },
{ "type": "Feature", "properties": { "hex_id": "88a8a02b49fffff", "nome": "Ilha de Guaratiba", "codbairro": "164", "codra": 26, "rp": "Guaratiba", "cod_rp": "5.4", "area_plane": "5", "ideb_bairro": "Ilha de Guaratiba" }, "geometry": { "type": "Polygon", "coordinates": [ [ [ -43.565795915568792, -22.991787865994166 ], [ -43.561624998148517, -22.98879896205128 ], [ -43.562535119965531, -22.984125612951541 ], [ -43.56761608514374, -22.982441205113364 ], [ -43.571786966215917, -22.985430177553106 ], [ -43.570876918469665, -22.99010348932266 ], [ -43.565795915568792, -22.991787865994166 ] ] ] } },
{ "type": "Feature", "properties": { "hex_id": "88a8a06747fffff", "nome": "Jardim Sulacap", "codbairro": "137", "codra": 33, "rp": "Bangu", "cod_rp": "5.1", "area_plane": "5", "ideb_bairro": "Jardim Sulacap" }, "geometry": { "type": "Polygon", "coordinates": [ [ [ -43.406931847396102, -22.904438401447642 ], [ -43.402761684283654, -22.901441945790243 ], [ -43.403672977310059, -22.896764471821655 ], [ -43.408754360210757, -22.895083489260248 ], [ -43.412924489410273, -22.898080012901488 ], [ -43.412013269633746, -22.902757451108776 ], [ -43.406931847396102, -22.904438401447642 ] ] ] } },
{ "type": "Feature", "properties": { "hex_id": "88a8a078cbfffff", "nome": "Lagoa", "codbairro": "027", "codra": 6, "rp": "Zona Sul", "cod_rp": "2.1", "area_plane": "2", "ideb_bairro": "Lagoa" }, "geometry": { "type": "Polygon", "coordinates": [ [ [ -43.205980750326901, -22.983866507964603 ], [ -43.20181038177757, -22.98086746604104 ], [ -43.202723409923536, -22.976195072069462 ], [ -43.207806734380242, -22.974521753816227 ], [ -43.211977072079613, -22.977520863438926 ], [ -43.211064116184041, -22.982193223604185 ], [ -43.205980750326901, -22.983866507964603 ] ] ] } },
{ "type": "Feature", "properties": { "hex_id": "88a8a070b1fffff", "nome": "Barra da Tijuca", "codbairro": "128", "codra": 24, "rp": "Barra da Tijuca", "cod_rp": "4.2", "area_plane": "4", "ideb_bairro": "Barra da Tijuca" }, "geometry": { "type": "Polygon", "coordinates": [ [ [ -43.348043534059464, -23.011354510623335 ], [ -43.343872749652121, -23.008360347149289 ], [ -43.344784673765417, -23.003688871938238 ], [ -43.349867309320921, -23.002011595390726 ], [ -43.354038060703708, -23.005005826920556 ], [ -43.353126209567307, -23.009677266930574 ], [ -43.348043534059464, -23.011354510623335 ] ] ] } },
{ "type": "Feature", "properties": { "hex_id": "88a8a06029fffff", "nome": "Lins de Vasconcelos", "codbairro": "062", "codra": 13, "rp": "Méier", "cod_rp": "3.2", "area_plane": "3", "ideb_bairro": "Lins de Vasconcelos" }, "geometry": { "type": "Polygon", "coordinates": [ [ [ -43.284442506094599, -22.92302576238075 ], [ -43.2802724020722, -22.920026643164178 ], [ -43.281184712332021, -22.915350646637282 ], [ -43.286267053991473, -22.913673803877657 ], [ -43.290437125970421, -22.916672990847267 ], [ -43.289524888345142, -22.921348952811929 ], [ -43.284442506094599, -22.92302576238075 ] ] ] } },
{ "type": "Feature", "properties": { "hex_id": "88a8a060d1fffff", "nome": "Vila Valqueire", "codbairro": "125", "codra": 16, "rp": "Jacarepaguá", "cod_rp": "4.1", "area_plane": "4", "ideb_bairro": "Vila Valqueire" }, "geometry": { "type": "Polygon", "coordinates": [ [ [ -43.366666620666955, -22.891496654225353 ], [ -43.362496598148454, -22.888498628541086 ], [ -43.363408199057389, -22.883820611820099 ], [ -43.368489749453126, -22.882140656135448 ], [ -43.372659738675075, -22.885138749691098 ], [ -43.371748210809585, -22.889816731048484 ], [ -43.366666620666955, -22.891496654225353 ] ] ] } },
{ "type": "Feature", "properties": { "hex_id": "88a8a06125fffff", "nome": "Santo Cristo", "codbairro": "003", "codra": 1, "rp": "Centro", "cod_rp": "1.1", "area_plane": "1", "ideb_bairro": "Santo Cristo" }, "geometry": { "type": "Polygon", "coordinates": [ [ [ -43.207164546501936, -22.904751550266354 ], [ -43.202994696419637, -22.901749667184994 ], [ -43.203907601095999, -22.897072996897261 ], [ -43.208990283628083, -22.895398243479491 ], [ -43.213160102850026, -22.898400194113055 ], [ -43.212247270412036, -22.903076830600643 ], [ -43.207164546501936, -22.904751550266354 ] ] ] } },
{ "type": "Feature", "properties": { "hex_id": "88a8a061cdfffff", "nome": "Méier", "codbairro": "063", "codra": 13, "rp": "Méier", "cod_rp": "3.2", "area_plane": "3", "ideb_bairro": "Méier" }, "geometry": { "type": "Polygon", "coordinates": [ [ [ -43.274669337869426, -22.899998110037231 ], [ -43.270499401407974, -22.896997888271308 ], [ -43.271411757206906, -22.892320689651772 ], [ -43.276493976899339, -22.89064374724828 ], [ -43.280663881469025, -22.893644036702394 ], [ -43.279751598249831, -22.898321200860273 ], [ -43.274669337869426, -22.899998110037231 ] ] ] } },
{ "type": "Feature", "properties": { "hex_id": "88a8a06221fffff", "nome": "Jacarepaguá", "codbairro": "115", "codra": 16, "rp": "Jacarepaguá", "cod_rp": "4.1", "area_plane": "4", "ideb_bairro": "Jacarepaguá" }, "geometry": { "type": "Polygon", "coordinates": [ [ [ -43.303990758927227, -22.969060306236123 ], [ -43.299820320472072, -22.966063395453165 ], [ -43.300732539470651, -22.961389806125368 ], [ -43.305815124191994, -22.959713162331642 ], [ -43.309985530300246, -22.962710140996506 ], [ -43.309073384045803, -22.96738369556164 ], [ -43.303990758927227, -22.969060306236123 ] ] ] } },
{ "type": "Feature", "properties": { "hex_id": "88a8a062c9fffff", "nome": "Barra Olímpica", "codbairro": "165", "codra": 16, "rp": "Jacarepaguá", "cod_rp": "4.1", "area_plane": "4", "ideb_bairro": "Barra Olímpica" }, "geometry": { "type": "Polygon", "coordinates": [ [ [ -43.371496786863609, -22.964268040840373 ], [ -43.3673262786455, -22.961272798811759 ], [ -43.368237945110614, -22.95659868675153 ], [ -43.373320046720927, -22.954919852131521 ], [ -43.377490521561029, -22.957915162179322 ], [ -43.376578928180578, -22.962589238816431 ], [ -43.371496786863609, -22.964268040840373 ] ] ] } },
{ "type": "Feature", "properties": { "hex_id": "88a8a0631dfffff", "nome": "Alto da Boa Vista", "codbairro": "034", "codra": 8, "rp": "Tijuca", "cod_rp": "2.2", "area_plane": "2", "ideb_bairro": "Alto da Boa Vista" }, "geometry": { "type": "Polygon", "coordinates": [ [ [ -43.27623134367866, -22.965096909419923 ], [ -43.272060976285424, -22.962099097311945 ], [ -43.272973413233288, -22.957425404241377 ], [ -43.278056144983587, -22.95574955775729 ], [ -43.282226480454625, -22.958747437679907 ], [ -43.281314116109328, -22.963421096260412 ], [ -43.27623134367866, -22.965096909419923 ] ] ] } },
{ "type": "Feature", "properties": { "hex_id": "88a8a0744dfffff", "nome": "Recreio dos Bandeirantes", "codbairro": "132", "codra": 24, "rp": "Barra da Tijuca", "cod_rp": "4.2", "area_plane": "4", "ideb_bairro": "Recreio dos Bandeirantes" }, "geometry": { "type": "Polygon", "coordinates": [ [ [ -43.44983016839651, -23.025806087454562 ], [ -43.445659151566318, -23.022815243098044 ], [ -43.446570270344253, -23.018144160086148 ], [ -43.451652332469536, -23.016463957617709 ], [ -43.455823314718458, -23.019454870278199 ], [ -43.454912269435063, -23.024125917091631 ], [ -43.44983016839651, -23.025806087454562 ] ] ] } },
{ "type": "Feature", "properties": { "hex_id": "88a8a038a3fffff", "nome": "Pedra de Guaratiba", "codbairro": "153", "codra": 26, "rp": "Guaratiba", "cod_rp": "5.4", "area_plane": "5", "ideb_bairro": "Pedra de Guaratiba" }, "geometry": { "type": "Polygon", "coordinates": [ [ [ -43.633820114360262, -23.008564601631473 ], [ -43.629649028918116, -23.005578189900024 ], [ -43.630558615380572, -23.000905506567722 ], [ -43.635639212880363, -22.999219272953052 ], [ -43.639810260934418, -23.002205753363437 ], [ -43.638900748888425, -23.006878398698056 ], [ -43.633820114360262, -23.008564601631473 ] ] ] } },
{ "type": "Feature", "properties": { "hex_id": "88a8a074a1fffff", "nome": "Vargem Grande", "codbairro": "131", "codra": 24, "rp": "Barra da Tijuca", "cod_rp": "4.2", "area_plane": "4", "ideb_bairro": "Vargem Grande" }, "geometry": { "type": "Polygon", "coordinates": [ [ [ -43.4754794218561, -22.94300107178892 ], [ -43.471308919888706, -22.94000789918567 ], [ -43.472219710500241, -22.935332246066412 ], [ -43.477300929486205, -22.933649801978564 ], [ -43.481471396489724, -22.936643042788621 ], [ -43.480560679482849, -22.941318659468212 ], [ -43.4754794218561, -22.94300107178892 ] ] ] } },
{ "type": "Feature", "properties": { "hex_id": "88a8a0788bfffff", "nome": "Jardim Botânico", "codbairro": "028", "codra": 6, "rp": "Zona Sul", "cod_rp": "2.1", "area_plane": "2", "ideb_bairro": "Jardim Botânico" }, "geometry": { "type": "Polygon", "coordinates": [ [ [ -43.20546241006015, -22.962176351679169 ], [ -43.201292185256918, -22.959176506921974 ], [ -43.202205186291721, -22.954502942424451 ], [ -43.207288339898724, -22.952829256469048 ], [ -43.211458533862043, -22.9558291688836 ], [ -43.210545605070045, -22.960502699584648 ], [ -43.20546241006015, -22.962176351679169 ] ] ] } },
{ "type": "Feature", "properties": { "hex_id": "88a8a0281bfffff", "nome": "Paciência", "codbairro": "148", "codra": 19, "rp": "Santa Cruz", "cod_rp": "5.3", "area_plane": "5", "ideb_bairro": "Paciência" }, "geometry": { "type": "Polygon", "coordinates": [ [ [ -43.634417337705585, -22.907784575915546 ], [ -43.630246915354732, -22.904794479099955 ], [ -43.631156352192107, -22.900116358753415 ], [ -43.636236136996189, -22.898428373208287 ], [ -43.640406521961758, -22.901418538517209 ], [ -43.639497159520161, -22.906096620866446 ], [ -43.634417337705585, -22.907784575915546 ] ] ] } },
{ "type": "Feature", "properties": { "hex_id": "88a8a06419fffff", "nome": "Gericinó", "codbairro": "160", "codra": 17, "rp": "Bangu", "cod_rp": "5.1", "area_plane": "5", "ideb_bairro": "Gericinó" }, "geometry": { "type": "Polygon", "coordinates": [ [ [ -43.476101857130061, -22.842137679300361 ], [ -43.471932017822724, -22.839140844198333 ], [ -43.472842658479344, -22.83445976248759 ], [ -43.477923064870595, -22.832775552299761 ], [ -43.482092869215684, -22.835772455418667 ], [ -43.481182302143459, -22.840453500697027 ], [ -43.476101857130061, -22.842137679300361 ] ] ] } },
{ "type": "Feature", "properties": { "hex_id": "88a8a07549fffff", "nome": "Barra da Tijuca", "codbairro": "128", "codra": 24, "rp": "Barra da Tijuca", "cod_rp": "4.2", "area_plane": "4", "ideb_bairro": "Barra da Tijuca" }, "geometry": { "type": "Polygon", "coordinates": [ [ [ -43.394310650898866, -23.017931926685183 ], [ -43.390139757578673, -23.014939270723293 ], [ -43.391051316336451, -23.010267972424405 ], [ -43.396133695213798, -23.008589365730355 ], [ -43.400304554801735, -23.011582089860603 ], [ -43.39939306925632, -23.016253352505004 ], [ -43.394310650898866, -23.017931926685183 ] ] ] } },
{ "type": "Feature", "properties": { "hex_id": "88a8a0675bfffff", "nome": "Realengo", "codbairro": "139", "codra": 33, "rp": "Bangu", "cod_rp": "5.1", "area_plane": "5", "ideb_bairro": "Realengo" }, "geometry": { "type": "Polygon", "coordinates": [ [ [ -43.440678833049432, -22.902023243108282 ], [ -43.436508642452679, -22.899027621639508 ], [ -43.437419657696772, -22.89434989037861 ], [ -43.442500790129635, -22.892667816667434 ], [ -43.446670946298362, -22.895663506189386 ], [ -43.445760004473939, -22.900341201357811 ], [ -43.440678833049432, -22.902023243108282 ] ] ] } },
{ "type": "Feature", "properties": { "hex_id": "88a8a0646dfffff", "nome": "Realengo", "codbairro": "139", "codra": 33, "rp": "Bangu", "cod_rp": "5.1", "area_plane": "5", "ideb_bairro": "Realengo" }, "geometry": { "type": "Polygon", "coordinates": [ [ [ -43.424383656746762, -22.863648785754194 ], [ -43.42021373907972, -22.8606513213516 ], [ -43.421124831718565, -22.855971587347728 ], [ -43.426205768707618, -22.854289353661411 ], [ -43.430375652199615, -22.857286886008374 ], [ -43.429464632889314, -22.861966584085781 ], [ -43.424383656746762, -22.863648785754194 ] ] ] } },
{ "type": "Feature", "properties": { "hex_id": "88a8a0759dfffff", "nome": "Jacarepaguá", "codbairro": "115", "codra": 16, "rp": "Jacarepaguá", "cod_rp": "4.1", "area_plane": "4", "ideb_bairro": "Jacarepaguá" }, "geometry": { "type": "Polygon", "coordinates": [ [ [ -43.447723877040552, -22.93906629600205 ], [ -43.443553434021325, -22.936072219235147 ], [ -43.444464445165131, -22.931396457342579 ], [ -43.449545825876093, -22.929714808372228 ], [ -43.453716234355689, -22.932708953277604 ], [ -43.45280529667567, -22.937384679003351 ], [ -43.447723877040552, -22.93906629600205 ] ] ] } },
{ "type": "Feature", "properties": { "hex_id": "88a8a028c3fffff", "nome": "Santa Cruz", "codbairro": "149", "codra": 19, "rp": "Santa Cruz", "cod_rp": "5.3", "area_plane": "5", "ideb_bairro": "Santa Cruz" }, "geometry": { "type": "Polygon", "coordinates": [ [ [ -43.652384426804836, -22.888684490476003 ], [ -43.648214116881611, -22.885694188176085 ], [ -43.649123378151991, -22.881014978651191 ], [ -43.654202874875814, -22.87932610958746 ], [ -43.658373147142001, -22.882316480385001 ], [ -43.657463960353034, -22.886995651737173 ], [ -43.652384426804836, -22.888684490476003 ] ] ] } },
{ "type": "Feature", "properties": { "hex_id": "88a8a02b5dfffff", "nome": "Guaratiba", "codbairro": "151", "codra": 26, "rp": "Guaratiba", "cod_rp": "5.4", "area_plane": "5", "ideb_bairro": "Guaratiba" }, "geometry": { "type": "Polygon", "coordinates": [ [ [ -43.577777863775005, -22.979071827838425 ], [ -43.573607019141619, -22.976082786900257 ], [ -43.574517024320819, -22.971408708106505 ], [ -43.579597800017034, -22.969723707685983 ], [ -43.58376860812092, -22.972712817124116 ], [ -43.582858677069758, -22.977386858471284 ], [ -43.577777863775005, -22.979071827838425 ] ] ] } },
{ "type": "Feature", "properties": { "hex_id": "88a8a064c1fffff", "nome": "Bangu", "codbairro": "141", "codra": 17, "rp": "Bangu", "cod_rp": "5.1", "area_plane": "5", "ideb_bairro": "Bangu" }, "geometry": { "type": "Polygon", "coordinates": [ [ [ -43.494074439973829, -22.823040030574873 ], [ -43.489904705825445, -22.820042991419285 ], [ -43.49081517240888, -22.815360819328419 ], [ -43.49589529948188, -22.813675722988442 ], [ -43.500064998395814, -22.816672830163835 ], [ -43.499154605482872, -22.821354965647906 ], [ -43.494074439973829, -22.823040030574873 ] ] ] } },
{ "type": "Feature", "properties": { "hex_id": "88a8a02917fffff", "nome": "Campo Grande", "codbairro": "144", "codra": 18, "rp": "Campo Grande", "cod_rp": "5.2", "area_plane": "5", "ideb_bairro": "Campo Grande" }, "geometry": { "type": "Polygon", "coordinates": [ [ [ -43.557153480830394, -22.889678535141201 ], [ -43.552983243632674, -22.886685652881333 ], [ -43.553893289680133, -22.882006830935033 ], [ -43.55897349893354, -22.880320928473033 ], [ -43.563143699926748, -22.883313879019845 ], [ -43.562233727882735, -22.887992663730202 ], [ -43.557153480830394, -22.889678535141201 ] ] ] } },
{ "type": "Feature", "properties": { "hex_id": "88a8a06515fffff", "nome": "Anchieta", "codbairro": "107", "codra": 22, "rp": "Pavuna", "cod_rp": "3.6", "area_plane": "3", "ideb_bairro": "Anchieta" }, "geometry": { "type": "Polygon", "coordinates": [ [ [ -43.398839756536816, -22.823937905318587 ], [ -43.394670133449203, -22.820938301284357 ], [ -43.395581376503984, -22.816256531672039 ], [ -43.40066216946768, -22.814574401750829 ], [ -43.404831758774534, -22.817574073597022 ], [ -43.403920588910182, -22.822255807540948 ], [ -43.398839756536816, -22.823937905318587 ] ] ] } },
{ "type": "Feature", "properties": { "hex_id": "88a8a0296bfffff", "nome": "Campo Grande", "codbairro": "144", "codra": 18, "rp": "Campo Grande", "cod_rp": "5.2", "area_plane": "5", "ideb_bairro": "Campo Grande" }, "geometry": { "type": "Polygon", "coordinates": [ [ [ -43.527200096921185, -22.921491923773022 ], [ -43.523029680061285, -22.918499382928811 ], [ -43.523940017175256, -22.913822380959775 ], [ -43.529020697300616, -22.912137956768355 ], [ -43.533191078409494, -22.915130565893119 ], [ -43.532280815155708, -22.919807530917261 ], [ -43.527200096921185, -22.921491923773022 ] ] ] } },
{ "type": "Feature", "properties": { "hex_id": "88a8a06569fffff", "nome": "Marechal Hermes", "codbairro": "090", "codra": 15, "rp": "Madureira", "cod_rp": "3.3", "area_plane": "3", "ideb_bairro": "Marechal Hermes" }, "geometry": { "type": "Polygon", "coordinates": [ [ [ -43.368877508265932, -22.855747152901067 ], [ -43.364707717636989, -22.852747887914337 ], [ -43.365619249259836, -22.848067940267626 ], [ -43.370700498476943, -22.846387292975159 ], [ -43.374870255779314, -22.849386625769711 ], [ -43.373958797202867, -22.854066538037401 ], [ -43.368877508265932, -22.855747152901067 ] ] ] } },
{ "type": "Feature", "properties": { "hex_id": "88a8a07699fffff", "nome": "Ilha de Guaratiba", "codbairro": "164", "codra": 26, "rp": "Guaratiba", "cod_rp": "5.4", "area_plane": "5", "ideb_bairro": "Ilha de Guaratiba" }, "geometry": { "type": "Polygon", "coordinates": [ [ [ -43.544561117075027, -23.003196008938151 ], [ -43.540390144822339, -23.000206939345055 ], [ -43.541300457174906, -22.995534283360726 ], [ -43.54638166782523, -22.993850734081143 ], [ -43.550552604052648, -22.996839872145081 ], [ -43.549642365666699, -23.001512491006256 ], [ -43.544561117075027, -23.003196008938151 ] ] ] } },
{ "type": "Feature", "properties": { "hex_id": "88a8a06e2bfffff", "nome": "Vigário Geral", "codbairro": "048", "codra": 31, "rp": "Penha", "cod_rp": "3.5", "area_plane": "3", "ideb_bairro": "Vigário Geral" }, "geometry": { "type": "Polygon", "coordinates": [ [ [ -43.309590863253405, -22.818418790437399 ], [ -43.305421406626841, -22.815416559510208 ], [ -43.306333363766853, -22.810734837634357 ], [ -43.311414704807234, -22.809055381462315 ], [ -43.315584129016713, -22.812057679996236 ], [ -43.314672244614627, -22.816739367083954 ], [ -43.309590863253405, -22.818418790437399 ] ] ] } },
{ "type": "Feature", "properties": { "hex_id": "88a8a076edfffff", "nome": "Vargem Grande", "codbairro": "131", "codra": 24, "rp": "Barra da Tijuca", "cod_rp": "4.2", "area_plane": "4", "ideb_bairro": "Vargem Grande" }, "geometry": { "type": "Polygon", "coordinates": [ [ [ -43.492835147018447, -23.024692029347751 ], [ -43.488664087350308, -23.02170232589711 ], [ -43.4895748537934, -23.017031022124531 ], [ -43.494656606205176, -23.015349458410039 ], [ -43.498827630635368, -23.018339230256938 ], [ -43.497916937903419, -23.023010497410564 ], [ -43.492835147018447, -23.024692029347751 ] ] ] } },
{ "type": "Feature", "properties": { "hex_id": "88a8a02a13fffff", "nome": "Santa Cruz", "codbairro": "149", "codra": 19, "rp": "Santa Cruz", "cod_rp": "5.3", "area_plane": "5", "ideb_bairro": "Santa Cruz" }, "geometry": { "type": "Polygon", "coordinates": [ [ [ -43.653984694651207, -22.953777657005862 ], [ -43.64981395523904, -22.95078978687582 ], [ -43.650723296699724, -22.946114075832355 ], [ -43.65580330307948, -22.944426273099882 ], [ -43.659974004802457, -22.947414211852958 ], [ -43.659064737846514, -22.95208988470398 ], [ -43.653984694651207, -22.953777657005862 ] ] ] } },
{ "type": "Feature", "properties": { "hex_id": "88a8a06611fffff", "nome": "Senador Camará", "codbairro": "142", "codra": 17, "rp": "Bangu", "cod_rp": "5.1", "area_plane": "5", "ideb_bairro": "Senador Camará" }, "geometry": { "type": "Polygon", "coordinates": [ [ [ -43.495658513586569, -22.888189029948769 ], [ -43.491488349426582, -22.885194408040533 ], [ -43.492398896586671, -22.880515728663113 ], [ -43.49747953422483, -22.878831707813433 ], [ -43.501649663118961, -22.881826397869631 ], [ -43.500739189652478, -22.886505040616047 ], [ -43.495658513586569, -22.888189029948769 ] ] ] } },
{ "type": "Feature", "properties": { "hex_id": "88a8a021a5fffff", "nome": "Santa Cruz", "codbairro": "149", "codra": 19, "rp": "Santa Cruz", "cod_rp": "5.3", "area_plane": "5", "ideb_bairro": "Santa Cruz" }, "geometry": { "type": "Polygon", "coordinates": [ [ [ -43.702429897652827, -22.924550609030096 ], [ -43.698259319194861, -22.921563001406504 ], [ -43.699168218274984, -22.916885550453014 ], [ -43.704247621084043, -22.915195745778515 ], [ -43.708418161117592, -22.918183422079512 ], [ -43.707509336778124, -22.922860834366141 ], [ -43.702429897652827, -22.924550609030096 ] ] ] } },
{ "type": "Feature", "properties": { "hex_id": "88a8a02a67fffff", "nome": "Guaratiba", "codbairro": "151", "codra": 26, "rp": "Guaratiba", "cod_rp": "5.4", "area_plane": "5", "ideb_bairro": "Guaratiba" }, "geometry": { "type": "Polygon", "coordinates": [ [ [ -43.60227165314123, -22.975319332025673 ], [ -43.598100811920766, -22.972330827869254 ], [ -43.599010610395126, -22.967656459533352 ], [ -43.60409117585138, -22.965970633028828 ], [ -43.608261980169026, -22.968959205732727 ], [ -43.607352255944903, -22.973633536382181 ], [ -43.60227165314123, -22.975319332025673 ] ] ] } },
{ "type": "Feature", "properties": { "hex_id": "88a8a06665fffff", "nome": "Realengo", "codbairro": "139", "codra": 33, "rp": "Bangu", "cod_rp": "5.1", "area_plane": "5", "ideb_bairro": "Realengo" }, "geometry": { "type": "Polygon", "coordinates": [ [ [ -43.44393807841049, -22.909695825997566 ], [ -43.439767833304614, -22.906700573485193 ], [ -43.440678833049432, -22.902023243108282 ], [ -43.445760004473939, -22.900341201357811 ], [ -43.449930215101197, -22.903336521945047 ], [ -43.449019288794268, -22.908013816196362 ], [ -43.44393807841049, -22.909695825997566 ] ] ] } },
{ "type": "Feature", "properties": { "hex_id": "88a8a02abbfffff", "nome": "Santa Cruz", "codbairro": "149", "codra": 19, "rp": "Santa Cruz", "cod_rp": "5.3", "area_plane": "5", "ideb_bairro": "Santa Cruz" }, "geometry": { "type": "Polygon", "coordinates": [ [ [ -43.677406759822745, -22.90662159216814 ], [ -43.673236314839961, -22.903632636406943 ], [ -43.674145395194664, -22.898954305633094 ], [ -43.679224845932723, -22.897264969028935 ], [ -43.683395252874782, -22.900253993377692 ], [ -43.682486247131138, -22.904932285731579 ], [ -43.677406759822745, -22.90662159216814 ] ] ] } },
{ "type": "Feature", "properties": { "hex_id": "88a8a066b9fffff", "nome": "Bangu", "codbairro": "141", "codra": 17, "rp": "Bangu", "cod_rp": "5.1", "area_plane": "5", "ideb_bairro": "Bangu" }, "geometry": { "type": "Polygon", "coordinates": [ [ [ -43.519093353481225, -22.8410175815789 ], [ -43.514923474233456, -22.838021880913796 ], [ -43.515833762149185, -22.833340582115596 ], [ -43.52091385552373, -22.831655020826727 ], [ -43.525083699153242, -22.834650789601596 ], [ -43.524173485038148, -22.83933205154408 ], [ -43.519093353481225, -22.8410175815789 ] ] ] } },
{ "type": "Feature", "properties": { "hex_id": "88a8a06707fffff", "nome": "Vila Militar", "codbairro": "135", "codra": 33, "rp": "Bangu", "cod_rp": "5.1", "area_plane": "5", "ideb_bairro": "Vila Militar" }, "geometry": { "type": "Polygon", "coordinates": [ [ [ -43.406406771654602, -22.882730518434041 ], [ -43.402236752007305, -22.879733257858714 ], [ -43.403148018097291, -22.875054617633381 ], [ -43.408229230604071, -22.873373273724567 ], [ -43.412399216348781, -22.876370602241337 ], [ -43.411488023501022, -22.881049206713964 ], [ -43.406406771654602, -22.882730518434041 ] ] ] } },
{ "type": "Feature", "properties": { "hex_id": "88a8a0670dfffff", "nome": "Jardim Sulacap", "codbairro": "137", "codra": 33, "rp": "Bangu", "cod_rp": "5.1", "area_plane": "5", "ideb_bairro": "Jardim Sulacap" }, "geometry": { "type": "Polygon", "coordinates": [ [ [ -43.403672977310059, -22.896764471821655 ], [ -43.399502869011513, -22.893767647613863 ], [ -43.400414177464285, -22.889089772894021 ], [ -43.405495520995665, -22.887408758098527 ], [ -43.409665595431875, -22.89040565026848 ], [ -43.408754360210757, -22.895083489260248 ], [ -43.403672977310059, -22.896764471821655 ] ] ] } },
{ "type": "Feature", "properties": { "hex_id": "88a8a02b63fffff", "nome": "Guaratiba", "codbairro": "151", "codra": 26, "rp": "Guaratiba", "cod_rp": "5.4", "area_plane": "5", "ideb_bairro": "Guaratiba" }, "geometry": { "type": "Polygon", "coordinates": [ [ [ -43.546762033546742, -22.967492975556507 ], [ -43.542591294288144, -22.964502656485042 ], [ -43.543501537281024, -22.959828063937632 ], [ -43.548582445574844, -22.958143827591691 ], [ -43.552753148778656, -22.961134215072924 ], [ -43.551842979755122, -22.965808770478819 ], [ -43.546762033546742, -22.967492975556507 ] ] ] } },
{ "type": "Feature", "properties": { "hex_id": "88a8a06761fffff", "nome": "Jardim Sulacap", "codbairro": "137", "codra": 33, "rp": "Bangu", "cod_rp": "5.1", "area_plane": "5", "ideb_bairro": "Jardim Sulacap" }, "geometry": { "type": "Polygon", "coordinates": [ [ [ -43.388428541097333, -22.901806295520153 ], [ -43.384258420287331, -22.898809238763153 ], [ -43.385169859672409, -22.894131693545212 ], [ -43.390251346723403, -22.892451240651877 ], [ -43.394421433903354, -22.895448365347313 ], [ -43.393510067674093, -22.900125874986127 ], [ -43.388428541097333, -22.901806295520153 ] ] ] } },
{ "type": "Feature", "properties": { "hex_id": "88a8a02b09fffff", "nome": "Guaratiba", "codbairro": "151", "codra": 26, "rp": "Guaratiba", "cod_rp": "5.4", "area_plane": "5", "ideb_bairro": "Guaratiba" }, "geometry": { "type": "Polygon", "coordinates": [ [ [ -43.565265400303645, -22.970104031463162 ], [ -43.56109462618705, -22.967114317053191 ], [ -43.562004721194384, -22.962439798879636 ], [ -43.567085516266971, -22.960755032427738 ], [ -43.571256254046055, -22.963744815293317 ], [ -43.570346233101745, -22.968419296143697 ], [ -43.565265400303645, -22.970104031463162 ] ] ] } },
{ "type": "Feature", "properties": { "hex_id": "88a8a07891fffff", "nome": "Santa Teresa", "codbairro": "014", "codra": 23, "rp": "Centro", "cod_rp": "1.1", "area_plane": "1", "ideb_bairro": "Santa Teresa" }, "geometry": { "type": "Polygon", "coordinates": [ [ [ -43.2174545123206, -22.949481318886573 ], [ -43.213284349288266, -22.946481338813797 ], [ -43.214197235922221, -22.941807039534449 ], [ -43.219280213299484, -22.940132754227459 ], [ -43.223450345309772, -22.943132801959329 ], [ -43.222537530976631, -22.947807067327556 ], [ -43.2174545123206, -22.949481318886573 ] ] ] } },
{ "type": "Feature", "properties": { "hex_id": "88a8a06043fffff", "nome": "Jacarepaguá", "codbairro": "115", "codra": 16, "rp": "Jacarepaguá", "cod_rp": "4.1", "area_plane": "4", "ideb_bairro": "Jacarepaguá" }, "geometry": { "type": "Polygon", "coordinates": [ [ [ -43.309463685659708, -22.941015802062932 ], [ -43.305293423162482, -22.938018018963014 ], [ -43.306205557639686, -22.933342893739187 ], [ -43.311287881860451, -22.931665586414823 ], [ -43.315458111929985, -22.934663437355809 ], [ -43.314546050218205, -22.939338527768538 ], [ -43.309463685659708, -22.941015802062932 ] ] ] } },
{ "type": "Feature", "properties": { "hex_id": "88a8a06097fffff", "nome": "Marechal Hermes", "codbairro": "090", "codra": 15, "rp": "Madureira", "cod_rp": "3.3", "area_plane": "3", "ideb_bairro": "Marechal Hermes" }, "geometry": { "type": "Polygon", "coordinates": [ [ [ -43.362884612074076, -22.862107018291312 ], [ -43.358714788209433, -22.859107821111554 ], [ -43.359626377493818, -22.85442823826822 ], [ -43.364707717636989, -22.852747887914337 ], [ -43.368877508265932, -22.855747152901067 ], [ -43.367965991999114, -22.860426700423186 ], [ -43.362884612074076, -22.862107018291312 ] ] ] } },
{ "type": "Feature", "properties": { "hex_id": "88a8a060ebfffff", "nome": "Cascadura", "codbairro": "082", "codra": 15, "rp": "Madureira", "cod_rp": "3.3", "area_plane": "3", "ideb_bairro": "Cascadura" }, "geometry": { "type": "Polygon", "coordinates": [ [ [ -43.332917905334405, -22.893896409540815 ], [ -43.328747916654613, -22.890897551382842 ], [ -43.329659793986032, -22.886219794603313 ], [ -43.33474158713566, -22.8845409310027 ], [ -43.338911543034236, -22.887539856963265 ], [ -43.337999738576137, -22.892217578710319 ], [ -43.332917905334405, -22.893896409540815 ] ] ] } },
{ "type": "Feature", "properties": { "hex_id": "88a8a06a01fffff", "nome": "Centro", "codbairro": "005", "codra": 2, "rp": "Centro", "cod_rp": "1.1", "area_plane": "1", "ideb_bairro": "Centro" }, "geometry": { "type": "Polygon", "coordinates": [ [ [ -43.173410566972095, -22.907117564473065 ], [ -43.169240764428011, -22.904114851612793 ], [ -43.170153942617731, -22.89943844744073 ], [ -43.175236851295907, -22.897764789586937 ], [ -43.179406623495524, -22.90076756993178 ], [ -43.178493517373234, -22.905443940634289 ], [ -43.173410566972095, -22.907117564473065 ] ] ] } },
{ "type": "Feature", "properties": { "hex_id": "88a8a06193fffff", "nome": "Vila da Penha", "codbairro": "074", "codra": 14, "rp": "Madureira", "cod_rp": "3.3", "area_plane": "3", "ideb_bairro": "Vila da Penha" }, "geometry": { "type": "Polygon", "coordinates": [ [ [ -43.307376662335621, -22.854183689555889 ], [ -43.303206974190502, -22.851182694510367 ], [ -43.304119000591207, -22.846502901656017 ], [ -43.309200642413863, -22.844824138609365 ], [ -43.313370298172075, -22.847825201326 ], [ -43.312458344506283, -22.852504959406666 ], [ -43.307376662335621, -22.854183689555889 ] ] ] } },
{ "type": "Feature", "properties": { "hex_id": "88a8a06a55fffff", "nome": "Centro", "codbairro": "005", "codra": 2, "rp": "Centro", "cod_rp": "1.1", "area_plane": "1", "ideb_bairro": "Centro" }, "geometry": { "type": "Polygon", "coordinates": [ [ [ -43.185920140610612, -22.916124371807964 ], [ -43.181750255107296, -22.913122324616154 ], [ -43.182663346237433, -22.908446354464701 ], [ -43.187746250749633, -22.906772465087919 ], [ -43.191916105716338, -22.909774579808182 ], [ -43.191003086719249, -22.914450516365214 ], [ -43.185920140610612, -22.916124371807964 ] ] ] } },
{ "type": "Feature", "properties": { "hex_id": "88a8a061e7fffff", "nome": "Bonsucesso", "codbairro": "040", "codra": 10, "rp": "Ramos", "cod_rp": "3.1", "area_plane": "3", "ideb_bairro": "Bonsucesso" }, "geometry": { "type": "Polygon", "coordinates": [ [ [ -43.255644853985949, -22.875638966576602 ], [ -43.251475109697701, -22.872637344079738 ], [ -43.25238758345246, -22.867958910105635 ], [ -43.257469729029552, -22.866282132886479 ], [ -43.26163944171924, -22.869283822983942 ], [ -43.260727040442191, -22.873962222688423 ], [ -43.255644853985949, -22.875638966576602 ] ] ] } },
{ "type": "Feature", "properties": { "hex_id": "88a8a0623bfffff", "nome": "Anil", "codbairro": "116", "codra": 16, "rp": "Jacarepaguá", "cod_rp": "4.1", "area_plane": "4", "ideb_bairro": "Anil" }, "geometry": { "type": "Polygon", "coordinates": [ [ [ -43.334485810537899, -22.958997819354195 ], [ -43.330315391147558, -22.956001373996436 ], [ -43.331227349480272, -22.951327121152552 ], [ -43.336309654318832, -22.949649348714484 ], [ -43.340480040897241, -22.952645862001255 ], [ -43.339568155460761, -22.957320079785543 ], [ -43.334485810537899, -22.958997819354195 ] ] ] } },
{ "type": "Feature", "properties": { "hex_id": "88a8a02f53fffff", "nome": "Santa Cruz", "codbairro": "149", "codra": 19, "rp": "Santa Cruz", "cod_rp": "5.3", "area_plane": "5", "ideb_bairro": "Santa Cruz" }, "geometry": { "type": "Polygon", "coordinates": [ [ [ -43.738357136309205, -22.886337637943136 ], [ -43.734186789755356, -22.883349618231343 ], [ -43.735095336281617, -22.878669992144154 ], [ -43.740174154461911, -22.876978424776059 ], [ -43.74434446204836, -22.87996651317469 ], [ -43.743435990433532, -22.884646100243106 ], [ -43.738357136309205, -22.886337637943136 ] ] ] } },
{ "type": "Feature", "properties": { "hex_id": "88a8a062e3fffff", "nome": "Pechincha", "codbairro": "121", "codra": 16, "rp": "Jacarepaguá", "cod_rp": "4.1", "area_plane": "4", "ideb_bairro": "Pechincha" }, "geometry": { "type": "Polygon", "coordinates": [ [ [ -43.352468057147114, -22.93993995335434 ], [ -43.348297736465362, -22.936943304206348 ], [ -43.349209521971929, -22.932267952681247 ], [ -43.354291555189185, -22.930589285525198 ], [ -43.358461842786234, -22.933586002605409 ], [ -43.357550130262474, -22.938261318897929 ], [ -43.352468057147114, -22.93993995335434 ] ] ] } },
{ "type": "Feature", "properties": { "hex_id": "88a8a07413fffff", "nome": "Vargem Grande", "codbairro": "131", "codra": 24, "rp": "Barra da Tijuca", "cod_rp": "4.2", "area_plane": "4", "ideb_bairro": "Vargem Grande" }, "geometry": { "type": "Polygon", "coordinates": [ [ [ -43.482526747291857, -22.980024292238888 ], [ -43.478355993488428, -22.977032667752969 ], [ -43.479266779833225, -22.97235898676626 ], [ -43.484348246344346, -22.970676966767126 ], [ -43.488518965072188, -22.973668659544337 ], [ -43.487608252376184, -22.978342304017882 ], [ -43.482526747291857, -22.980024292238888 ] ] ] } },
{ "type": "Feature", "properties": { "hex_id": "88a8a06337fffff", "nome": "Andaraí", "codbairro": "037", "codra": 9, "rp": "Tijuca", "cod_rp": "2.2", "area_plane": "2", "ideb_bairro": "Andaraí" }, "geometry": { "type": "Polygon", "coordinates": [ [ [ -43.257204867397483, -22.940756817310078 ], [ -43.253034692141576, -22.937757601370325 ], [ -43.253947247086629, -22.933082670200648 ], [ -43.259029904798844, -22.931406989257944 ], [ -43.263200048425844, -22.934406272925603 ], [ -43.262287565981303, -22.939081169796516 ], [ -43.257204867397483, -22.940756817310078 ] ] ] } },
{ "type": "Feature", "properties": { "hex_id": "88a8a07467fffff", "nome": "Recreio dos Bandeirantes", "codbairro": "132", "codra": 24, "rp": "Barra da Tijuca", "cod_rp": "4.2", "area_plane": "4", "ideb_bairro": "Recreio dos Bandeirantes" }, "geometry": { "type": "Polygon", "coordinates": [ [ [ -43.43079779347088, -23.001506032555731 ], [ -43.426626960428223, -22.998513775504197 ], [ -43.427538199128229, -22.993841449327668 ], [ -43.432620197489776, -22.992161416200361 ], [ -43.43679099624454, -22.99515374146954 ], [ -43.435879830937367, -22.999826031636832 ], [ -43.43079779347088, -23.001506032555731 ] ] ] } },
{ "type": "Feature", "properties": { "hex_id": "88a8a074bbfffff", "nome": "Campo Grande", "codbairro": "144", "codra": 18, "rp": "Campo Grande", "cod_rp": "5.2", "area_plane": "5", "ideb_bairro": "Campo Grande" }, "geometry": { "type": "Polygon", "coordinates": [ [ [ -43.505966228318407, -22.932903789126705 ], [ -43.501795758724633, -22.929911083184503 ], [ -43.502706285900437, -22.925234773425654 ], [ -43.507787208925762, -22.923551206335148 ], [ -43.511957643091328, -22.926543980532418 ], [ -43.511047189671466, -22.931220253553608 ], [ -43.505966228318407, -22.932903789126705 ] ] ] } },
{ "type": "Feature", "properties": { "hex_id": "88a8a03911fffff", "nome": "Guaratiba", "codbairro": "151", "codra": 26, "rp": "Guaratiba", "cod_rp": "5.4", "area_plane": "5", "ideb_bairro": "Guaratiba" }, "geometry": { "type": "Polygon", "coordinates": [ [ [ -43.564126532700129, -23.049150109154198 ], [ -43.55995523882747, -23.046163268172254 ], [ -43.560865456830477, -23.041493028520524 ], [ -43.565946894642032, -23.039809667157471 ], [ -43.570118152185493, -23.042796576737505 ], [ -43.569208008258279, -23.047466779070984 ], [ -43.564126532700129, -23.049150109154198 ] ] ] } },
{ "type": "Feature", "properties": { "hex_id": "88a8a02835fffff", "nome": "Campo Grande", "codbairro": "144", "codra": 18, "rp": "Campo Grande", "cod_rp": "5.2", "area_plane": "5", "ideb_bairro": "Campo Grande" }, "geometry": { "type": "Polygon", "coordinates": [ [ [ -43.594155246352983, -22.894901976204345 ], [ -43.589984941304756, -22.891910300701674 ], [ -43.590894691057599, -22.887231628245789 ], [ -43.595974671679727, -22.885544668881447 ], [ -43.600144939958319, -22.888536412763283 ], [ -43.5992352643961, -22.89321504761881 ], [ -43.594155246352983, -22.894901976204345 ] ] ] } },
{ "type": "Feature", "properties": { "hex_id": "88a8a07563fffff", "nome": "Barra da Tijuca", "codbairro": "128", "codra": 24, "rp": "Barra da Tijuca", "cod_rp": "4.2", "area_plane": "4", "ideb_bairro": "Barra da Tijuca" }, "geometry": { "type": "Polygon", "coordinates": [ [ [ -43.375279778338843, -22.993622388701123 ], [ -43.371109071484575, -22.990628322333453 ], [ -43.372020749553855, -22.985955782007142 ], [ -43.377103061378591, -22.984277343501713 ], [ -43.381273734793957, -22.987271477951438 ], [ -43.38036212983522, -22.991943982813012 ], [ -43.375279778338843, -22.993622388701123 ] ] ] } },
{ "type": "Feature", "properties": { "hex_id": "88a8a02889fffff", "nome": "Paciência", "codbairro": "148", "codra": 19, "rp": "Santa Cruz", "cod_rp": "5.3", "area_plane": "5", "ideb_bairro": "Paciência" }, "geometry": { "type": "Polygon", "coordinates": [ [ [ -43.649123378151991, -22.881014978651191 ], [ -43.644953121010417, -22.878024305729447 ], [ -43.645862398187425, -22.873344695279652 ], [ -43.650941858054381, -22.871655795880187 ], [ -43.655112077589557, -22.874646537277741 ], [ -43.654202874875814, -22.87932610958746 ], [ -43.649123378151991, -22.881014978651191 ] ] ] } },
{ "type": "Feature", "properties": { "hex_id": "88a8a02ab5fffff", "nome": "Santa Cruz", "codbairro": "149", "codra": 19, "rp": "Santa Cruz", "cod_rp": "5.3", "area_plane": "5", "ideb_bairro": "Santa Cruz" }, "geometry": { "type": "Polygon", "coordinates": [ [ [ -43.658906730099517, -22.904021198550456 ], [ -43.654736314690169, -22.901031637860946 ], [ -43.655645544126997, -22.896353230520294 ], [ -43.660725114467098, -22.894664422095556 ], [ -43.664895492118127, -22.897654051326207 ], [ -43.66398633719902, -22.90233242042898 ], [ -43.658906730099517, -22.904021198550456 ] ] ] } },
{ "type": "Feature", "properties": { "hex_id": "88a8a039b9fffff", "nome": "Ilha de Guaratiba", "codbairro": "164", "codra": 26, "rp": "Guaratiba", "cod_rp": "5.4", "area_plane": "5", "ideb_bairro": "Ilha de Guaratiba" }, "geometry": { "type": "Polygon", "coordinates": [ [ [ -43.587560797024771, -23.002056546222633 ], [ -43.583389792302654, -22.999068619088963 ], [ -43.584299750145902, -22.994395747128703 ], [ -43.589380638540334, -22.992710839834793 ], [ -43.593551606581009, -22.995698835532508 ], [ -43.592641722920348, -23.000371669948585 ], [ -43.587560797024771, -23.002056546222633 ] ] ] } },
{ "type": "Feature", "properties": { "hex_id": "88a8a075b7fffff", "nome": "Jacarepaguá", "codbairro": "115", "codra": 16, "rp": "Jacarepaguá", "cod_rp": "4.1", "area_plane": "4", "ideb_bairro": "Jacarepaguá" }, "geometry": { "type": "Polygon", "coordinates": [ [ [ -43.42869415595684, -22.914740731908697 ], [ -43.424523896776492, -22.911745246542981 ], [ -43.42543502778652, -22.907068245117426 ], [ -43.430516344626476, -22.905386765022687 ], [ -43.434686569560448, -22.908382318439376 ], [ -43.433775511912543, -22.913059283888316 ], [ -43.42869415595684, -22.914740731908697 ] ] ] } },
{ "type": "Feature", "properties": { "hex_id": "88a8a028ddfffff", "nome": "Santa Cruz", "codbairro": "149", "codra": 19, "rp": "Santa Cruz", "cod_rp": "5.3", "area_plane": "5", "ideb_bairro": "Santa Cruz" }, "geometry": { "type": "Polygon", "coordinates": [ [ [ -43.661634285324517, -22.889985651812381 ], [ -43.657463960353034, -22.886995651737173 ], [ -43.658373147142001, -22.882316480385001 ], [ -43.663452584385972, -22.880627347360377 ], [ -43.667622871559203, -22.883617415956426 ], [ -43.666713759298347, -22.888296549044778 ], [ -43.661634285324517, -22.889985651812381 ] ] ] } },
{ "type": "Feature", "properties": { "hex_id": "88a8a02931fffff", "nome": "Campo Grande", "codbairro": "144", "codra": 18, "rp": "Campo Grande", "cod_rp": "5.2", "area_plane": "5", "ideb_bairro": "Campo Grande" }, "geometry": { "type": "Polygon", "coordinates": [ [ [ -43.538652360327397, -22.887063418955364 ], [ -43.534482158360497, -22.884069933784282 ], [ -43.535392352274357, -22.879391037639465 ], [ -43.540472674257011, -22.877705663707925 ], [ -43.544642840301997, -22.880699217119943 ], [ -43.543732720297925, -22.885378076211069 ], [ -43.538652360327397, -22.887063418955364 ] ] ] } },
{ "type": "Feature", "properties": { "hex_id": "88a8a02985fffff", "nome": "Campo Grande", "codbairro": "144", "codra": 18, "rp": "Campo Grande", "cod_rp": "5.2", "area_plane": "5", "ideb_bairro": "Campo Grande" }, "geometry": { "type": "Polygon", "coordinates": [ [ [ -43.571863422321677, -22.862909591170169 ], [ -43.567693347427472, -22.859916134352574 ], [ -43.568603234382849, -22.855235821512345 ], [ -43.573683122172966, -22.853549002856184 ], [ -43.577853160641304, -22.856542527942604 ], [ -43.576943347757066, -22.861222803404882 ], [ -43.571863422321677, -22.862909591170169 ] ] ] } },
{ "type": "Feature", "properties": { "hex_id": "88a8a03ab5fffff", "nome": "Guaratiba", "codbairro": "151", "codra": 26, "rp": "Guaratiba", "cod_rp": "5.4", "area_plane": "5", "ideb_bairro": "Guaratiba" }, "geometry": { "type": "Polygon", "coordinates": [ [ [ -43.662642826324173, -23.055800750647414 ], [ -43.658471408657768, -23.05281687671469 ], [ -43.65938082519471, -23.048146649189775 ], [ -43.664461584837518, -23.04646033386787 ], [ -43.6686329646705, -23.04944427662975 ], [ -43.667723622705751, -23.054114465872889 ], [ -43.662642826324173, -23.055800750647414 ] ] ] } },
{ "type": "Feature", "properties": { "hex_id": "88a8a076b3fffff", "nome": "Guaratiba", "codbairro": "151", "codra": 26, "rp": "Guaratiba", "cod_rp": "5.4", "area_plane": "5", "ideb_bairro": "Guaratiba" }, "geometry": { "type": "Polygon", "coordinates": [ [ [ -43.525527343842249, -22.978901676851365 ], [ -43.521356550784475, -22.975911192335069 ], [ -43.522266984085547, -22.97123729274011 ], [ -43.527348136590952, -22.969553914584356 ], [ -43.531518893916761, -22.972544467484607 ], [ -43.530608534480827, -22.977218330145146 ], [ -43.525527343842249, -22.978901676851365 ] ] ] } },
{ "type": "Feature", "properties": { "hex_id": "88a8a02117fffff", "nome": "Santa Cruz", "codbairro": "149", "codra": 19, "rp": "Santa Cruz", "cod_rp": "5.3", "area_plane": "5", "ideb_bairro": "Santa Cruz" }, "geometry": { "type": "Polygon", "coordinates": [ [ [ -43.709488798194798, -22.961567910533059 ], [ -43.705317971965165, -22.958581858933631 ], [ -43.706226865697197, -22.953906378407758 ], [ -43.711306510885748, -22.952216988207422 ], [ -43.715477298578861, -22.95520310856892 ], [ -43.714568479631559, -22.9598785503572 ], [ -43.709488798194798, -22.961567910533059 ] ] ] } },
{ "type": "Feature", "properties": { "hex_id": "88a8a06e45fffff", "nome": "Vila da Penha", "codbairro": "074", "codra": 14, "rp": "Madureira", "cod_rp": "3.3", "area_plane": "3", "ideb_bairro": "Vila da Penha" }, "geometry": { "type": "Polygon", "coordinates": [ [ [ -43.313370298172075, -22.847825201326 ], [ -43.309200642413863, -22.844824138609365 ], [ -43.310112611326204, -22.840143980605241 ], [ -43.315194163244698, -22.838464920137593 ], [ -43.319363786525066, -22.841466050526094 ], [ -43.318451890376529, -22.846146173698852 ], [ -43.313370298172075, -22.847825201326 ] ] ] } },
{ "type": "Feature", "properties": { "hex_id": "88a8a029d9fffff", "nome": "Campo Grande", "codbairro": "144", "codra": 18, "rp": "Campo Grande", "cod_rp": "5.2", "area_plane": "5", "ideb_bairro": "Campo Grande" }, "geometry": { "type": "Polygon", "coordinates": [ [ [ -43.60613447991588, -22.882170191058076 ], [ -43.601964248497545, -22.87917837879575 ], [ -43.602873881474295, -22.874498979774067 ], [ -43.607953671633219, -22.872811430720315 ], [ -43.61212386610066, -22.875803311364457 ], [ -43.611214307371711, -22.88048267266905 ], [ -43.60613447991588, -22.882170191058076 ] ] ] } },
{ "type": "Feature", "properties": { "hex_id": "88a8a02a2dfffff", "nome": "Guaratiba", "codbairro": "151", "codra": 26, "rp": "Guaratiba", "cod_rp": "5.4", "area_plane": "5", "ideb_bairro": "Guaratiba" }, "geometry": { "type": "Polygon", "coordinates": [ [ [ -43.599010610395126, -22.967656459533352 ], [ -43.594839822385616, -22.964667584172897 ], [ -43.595749636672863, -22.95999281379336 ], [ -43.60083016474924, -22.958306956416706 ], [ -43.605000915906572, -22.961295900303217 ], [ -43.60409117585138, -22.965970633028828 ], [ -43.599010610395126, -22.967656459533352 ] ] ] } },
{ "type": "Feature", "properties": { "hex_id": "88a8a0662bfffff", "nome": "Bangu", "codbairro": "141", "codra": 17, "rp": "Bangu", "cod_rp": "5.1", "area_plane": "5", "ideb_bairro": "Bangu" }, "geometry": { "type": "Polygon", "coordinates": [ [ [ -43.461914037040309, -22.890615929766881 ], [ -43.4577438956427, -22.88762047302658 ], [ -43.458654721574412, -22.882942048684704 ], [ -43.463735615391322, -22.88125911737119 ], [ -43.467905722037933, -22.884254642189703 ], [ -43.466994969630335, -22.888933030232018 ], [ -43.461914037040309, -22.890615929766881 ] ] ] } },
{ "type": "Feature", "properties": { "hex_id": "88a8a02a81fffff", "nome": "Santa Cruz", "codbairro": "149", "codra": 19, "rp": "Santa Cruz", "cod_rp": "5.3", "area_plane": "5", "ideb_bairro": "Santa Cruz" }, "geometry": { "type": "Polygon", "coordinates": [ [ [ -43.668690699729559, -22.92702046822254 ], [ -43.664520126283982, -22.924032020864331 ], [ -43.665429307919773, -22.919354817634776 ], [ -43.670508988440602, -22.917666100087342 ], [ -43.674679523975925, -22.920654616051735 ], [ -43.673770416912312, -22.925331780945889 ], [ -43.668690699729559, -22.92702046822254 ] ] ] } },
{ "type": "Feature", "properties": { "hex_id": "88a8a06f41fffff", "nome": "Penha", "codbairro": "043", "codra": 11, "rp": "Penha", "cod_rp": "3.5", "area_plane": "3", "ideb_bairro": "Penha" }, "geometry": { "type": "Polygon", "coordinates": [ [ [ -43.257862130629185, -22.83988294564352 ], [ -43.253692617573989, -22.836880088065165 ], [ -43.254605022078799, -22.832199722990236 ], [ -43.259686867169776, -22.830522249765636 ], [ -43.263856348596079, -22.833525174880428 ], [ -43.262944016572057, -22.838205505671848 ], [ -43.257862130629185, -22.83988294564352 ] ] ] } },
{ "type": "Feature", "properties": { "hex_id": "88a8a02ad5fffff", "nome": "Santa Cruz", "codbairro": "149", "codra": 19, "rp": "Santa Cruz", "cod_rp": "5.3", "area_plane": "5", "ideb_bairro": "Santa Cruz" }, "geometry": { "type": "Polygon", "coordinates": [ [ [ -43.681202554588857, -22.935984462023953 ], [ -43.677031913926008, -22.93299668884671 ], [ -43.677941005024266, -22.928319925577618 ], [ -43.683020662159976, -22.926630973933072 ], [ -43.687191264720674, -22.929618815761302 ], [ -43.686282248259431, -22.934295540571604 ], [ -43.681202554588857, -22.935984462023953 ] ] ] } },
{ "type": "Feature", "properties": { "hex_id": "88a8a066d3fffff", "nome": "Campo Grande", "codbairro": "144", "codra": 18, "rp": "Campo Grande", "cod_rp": "5.2", "area_plane": "5", "ideb_bairro": "Campo Grande" }, "geometry": { "type": "Polygon", "coordinates": [ [ [ -43.54411313204556, -22.858987095976708 ], [ -43.539943109281133, -22.855992735419683 ], [ -43.540853218169097, -22.85131231099291 ], [ -43.545933275902449, -22.849626284215965 ], [ -43.55010326266482, -22.852620712972652 ], [ -43.549193227707576, -22.857301100295135 ], [ -43.54411313204556, -22.858987095976708 ] ] ] } },
{ "type": "Feature", "properties": { "hex_id": "88a8a02b29fffff", "nome": "Guaratiba", "codbairro": "151", "codra": 26, "rp": "Guaratiba", "cod_rp": "5.4", "area_plane": "5", "ideb_bairro": "Guaratiba" }, "geometry": { "type": "Polygon", "coordinates": [ [ [ -43.543501537281024, -22.959828063937632 ], [ -43.539330851691361, -22.956837374265099 ], [ -43.540241110388017, -22.952162379869844 ], [ -43.545321980734855, -22.950478112244408 ], [ -43.549492630320344, -22.95346887030523 ], [ -43.548582445574844, -22.958143827591691 ], [ -43.543501537281024, -22.959828063937632 ] ] ] } },
{ "type": "Feature", "properties": { "hex_id": "88a8a06727fffff", "nome": "Vila Militar", "codbairro": "135", "codra": 33, "rp": "Bangu", "cod_rp": "5.1", "area_plane": "5", "ideb_bairro": "Vila Militar" }, "geometry": { "type": "Polygon", "coordinates": [ [ [ -43.384645528245521, -22.872420953631149 ], [ -43.380475605889288, -22.86942272432989 ], [ -43.381387033710432, -22.864743612490379 ], [ -43.386468310769622, -22.863062765477643 ], [ -43.390638199556705, -22.866061062653099 ], [ -43.389726844865478, -22.870740138955572 ], [ -43.384645528245521, -22.872420953631149 ] ] ] } },
{ "type": "Feature", "properties": { "hex_id": "88a8a078abfffff", "nome": "Botafogo", "codbairro": "020", "codra": 4, "rp": "Zona Sul", "cod_rp": "2.1", "area_plane": "2", "ideb_bairro": "Botafogo" }, "geometry": { "type": "Polygon", "coordinates": [ [ [ -43.183698429208526, -22.951848792550667 ], [ -43.179528312837363, -22.948847981202555 ], [ -43.180441473212113, -22.944173948230691 ], [ -43.185524677839922, -22.942500760176411 ], [ -43.189694763704992, -22.945501639115946 ], [ -43.188781675460135, -22.950175638506789 ], [ -43.183698429208526, -22.951848792550667 ] ] ] } },
{ "type": "Feature", "properties": { "hex_id": "88a8a02a61fffff", "nome": "Guaratiba", "codbairro": "151", "codra": 26, "rp": "Guaratiba", "cod_rp": "5.4", "area_plane": "5", "ideb_bairro": "Guaratiba" }, "geometry": { "type": "Polygon", "coordinates": [ [ [ -43.60553276489226, -22.982981431037942 ], [ -43.601361870486528, -22.979993298207287 ], [ -43.60227165314123, -22.975319332025673 ], [ -43.607352255944903, -22.973633536382181 ], [ -43.611523113397155, -22.976621737781734 ], [ -43.610613405010866, -22.981295666244382 ], [ -43.60553276489226, -22.982981431037942 ] ] ] } },
{ "type": "Feature", "properties": { "hex_id": "88a8a06009fffff", "nome": "Jacarepaguá", "codbairro": "115", "codra": 16, "rp": "Jacarepaguá", "cod_rp": "4.1", "area_plane": "4", "ideb_bairro": "Jacarepaguá" }, "geometry": { "type": "Polygon", "coordinates": [ [ [ -43.306205557639686, -22.933342893739187 ], [ -43.302035350767333, -22.930344742548161 ], [ -43.30294750048111, -22.925669216224769 ], [ -43.308029784331836, -22.923991875858562 ], [ -43.312199958827073, -22.926990094869126 ], [ -43.311287881860451, -22.931665586414823 ], [ -43.306205557639686, -22.933342893739187 ] ] ] } },
{ "type": "Feature", "properties": { "hex_id": "88a8a0605dfffff", "nome": "Jacarepaguá", "codbairro": "115", "codra": 16, "rp": "Jacarepaguá", "cod_rp": "4.1", "area_plane": "4", "ideb_bairro": "Jacarepaguá" }, "geometry": { "type": "Polygon", "coordinates": [ [ [ -43.318716335836498, -22.94233601051657 ], [ -43.314546050218205, -22.939338527768538 ], [ -43.315458111929985, -22.934663437355809 ], [ -43.320540386459271, -22.9329858645816 ], [ -43.324710639508346, -22.935983415193181 ], [ -43.32379865060912, -22.940658470703873 ], [ -43.318716335836498, -22.94233601051657 ] ] ] } },
{ "type": "Feature", "properties": { "hex_id": "88a8a060b1fffff", "nome": "Rocha Miranda", "codbairro": "086", "codra": 15, "rp": "Madureira", "cod_rp": "3.3", "area_plane": "3", "ideb_bairro": "Rocha Miranda" }, "geometry": { "type": "Polygon", "coordinates": [ [ [ -43.344382073727481, -22.859468166042383 ], [ -43.34021229423238, -22.856468369256149 ], [ -43.341124029410636, -22.85178871604413 ], [ -43.346205471172347, -22.850108894745549 ], [ -43.350375217714642, -22.85310875929342 ], [ -43.349463555459785, -22.857788377366713 ], [ -43.344382073727481, -22.859468166042383 ] ] ] } },
{ "type": "Feature", "properties": { "hex_id": "88a8a06ecdfffff", "nome": "Pavuna", "codbairro": "114", "codra": 25, "rp": "Pavuna", "cod_rp": "3.6", "area_plane": "3", "ideb_bairro": "Pavuna" }, "geometry": { "type": "Polygon", "coordinates": [ [ [ -43.358579543473049, -22.810980727425441 ], [ -43.354410061771688, -22.807979557953743 ], [ -43.355321612451505, -22.803297247098428 ], [ -43.360402571860369, -22.801616140972623 ], [ -43.364572020397141, -22.804617378143178 ], [ -43.363660542701361, -22.80929965372917 ], [ -43.358579543473049, -22.810980727425441 ] ] ] } },
{ "type": "Feature", "properties": { "hex_id": "88a8a06105fffff", "nome": "Maracanã", "codbairro": "035", "codra": 9, "rp": "Tijuca", "cod_rp": "2.2", "area_plane": "2", "ideb_bairro": "Maracanã" }, "geometry": { "type": "Polygon", "coordinates": [ [ [ -43.228926936116814, -22.915081833313714 ], [ -43.22475697891629, -22.912080915835741 ], [ -43.225669723991821, -22.907404713847171 ], [ -43.230752353928459, -22.905729463341029 ], [ -43.234922279934914, -22.908730448437527 ], [ -43.234009607210574, -22.913406616410114 ], [ -43.228926936116814, -22.915081833313714 ] ] ] } },
{ "type": "Feature", "properties": { "hex_id": "88a8a06159fffff", "nome": "Grajaú", "codbairro": "038", "codra": 9, "rp": "Tijuca", "cod_rp": "2.2", "area_plane": "2", "ideb_bairro": "Grajaú" }, "geometry": { "type": "Polygon", "coordinates": [ [ [ -43.263200048425844, -22.934406272925603 ], [ -43.259029904798844, -22.931406989257944 ], [ -43.259942402395382, -22.926731691343207 ], [ -43.265024971101226, -22.925055711440802 ], [ -43.269195083008327, -22.928055062837267 ], [ -43.268282657941249, -22.93273032639577 ], [ -43.263200048425844, -22.934406272925603 ] ] ] } },
{ "type": "Feature", "properties": { "hex_id": "88a8a061adfffff", "nome": "Bonsucesso", "codbairro": "040", "codra": 10, "rp": "Ramos", "cod_rp": "3.1", "area_plane": "3", "ideb_bairro": "Bonsucesso" }, "geometry": { "type": "Polygon", "coordinates": [ [ [ -43.25238758345246, -22.867958910105635 ], [ -43.248217895221465, -22.864956920814347 ], [ -43.249130384103772, -22.860278086736621 ], [ -43.254212488769426, -22.858601276174571 ], [ -43.258382145452423, -22.861603333044684 ], [ -43.257469729029552, -22.866282132886479 ], [ -43.25238758345246, -22.867958910105635 ] ] ] } },
{ "type": "Feature", "properties": { "hex_id": "88a8a06201fffff", "nome": "Itanhangá", "codbairro": "127", "codra": 24, "rp": "Barra da Tijuca", "cod_rp": "4.2", "area_plane": "4", "ideb_bairro": "Itanhangá" }, "geometry": { "type": "Polygon", "coordinates": [ [ [ -43.325755388024824, -22.979368797609229 ], [ -43.32158484778634, -22.976372856813093 ], [ -43.322496905979023, -22.971699738757589 ], [ -43.327579431565226, -22.970022596464275 ], [ -43.331749939123092, -22.973018605208591 ], [ -43.330837953787132, -22.977691688286484 ], [ -43.325755388024824, -22.979368797609229 ] ] ] } },
{ "type": "Feature", "properties": { "hex_id": "88a8a06ac3fffff", "nome": "Caju", "codbairro": "004", "codra": 1, "rp": "Centro", "cod_rp": "1.1", "area_plane": "1", "ideb_bairro": "Caju" }, "geometry": { "type": "Polygon", "coordinates": [ [ [ -43.221893755195417, -22.878015629331163 ], [ -43.217724054277681, -22.875013176958131 ], [ -43.218636802409769, -22.870335006898511 ], [ -43.223719179164327, -22.868659323138932 ], [ -43.22788884899915, -22.871661843044546 ], [ -43.226976173174101, -22.876339979165611 ], [ -43.221893755195417, -22.878015629331163 ] ] ] } },
{ "type": "Feature", "properties": { "hex_id": "88a8a06255fffff", "nome": "Itanhangá", "codbairro": "127", "codra": 24, "rp": "Barra da Tijuca", "cod_rp": "4.2", "area_plane": "4", "ideb_bairro": "Itanhangá" }, "geometry": { "type": "Polygon", "coordinates": [ [ [ -43.3382671650999, -22.988355280504244 ], [ -43.334096546725561, -22.9853600094998 ], [ -43.335008516766024, -22.980687328222277 ], [ -43.340091032270458, -22.979009953039323 ], [ -43.344261617772062, -22.982005292035751 ], [ -43.343349720653713, -22.986677938211635 ], [ -43.3382671650999, -22.988355280504244 ] ] ] } },
{ "type": "Feature", "properties": { "hex_id": "88a8a062a9fffff", "nome": "Pechincha", "codbairro": "121", "codra": 16, "rp": "Jacarepaguá", "cod_rp": "4.1", "area_plane": "4", "ideb_bairro": "Pechincha" }, "geometry": { "type": "Polygon", "coordinates": [ [ [ -43.349209521971929, -22.932267952681247 ], [ -43.34503925655995, -22.929270935056568 ], [ -43.345951057387602, -22.92459518237666 ], [ -43.351033050674424, -22.922916482509216 ], [ -43.355203283052283, -22.925913568044582 ], [ -43.354291555189185, -22.930589285525198 ], [ -43.349209521971929, -22.932267952681247 ] ] ] } },
{ "type": "Feature", "properties": { "hex_id": "88a8a0773bfffff", "nome": "Barra da Tijuca", "codbairro": "128", "codra": 24, "rp": "Barra da Tijuca", "cod_rp": "4.2", "area_plane": "4", "ideb_bairro": "Barra da Tijuca" }, "geometry": { "type": "Polygon", "coordinates": [ [ [ -43.422070554898575, -23.021871563115369 ], [ -43.41789959884354, -23.018879812603661 ], [ -43.418810937823068, -23.014208621540277 ], [ -43.423893159515828, -23.012529216903577 ], [ -43.428064081414064, -23.015521035651378 ], [ -43.427152815788062, -23.020192190788265 ], [ -43.422070554898575, -23.021871563115369 ] ] ] } },
{ "type": "Feature", "properties": { "hex_id": "88a8a02f6dfffff", "nome": "Santa Cruz", "codbairro": "149", "codra": 19, "rp": "Santa Cruz", "cod_rp": "5.3", "area_plane": "5", "ideb_bairro": "Santa Cruz" }, "geometry": { "type": "Polygon", "coordinates": [ [ [ -43.683395252874782, -22.900253993377692 ], [ -43.679224845932723, -22.897264969028935 ], [ -43.680133867650966, -22.892586275429611 ], [ -43.68521322168332, -22.890896644646094 ], [ -43.689383590494103, -22.893885737583922 ], [ -43.688474643415439, -22.898564392704714 ], [ -43.683395252874782, -22.900253993377692 ] ] ] } },
{ "type": "Feature", "properties": { "hex_id": "88a8a0742dfffff", "nome": "Camorim", "codbairro": "129", "codra": 24, "rp": "Barra da Tijuca", "cod_rp": "4.2", "area_plane": "4", "ideb_bairro": "Camorim" }, "geometry": { "type": "Polygon", "coordinates": [ [ [ -43.427538199128229, -22.993841449327668 ], [ -43.423367420719096, -22.990848822332172 ], [ -43.424278674897067, -22.986176094024568 ], [ -43.429360634121274, -22.984496028677238 ], [ -43.433531378293125, -22.987488723869081 ], [ -43.432620197489776, -22.992161416200361 ], [ -43.427538199128229, -22.993841449327668 ] ] ] } },
{ "type": "Feature", "properties": { "hex_id": "88a8a06351fffff", "nome": "Alto da Boa Vista", "codbairro": "034", "codra": 8, "rp": "Tijuca", "cod_rp": "2.2", "area_plane": "2", "ideb_bairro": "Alto da Boa Vista" }, "geometry": { "type": "Polygon", "coordinates": [ [ [ -43.282747417721303, -22.980437610479463 ], [ -43.278576938598079, -22.977440534891201 ], [ -43.279489345180913, -22.972767644910746 ], [ -43.284572158259643, -22.971091865063794 ], [ -43.288742605359523, -22.974089008509406 ], [ -43.287830271415793, -22.978761863933073 ], [ -43.282747417721303, -22.980437610479463 ] ] ] } },
{ "type": "Feature", "properties": { "hex_id": "88a8a0660bfffff", "nome": "Senador Camará", "codbairro": "142", "codra": 17, "rp": "Bangu", "cod_rp": "5.1", "area_plane": "5", "ideb_bairro": "Senador Camará" }, "geometry": { "type": "Polygon", "coordinates": [ [ [ -43.483675760412616, -22.900912313205041 ], [ -43.479505525993162, -22.897917827589236 ], [ -43.480416189252892, -22.893239876763737 ], [ -43.485497013307594, -22.891556448057347 ], [ -43.489667212642694, -22.894551001818787 ], [ -43.48875662301915, -22.899228916129466 ], [ -43.483675760412616, -22.900912313205041 ] ] ] } },
{ "type": "Feature", "properties": { "hex_id": "88a8a07481fffff", "nome": "Vargem Grande", "codbairro": "131", "codra": 24, "rp": "Barra da Tijuca", "cod_rp": "4.2", "area_plane": "4", "ideb_bairro": "Vargem Grande" }, "geometry": { "type": "Polygon", "coordinates": [ [ [ -43.497242910441571, -22.953288800597448 ], [ -43.49307231618765, -22.950296601136284 ], [ -43.493982943936935, -22.945621422560183 ], [ -43.499064092235102, -22.943938480088118 ], [ -43.503234651191718, -22.946930747823234 ], [ -43.502324097159182, -22.951605889744947 ], [ -43.497242910441571, -22.953288800597448 ] ] ] } },
{ "type": "Feature", "properties": { "hex_id": "88a8a074d5fffff", "nome": "Vargem Grande", "codbairro": "131", "codra": 24, "rp": "Barra da Tijuca", "cod_rp": "4.2", "area_plane": "4", "ideb_bairro": "Vargem Grande" }, "geometry": { "type": "Polygon", "coordinates": [ [ [ -43.509754838644525, -22.962264055070523 ], [ -43.505584171713998, -22.959272527609247 ], [ -43.506494710115582, -22.954597787404317 ], [ -43.511575841677541, -22.952914611427261 ], [ -43.515746473118753, -22.955906207206798 ], [ -43.514836008499024, -22.960580910633631 ], [ -43.509754838644525, -22.962264055070523 ] ] ] } },
{ "type": "Feature", "properties": { "hex_id": "88a8a0392bfffff", "nome": "Grumari", "codbairro": "133", "codra": 24, "rp": "Barra da Tijuca", "cod_rp": "4.2", "area_plane": "4", "ideb_bairro": "Grumari" }, "geometry": { "type": "Polygon", "coordinates": [ [ [ -43.530375773229551, -23.051589254379838 ], [ -43.526204496249889, -23.048601572667451 ], [ -43.527114994411626, -23.043931587625842 ], [ -43.532196695658179, -23.042249321273623 ], [ -43.536367936823645, -23.045237071513981 ], [ -43.535457512568428, -23.049907019567055 ], [ -43.530375773229551, -23.051589254379838 ] ] ] } },
{ "type": "Feature", "properties": { "hex_id": "88a8a02a0dfffff", "nome": "Guaratiba", "codbairro": "151", "codra": 26, "rp": "Guaratiba", "cod_rp": "5.4", "area_plane": "5", "ideb_bairro": "Guaratiba" }, "geometry": { "type": "Polygon", "coordinates": [ [ [ -43.620774531507422, -22.97792357565622 ], [ -43.616603658041065, -22.974935677090819 ], [ -43.617513307968181, -22.97026138421862 ], [ -43.622593757029541, -22.968575027768392 ], [ -43.626764593310469, -22.971562994927318 ], [ -43.625855017727119, -22.976237249931458 ], [ -43.620774531507422, -22.97792357565622 ] ] ] } },
{ "type": "Feature", "properties": { "hex_id": "88a8a07529fffff", "nome": "Barra da Tijuca", "codbairro": "128", "codra": 24, "rp": "Barra da Tijuca", "cod_rp": "4.2", "area_plane": "4", "ideb_bairro": "Barra da Tijuca" }, "geometry": { "type": "Polygon", "coordinates": [ [ [ -43.372020749553855, -22.985955782007142 ], [ -43.367850097790374, -22.982961346302492 ], [ -43.368761791228174, -22.978288404043187 ], [ -43.373844063348876, -22.976609932908662 ], [ -43.378014681724075, -22.979604436674062 ], [ -43.377103061378591, -22.984277343501713 ], [ -43.372020749553855, -22.985955782007142 ] ] ] } },
{ "type": "Feature", "properties": { "hex_id": "88a8a0644dfffff", "nome": "Padre Miguel", "codbairro": "140", "codra": 17, "rp": "Bangu", "cod_rp": "5.1", "area_plane": "5", "ideb_bairro": "Padre Miguel" }, "geometry": { "type": "Polygon", "coordinates": [ [ [ -43.446144534648724, -22.873953902298773 ], [ -43.441974521891517, -22.87095740726604 ], [ -43.442885452324411, -22.866278145597516 ], [ -43.447966322085506, -22.864595415092339 ], [ -43.452136300334288, -22.867591978136893 ], [ -43.451225443342118, -22.872271203663299 ], [ -43.446144534648724, -22.873953902298773 ] ] ] } },
{ "type": "Feature", "properties": { "hex_id": "88a8a039d3fffff", "nome": "Guaratiba", "codbairro": "151", "codra": 26, "rp": "Guaratiba", "cod_rp": "5.4", "area_plane": "5", "ideb_bairro": "Guaratiba" }, "geometry": { "type": "Polygon", "coordinates": [ [ [ -43.612587313443186, -23.019979386640603 ], [ -43.608416169488088, -23.016992808981168 ], [ -43.609325947255478, -23.012320817437612 ], [ -43.614406794677087, -23.010635441332418 ], [ -43.618577901566738, -23.013622087644361 ], [ -43.617668198111872, -23.018294041397496 ], [ -43.612587313443186, -23.019979386640603 ] ] ] } },
{ "type": "Feature", "properties": { "hex_id": "88a8a075d1fffff", "nome": "Vargem Grande", "codbairro": "131", "codra": 24, "rp": "Barra da Tijuca", "cod_rp": "4.2", "area_plane": "4", "ideb_bairro": "Vargem Grande" }, "geometry": { "type": "Polygon", "coordinates": [ [ [ -43.454242950689149, -22.954403660454176 ], [ -43.450072398780968, -22.951410322748924 ], [ -43.450983378888182, -22.946735363783862 ], [ -43.456064837415056, -22.945053778745343 ], [ -43.460235354682389, -22.948047184632077 ], [ -43.459324448075414, -22.95272210736433 ], [ -43.454242950689149, -22.954403660454176 ] ] ] } },
{ "type": "Feature", "properties": { "hex_id": "88a8a0294bfffff", "nome": "Campo Grande", "codbairro": "144", "codra": 18, "rp": "Campo Grande", "cod_rp": "5.2", "area_plane": "5", "ideb_bairro": "Campo Grande" }, "geometry": { "type": "Polygon", "coordinates": [ [ [ -43.548962697511207, -22.93177514372049 ], [ -43.544792191232972, -22.928783576520338 ], [ -43.545702364873414, -22.924107049890154 ], [ -43.550782970831676, -22.922422127608289 ], [ -43.554953441025575, -22.925413763156484 ], [ -43.554043341357222, -22.930090252626986 ], [ -43.548962697511207, -22.93177514372049 ] ] ] } },
{ "type": "Feature", "properties": { "hex_id": "88a8a06549fffff", "nome": "Vila Militar", "codbairro": "135", "codra": 33, "rp": "Bangu", "cod_rp": "5.1", "area_plane": "5", "ideb_bairro": "Vila Militar" }, "geometry": { "type": "Polygon", "coordinates": [ [ [ -43.390638199556705, -22.866061062653099 ], [ -43.386468310769622, -22.863062765477643 ], [ -43.387379680860107, -22.858383288871636 ], [ -43.392460866590682, -22.856702145024443 ], [ -43.396630721717763, -22.859700510075008 ], [ -43.395719424786002, -22.864379951086143 ], [ -43.390638199556705, -22.866061062653099 ] ] ] } },
{ "type": "Feature", "properties": { "hex_id": "88a8a06e0bfffff", "nome": "Irajá", "codbairro": "076", "codra": 14, "rp": "Madureira", "cod_rp": "3.3", "area_plane": "3", "ideb_bairro": "Irajá" }, "geometry": { "type": "Polygon", "coordinates": [ [ [ -43.331350320277821, -22.828745762311488 ], [ -43.327180762225858, -22.825744496577105 ], [ -43.32809255856867, -22.821063243943069 ], [ -43.333173840124786, -22.819383292036413 ], [ -43.3373433654262, -22.822384625444794 ], [ -43.3364316419338, -22.827065843074308 ], [ -43.331350320277821, -22.828745762311488 ] ] ] } },
{ "type": "Feature", "properties": { "hex_id": "88a8a02131fffff", "nome": "Sepetiba", "codbairro": "150", "codra": 19, "rp": "Santa Cruz", "cod_rp": "5.3", "area_plane": "5", "ideb_bairro": "Sepetiba" }, "geometry": { "type": "Polygon", "coordinates": [ [ [ -43.690987614190291, -22.958973430559595 ], [ -43.686816816029257, -22.955986772475875 ], [ -43.687725859190849, -22.951311214747378 ], [ -43.692805625833643, -22.949622353646987 ], [ -43.69697638574057, -22.952609080446365 ], [ -43.696067417270427, -22.957284599618976 ], [ -43.690987614190291, -22.958973430559595 ] ] ] } },
{ "type": "Feature", "properties": { "hex_id": "88a8a076cdfffff", "nome": "Recreio dos Bandeirantes", "codbairro": "132", "codra": 24, "rp": "Barra da Tijuca", "cod_rp": "4.2", "area_plane": "4", "ideb_bairro": "Recreio dos Bandeirantes" }, "geometry": { "type": "Polygon", "coordinates": [ [ [ -43.514601396984119, -23.034966753931322 ], [ -43.510430245966369, -23.031978026668789 ], [ -43.511340849296175, -23.027307198949426 ], [ -43.516422529832212, -23.02562513531392 ], [ -43.520593645278488, -23.028613931039388 ], [ -43.51968311577189, -23.033284721925909 ], [ -43.514601396984119, -23.034966753931322 ] ] ] } },
{ "type": "Feature", "properties": { "hex_id": "88a8a02185fffff", "nome": "Santa Cruz", "codbairro": "149", "codra": 19, "rp": "Santa Cruz", "cod_rp": "5.3", "area_plane": "5", "ideb_bairro": "Santa Cruz" }, "geometry": { "type": "Polygon", "coordinates": [ [ [ -43.724191837886053, -22.934808703524659 ], [ -43.720021179706428, -22.931822073679186 ], [ -43.720929913209297, -22.927145101826397 ], [ -43.726009230051403, -22.925454798688712 ], [ -43.730179849473608, -22.928441497279763 ], [ -43.729271190822757, -22.93311843025144 ], [ -43.724191837886053, -22.934808703524659 ] ] ] } },
{ "type": "Feature", "properties": { "hex_id": "88a8a02a47fffff", "nome": "Guaratiba", "codbairro": "151", "codra": 26, "rp": "Guaratiba", "cod_rp": "5.4", "area_plane": "5", "ideb_bairro": "Guaratiba" }, "geometry": { "type": "Polygon", "coordinates": [ [ [ -43.624035823935202, -22.985584993348279 ], [ -43.619864897436322, -22.982597466309144 ], [ -43.620774531507422, -22.97792357565622 ], [ -43.625855017727119, -22.976237249931458 ], [ -43.630025906989907, -22.979224845585513 ], [ -43.62911634728075, -22.983898698337935 ], [ -43.624035823935202, -22.985584993348279 ] ] ] } },
{ "type": "Feature", "properties": { "hex_id": "88a8a076e7fffff", "nome": "Vargem Grande", "codbairro": "131", "codra": 24, "rp": "Barra da Tijuca", "cod_rp": "4.2", "area_plane": "4", "ideb_bairro": "Vargem Grande" }, "geometry": { "type": "Polygon", "coordinates": [ [ [ -43.49556731455619, -23.010677788674677 ], [ -43.491396344200062, -23.007687646056038 ], [ -43.492307068163377, -23.003015573849311 ], [ -43.497388688772872, -23.001333680893953 ], [ -43.501559623850895, -23.004323891889147 ], [ -43.500648973609231, -23.008995927451632 ], [ -43.49556731455619, -23.010677788674677 ] ] ] } },
{ "type": "Feature", "properties": { "hex_id": "88a8a06645fffff", "nome": "Realengo", "codbairro": "139", "codra": 33, "rp": "Bangu", "cod_rp": "5.1", "area_plane": "5", "ideb_bairro": "Realengo" }, "geometry": { "type": "Polygon", "coordinates": [ [ [ -43.465700497258368, -22.919992281716954 ], [ -43.461530158130458, -22.916998000530988 ], [ -43.462440995410056, -22.912321143558071 ], [ -43.467522098279247, -22.910638604100335 ], [ -43.471692402595117, -22.913632953428394 ], [ -43.470781638865539, -22.918309774060585 ], [ -43.465700497258368, -22.919992281716954 ] ] ] } },
{ "type": "Feature", "properties": { "hex_id": "88a8a02a9bfffff", "nome": "Santa Cruz", "codbairro": "149", "codra": 19, "rp": "Santa Cruz", "cod_rp": "5.3", "area_plane": "5", "ideb_bairro": "Santa Cruz" }, "geometry": { "type": "Polygon", "coordinates": [ [ [ -43.699168218274984, -22.916885550453014 ], [ -43.694997692190199, -22.913897571318039 ], [ -43.695906607276591, -22.909219718864293 ], [ -43.700985973736898, -22.907529884168522 ], [ -43.705156461447935, -22.910517931959227 ], [ -43.704247621084043, -22.915195745778515 ], [ -43.699168218274984, -22.916885550453014 ] ] ] } },
{ "type": "Feature", "properties": { "hex_id": "88a8a06699fffff", "nome": "Campo Grande", "codbairro": "144", "codra": 18, "rp": "Campo Grande", "cod_rp": "5.2", "area_plane": "5", "ideb_bairro": "Campo Grande" }, "geometry": { "type": "Polygon", "coordinates": [ [ [ -43.540853218169097, -22.85131231099291 ], [ -43.53668324907715, -22.848317581168956 ], [ -43.537593373658311, -22.843636756401803 ], [ -43.542673393430583, -22.841950698518417 ], [ -43.546843326571086, -22.844945496520126 ], [ -43.545933275902449, -22.849626284215965 ], [ -43.540853218169097, -22.85131231099291 ] ] ] } },
{ "type": "Feature", "properties": { "hex_id": "88a8a06f5bfffff", "nome": "Brás de Pina", "codbairro": "045", "codra": 11, "rp": "Penha", "cod_rp": "3.5", "area_plane": "3", "ideb_bairro": "Brás de Pina" }, "geometry": { "type": "Polygon", "coordinates": [ [ [ -43.288352758303979, -22.82981549408694 ], [ -43.284183260725626, -22.826813099312581 ], [ -43.285095405423888, -22.822132072544829 ], [ -43.290176975079262, -22.820453475121298 ], [ -43.294346440563842, -22.823455937478471 ], [ -43.293434368498581, -22.828136929664822 ], [ -43.288352758303979, -22.82981549408694 ] ] ] } },
{ "type": "Feature", "properties": { "hex_id": "88a8a066edfffff", "nome": "Senador Camará", "codbairro": "142", "codra": 17, "rp": "Bangu", "cod_rp": "5.1", "area_plane": "5", "ideb_bairro": "Senador Camará" }, "geometry": { "type": "Polygon", "coordinates": [ [ [ -43.489139349264477, -22.872841657535108 ], [ -43.484969293286198, -22.869846297402784 ], [ -43.485879871638858, -22.865166816799686 ], [ -43.490960432324307, -22.863482732882328 ], [ -43.495130453137946, -22.866478161119037 ], [ -43.494219948442485, -22.871157605157222 ], [ -43.489139349264477, -22.872841657535108 ] ] ] } },
{ "type": "Feature", "properties": { "hex_id": "88a8a02b43fffff", "nome": "Guaratiba", "codbairro": "151", "codra": 26, "rp": "Guaratiba", "cod_rp": "5.4", "area_plane": "5", "ideb_bairro": "Guaratiba" }, "geometry": { "type": "Polygon", "coordinates": [ [ [ -43.568526148650456, -22.977767491098515 ], [ -43.56435532104323, -22.974778147612732 ], [ -43.565265400303645, -22.970104031463162 ], [ -43.570346233101745, -22.968419296143697 ], [ -43.574517024320819, -22.971408708106505 ], [ -43.573607019141619, -22.976082786900257 ], [ -43.568526148650456, -22.977767491098515 ] ] ] } },
{ "type": "Feature", "properties": { "hex_id": "88a8a06741fffff", "nome": "Taquara", "codbairro": "122", "codra": 16, "rp": "Jacarepaguá", "cod_rp": "4.1", "area_plane": "4", "ideb_bairro": "Taquara" }, "geometry": { "type": "Polygon", "coordinates": [ [ [ -43.410190787703598, -22.912111561537021 ], [ -43.406020569802841, -22.909115474553257 ], [ -43.406931847396102, -22.904438401447642 ], [ -43.412013269633746, -22.902757451108776 ], [ -43.416183453570987, -22.905753606098042 ], [ -43.415272249245838, -22.910430643409153 ], [ -43.410190787703598, -22.912111561537021 ] ] ] } },
{ "type": "Feature", "properties": { "hex_id": "88a8a029b9fffff", "nome": "Campo Grande", "codbairro": "144", "codra": 18, "rp": "Campo Grande", "cod_rp": "5.2", "area_plane": "5", "ideb_bairro": "Campo Grande" }, "geometry": { "type": "Polygon", "coordinates": [ [ [ -43.58384274580537, -22.850174806855009 ], [ -43.579672743853564, -22.847181213498541 ], [ -43.58058251418133, -22.842500174607313 ], [ -43.585662212344211, -22.840812766555693 ], [ -43.589832177688869, -22.843806428183374 ], [ -43.588922481489462, -22.848487429579976 ], [ -43.58384274580537, -22.850174806855009 ] ] ] } },
{ "type": "Feature", "properties": { "hex_id": "88a8a078c5fffff", "nome": "Copacabana", "codbairro": "024", "codra": 5, "rp": "Zona Sul", "cod_rp": "2.1", "area_plane": "2", "ideb_bairro": "Copacabana" }, "geometry": { "type": "Polygon", "coordinates": [ [ [ -43.187473167855146, -22.981213894146993 ], [ -43.1833028510787, -22.978214252356533 ], [ -43.18421602358351, -22.973541791044767 ], [ -43.189299440720809, -22.971869005136579 ], [ -43.193469726930616, -22.974868714581728 ], [ -43.192556626581556, -22.979541142268811 ], [ -43.187473167855146, -22.981213894146993 ] ] ] } },
{ "type": "Feature", "properties": { "hex_id": "88a8a06023fffff", "nome": "Méier", "codbairro": "063", "codra": 13, "rp": "Méier", "cod_rp": "3.2", "area_plane": "3", "ideb_bairro": "Méier" }, "geometry": { "type": "Polygon", "coordinates": [ [ [ -43.2871793068215, -22.908997441070134 ], [ -43.283009290620122, -22.905997886481948 ], [ -43.283921558648117, -22.901321122943319 ], [ -43.289003770244101, -22.899643948567629 ], [ -43.293173754361618, -22.902643570888142 ], [ -43.292261558978794, -22.907320299840471 ], [ -43.2871793068215, -22.908997441070134 ] ] ] } },
{ "type": "Feature", "properties": { "hex_id": "88a8a060cbfffff", "nome": "Praça Seca", "codbairro": "124", "codra": 16, "rp": "Jacarepaguá", "cod_rp": "4.1", "area_plane": "4", "ideb_bairro": "Praça Seca" }, "geometry": { "type": "Polygon", "coordinates": [ [ [ -43.354679938832966, -22.904210474934423 ], [ -43.350509849994019, -22.901212584990088 ], [ -43.351421566207996, -22.896535299029832 ], [ -43.356503298286867, -22.894855938250462 ], [ -43.360673354011041, -22.897853896064284 ], [ -43.359761710782841, -22.902531146776457 ], [ -43.354679938832966, -22.904210474934423 ] ] ] } },
{ "type": "Feature", "properties": { "hex_id": "88a8a06e25fffff", "nome": "Parada de Lucas", "codbairro": "047", "codra": 31, "rp": "Penha", "cod_rp": "3.5", "area_plane": "3", "ideb_bairro": "Parada de Lucas" }, "geometry": { "type": "Polygon", "coordinates": [ [ [ -43.291089062352512, -22.8157720833828 ], [ -43.286919652596865, -22.812769254508634 ], [ -43.287831755071302, -22.808087463330736 ], [ -43.292913194669502, -22.806408535620793 ], [ -43.297082572290989, -22.809411432056429 ], [ -43.296170542460189, -22.814093188629002 ], [ -43.291089062352512, -22.8157720833828 ] ] ] } },
{ "type": "Feature", "properties": { "hex_id": "88a8a061c7fffff", "nome": "Del Castilho", "codbairro": "053", "codra": 12, "rp": "Inhaúma", "cod_rp": "3.4", "area_plane": "3", "ideb_bairro": "Del Castilho" }, "geometry": { "type": "Polygon", "coordinates": [ [ [ -43.277406275302958, -22.885966182583093 ], [ -43.273236426587381, -22.882965525881783 ], [ -43.274148740168641, -22.878287560821299 ], [ -43.279230829886863, -22.876610286936206 ], [ -43.283400646670259, -22.87961101130481 ], [ -43.282488405679388, -22.884288941879678 ], [ -43.277406275302958, -22.885966182583093 ] ] ] } },
{ "type": "Feature", "properties": { "hex_id": "88a8a0621bfffff", "nome": "Jacarepaguá", "codbairro": "115", "codra": 16, "rp": "Jacarepaguá", "cod_rp": "4.1", "area_plane": "4", "ideb_bairro": "Jacarepaguá" }, "geometry": { "type": "Polygon", "coordinates": [ [ [ -43.356250078362756, -22.969303319131395 ], [ -43.35207955887951, -22.96630784414749 ], [ -43.352991356042708, -22.961634063080471 ], [ -43.358073599692197, -22.959955792260377 ], [ -43.362244086029882, -22.962951335239758 ], [ -43.361332361875391, -22.967625081032221 ], [ -43.356250078362756, -22.969303319131395 ] ] ] } },
{ "type": "Feature", "properties": { "hex_id": "88a8a06addfffff", "nome": "Caju", "codbairro": "004", "codra": 1, "rp": "Centro", "cod_rp": "1.1", "area_plane": "1", "ideb_bairro": "Caju" }, "geometry": { "type": "Polygon", "coordinates": [ [ [ -43.231145899268789, -22.879342132460021 ], [ -43.226976173174101, -22.876339979165611 ], [ -43.22788884899915, -22.871661843044546 ], [ -43.232971178576364, -22.86998589423613 ], [ -43.237140873446585, -22.872988115085555 ], [ -43.236228269975825, -22.877666217176849 ], [ -43.231145899268789, -22.879342132460021 ] ] ] } },
{ "type": "Feature", "properties": { "hex_id": "88a8a062c3fffff", "nome": "Taquara", "codbairro": "122", "codra": 16, "rp": "Jacarepaguá", "cod_rp": "4.1", "area_plane": "4", "ideb_bairro": "Taquara" }, "geometry": { "type": "Polygon", "coordinates": [ [ [ -43.374231655479299, -22.950245373939211 ], [ -43.370061235705499, -22.947249694965468 ], [ -43.370972859835, -22.942574815329177 ], [ -43.376054830654788, -22.940895650102789 ], [ -43.380225217010278, -22.943891397075436 ], [ -43.379313665976035, -22.948566241264043 ], [ -43.374231655479299, -22.950245373939211 ] ] ] } },
{ "type": "Feature", "properties": { "hex_id": "88a8a06317fffff", "nome": "Alto da Boa Vista", "codbairro": "034", "codra": 8, "rp": "Tijuca", "cod_rp": "2.2", "area_plane": "2", "ideb_bairro": "Alto da Boa Vista" }, "geometry": { "type": "Polygon", "coordinates": [ [ [ -43.278968524519492, -22.951075497765196 ], [ -43.274798244901163, -22.948077249788987 ], [ -43.275710639620904, -22.943402788496631 ], [ -43.280793241357522, -22.941726609683062 ], [ -43.284963489013236, -22.944724925453443 ], [ -43.284051166906714, -22.949399352231687 ], [ -43.278968524519492, -22.951075497765196 ] ] ] } },
{ "type": "Feature", "properties": { "hex_id": "88a8a07447fffff", "nome": "Recreio dos Bandeirantes", "codbairro": "132", "codra": 24, "rp": "Barra da Tijuca", "cod_rp": "4.2", "area_plane": "4", "ideb_bairro": "Recreio dos Bandeirantes" }, "geometry": { "type": "Polygon", "coordinates": [ [ [ -43.452563393287676, -23.011792508275846 ], [ -43.448392465468544, -23.008801225225248 ], [ -43.449303541814658, -23.0041293734654 ], [ -43.454385472486514, -23.002448840968146 ], [ -43.458556365684153, -23.005440192302967 ], [ -43.457645362843131, -23.010112007839293 ], [ -43.452563393287676, -23.011792508275846 ] ] ] } },
{ "type": "Feature", "properties": { "hex_id": "88a8a0636bfffff", "nome": "Alto da Boa Vista", "codbairro": "034", "codra": 8, "rp": "Tijuca", "cod_rp": "2.2", "area_plane": "2", "ideb_bairro": "Alto da Boa Vista" }, "geometry": { "type": "Polygon", "coordinates": [ [ [ -43.248991502681847, -22.982818366357421 ], [ -43.2448210646156, -22.979820457337404 ], [ -43.245733746163097, -22.975147831616205 ], [ -43.250816793320126, -22.973473149130385 ], [ -43.254987199878855, -22.976471125939653 ], [ -43.254074590799839, -22.981143717433941 ], [ -43.248991502681847, -22.982818366357421 ] ] ] } },
{ "type": "Feature", "properties": { "hex_id": "88a8a07693fffff", "nome": "Guaratiba", "codbairro": "151", "codra": 26, "rp": "Guaratiba", "cod_rp": "5.4", "area_plane": "5", "ideb_bairro": "Guaratiba" }, "geometry": { "type": "Polygon", "coordinates": [ [ [ -43.547291921930608, -22.989177712851372 ], [ -43.543121039345749, -22.986188203799138 ], [ -43.544031309163785, -22.981514780311301 ], [ -43.549112387601262, -22.979830903012861 ], [ -43.553283234120755, -22.982820480516153 ], [ -43.552373038279804, -22.987493866855321 ], [ -43.547291921930608, -22.989177712851372 ] ] ] } },
{ "type": "Feature", "properties": { "hex_id": "88a8a0749bfffff", "nome": "Campo Grande", "codbairro": "144", "codra": 18, "rp": "Campo Grande", "cod_rp": "5.2", "area_plane": "5", "ideb_bairro": "Campo Grande" }, "geometry": { "type": "Polygon", "coordinates": [ [ [ -43.527729286319619, -22.943188527057444 ], [ -43.523558726129288, -22.940196794637234 ], [ -43.524469090081062, -22.935520959926698 ], [ -43.529549940366977, -22.933836894577269 ], [ -43.533720464795763, -22.936828695319864 ], [ -43.532810174711884, -22.941504493077996 ], [ -43.527729286319619, -22.943188527057444 ] ] ] } },
{ "type": "Feature", "properties": { "hex_id": "88a8a02815fffff", "nome": "Cosmos", "codbairro": "147", "codra": 18, "rp": "Campo Grande", "cod_rp": "5.2", "area_plane": "5", "ideb_bairro": "Cosmos" }, "geometry": { "type": "Polygon", "coordinates": [ [ [ -43.615916688926276, -22.90517919728973 ], [ -43.611746298172079, -22.902188496117876 ], [ -43.612655883660793, -22.897510300049856 ], [ -43.617735785613071, -22.895822842957418 ], [ -43.621906139264489, -22.898813612576358 ], [ -43.620996628078068, -22.903491770829163 ], [ -43.615916688926276, -22.90517919728973 ] ] ] } },
{ "type": "Feature", "properties": { "hex_id": "88a8a07543fffff", "nome": "Barra da Tijuca", "codbairro": "128", "codra": 24, "rp": "Barra da Tijuca", "cod_rp": "4.2", "area_plane": "4", "ideb_bairro": "Barra da Tijuca" }, "geometry": { "type": "Polygon", "coordinates": [ [ [ -43.397045196184543, -23.003917700754769 ], [ -43.392874391483815, -23.000924606840176 ], [ -43.393785907873124, -22.996252539643997 ], [ -43.398868155751963, -22.994573602030155 ], [ -43.403038926680161, -22.997566764093218 ], [ -43.402127483513787, -23.002238795610129 ], [ -43.397045196184543, -23.003917700754769 ] ] ] } },
{ "type": "Feature", "properties": { "hex_id": "88a8a06563fffff", "nome": "Guadalupe", "codbairro": "106", "codra": 22, "rp": "Pavuna", "cod_rp": "3.6", "area_plane": "3", "ideb_bairro": "Guadalupe" }, "geometry": { "type": "Polygon", "coordinates": [ [ [ -43.371611972420872, -22.841706980661719 ], [ -43.367442270187588, -22.838707280283678 ], [ -43.368353759492244, -22.834026568036844 ], [ -43.373434877984934, -22.832345591559935 ], [ -43.377604546851366, -22.835345359724752 ], [ -43.376693130603691, -22.840026036568183 ], [ -43.371611972420872, -22.841706980661719 ] ] ] } },
{ "type": "Feature", "properties": { "hex_id": "88a8a02869fffff", "nome": "Campo Grande", "codbairro": "144", "codra": 18, "rp": "Campo Grande", "cod_rp": "5.2", "area_plane": "5", "ideb_bairro": "Campo Grande" }, "geometry": { "type": "Polygon", "coordinates": [ [ [ -43.585967129838586, -22.936997239413891 ], [ -43.581796554929916, -22.934006880456259 ], [ -43.582706432401075, -22.929330503010579 ], [ -43.587786810633247, -22.927644522034548 ], [ -43.591957348892322, -22.930634949432168 ], [ -43.591047545580494, -22.935311289354335 ], [ -43.585967129838586, -22.936997239413891 ] ] ] } },
{ "type": "Feature", "properties": { "hex_id": "88a8a06467fffff", "nome": "Parque Anchieta", "codbairro": "108", "codra": 22, "rp": "Pavuna", "cod_rp": "3.6", "area_plane": "3", "ideb_bairro": "Parque Anchieta" }, "geometry": { "type": "Polygon", "coordinates": [ [ [ -43.427116803494783, -22.849609255338141 ], [ -43.422946974614931, -22.84661135479649 ], [ -43.423858024872189, -22.84193085633953 ], [ -43.428938830681894, -22.840248294363846 ], [ -43.433108625346456, -22.843246262828941 ], [ -43.432197648428321, -22.847926725334759 ], [ -43.427116803494783, -22.849609255338141 ] ] ] } },
{ "type": "Feature", "properties": { "hex_id": "88a8a03999fffff", "nome": "Guaratiba", "codbairro": "151", "codra": 26, "rp": "Guaratiba", "cod_rp": "5.4", "area_plane": "5", "ideb_bairro": "Guaratiba" }, "geometry": { "type": "Polygon", "coordinates": [ [ [ -43.609325947255478, -23.012320817437612 ], [ -43.605154856433451, -23.009333867945053 ], [ -43.606064650036167, -23.004661473727555 ], [ -43.611145460178214, -23.002976066749127 ], [ -43.615316513985455, -23.005963084872928 ], [ -43.614406794677087, -23.010635441332418 ], [ -43.609325947255478, -23.012320817437612 ] ] ] } },
{ "type": "Feature", "properties": { "hex_id": "88a8a02965fffff", "nome": "Campo Grande", "codbairro": "144", "codra": 18, "rp": "Campo Grande", "cod_rp": "5.2", "area_plane": "5", "ideb_bairro": "Campo Grande" }, "geometry": { "type": "Polygon", "coordinates": [ [ [ -43.508697677985928, -22.918874531976005 ], [ -43.504527297770188, -22.915881387991082 ], [ -43.505437782463872, -22.911204312405296 ], [ -43.510518573618569, -22.909520417555797 ], [ -43.514688918366005, -22.912513629775461 ], [ -43.51377850743873, -22.91719066859838 ], [ -43.508697677985928, -22.918874531976005 ] ] ] } },
{ "type": "Feature", "properties": { "hex_id": "88a8a07597fffff", "nome": "Jacarepaguá", "codbairro": "115", "codra": 16, "rp": "Jacarepaguá", "cod_rp": "4.1", "area_plane": "4", "ideb_bairro": "Jacarepaguá" }, "geometry": { "type": "Polygon", "coordinates": [ [ [ -43.450456779082472, -22.925038681316593 ], [ -43.446286425035161, -22.922044167085996 ], [ -43.447197393761115, -22.917367638811822 ], [ -43.452278643071772, -22.915685660948434 ], [ -43.456448962539234, -22.918680243297135 ], [ -43.455538067287605, -22.923356735379585 ], [ -43.450456779082472, -22.925038681316593 ] ] ] } },
{ "type": "Feature", "properties": { "hex_id": "88a8a039edfffff", "nome": "Barra de Guaratiba", "codbairro": "152", "codra": 26, "rp": "Guaratiba", "cod_rp": "5.4", "area_plane": "5", "ideb_bairro": "Barra de Guaratiba" }, "geometry": { "type": "Polygon", "coordinates": [ [ [ -43.557604450241783, -23.033835173150607 ], [ -43.553433263473032, -23.030847588812442 ], [ -43.55434351295299, -23.026176543275806 ], [ -43.559424875173953, -23.024493119319146 ], [ -43.563596025714816, -23.027480772213096 ], [ -43.562685850274278, -23.032151780496413 ], [ -43.557604450241783, -23.033835173150607 ] ] ] } },
{ "type": "Feature", "properties": { "hex_id": "88a8a075ebfffff", "nome": "Jacarepaguá", "codbairro": "115", "codra": 16, "rp": "Jacarepaguá", "cod_rp": "4.1", "area_plane": "4", "ideb_bairro": "Jacarepaguá" }, "geometry": { "type": "Polygon", "coordinates": [ [ [ -43.420493607399109, -22.956820936040408 ], [ -43.41632308181498, -22.95382676238242 ], [ -43.417234339997677, -22.949152060893642 ], [ -43.422316050445744, -22.947471568953564 ], [ -43.426486541904183, -22.95046581072366 ], [ -43.425575357051962, -22.955140476310213 ], [ -43.420493607399109, -22.956820936040408 ] ] ] } },
{ "type": "Feature", "properties": { "hex_id": "88a8a02911fffff", "nome": "Campo Grande", "codbairro": "144", "codra": 18, "rp": "Campo Grande", "cod_rp": "5.2", "area_plane": "5", "ideb_bairro": "Campo Grande" }, "geometry": { "type": "Polygon", "coordinates": [ [ [ -43.56041374125185, -22.897349468566699 ], [ -43.556243450509974, -22.894356956188084 ], [ -43.557153480830394, -22.889678535141201 ], [ -43.562233727882735, -22.887992663730202 ], [ -43.566403982369472, -22.890985244417511 ], [ -43.565494026070681, -22.895663628195621 ], [ -43.56041374125185, -22.897349468566699 ] ] ] } },
{ "type": "Feature", "properties": { "hex_id": "88a8a020a3fffff", "nome": "Santa Cruz", "codbairro": "149", "codra": 19, "rp": "Santa Cruz", "cod_rp": "5.3", "area_plane": "5", "ideb_bairro": "Santa Cruz" }, "geometry": { "type": "Polygon", "coordinates": [ [ [ -43.782415964773612, -22.928545974713305 ], [ -43.778245320983181, -22.925560723845063 ], [ -43.779153561889487, -22.920883222376876 ], [ -43.784232371456142, -22.91919101121869 ], [ -43.788402975602516, -22.922176330952588 ], [ -43.787494809837895, -22.92685379296756 ], [ -43.782415964773612, -22.928545974713305 ] ] ] } },
{ "type": "Feature", "properties": { "hex_id": "88a8a06f27fffff", "nome": "Galeão", "codbairro": "104", "codra": 20, "rp": "Ilha do Governador", "cod_rp": "3.7", "area_plane": "3", "ideb_bairro": "Galeão" }, "geometry": { "type": "Polygon", "coordinates": [ [ [ -43.232326338136943, -22.800131828715362 ], [ -43.228157130425288, -22.797126842144497 ], [ -43.229069682855595, -22.792444446130986 ], [ -43.234151370667092, -22.790767070699673 ], [ -43.238320547144049, -22.793772124674554 ], [ -43.237408067055966, -22.7984544866652 ], [ -43.232326338136943, -22.800131828715362 ] ] ] } },
{ "type": "Feature", "properties": { "hex_id": "88a8a3d24dfffff", "nome": "Freguesia (Ilha)", "codbairro": "098", "codra": 20, "rp": "Ilha do Governador", "cod_rp": "3.7", "area_plane": "3", "ideb_bairro": "Freguesia (Ilha do Governador)" }, "geometry": { "type": "Polygon", "coordinates": [ [ [ -43.16431303829949, -22.783134950381886 ], [ -43.160144067923447, -22.780127512684011 ], [ -43.161057140376172, -22.775444482299971 ], [ -43.166139111223671, -22.773768922950573 ], [ -43.170308051406174, -22.776776427873084 ], [ -43.169395050946498, -22.781459424908828 ], [ -43.16431303829949, -22.783134950381886 ] ] ] } },
{ "type": "Feature", "properties": { "hex_id": "88a8a06f63fffff", "nome": "Galeão", "codbairro": "104", "codra": 20, "rp": "Ilha do Governador", "cod_rp": "3.7", "area_plane": "3", "ideb_bairro": "Galeão" }, "geometry": { "type": "Polygon", "coordinates": [ [ [ -43.242096731678878, -22.823189386119207 ], [ -43.23792735541182, -22.820185497251451 ], [ -43.238839862567289, -22.815504298947225 ], [ -43.243921673604568, -22.813827023623745 ], [ -43.248091018485326, -22.816830979961537 ], [ -43.247178583726885, -22.821512144141238 ], [ -43.242096731678878, -22.823189386119207 ] ] ] } },
{ "type": "Feature", "properties": { "hex_id": "88a8a0688dfffff", "nome": "Jardim Carioca", "codbairro": "100", "codra": 20, "rp": "Ilha do Governador", "cod_rp": "3.7", "area_plane": "3", "ideb_bairro": "Jardim Carioca" }, "geometry": { "type": "Polygon", "coordinates": [ [ [ -43.186588750023553, -22.815219472351068 ], [ -43.182419526508625, -22.812213793219268 ], [ -43.183332467054129, -22.807532392087094 ], [ -43.188414559012863, -22.805856703651322 ], [ -43.192583751990668, -22.808862450118397 ], [ -43.191670883558658, -22.813543817674425 ], [ -43.186588750023553, -22.815219472351068 ] ] ] } },
{ "type": "Feature", "properties": { "hex_id": "88a8a068abfffff", "nome": "Tauá", "codbairro": "101", "codra": 20, "rp": "Ilha do Governador", "cod_rp": "3.7", "area_plane": "3", "ideb_bairro": "Tauá" }, "geometry": { "type": "Polygon", "coordinates": [ [ [ -43.180076255689023, -22.799844547269078 ], [ -43.175907145430727, -22.796838137445437 ], [ -43.176820115946867, -22.792155938135163 ], [ -43.181902124656176, -22.790480182145043 ], [ -43.186071204478367, -22.793486659259916 ], [ -43.185158306039156, -22.798168825062145 ], [ -43.180076255689023, -22.799844547269078 ] ] ] } },
{ "type": "Feature", "properties": { "hex_id": "88a8a06f01fffff", "nome": "Galeão", "codbairro": "104", "codra": 20, "rp": "Ilha do Governador", "cod_rp": "3.7", "area_plane": "3", "ideb_bairro": "Galeão" }, "geometry": { "type": "Polygon", "coordinates": [ [ [ -43.257342151212264, -22.818157097897323 ], [ -43.253172781775682, -22.815153440195502 ], [ -43.254085159224793, -22.810471910814666 ], [ -43.259166833649076, -22.808794073397625 ], [ -43.263336171466889, -22.81179779859259 ], [ -43.262423866490956, -22.816479293699935 ], [ -43.257342151212264, -22.818157097897323 ] ] ] } },
{ "type": "Feature", "properties": { "hex_id": "88a8a06f3dfffff", "nome": "Galeão", "codbairro": "104", "codra": 20, "rp": "Ilha do Governador", "cod_rp": "3.7", "area_plane": "3", "ideb_bairro": "Galeão" }, "geometry": { "type": "Polygon", "coordinates": [ [ [ -43.250828238398569, -22.80278595832122 ], [ -43.24665898105367, -22.799781568530982 ], [ -43.247571388752313, -22.795099240654647 ], [ -43.252652981370943, -22.793421336762819 ], [ -43.256822207198141, -22.796425794002154 ], [ -43.255909871936169, -22.801108087672691 ], [ -43.250828238398569, -22.80278595832122 ] ] ] } },
{ "type": "Feature", "properties": { "hex_id": "88a8a0699bfffff", "nome": "Freguesia (Ilha)", "codbairro": "098", "codra": 20, "rp": "Ilha do Governador", "cod_rp": "3.7", "area_plane": "3", "ideb_bairro": "Freguesia (Ilha do Governador)" }, "geometry": { "type": "Polygon", "coordinates": [ [ [ -43.158317880942363, -22.789492809210678 ], [ -43.154148880463822, -22.786485438737159 ], [ -43.155062009930475, -22.781802773834123 ], [ -43.160144067923447, -22.780127512684011 ], [ -43.16431303829949, -22.783134950381886 ], [ -43.163399980796854, -22.787817581993973 ], [ -43.158317880942363, -22.789492809210678 ] ] ] } },
{ "type": "Feature", "properties": { "hex_id": "88a8a06885fffff", "nome": "Tauá", "codbairro": "101", "codra": 20, "rp": "Ilha do Governador", "cod_rp": "3.7", "area_plane": "3", "ideb_bairro": "Tauá" }, "geometry": { "type": "Polygon", "coordinates": [ [ [ -43.183332467054129, -22.807532392087094 ], [ -43.179163300154791, -22.804526347546847 ], [ -43.180076255689023, -22.799844547269078 ], [ -43.185158306039156, -22.798168825062145 ], [ -43.189327442451876, -22.801174936915672 ], [ -43.188414559012863, -22.805856703651322 ], [ -43.183332467054129, -22.807532392087094 ] ] ] } },
{ "type": "Feature", "properties": { "hex_id": "88a8a068a3fffff", "nome": "Freguesia (Ilha)", "codbairro": "098", "codra": 20, "rp": "Ilha do Governador", "cod_rp": "3.7", "area_plane": "3", "ideb_bairro": "Freguesia (Ilha do Governador)" }, "geometry": { "type": "Polygon", "coordinates": [ [ [ -43.176820115946867, -22.792155938135163 ], [ -43.172651062355072, -22.789149163153301 ], [ -43.173564047846362, -22.784466564923676 ], [ -43.178646014882624, -22.782790775138341 ], [ -43.182815038088833, -22.785797617389381 ], [ -43.181902124656176, -22.790480182145043 ], [ -43.176820115946867, -22.792155938135163 ] ] ] } },
{ "type": "Feature", "properties": { "hex_id": "88a8a0689bfffff", "nome": "Galeão", "codbairro": "104", "codra": 20, "rp": "Ilha do Governador", "cod_rp": "3.7", "area_plane": "3", "ideb_bairro": "Galeão" }, "geometry": { "type": "Polygon", "coordinates": [ [ [ -43.223075354212661, -22.798803919878772 ], [ -43.218906171643887, -22.795798635038118 ], [ -43.219818796369168, -22.791116205093214 ], [ -43.224900531380023, -22.789439093908815 ], [ -43.229069682855595, -22.792444446130986 ], [ -43.228157130425288, -22.797126842144497 ], [ -43.223075354212661, -22.798803919878772 ] ] ] } },
{ "type": "Feature", "properties": { "hex_id": "88a8a068d7fffff", "nome": "Jardim Guanabara", "codbairro": "099", "codra": 20, "rp": "Ilha do Governador", "cod_rp": "3.7", "area_plane": "3", "ideb_bairro": "Jardim Guanabara" }, "geometry": { "type": "Polygon", "coordinates": [ [ [ -43.211086260489445, -22.811520878124078 ], [ -43.206917016007246, -22.80851572804508 ], [ -43.20782975511397, -22.803834028667964 ], [ -43.212911666477645, -22.802157513174723 ], [ -43.217080880048627, -22.805162730634322 ], [ -43.216168213178939, -22.809844396195022 ], [ -43.211086260489445, -22.811520878124078 ] ] ] } },
{ "type": "Feature", "properties": { "hex_id": "88a8a06f2dfffff", "nome": "Galeão", "codbairro": "104", "codra": 20, "rp": "Ilha do Governador", "cod_rp": "3.7", "area_plane": "3", "ideb_bairro": "Galeão" }, "geometry": { "type": "Polygon", "coordinates": [ [ [ -43.229588683940442, -22.814177054923398 ], [ -43.225419388823916, -22.811172501554331 ], [ -43.22633198340931, -22.806490869901474 ], [ -43.231413800791472, -22.804813825605414 ], [ -43.235583064713744, -22.807818446400052 ], [ -43.234670542459895, -22.812500044053653 ], [ -43.229588683940442, -22.814177054923398 ] ] ] } },
{ "type": "Feature", "properties": { "hex_id": "88a8a06f69fffff", "nome": "Galeão", "codbairro": "104", "codra": 20, "rp": "Ilha do Governador", "cod_rp": "3.7", "area_plane": "3", "ideb_bairro": "Galeão" }, "geometry": { "type": "Polygon", "coordinates": [ [ [ -43.239359213353659, -22.837231017607902 ], [ -43.235189749606583, -22.834227562382104 ], [ -43.236102298931321, -22.829547129014109 ], [ -43.241184239628559, -22.827870184961252 ], [ -43.245353672029786, -22.830873707678489 ], [ -43.244441195091397, -22.835554106945615 ], [ -43.239359213353659, -22.837231017607902 ] ] ] } },
{ "type": "Feature", "properties": { "hex_id": "88a8a06893fffff", "nome": "Galeão", "codbairro": "104", "codra": 20, "rp": "Ilha do Governador", "cod_rp": "3.7", "area_plane": "3", "ideb_bairro": "Galeão" }, "geometry": { "type": "Polygon", "coordinates": [ [ [ -43.219818796369168, -22.791116205093214 ], [ -43.215649670112491, -22.788110554704183 ], [ -43.216562309897554, -22.783427725782872 ], [ -43.221644003674385, -22.781750581136478 ], [ -43.225813098888381, -22.784756298884929 ], [ -43.224900531380023, -22.789439093908815 ], [ -43.219818796369168, -22.791116205093214 ] ] ] } },
{ "type": "Feature", "properties": { "hex_id": "88a8a068edfffff", "nome": "Ribeira", "codbairro": "091", "codra": 20, "rp": "Ilha do Governador", "cod_rp": "3.7", "area_plane": "3", "ideb_bairro": "Ribeira" }, "geometry": { "type": "Polygon", "coordinates": [ [ [ -43.165346673341396, -22.826600772802774 ], [ -43.161177415528478, -22.823594930199882 ], [ -43.162090542242652, -22.818914227313613 ], [ -43.167172854773405, -22.817239400388715 ], [ -43.171342082372846, -22.820245310303655 ], [ -43.17042902766682, -22.824925979819906 ], [ -43.165346673341396, -22.826600772802774 ] ] ] } },
{ "type": "Feature", "properties": { "hex_id": "88a8a06f07fffff", "nome": "Galeão", "codbairro": "104", "codra": 20, "rp": "Ilha do Governador", "cod_rp": "3.7", "area_plane": "3", "ideb_bairro": "Galeão" }, "geometry": { "type": "Polygon", "coordinates": [ [ [ -43.254085159224793, -22.810471910814666 ], [ -43.249915845821299, -22.807467887006265 ], [ -43.250828238398569, -22.80278595832122 ], [ -43.255909871936169, -22.801108087672691 ], [ -43.260079153771414, -22.804112178952227 ], [ -43.259166833649076, -22.808794073397625 ], [ -43.254085159224793, -22.810471910814666 ] ] ] } },
{ "type": "Feature", "properties": { "hex_id": "88a8a06f25fffff", "nome": "Galeão", "codbairro": "104", "codra": 20, "rp": "Ilha do Governador", "cod_rp": "3.7", "area_plane": "3", "ideb_bairro": "Galeão" }, "geometry": { "type": "Polygon", "coordinates": [ [ [ -43.22633198340931, -22.806490869901474 ], [ -43.222162744553927, -22.80348595073416 ], [ -43.223075354212661, -22.798803919878772 ], [ -43.228157130425288, -22.797126842144497 ], [ -43.232326338136943, -22.800131828715362 ], [ -43.231413800791472, -22.804813825605414 ], [ -43.22633198340931, -22.806490869901474 ] ] ] } },
{ "type": "Feature", "properties": { "hex_id": "88a8a06f61fffff", "nome": "Galeão", "codbairro": "104", "codra": 20, "rp": "Ilha do Governador", "cod_rp": "3.7", "area_plane": "3", "ideb_bairro": "Galeão" }, "geometry": { "type": "Polygon", "coordinates": [ [ [ -43.236102298931321, -22.829547129014109 ], [ -43.231932891368949, -22.826543307615882 ], [ -43.232845455787348, -22.821862474706812 ], [ -43.23792735541182, -22.820185497251451 ], [ -43.242096731678878, -22.823189386119207 ], [ -43.241184239628559, -22.827870184961252 ], [ -43.236102298931321, -22.829547129014109 ] ] ] } },
{ "type": "Feature", "properties": { "hex_id": "88a8a0688bfffff", "nome": "Jardim Guanabara", "codbairro": "099", "codra": 20, "rp": "Ilha do Governador", "cod_rp": "3.7", "area_plane": "3", "ideb_bairro": "Jardim Guanabara" }, "geometry": { "type": "Polygon", "coordinates": [ [ [ -43.201835016629879, -22.810191945487279 ], [ -43.197665797791117, -22.807186497173973 ], [ -43.198578609087626, -22.80250476407187 ], [ -43.203660567044899, -22.800828512996524 ], [ -43.20782975511397, -22.803834028667964 ], [ -43.206917016007246, -22.80851572804508 ], [ -43.201835016629879, -22.810191945487279 ] ] ] } },
{ "type": "Feature", "properties": { "hex_id": "88a8a068c7fffff", "nome": "Jardim Guanabara", "codbairro": "099", "codra": 20, "rp": "Ilha do Governador", "cod_rp": "3.7", "area_plane": "3", "ideb_bairro": "Jardim Guanabara" }, "geometry": { "type": "Polygon", "coordinates": [ [ [ -43.189845104578588, -22.822905787823014 ], [ -43.18567582447352, -22.81990047422466 ], [ -43.186588750023553, -22.815219472351068 ], [ -43.191670883558658, -22.813543817674425 ], [ -43.195840133076082, -22.816549198630032 ], [ -43.194927279657833, -22.821230166893471 ], [ -43.189845104578588, -22.822905787823014 ] ] ] } },
{ "type": "Feature", "properties": { "hex_id": "88a8a06883fffff", "nome": "Moneró", "codbairro": "102", "codra": 20, "rp": "Ilha do Governador", "cod_rp": "3.7", "area_plane": "3", "ideb_bairro": "Moneró" }, "geometry": { "type": "Polygon", "coordinates": [ [ [ -43.198578609087626, -22.80250476407187 ], [ -43.194409446737971, -22.799498950269101 ], [ -43.195322273052973, -22.794816818066394 ], [ -43.200404189557929, -22.793140533345905 ], [ -43.204573321188413, -22.796146414484799 ], [ -43.203660567044899, -22.800828512996524 ], [ -43.198578609087626, -22.80250476407187 ] ] ] } },
{ "type": "Feature", "properties": { "hex_id": "88a8a068a1fffff", "nome": "Freguesia (Ilha)", "codbairro": "098", "codra": 20, "rp": "Ilha do Governador", "cod_rp": "3.7", "area_plane": "3", "ideb_bairro": "Freguesia (Ilha do Governador)" }, "geometry": { "type": "Polygon", "coordinates": [ [ [ -43.170825049281362, -22.798513595201968 ], [ -43.166655965395002, -22.795506887488923 ], [ -43.167569007940777, -22.790824654762073 ], [ -43.172651062355072, -22.789149163153301 ], [ -43.176820115946867, -22.792155938135163 ], [ -43.175907145430727, -22.796838137445437 ], [ -43.170825049281362, -22.798513595201968 ] ] ] } },
{ "type": "Feature", "properties": { "hex_id": "88a8a06899fffff", "nome": "Galeão", "codbairro": "104", "codra": 20, "rp": "Ilha do Governador", "cod_rp": "3.7", "area_plane": "3", "ideb_bairro": "Galeão" }, "geometry": { "type": "Polygon", "coordinates": [ [ [ -43.217080880048627, -22.805162730634322 ], [ -43.212911666477645, -22.802157513174723 ], [ -43.21382434840239, -22.797475448445436 ], [ -43.218906171643887, -22.795798635038118 ], [ -43.223075354212661, -22.798803919878772 ], [ -43.222162744553927, -22.80348595073416 ], [ -43.217080880048627, -22.805162730634322 ] ] ] } },
{ "type": "Feature", "properties": { "hex_id": "88a8a068d5fffff", "nome": "Jardim Guanabara", "codbairro": "099", "codra": 20, "rp": "Ilha do Governador", "cod_rp": "3.7", "area_plane": "3", "ideb_bairro": "Jardim Guanabara" }, "geometry": { "type": "Polygon", "coordinates": [ [ [ -43.205091495661051, -22.817878362074616 ], [ -43.200922220358649, -22.814873279375757 ], [ -43.201835016629879, -22.810191945487279 ], [ -43.206917016007246, -22.80851572804508 ], [ -43.211086260489445, -22.811520878124078 ], [ -43.210173536426268, -22.81620217825359 ], [ -43.205091495661051, -22.817878362074616 ] ] ] } },
{ "type": "Feature", "properties": { "hex_id": "88a8a06f0dfffff", "nome": "Galeão", "codbairro": "104", "codra": 20, "rp": "Ilha do Governador", "cod_rp": "3.7", "area_plane": "3", "ideb_bairro": "Galeão" }, "geometry": { "type": "Polygon", "coordinates": [ [ [ -43.251347984691279, -22.824515734350488 ], [ -43.247178583726885, -22.821512144141238 ], [ -43.248091018485326, -22.816830979961537 ], [ -43.253172781775682, -22.815153440195502 ], [ -43.257342151212264, -22.818157097897323 ], [ -43.256429788898075, -22.822838227861091 ], [ -43.251347984691279, -22.824515734350488 ] ] ] } },
{ "type": "Feature", "properties": { "hex_id": "88a8a06f2bfffff", "nome": "Galeão", "codbairro": "104", "codra": 20, "rp": "Ilha do Governador", "cod_rp": "3.7", "area_plane": "3", "ideb_bairro": "Galeão" }, "geometry": { "type": "Polygon", "coordinates": [ [ [ -43.244834123479663, -22.809145460060822 ], [ -43.240664834708021, -22.806141137719173 ], [ -43.241577299692999, -22.801459174885903 ], [ -43.24665898105367, -22.799781568530982 ], [ -43.250828238398569, -22.80278595832122 ], [ -43.249915845821299, -22.807467887006265 ], [ -43.244834123479663, -22.809145460060822 ] ] ] } },
{ "type": "Feature", "properties": { "hex_id": "88a8a06f67fffff", "nome": "Galeão", "codbairro": "104", "codra": 20, "rp": "Ilha do Governador", "cod_rp": "3.7", "area_plane": "3", "ideb_bairro": "Galeão" }, "geometry": { "type": "Polygon", "coordinates": [ [ [ -43.232845455787348, -22.821862474706812 ], [ -43.228676104435159, -22.818858287260792 ], [ -43.229588683940442, -22.814177054923398 ], [ -43.234670542459895, -22.812500044053653 ], [ -43.238839862567289, -22.815504298947225 ], [ -43.23792735541182, -22.820185497251451 ], [ -43.232845455787348, -22.821862474706812 ] ] ] } },
{ "type": "Feature", "properties": { "hex_id": "88a8a06891fffff", "nome": "Galeão", "codbairro": "104", "codra": 20, "rp": "Ilha do Governador", "cod_rp": "3.7", "area_plane": "3", "ideb_bairro": "Galeão" }, "geometry": { "type": "Polygon", "coordinates": [ [ [ -43.21382434840239, -22.797475448445436 ], [ -43.20965519119401, -22.794469865415412 ], [ -43.210567888167041, -22.789787401630594 ], [ -43.215649670112491, -22.788110554704183 ], [ -43.219818796369168, -22.791116205093214 ], [ -43.218906171643887, -22.795798635038118 ], [ -43.21382434840239, -22.797475448445436 ] ] ] } },
{ "type": "Feature", "properties": { "hex_id": "88a8a068ebfffff", "nome": "Pitangueiras", "codbairro": "094", "codra": 20, "rp": "Ilha do Governador", "cod_rp": "3.7", "area_plane": "3", "ideb_bairro": "Pitangueiras" }, "geometry": { "type": "Polygon", "coordinates": [ [ [ -43.180593603312275, -22.821575830496755 ], [ -43.176424349351251, -22.818570218699804 ], [ -43.17733734698578, -22.813889183307456 ], [ -43.182419526508625, -22.812213793219268 ], [ -43.186588750023553, -22.815219472351068 ], [ -43.18567582447352, -22.81990047422466 ], [ -43.180593603312275, -22.821575830496755 ] ] ] } },
{ "type": "Feature", "properties": { "hex_id": "88a8a06f05fffff", "nome": "Galeão", "codbairro": "104", "codra": 20, "rp": "Ilha do Governador", "cod_rp": "3.7", "area_plane": "3", "ideb_bairro": "Galeão" }, "geometry": { "type": "Polygon", "coordinates": [ [ [ -43.248091018485326, -22.816830979961537 ], [ -43.243921673604568, -22.813827023623745 ], [ -43.244834123479663, -22.809145460060822 ], [ -43.249915845821299, -22.807467887006265 ], [ -43.254085159224793, -22.810471910814666 ], [ -43.253172781775682, -22.815153440195502 ], [ -43.248091018485326, -22.816830979961537 ] ] ] } },
{ "type": "Feature", "properties": { "hex_id": "88a8a06f23fffff", "nome": "Galeão", "codbairro": "104", "codra": 20, "rp": "Ilha do Governador", "cod_rp": "3.7", "area_plane": "3", "ideb_bairro": "Galeão" }, "geometry": { "type": "Polygon", "coordinates": [ [ [ -43.241577299692999, -22.801459174885903 ], [ -43.237408067055966, -22.7984544866652 ], [ -43.238320547144049, -22.793772124674554 ], [ -43.243402187491483, -22.792094485007397 ], [ -43.247571388752313, -22.795099240654647 ], [ -43.24665898105367, -22.799781568530982 ], [ -43.241577299692999, -22.801459174885903 ] ] ] } },
{ "type": "Feature", "properties": { "hex_id": "88a8a3d249fffff", "nome": "Freguesia (Ilha)", "codbairro": "098", "codra": 20, "rp": "Ilha do Governador", "cod_rp": "3.7", "area_plane": "3", "ideb_bairro": "Freguesia (Ilha do Governador)" }, "geometry": { "type": "Polygon", "coordinates": [ [ [ -43.173564047846362, -22.784466564923676 ], [ -43.169395050946498, -22.781459424908828 ], [ -43.170308051406174, -22.776776427873084 ], [ -43.175389976737151, -22.775100604280532 ], [ -43.179558943301942, -22.778107811542462 ], [ -43.178646014882624, -22.782790775138341 ], [ -43.173564047846362, -22.784466564923676 ] ] ] } },
{ "type": "Feature", "properties": { "hex_id": "88a8a06889fffff", "nome": "Jardim Guanabara", "codbairro": "099", "codra": 20, "rp": "Ilha do Governador", "cod_rp": "3.7", "area_plane": "3", "ideb_bairro": "Jardim Guanabara" }, "geometry": { "type": "Polygon", "coordinates": [ [ [ -43.195840133076082, -22.816549198630032 ], [ -43.191670883558658, -22.813543817674425 ], [ -43.192583751990668, -22.808862450118397 ], [ -43.197665797791117, -22.807186497173973 ], [ -43.201835016629879, -22.810191945487279 ], [ -43.200922220358649, -22.814873279375757 ], [ -43.195840133076082, -22.816549198630032 ] ] ] } },
{ "type": "Feature", "properties": { "hex_id": "88a8a068a7fffff", "nome": "Freguesia (Ilha)", "codbairro": "098", "codra": 20, "rp": "Ilha do Governador", "cod_rp": "3.7", "area_plane": "3", "ideb_bairro": "Freguesia (Ilha do Governador)" }, "geometry": { "type": "Polygon", "coordinates": [ [ [ -43.167569007940777, -22.790824654762073 ], [ -43.163399980796854, -22.787817581993973 ], [ -43.16431303829949, -22.783134950381886 ], [ -43.169395050946498, -22.781459424908828 ], [ -43.173564047846362, -22.784466564923676 ], [ -43.172651062355072, -22.789149163153301 ], [ -43.167569007940777, -22.790824654762073 ] ] ] } },
{ "type": "Feature", "properties": { "hex_id": "88a8a068c5fffff", "nome": "Cacuia", "codbairro": "093", "codra": 20, "rp": "Ilha do Governador", "cod_rp": "3.7", "area_plane": "3", "ideb_bairro": "Cacuia" }, "geometry": { "type": "Polygon", "coordinates": [ [ [ -43.18384993126341, -22.829261712793183 ], [ -43.179680620661728, -22.826256466551616 ], [ -43.180593603312275, -22.821575830496755 ], [ -43.18567582447352, -22.81990047422466 ], [ -43.189845104578588, -22.822905787823014 ], [ -43.188932194030812, -22.827586390325123 ], [ -43.18384993126341, -22.829261712793183 ] ] ] } },
{ "type": "Feature", "properties": { "hex_id": "88a8a068e3fffff", "nome": "Praia da Bandeira", "codbairro": "095", "codra": 20, "rp": "Ilha do Governador", "cod_rp": "3.7", "area_plane": "3", "ideb_bairro": "Praia da Bandeira" }, "geometry": { "type": "Polygon", "coordinates": [ [ [ -43.17733734698578, -22.813889183307456 ], [ -43.173168149690859, -22.810883206080064 ], [ -43.174081162302578, -22.806201771463179 ], [ -43.179163300154791, -22.804526347546847 ], [ -43.183332467054129, -22.807532392087094 ], [ -43.182419526508625, -22.812213793219268 ], [ -43.17733734698578, -22.813889183307456 ] ] ] } },
{ "type": "Feature", "properties": { "hex_id": "88a8a06881fffff", "nome": "Jardim Carioca", "codbairro": "100", "codra": 20, "rp": "Ilha do Governador", "cod_rp": "3.7", "area_plane": "3", "ideb_bairro": "Jardim Carioca" }, "geometry": { "type": "Polygon", "coordinates": [ [ [ -43.192583751990668, -22.808862450118397 ], [ -43.188414559012863, -22.805856703651322 ], [ -43.189327442451876, -22.801174936915672 ], [ -43.194409446737971, -22.799498950269101 ], [ -43.198578609087626, -22.80250476407187 ], [ -43.197665797791117, -22.807186497173973 ], [ -43.192583751990668, -22.808862450118397 ] ] ] } },
{ "type": "Feature", "properties": { "hex_id": "88a8a068bdfffff", "nome": "Tauá", "codbairro": "101", "codra": 20, "rp": "Ilha do Governador", "cod_rp": "3.7", "area_plane": "3", "ideb_bairro": "Tauá" }, "geometry": { "type": "Polygon", "coordinates": [ [ [ -43.186071204478367, -22.793486659259916 ], [ -43.181902124656176, -22.790480182145043 ], [ -43.182815038088833, -22.785797617389381 ], [ -43.187896959249549, -22.784121563302516 ], [ -43.192066008544614, -22.787128107708995 ], [ -43.191153167217891, -22.791810638899204 ], [ -43.186071204478367, -22.793486659259916 ] ] ] } },
{ "type": "Feature", "properties": { "hex_id": "88a8a068dbfffff", "nome": "Galeão", "codbairro": "104", "codra": 20, "rp": "Ilha do Governador", "cod_rp": "3.7", "area_plane": "3", "ideb_bairro": "Galeão" }, "geometry": { "type": "Polygon", "coordinates": [ [ [ -43.223594157499001, -22.82053500018241 ], [ -43.219424831279206, -22.81753051423841 ], [ -43.220337483087071, -22.812849247959253 ], [ -43.225419388823916, -22.811172501554331 ], [ -43.229588683940442, -22.814177054923398 ], [ -43.228676104435159, -22.818858287260792 ], [ -43.223594157499001, -22.82053500018241 ] ] ] } },
{ "type": "Feature", "properties": { "hex_id": "88a8a068d3fffff", "nome": "Galeão", "codbairro": "104", "codra": 20, "rp": "Ilha do Governador", "cod_rp": "3.7", "area_plane": "3", "ideb_bairro": "Galeão" }, "geometry": { "type": "Polygon", "coordinates": [ [ [ -43.220337483087071, -22.812849247959253 ], [ -43.216168213178939, -22.809844396195022 ], [ -43.217080880048627, -22.805162730634322 ], [ -43.222162744553927, -22.80348595073416 ], [ -43.22633198340931, -22.806490869901474 ], [ -43.225419388823916, -22.811172501554331 ], [ -43.220337483087071, -22.812849247959253 ] ] ] } },
{ "type": "Feature", "properties": { "hex_id": "88a8a06f29fffff", "nome": "Galeão", "codbairro": "104", "codra": 20, "rp": "Ilha do Governador", "cod_rp": "3.7", "area_plane": "3", "ideb_bairro": "Galeão" }, "geometry": { "type": "Polygon", "coordinates": [ [ [ -43.238839862567289, -22.815504298947225 ], [ -43.234670542459895, -22.812500044053653 ], [ -43.235583064713744, -22.807818446400052 ], [ -43.240664834708021, -22.806141137719173 ], [ -43.244834123479663, -22.809145460060822 ], [ -43.243921673604568, -22.813827023623745 ], [ -43.238839862567289, -22.815504298947225 ] ] ] } },
{ "type": "Feature", "properties": { "hex_id": "88a8a06817fffff", "nome": "Ribeira", "codbairro": "091", "codra": 20, "rp": "Ilha do Governador", "cod_rp": "3.7", "area_plane": "3", "ideb_bairro": "Ribeira" }, "geometry": { "type": "Polygon", "coordinates": [ [ [ -43.168602876161458, -22.83428655343533 ], [ -43.164433561581383, -22.831281076306738 ], [ -43.165346673341396, -22.826600772802774 ], [ -43.17042902766682, -22.824925979819906 ], [ -43.174598311982891, -22.827931524282455 ], [ -43.17368527224933, -22.83261179438238 ], [ -43.168602876161458, -22.83428655343533 ] ] ] } },
{ "type": "Feature", "properties": { "hex_id": "88a8a068e9fffff", "nome": "Zumbi", "codbairro": "092", "codra": 20, "rp": "Ilha do Governador", "cod_rp": "3.7", "area_plane": "3", "ideb_bairro": "Zumbi" }, "geometry": { "type": "Polygon", "coordinates": [ [ [ -43.174598311982891, -22.827931524282455 ], [ -43.17042902766682, -22.824925979819906 ], [ -43.171342082372846, -22.820245310303655 ], [ -43.176424349351251, -22.818570218699804 ], [ -43.180593603312275, -22.821575830496755 ], [ -43.179680620661728, -22.826256466551616 ], [ -43.174598311982891, -22.827931524282455 ] ] ] } },
{ "type": "Feature", "properties": { "hex_id": "88a8a06f21fffff", "nome": "Galeão", "codbairro": "104", "codra": 20, "rp": "Ilha do Governador", "cod_rp": "3.7", "area_plane": "3", "ideb_bairro": "Galeão" }, "geometry": { "type": "Polygon", "coordinates": [ [ [ -43.235583064713744, -22.807818446400052 ], [ -43.231413800791472, -22.804813825605414 ], [ -43.232326338136943, -22.800131828715362 ], [ -43.237408067055966, -22.7984544866652 ], [ -43.241577299692999, -22.801459174885903 ], [ -43.240664834708021, -22.806141137719173 ], [ -43.235583064713744, -22.807818446400052 ] ] ] } },
{ "type": "Feature", "properties": { "hex_id": "88a8a06887fffff", "nome": "Tauá", "codbairro": "101", "codra": 20, "rp": "Ilha do Governador", "cod_rp": "3.7", "area_plane": "3", "ideb_bairro": "Tauá" }, "geometry": { "type": "Polygon", "coordinates": [ [ [ -43.189327442451876, -22.801174936915672 ], [ -43.185158306039156, -22.798168825062145 ], [ -43.186071204478367, -22.793486659259916 ], [ -43.191153167217891, -22.791810638899204 ], [ -43.195322273052973, -22.794816818066394 ], [ -43.194409446737971, -22.799498950269101 ], [ -43.189327442451876, -22.801174936915672 ] ] ] } },
{ "type": "Feature", "properties": { "hex_id": "88a8a0689dfffff", "nome": "Portuguesa", "codbairro": "103", "codra": 20, "rp": "Ilha do Governador", "cod_rp": "3.7", "area_plane": "3", "ideb_bairro": "Portuguesa" }, "geometry": { "type": "Polygon", "coordinates": [ [ [ -43.20782975511397, -22.803834028667964 ], [ -43.203660567044899, -22.800828512996524 ], [ -43.204573321188413, -22.796146414484799 ], [ -43.20965519119401, -22.794469865415412 ], [ -43.21382434840239, -22.797475448445436 ], [ -43.212911666477645, -22.802157513174723 ], [ -43.20782975511397, -22.803834028667964 ] ] ] } },
{ "type": "Feature", "properties": { "hex_id": "88a8a06f6bfffff", "nome": "Galeão", "codbairro": "104", "codra": 20, "rp": "Ilha do Governador", "cod_rp": "3.7", "area_plane": "3", "ideb_bairro": "Galeão" }, "geometry": { "type": "Polygon", "coordinates": [ [ [ -43.245353672029786, -22.830873707678489 ], [ -43.241184239628559, -22.827870184961252 ], [ -43.242096731678878, -22.823189386119207 ], [ -43.247178583726885, -22.821512144141238 ], [ -43.251347984691279, -22.824515734350488 ], [ -43.250435565056264, -22.829196499034161 ], [ -43.245353672029786, -22.830873707678489 ] ] ] } },
{ "type": "Feature", "properties": { "hex_id": "88a8a068d1fffff", "nome": "Galeão", "codbairro": "104", "codra": 20, "rp": "Ilha do Governador", "cod_rp": "3.7", "area_plane": "3", "ideb_bairro": "Galeão" }, "geometry": { "type": "Polygon", "coordinates": [ [ [ -43.214342837296137, -22.819206962615233 ], [ -43.210173536426268, -22.81620217825359 ], [ -43.211086260489445, -22.811520878124078 ], [ -43.216168213178939, -22.809844396195022 ], [ -43.220337483087071, -22.812849247959253 ], [ -43.219424831279206, -22.81753051423841 ], [ -43.214342837296137, -22.819206962615233 ] ] ] } },
{ "type": "Feature", "properties": { "hex_id": "88a8a07a5dfffff", "nome": "Ipanema", "codbairro": "025", "codra": 6, "rp": "Zona Sul", "cod_rp": "2.1", "area_plane": "2", "ideb_bairro": "Ipanema" }, "geometry": { "type": "Polygon", "coordinates": [ [ [ -43.192802047210328, -23.075586507138176 ], [ -43.188631098662889, -23.072590449278184 ], [ -43.189544364674006, -23.067923081637574 ], [ -43.194628507039994, -23.0662518055425 ], [ -43.198799424930144, -23.069247931243062 ], [ -43.197886231123405, -23.073915265186578 ], [ -43.192802047210328, -23.075586507138176 ] ] ] } },
{ "type": "Feature", "properties": { "hex_id": "88a8a07aedfffff", "nome": "Ipanema", "codbairro": "025", "codra": 6, "rp": "Zona Sul", "cod_rp": "2.1", "area_plane": "2", "ideb_bairro": "Ipanema" }, "geometry": { "type": "Polygon", "coordinates": [ [ [ -43.191766144903404, -23.032246861792384 ], [ -43.187595483953679, -23.029249194601107 ], [ -43.188508695706247, -23.024579479135479 ], [ -43.193592496231126, -23.022907464527442 ], [ -43.197763126543613, -23.025905199477474 ], [ -43.196849986980254, -23.030574881265228 ], [ -43.191766144903404, -23.032246861792384 ] ] ] } },
{ "type": "Feature", "properties": { "hex_id": "88a8a06a89fffff", "nome": "Cidade Universitária", "codbairro": "105", "codra": 20, "rp": "Ilha do Governador", "cod_rp": "3.7", "area_plane": "3", "ideb_bairro": "Cidade Universitária" }, "geometry": { "type": "Polygon", "coordinates": [ [ [ -43.218636802409769, -22.870335006898511 ], [ -43.214467157827933, -22.867332188016828 ], [ -43.215379921021238, -22.862653617876287 ], [ -43.220462256519397, -22.860977900510658 ], [ -43.224631870068876, -22.863980786903173 ], [ -43.223719179164327, -22.868659323138932 ], [ -43.218636802409769, -22.870335006898511 ] ] ] } },
{ "type": "Feature", "properties": { "hex_id": "88a8a06ad7fffff", "nome": "Cidade Universitária", "codbairro": "105", "codra": 20, "rp": "Ilha do Governador", "cod_rp": "3.7", "area_plane": "3", "ideb_bairro": "Cidade Universitária" }, "geometry": { "type": "Polygon", "coordinates": [ [ [ -43.233883797144891, -22.865307391996392 ], [ -43.229714158483993, -22.862304804557507 ], [ -43.230626792143518, -22.857625902281622 ], [ -43.23570899211073, -22.855949621486531 ], [ -43.239878599506682, -22.858952276459316 ], [ -43.238966038212141, -22.863631144681737 ], [ -43.233883797144891, -22.865307391996392 ] ] ] } },
{ "type": "Feature", "properties": { "hex_id": "88a8a06a9dfffff", "nome": "Cidade Universitária", "codbairro": "105", "codra": 20, "rp": "Ilha do Governador", "cod_rp": "3.7", "area_plane": "3", "ideb_bairro": "Cidade Universitária" }, "geometry": { "type": "Polygon", "coordinates": [ [ [ -43.230626792143518, -22.857625902281622 ], [ -43.226457209717431, -22.854622948377628 ], [ -43.227369858461174, -22.849943646177991 ], [ -43.232452017296062, -22.848267331890487 ], [ -43.236621568507765, -22.851270353306575 ], [ -43.23570899211073, -22.855949621486531 ], [ -43.230626792143518, -22.857625902281622 ] ] ] } },
{ "type": "Feature", "properties": { "hex_id": "88a8a06a97fffff", "nome": "Cidade Universitária", "codbairro": "105", "codra": 20, "rp": "Ilha do Governador", "cod_rp": "3.7", "area_plane": "3", "ideb_bairro": "Cidade Universitária" }, "geometry": { "type": "Polygon", "coordinates": [ [ [ -43.233364608788825, -22.843587663865449 ], [ -43.229195113786886, -22.8405842761305 ], [ -43.230107720368579, -22.835904208372913 ], [ -43.235189749606583, -22.834227562382104 ], [ -43.239359213353659, -22.837231017607902 ], [ -43.238446679129368, -22.841911051322132 ], [ -43.233364608788825, -22.843587663865449 ] ] ] } },
{ "type": "Feature", "properties": { "hex_id": "88a8a06a91fffff", "nome": "Cidade Universitária", "codbairro": "105", "codra": 20, "rp": "Ilha do Governador", "cod_rp": "3.7", "area_plane": "3", "ideb_bairro": "Cidade Universitária" }, "geometry": { "type": "Polygon", "coordinates": [ [ [ -43.236621568507765, -22.851270353306575 ], [ -43.232452017296062, -22.848267331890487 ], [ -43.233364608788825, -22.843587663865449 ], [ -43.238446679129368, -22.841911051322132 ], [ -43.242616199035659, -22.844914140250939 ], [ -43.241703679918579, -22.849593774198812 ], [ -43.236621568507765, -22.851270353306575 ] ] ] } },
{ "type": "Feature", "properties": { "hex_id": "88a8a06a8bfffff", "nome": "Cidade Universitária", "codbairro": "105", "codra": 20, "rp": "Ilha do Governador", "cod_rp": "3.7", "area_plane": "3", "ideb_bairro": "Cidade Universitária" }, "geometry": { "type": "Polygon", "coordinates": [ [ [ -43.224631870068876, -22.863980786903173 ], [ -43.220462256519397, -22.860977900510658 ], [ -43.221374962496654, -22.856298964272543 ], [ -43.226457209717431, -22.854622948377628 ], [ -43.230626792143518, -22.857625902281622 ], [ -43.229714158483993, -22.862304804557507 ], [ -43.224631870068876, -22.863980786903173 ] ] ] } },
{ "type": "Feature", "properties": { "hex_id": "88a8a079ddfffff", "nome": "Leme", "codbairro": "023", "codra": 5, "rp": "Zona Sul", "cod_rp": "2.1", "area_plane": "2", "ideb_bairro": "Leme" }, "geometry": { "type": "Polygon", "coordinates": [ [ [ -43.147201016307434, -22.968228437790007 ], [ -43.143030862631001, -22.965227230189711 ], [ -43.143944338210488, -22.960554233967589 ], [ -43.149027895530168, -22.958882478561833 ], [ -43.153198019257168, -22.961883753706772 ], [ -43.152284615625732, -22.966556716701263 ], [ -43.147201016307434, -22.968228437790007 ] ] ] } },
{ "type": "Feature", "properties": { "hex_id": "88a8a068e5fffff", "nome": "Ribeira", "codbairro": "091", "codra": 20, "rp": "Ilha do Governador", "cod_rp": "3.7", "area_plane": "3", "ideb_bairro": "Ribeira" }, "geometry": { "type": "Polygon", "coordinates": [ [ [ -43.162090542242652, -22.818914227313613 ], [ -43.157921341222306, -22.815908019361391 ], [ -43.158834482883883, -22.811226917205733 ], [ -43.163916753587728, -22.809552056326712 ], [ -43.168085924445109, -22.812558331569022 ], [ -43.167172854773405, -22.817239400388715 ], [ -43.162090542242652, -22.818914227313613 ] ] ] } },
{ "type": "Feature", "properties": { "hex_id": "88a8a06995fffff", "nome": "Paquetá", "codbairro": "013", "codra": 21, "rp": "Centro", "cod_rp": "1.1", "area_plane": "1", "ideb_bairro": "Paquetá" }, "geometry": { "type": "Polygon", "coordinates": [ [ [ -43.139815571897827, -22.786827431853801 ], [ -43.135646625402494, -22.783819466212151 ], [ -43.1365598986552, -22.779136735001746 ], [ -43.141642046545677, -22.777462002529383 ], [ -43.145810963221614, -22.780470035350618 ], [ -43.144897761838266, -22.785152733453099 ], [ -43.139815571897827, -22.786827431853801 ] ] ] } }
]
}
