hex_id,year,ideb_bairro,ideb
88a8a039e7fffff,2007,Guaratiba,4.2179236043095
88a8a039e7fffff,2013,Guaratiba,5.046859296482412
88a8a039e7fffff,2019,Guaratiba,5.556527249683144
88a8a039e7fffff,2023,Guaratiba,5.9
88a8a075e5fffff,2007,Jacarepaguá,4.471293161814489
88a8a075e5fffff,2013,Jacarepaguá,5.675222816399288
88a8a075e5fffff,2019,Jacarepaguá,6.095016891891893
88a8a075e5fffff,2023,Jacarepaguá,6.4
88a8a0290bfffff,2007,Campo Grande,4.659065288868014
88a8a0290bfffff,2013,Campo Grande,5.673055082339578
88a8a0290bfffff,2019,Campo Grande,5.976671619613669
88a8a0290bfffff,2023,Campo Grande,6.3
88a8a06509fffff,2007,Deodoro,4.743636363636363
88a8a06509fffff,2013,Deodoro,5.683766233766233
88a8a06509fffff,2019,Deodoro,5.946153846153846
88a8a06509fffff,2023,Deodoro,6.4
88a8a0655dfffff,2007,Vila Militar,4.218367346938775
88a8a0655dfffff,2013,Vila Militar,5.1
88a8a0655dfffff,2019,Vila Militar,6.5
88a8a0655dfffff,2023,Vila Militar,6.2
88a8a0768dfffff,2007,Vargem Grande,4.474162679425837
88a8a0768dfffff,2013,Vargem Grande,5.8
88a8a0768dfffff,2019,Vargem Grande,5.618461538461539
88a8a0768dfffff,2023,Vargem Grande,6.2
88a8a076e1fffff,2007,Vargem Grande,4.474162679425837
88a8a076e1fffff,2013,Vargem Grande,5.8
88a8a076e1fffff,2019,Vargem Grande,5.618461538461539
88a8a076e1fffff,2023,Vargem Grande,6.2
88a8a02a07fffff,2007,Guaratiba,4.2179236043095
88a8a02a07fffff,2013,Guaratiba,5.046859296482412
88a8a02a07fffff,2019,Guaratiba,5.556527249683144
88a8a02a07fffff,2023,Guaratiba,5.9
88a8a06605fffff,2007,Bangu,4.583498233215548
88a8a06605fffff,2013,Bangu,5.383494698017521
88a8a06605fffff,2019,Bangu,5.793712772998015
88a8a06605fffff,2023,Bangu,5.8
88a8a02199fffff,2007,Santa Cruz,4.2447033898305095
88a8a02199fffff,2013,Santa Cruz,5.370419906687403
88a8a02199fffff,2019,Santa Cruz,5.620006371455878
88a8a02199fffff,2023,Santa Cruz,6.0
88a8a07735fffff,2007,Barra da Tijuca,5.18662109375
88a8a07735fffff,2013,Barra da Tijuca,5.830245535714286
88a8a07735fffff,2019,Barra da Tijuca,6.693248945147679
88a8a07735fffff,2023,Barra da Tijuca,6.7
88a8a02a5bfffff,2007,Guaratiba,4.2179236043095
88a8a02a5bfffff,2013,Guaratiba,5.046859296482412
88a8a02a5bfffff,2019,Guaratiba,5.556527249683144
88a8a02a5bfffff,2023,Guaratiba,5.9
88a8a06659fffff,2007,Campo Grande,4.659065288868014
88a8a06659fffff,2013,Campo Grande,5.673055082339578
88a8a06659fffff,2019,Campo Grande,5.976671619613669
88a8a06659fffff,2023,Campo Grande,6.3
88a8a021edfffff,2007,Santa Cruz,4.2447033898305095
88a8a021edfffff,2013,Santa Cruz,5.370419906687403
88a8a021edfffff,2019,Santa Cruz,5.620006371455878
88a8a021edfffff,2023,Santa Cruz,6.0
88a8a066adfffff,2007,Bangu,4.583498233215548
88a8a066adfffff,2013,Bangu,5.383494698017521
88a8a066adfffff,2019,Bangu,5.793712772998015
88a8a066adfffff,2023,Bangu,5.8
88a8a07591fffff,2007,Jacarepaguá,4.471293161814489
88a8a07591fffff,2013,Jacarepaguá,5.675222816399288
88a8a07591fffff,2019,Jacarepaguá,6.095016891891893
88a8a07591fffff,2023,Jacarepaguá,6.4
88a8a02b03fffff,2007,Guaratiba,4.2179236043095
88a8a02b03fffff,2013,Guaratiba,5.046859296482412
88a8a02b03fffff,2019,Guaratiba,5.556527249683144
88a8a02b03fffff,2023,Guaratiba,5.9
88a8a06701fffff,2007,Realengo,4.301232285890326
88a8a06701fffff,2013,Realengo,5.14009324009324
88a8a06701fffff,2019,Realengo,5.889386792452831
88a8a06701fffff,2023,Realengo,6.1
88a8a02b57fffff,2007,Guaratiba,4.2179236043095
88a8a02b57fffff,2013,Guaratiba,5.046859296482412
88a8a02b57fffff,2019,Guaratiba,5.556527249683144
88a8a02b57fffff,2023,Guaratiba,5.9
88a8a06461fffff,2007,Realengo,4.301232285890326
88a8a06461fffff,2013,Realengo,5.14009324009324
88a8a06461fffff,2019,Realengo,5.889386792452831
88a8a06461fffff,2023,Realengo,6.1
88a8a03993fffff,2007,Guaratiba,4.2179236043095
88a8a03993fffff,2013,Guaratiba,5.046859296482412
88a8a03993fffff,2019,Guaratiba,5.556527249683144
88a8a03993fffff,2023,Guaratiba,5.9
88a8a06755fffff,2007,Realengo,4.301232285890326
88a8a06755fffff,2013,Realengo,5.14009324009324
88a8a06755fffff,2019,Realengo,5.889386792452831
88a8a06755fffff,2023,Realengo,6.1
88a8a07885fffff,2007,Botafogo,4.536813186813187
88a8a07885fffff,2013,Botafogo,5.688028169014085
88a8a07885fffff,2019,Botafogo,5.928318584070796
88a8a07885fffff,2023,Botafogo,6.0
88a8a02863fffff,2007,Inhoaíba,4.513713713713713
88a8a02863fffff,2013,Inhoaíba,5.646229050279329
88a8a02863fffff,2019,Inhoaíba,5.707640750670241
88a8a02863fffff,2023,Inhoaíba,6.0
88a8a078d9fffff,2007,Lagoa,5.265789473684211
88a8a078d9fffff,2013,Lagoa,5.7
88a8a078d9fffff,2019,Lagoa,5.844444444444444
88a8a078d9fffff,2023,Lagoa,6.9
88a8a06037fffff,2007,Encantado,5.0
88a8a06037fffff,2013,Encantado,6.8
88a8a06037fffff,2019,Encantado,6.900000000000001
88a8a06037fffff,2023,Encantado,6.8
88a8a0608bfffff,2007,Oswaldo Cruz,4.433112582781457
88a8a0608bfffff,2013,Oswaldo Cruz,5.182838283828384
88a8a0608bfffff,2019,Oswaldo Cruz,6.054710144927536
88a8a0608bfffff,2023,Oswaldo Cruz,6.2
88a8a071bbfffff,2007,Barra da Tijuca,5.18662109375
88a8a071bbfffff,2013,Barra da Tijuca,5.830245535714286
88a8a071bbfffff,2019,Barra da Tijuca,6.693248945147679
88a8a071bbfffff,2023,Barra da Tijuca,6.7
88a8a06133fffff,2007,Manguinhos,4.315966386554622
88a8a06133fffff,2013,Manguinhos,4.309567901234567
88a8a06133fffff,2019,Manguinhos,5.237943262411347
88a8a06133fffff,2023,Manguinhos,5.6
88a8a06187fffff,2007,Complexo do Alemão,3.8
88a8a06187fffff,2013,Complexo do Alemão,4.870342205323194
88a8a06187fffff,2019,Complexo do Alemão,5.347709923664122
88a8a06187fffff,2023,Complexo do Alemão,5.4
88a8a02e4bfffff,2007,Santa Cruz,4.2447033898305095
88a8a02e4bfffff,2013,Santa Cruz,5.370419906687403
88a8a02e4bfffff,2019,Santa Cruz,5.620006371455878
88a8a02e4bfffff,2023,Santa Cruz,6.0
88a8a06a49fffff,2007,Catete,4.3
88a8a06a49fffff,2013,Catete,4.2
88a8a06a49fffff,2019,Catete,5.3
88a8a06a49fffff,2023,Catete,6.3
88a8a061dbfffff,2007,Piedade,4.6410774410774405
88a8a061dbfffff,2013,Piedade,6.219138755980862
88a8a061dbfffff,2019,Piedade,5.826406926406926
88a8a061dbfffff,2023,Piedade,6.5
88a8a06283fffff,2007,Taquara,4.865171102661597
88a8a06283fffff,2013,Taquara,5.635502392344497
88a8a06283fffff,2019,Taquara,6.141109709962168
88a8a06283fffff,2023,Taquara,6.2
88a8a02f47fffff,2007,Santa Cruz,4.2447033898305095
88a8a02f47fffff,2013,Santa Cruz,5.370419906687403
88a8a02f47fffff,2019,Santa Cruz,5.620006371455878
88a8a02f47fffff,2023,Santa Cruz,6.0
88a8a0753dfffff,2007,Barra Olímpica,
88a8a0753dfffff,2013,Barra Olímpica,
88a8a0753dfffff,2019,Barra Olímpica,
88a8a0753dfffff,2023,Barra Olímpica,
88a8a062d7fffff,2007,Jacarepaguá,4.471293161814489
88a8a062d7fffff,2013,Jacarepaguá,5.675222816399288
88a8a062d7fffff,2019,Jacarepaguá,6.095016891891893
88a8a062d7fffff,2023,Jacarepaguá,6.4
88a8a07407fffff,2007,Vargem Pequena,4.8
88a8a07407fffff,2013,Vargem Pequena,4.581954887218045
88a8a07407fffff,2019,Vargem Pequena,6.254545454545454
88a8a07407fffff,2023,Vargem Pequena,6.2
88a8a0632bfffff,2007,Alto da Boa Vista,4.605042016806722
88a8a0632bfffff,2013,Alto da Boa Vista,5.749557522123895
88a8a0632bfffff,2019,Alto da Boa Vista,5.652032520325204
88a8a0632bfffff,2023,Alto da Boa Vista,5.9
88a8a0640dfffff,2007,Realengo,4.301232285890326
88a8a0640dfffff,2013,Realengo,5.14009324009324
88a8a0640dfffff,2019,Realengo,5.889386792452831
88a8a0640dfffff,2023,Realengo,6.1
88a8a0745bfffff,2007,Recreio dos Bandeirantes,4.602747252747253
88a8a0745bfffff,2013,Recreio dos Bandeirantes,5.290909090909091
88a8a0745bfffff,2019,Recreio dos Bandeirantes,5.86896551724138
88a8a0745bfffff,2023,Recreio dos Bandeirantes,6.1
88a8a038b1fffff,2007,Pedra de Guaratiba,4.313780918727916
88a8a038b1fffff,2013,Pedra de Guaratiba,5.543712574850299
88a8a038b1fffff,2019,Pedra de Guaratiba,5.72972972972973
88a8a038b1fffff,2023,Pedra de Guaratiba,6.4
88a8a07503fffff,2007,Barra Olímpica,
88a8a07503fffff,2013,Barra Olímpica,
88a8a07503fffff,2019,Barra Olímpica,
88a8a07503fffff,2023,Barra Olímpica,
88a8a02829fffff,2007,Inhoaíba,4.513713713713713
88a8a02829fffff,2013,Inhoaíba,5.646229050279329
88a8a02829fffff,2019,Inhoaíba,5.707640750670241
88a8a02829fffff,2023,Inhoaíba,6.0
88a8a03959fffff,2007,Barra de Guaratiba,4.967058823529412
88a8a03959fffff,2013,Barra de Guaratiba,6.324390243902438
88a8a03959fffff,2019,Barra de Guaratiba,6.658035714285714
88a8a03959fffff,2023,Barra de Guaratiba,6.7
88a8a07557fffff,2007,Barra da Tijuca,5.18662109375
88a8a07557fffff,2013,Barra da Tijuca,5.830245535714286
88a8a07557fffff,2019,Barra da Tijuca,6.693248945147679
88a8a07557fffff,2023,Barra da Tijuca,6.7
88a8a039adfffff,2007,Guaratiba,4.2179236043095
88a8a039adfffff,2013,Guaratiba,5.046859296482412
88a8a039adfffff,2019,Guaratiba,5.556527249683144
88a8a039adfffff,2023,Guaratiba,5.9
88a8a075abfffff,2007,Jacarepaguá,4.471293161814489
88a8a075abfffff,2013,Jacarepaguá,5.675222816399288
88a8a075abfffff,2019,Jacarepaguá,6.095016891891893
88a8a075abfffff,2023,Jacarepaguá,6.4
88a8a028d1fffff,2007,Santa Cruz,4.2447033898305095
88a8a028d1fffff,2013,Santa Cruz,5.370419906687403
88a8a028d1fffff,2019,Santa Cruz,5.620006371455878
88a8a028d1fffff,2023,Santa Cruz,6.0
88a8a02925fffff,2007,Santíssimo,4.605210084033614
88a8a02925fffff,2013,Santíssimo,5.030360934182591
88a8a02925fffff,2019,Santíssimo,5.970890410958904
88a8a02925fffff,2023,Santíssimo,6.6
88a8a06523fffff,2007,Pavuna,4.5800803673938
88a8a06523fffff,2013,Pavuna,5.306037473976406
88a8a06523fffff,2019,Pavuna,5.471647509578544
88a8a06523fffff,2023,Pavuna,5.7
88a8a076a7fffff,2007,Vargem Grande,4.474162679425837
88a8a076a7fffff,2013,Vargem Grande,5.8
88a8a076a7fffff,2019,Vargem Grande,5.618461538461539
88a8a076a7fffff,2023,Vargem Grande,6.2
88a8a0210bfffff,2007,Sepetiba,3.7746509129967776
88a8a0210bfffff,2013,Sepetiba,4.8939142461964025
88a8a0210bfffff,2019,Sepetiba,5.473479948253558
88a8a0210bfffff,2023,Sepetiba,5.7
88a8a06e39fffff,2007,Jardim América,4.717054263565892
88a8a06e39fffff,2013,Jardim América,5.129314420803782
88a8a06e39fffff,2019,Jardim América,5.560436137071651
88a8a06e39fffff,2023,Jardim América,5.9
88a8a029cdfffff,2007,Campo Grande,4.659065288868014
88a8a029cdfffff,2013,Campo Grande,5.673055082339578
88a8a029cdfffff,2019,Campo Grande,5.976671619613669
88a8a029cdfffff,2023,Campo Grande,6.3
88a8a074e9fffff,2007,Vargem Grande,4.474162679425837
88a8a074e9fffff,2013,Vargem Grande,5.8
88a8a074e9fffff,2019,Vargem Grande,5.618461538461539
88a8a074e9fffff,2023,Vargem Grande,6.2
88a8a02a21fffff,2007,Guaratiba,4.2179236043095
88a8a02a21fffff,2013,Guaratiba,5.046859296482412
88a8a02a21fffff,2019,Guaratiba,5.556527249683144
88a8a02a21fffff,2023,Guaratiba,5.9
88a8a021b3fffff,2007,Santa Cruz,4.2447033898305095
88a8a021b3fffff,2013,Santa Cruz,5.370419906687403
88a8a021b3fffff,2019,Santa Cruz,5.620006371455878
88a8a021b3fffff,2023,Santa Cruz,6.0
88a8a02ac9fffff,2007,Santa Cruz,4.2447033898305095
88a8a02ac9fffff,2013,Santa Cruz,5.370419906687403
88a8a02ac9fffff,2019,Santa Cruz,5.620006371455878
88a8a02ac9fffff,2023,Santa Cruz,6.0
88a8a066c7fffff,2007,Santíssimo,4.605210084033614
88a8a066c7fffff,2013,Santíssimo,5.030360934182591
88a8a066c7fffff,2019,Santíssimo,5.970890410958904
88a8a066c7fffff,2023,Santíssimo,6.6
88a8a02b1dfffff,2007,Guaratiba,4.2179236043095
88a8a02b1dfffff,2013,Guaratiba,5.046859296482412
88a8a02b1dfffff,2019,Guaratiba,5.556527249683144
88a8a02b1dfffff,2023,Guaratiba,5.9
88a8a0671bfffff,2007,Realengo,4.301232285890326
88a8a0671bfffff,2013,Realengo,5.14009324009324
88a8a0671bfffff,2019,Realengo,5.889386792452831
88a8a0671bfffff,2023,Realengo,6.1
88a8a06051fffff,2007,Freguesia (Jacarepaguá),4.49554234769688
88a8a06051fffff,2013,Freguesia (Jacarepaguá),5.698239436619718
88a8a06051fffff,2019,Freguesia (Jacarepaguá),5.745387453874539
88a8a06051fffff,2023,Freguesia (Jacarepaguá),6.0
88a8a060a5fffff,2007,Cavalcanti,4.811748633879781
88a8a060a5fffff,2013,Cavalcanti,5.564144736842105
88a8a060a5fffff,2019,Cavalcanti,5.803278688524591
88a8a060a5fffff,2023,Cavalcanti,6.0
88a8a07a97fffff,2007,Vidigal,4.086486486486487
88a8a07a97fffff,2013,Vidigal,4.004166666666666
88a8a07a97fffff,2019,Vidigal,5.346478873239437
88a8a07a97fffff,2023,Vidigal,5.2
88a8a0614dfffff,2007,Tijuca,4.602781289506954
88a8a0614dfffff,2013,Tijuca,5.272364672364673
88a8a0614dfffff,2019,Tijuca,5.694444444444445
88a8a0614dfffff,2023,Tijuca,5.9
88a8a061a1fffff,2007,Ramos,4.7232387923147305
88a8a061a1fffff,2013,Ramos,5.210505836575876
88a8a061a1fffff,2019,Ramos,5.7463265306122455
88a8a061a1fffff,2023,Ramos,6.7
88a8a02e65fffff,2007,Santa Cruz,4.2447033898305095
88a8a02e65fffff,2013,Santa Cruz,5.370419906687403
88a8a02e65fffff,2019,Santa Cruz,5.620006371455878
88a8a02e65fffff,2023,Santa Cruz,6.0
88a8a06249fffff,2007,Barra da Tijuca,5.18662109375
88a8a06249fffff,2013,Barra da Tijuca,5.830245535714286
88a8a06249fffff,2019,Barra da Tijuca,6.693248945147679
88a8a06249fffff,2023,Barra da Tijuca,6.7
88a8a02f0dfffff,2007,Santa Cruz,4.2447033898305095
88a8a02f0dfffff,2013,Santa Cruz,5.370419906687403
88a8a02f0dfffff,2019,Santa Cruz,5.620006371455878
88a8a02f0dfffff,2023,Santa Cruz,6.0
88a8a0629dfffff,2007,Taquara,4.865171102661597
88a8a0629dfffff,2013,Taquara,5.635502392344497
88a8a0629dfffff,2019,Taquara,6.141109709962168
88a8a0629dfffff,2023,Taquara,6.2
88a8a02f61fffff,2007,Santa Cruz,4.2447033898305095
88a8a02f61fffff,2013,Santa Cruz,5.370419906687403
88a8a02f61fffff,2019,Santa Cruz,5.620006371455878
88a8a02f61fffff,2023,Santa Cruz,6.0
88a8a03823fffff,2007,Guaratiba,4.2179236043095
88a8a03823fffff,2013,Guaratiba,5.046859296482412
88a8a03823fffff,2019,Guaratiba,5.556527249683144
88a8a03823fffff,2023,Guaratiba,5.9
88a8a07421fffff,2007,Camorim,
88a8a07421fffff,2013,Camorim,
88a8a07421fffff,2019,Camorim,
88a8a07421fffff,2023,Camorim,
88a8a06345fffff,2007,Rocinha,4.126436781609195
88a8a06345fffff,2013,Rocinha,4.131004366812227
88a8a06345fffff,2019,Rocinha,5.56993006993007
88a8a06345fffff,2023,Rocinha,5.9
88a8a07495fffff,2007,Campo Grande,4.659065288868014
88a8a07495fffff,2013,Campo Grande,5.673055082339578
88a8a07495fffff,2019,Campo Grande,5.976671619613669
88a8a07495fffff,2023,Campo Grande,6.3
88a8a038cbfffff,2007,Guaratiba,4.2179236043095
88a8a038cbfffff,2013,Guaratiba,5.046859296482412
88a8a038cbfffff,2019,Guaratiba,5.556527249683144
88a8a038cbfffff,2023,Guaratiba,5.9
88a8a074c9fffff,2007,Vargem Grande,4.474162679425837
88a8a074c9fffff,2013,Vargem Grande,5.8
88a8a074c9fffff,2019,Vargem Grande,5.618461538461539
88a8a074c9fffff,2023,Vargem Grande,6.2
88a8a0751dfffff,2007,Barra Olímpica,
88a8a0751dfffff,2013,Barra Olímpica,
88a8a0751dfffff,2019,Barra Olímpica,
88a8a0751dfffff,2023,Barra Olímpica,
88a8a06365fffff,2007,Gávea,5.081385281385282
88a8a06365fffff,2013,Gávea,5.462171052631579
88a8a06365fffff,2019,Gávea,6.071153846153846
88a8a06365fffff,2023,Gávea,6.1
88a8a02843fffff,2007,Cosmos,4.556749049429658
88a8a02843fffff,2013,Cosmos,5.233594515181194
88a8a02843fffff,2019,Cosmos,5.436989795918366
88a8a02843fffff,2023,Cosmos,6.0
88a8a06441fffff,2007,Padre Miguel,4.804448105436573
88a8a06441fffff,2013,Padre Miguel,5.714128440366972
88a8a06441fffff,2019,Padre Miguel,5.70586011342155
88a8a06441fffff,2023,Padre Miguel,5.9
88a8a039c7fffff,2007,Guaratiba,4.2179236043095
88a8a039c7fffff,2013,Guaratiba,5.046859296482412
88a8a039c7fffff,2019,Guaratiba,5.556527249683144
88a8a039c7fffff,2023,Guaratiba,5.9
88a8a075c5fffff,2007,Jacarepaguá,4.471293161814489
88a8a075c5fffff,2013,Jacarepaguá,5.675222816399288
88a8a075c5fffff,2019,Jacarepaguá,6.095016891891893
88a8a075c5fffff,2023,Jacarepaguá,6.4
88a8a028ebfffff,2007,Paciência,4.397682709447415
88a8a028ebfffff,2013,Paciência,5.211933007676204
88a8a028ebfffff,2019,Paciência,5.692237442922374
88a8a028ebfffff,2023,Paciência,6.4
88a8a0653dfffff,2007,Pavuna,4.5800803673938
88a8a0653dfffff,2013,Pavuna,5.306037473976406
88a8a0653dfffff,2019,Pavuna,5.471647509578544
88a8a0653dfffff,2023,Pavuna,5.7
88a8a076c1fffff,2007,Recreio dos Bandeirantes,4.602747252747253
88a8a076c1fffff,2013,Recreio dos Bandeirantes,5.290909090909091
88a8a076c1fffff,2019,Recreio dos Bandeirantes,5.86896551724138
88a8a076c1fffff,2023,Recreio dos Bandeirantes,6.1
88a8a02125fffff,2007,Guaratiba,4.2179236043095
88a8a02125fffff,2013,Guaratiba,5.046859296482412
88a8a02125fffff,2019,Guaratiba,5.556527249683144
88a8a02125fffff,2023,Guaratiba,5.9
88a8a06e53fffff,2007,Coelho Neto,4.225548387096774
88a8a06e53fffff,2013,Coelho Neto,4.520105820105821
88a8a06e53fffff,2019,Coelho Neto,5.511918604651164
88a8a06e53fffff,2023,Coelho Neto,5.2
88a8a029e7fffff,2007,Campo Grande,4.659065288868014
88a8a029e7fffff,2013,Campo Grande,5.673055082339578
88a8a029e7fffff,2019,Campo Grande,5.976671619613669
88a8a029e7fffff,2023,Campo Grande,6.3
88a8a02a3bfffff,2007,Santa Cruz,4.2447033898305095
88a8a02a3bfffff,2013,Santa Cruz,5.370419906687403
88a8a02a3bfffff,2019,Santa Cruz,5.620006371455878
88a8a02a3bfffff,2023,Santa Cruz,6.0
88a8a06639fffff,2007,Bangu,4.583498233215548
88a8a06639fffff,2013,Bangu,5.383494698017521
88a8a06639fffff,2019,Bangu,5.793712772998015
88a8a06639fffff,2023,Bangu,5.8
88a8a0668dfffff,2007,Bangu,4.583498233215548
88a8a0668dfffff,2013,Bangu,5.383494698017521
88a8a0668dfffff,2019,Bangu,5.793712772998015
88a8a0668dfffff,2023,Bangu,5.8
88a8a02ae3fffff,2007,Santa Cruz,4.2447033898305095
88a8a02ae3fffff,2013,Santa Cruz,5.370419906687403
88a8a02ae3fffff,2019,Santa Cruz,5.620006371455878
88a8a02ae3fffff,2023,Santa Cruz,6.0
88a8a066e1fffff,2007,Bangu,4.583498233215548
88a8a066e1fffff,2013,Bangu,5.383494698017521
88a8a066e1fffff,2019,Bangu,5.793712772998015
88a8a066e1fffff,2023,Bangu,5.8
88a8a07441fffff,2007,Recreio dos Bandeirantes,4.602747252747253
88a8a07441fffff,2013,Recreio dos Bandeirantes,5.290909090909091
88a8a07441fffff,2019,Recreio dos Bandeirantes,5.86896551724138
88a8a07441fffff,2023,Recreio dos Bandeirantes,6.1
88a8a02b37fffff,2007,Campo Grande,4.659065288868014
88a8a02b37fffff,2013,Campo Grande,5.673055082339578
88a8a02b37fffff,2019,Campo Grande,5.976671619613669
88a8a02b37fffff,2023,Campo Grande,6.3
88a8a06735fffff,2007,Vila Militar,4.218367346938775
88a8a06735fffff,2013,Vila Militar,5.1
88a8a06735fffff,2019,Vila Militar,6.5
88a8a06735fffff,2023,Vila Militar,6.2
88a8a078b9fffff,2007,Cosme Velho,
88a8a078b9fffff,2013,Cosme Velho,
88a8a078b9fffff,2019,Cosme Velho,
88a8a078b9fffff,2023,Cosme Velho,
88a8a06311fffff,2007,Alto da Boa Vista,4.605042016806722
88a8a06311fffff,2013,Alto da Boa Vista,5.749557522123895
88a8a06311fffff,2019,Alto da Boa Vista,5.652032520325204
88a8a06311fffff,2023,Alto da Boa Vista,5.9
88a8a06017fffff,2007,Piedade,4.6410774410774405
88a8a06017fffff,2013,Piedade,6.219138755980862
88a8a06017fffff,2019,Piedade,5.826406926406926
88a8a06017fffff,2023,Piedade,6.5
88a8a0606bfffff,2007,Jacarepaguá,4.471293161814489
88a8a0606bfffff,2013,Jacarepaguá,5.675222816399288
88a8a0606bfffff,2019,Jacarepaguá,6.095016891891893
88a8a0606bfffff,2023,Jacarepaguá,6.4
88a8a0719bfffff,2007,Barra da Tijuca,5.18662109375
88a8a0719bfffff,2013,Barra da Tijuca,5.830245535714286
88a8a0719bfffff,2019,Barra da Tijuca,6.693248945147679
88a8a0719bfffff,2023,Barra da Tijuca,6.7
88a8a06113fffff,2007,Cachambi,5.560648148148148
88a8a06113fffff,2013,Cachambi,6.054545454545456
88a8a06113fffff,2019,Cachambi,6.076585365853659
88a8a06113fffff,2023,Cachambi,6.5
88a8a06167fffff,2007,Tijuca,4.602781289506954
88a8a06167fffff,2013,Tijuca,5.272364672364673
88a8a06167fffff,2019,Tijuca,5.694444444444445
88a8a06167fffff,2023,Tijuca,5.9
88a8a061bbfffff,2007,Penha,4.487165178571429
88a8a061bbfffff,2013,Penha,4.93076923076923
88a8a061bbfffff,2019,Penha,5.623137254901961
88a8a061bbfffff,2023,Penha,5.9
88a8a06ad1fffff,2007,Maré,4.2244353182751535
88a8a06ad1fffff,2013,Maré,4.373396674584322
88a8a06ad1fffff,2019,Maré,5.359320629660314
88a8a06ad1fffff,2023,Maré,5.6
88a8a06263fffff,2007,Itanhangá,4.3
88a8a06263fffff,2013,Itanhangá,5.311267605633803
88a8a06263fffff,2019,Itanhangá,5.72054054054054
88a8a06263fffff,2023,Itanhangá,5.5
88a8a062b7fffff,2007,Praça Seca,4.354829931972789
88a8a062b7fffff,2013,Praça Seca,5.095320623916811
88a8a062b7fffff,2019,Praça Seca,5.918089430894309
88a8a062b7fffff,2023,Praça Seca,5.9
88a8a0630bfffff,2007,Alto da Boa Vista,4.605042016806722
88a8a0630bfffff,2013,Alto da Boa Vista,5.749557522123895
88a8a0630bfffff,2019,Alto da Boa Vista,5.652032520325204
88a8a0630bfffff,2023,Alto da Boa Vista,5.9
88a8a0383dfffff,2007,Guaratiba,4.2179236043095
88a8a0383dfffff,2013,Guaratiba,5.046859296482412
88a8a0383dfffff,2019,Guaratiba,5.556527249683144
88a8a0383dfffff,2023,Guaratiba,5.9
88a8a0743bfffff,2007,Vargem Pequena,4.8
88a8a0743bfffff,2013,Vargem Pequena,4.581954887218045
88a8a0743bfffff,2019,Vargem Pequena,6.254545454545454
88a8a0743bfffff,2023,Vargem Pequena,6.2
88a8a074e3fffff,2007,Vargem Grande,4.474162679425837
88a8a074e3fffff,2013,Vargem Grande,5.8
88a8a074e3fffff,2019,Vargem Grande,5.618461538461539
88a8a074e3fffff,2023,Vargem Grande,6.2
88a8a02809fffff,2007,Cosmos,4.556749049429658
88a8a02809fffff,2013,Cosmos,5.233594515181194
88a8a02809fffff,2019,Cosmos,5.436989795918366
88a8a02809fffff,2023,Cosmos,6.0
88a8a03939fffff,2007,Grumari,
88a8a03939fffff,2013,Grumari,
88a8a03939fffff,2019,Grumari,
88a8a03939fffff,2023,Grumari,
88a8a07537fffff,2007,Curicica,4.907130124777183
88a8a07537fffff,2013,Curicica,5.3603206412825655
88a8a07537fffff,2019,Curicica,6.051821862348179
88a8a07537fffff,2023,Curicica,6.1
88a8a0285dfffff,2007,Cosmos,4.556749049429658
88a8a0285dfffff,2013,Cosmos,5.233594515181194
88a8a0285dfffff,2019,Cosmos,5.436989795918366
88a8a0285dfffff,2023,Cosmos,6.0
88a8a0645bfffff,2007,Vila Kennedy,4.60936768149883
88a8a0645bfffff,2013,Vila Kennedy,5.191237113402061
88a8a0645bfffff,2019,Vila Kennedy,5.233559322033899
88a8a0645bfffff,2023,Vila Kennedy,5.6
88a8a0398dfffff,2007,Guaratiba,4.2179236043095
88a8a0398dfffff,2013,Guaratiba,5.046859296482412
88a8a0398dfffff,2019,Guaratiba,5.556527249683144
88a8a0398dfffff,2023,Guaratiba,5.9
88a8a062bdfffff,2007,Tanque,4.363245823389021
88a8a062bdfffff,2013,Tanque,5.524742268041238
88a8a062bdfffff,2019,Tanque,5.930030959752322
88a8a062bdfffff,2023,Tanque,6.1
88a8a0758bfffff,2007,Jacarepaguá,4.471293161814489
88a8a0758bfffff,2013,Jacarepaguá,5.675222816399288
88a8a0758bfffff,2019,Jacarepaguá,6.095016891891893
88a8a0758bfffff,2023,Jacarepaguá,6.4
88a8a039e1fffff,2007,Guaratiba,4.2179236043095
88a8a039e1fffff,2013,Guaratiba,5.046859296482412
88a8a039e1fffff,2019,Guaratiba,5.556527249683144
88a8a039e1fffff,2023,Guaratiba,5.9
88a8a02905fffff,2007,Senador Vasconcelos,4.757482993197279
88a8a02905fffff,2013,Senador Vasconcelos,5.825263157894738
88a8a02905fffff,2019,Senador Vasconcelos,5.78623188405797
88a8a02905fffff,2023,Senador Vasconcelos,6.2
88a8a06503fffff,2007,Anchieta,4.225891181988743
88a8a06503fffff,2013,Anchieta,4.801449275362319
88a8a06503fffff,2019,Anchieta,5.053846153846154
88a8a06503fffff,2023,Anchieta,5.5
88a8a07633fffff,2007,Recreio dos Bandeirantes,4.602747252747253
88a8a07633fffff,2013,Recreio dos Bandeirantes,5.290909090909091
88a8a07633fffff,2019,Recreio dos Bandeirantes,5.86896551724138
88a8a07633fffff,2023,Recreio dos Bandeirantes,6.1
88a8a02959fffff,2007,Campo Grande,4.659065288868014
88a8a02959fffff,2013,Campo Grande,5.673055082339578
88a8a02959fffff,2019,Campo Grande,5.976671619613669
88a8a02959fffff,2023,Campo Grande,6.3
88a8a06557fffff,2007,Parque Anchieta,4.8173393124065775
88a8a06557fffff,2013,Parque Anchieta,5.938927335640138
88a8a06557fffff,2019,Parque Anchieta,5.94066985645933
88a8a06557fffff,2023,Parque Anchieta,6.2
88a8a07687fffff,2007,Vargem Grande,4.474162679425837
88a8a07687fffff,2013,Vargem Grande,5.8
88a8a07687fffff,2019,Vargem Grande,5.618461538461539
88a8a07687fffff,2023,Vargem Grande,6.2
88a8a06e19fffff,2007,Parque Columbia,4.4
88a8a06e19fffff,2013,Parque Columbia,5.0
88a8a06e19fffff,2019,Parque Columbia,5.1
88a8a06e19fffff,2023,Parque Columbia,5.1
88a8a029adfffff,2007,Campo Grande,4.659065288868014
88a8a029adfffff,2013,Campo Grande,5.673055082339578
88a8a029adfffff,2019,Campo Grande,5.976671619613669
88a8a029adfffff,2023,Campo Grande,6.3
88a8a076dbfffff,2007,Guaratiba,4.2179236043095
88a8a076dbfffff,2013,Guaratiba,5.046859296482412
88a8a076dbfffff,2019,Guaratiba,5.556527249683144
88a8a076dbfffff,2023,Guaratiba,5.9
88a8a02f2dfffff,2007,Santa Cruz,4.2447033898305095
88a8a02f2dfffff,2013,Santa Cruz,5.370419906687403
88a8a02f2dfffff,2019,Santa Cruz,5.620006371455878
88a8a02f2dfffff,2023,Santa Cruz,6.0
88a8a06e6dfffff,2007,Penha Circular,4.909274873524452
88a8a06e6dfffff,2013,Penha Circular,5.6082
88a8a06e6dfffff,2019,Penha Circular,5.6613231552162855
88a8a06e6dfffff,2023,Penha Circular,6.5
88a8a02a01fffff,2007,Guaratiba,4.2179236043095
88a8a02a01fffff,2013,Guaratiba,5.046859296482412
88a8a02a01fffff,2019,Guaratiba,5.556527249683144
88a8a02a01fffff,2023,Guaratiba,5.9
88a8a39349fffff,2007,Campo Grande,4.659065288868014
88a8a39349fffff,2013,Campo Grande,5.673055082339578
88a8a39349fffff,2019,Campo Grande,5.976671619613669
88a8a39349fffff,2023,Campo Grande,6.3
88a8a02193fffff,2007,Santa Cruz,4.2447033898305095
88a8a02193fffff,2013,Santa Cruz,5.370419906687403
88a8a02193fffff,2019,Santa Cruz,5.620006371455878
88a8a02193fffff,2023,Santa Cruz,6.0
88a8a02a55fffff,2007,Guaratiba,4.2179236043095
88a8a02a55fffff,2013,Guaratiba,5.046859296482412
88a8a02a55fffff,2019,Guaratiba,5.556527249683144
88a8a02a55fffff,2023,Guaratiba,5.9
88a8a06653fffff,2007,Senador Camará,4.404440649017934
88a8a06653fffff,2013,Senador Camará,5.228953974895398
88a8a06653fffff,2019,Senador Camará,5.511260827718961
88a8a06653fffff,2023,Senador Camará,5.7
88a8a021e7fffff,2007,Santa Cruz,4.2447033898305095
88a8a021e7fffff,2013,Santa Cruz,5.370419906687403
88a8a021e7fffff,2019,Santa Cruz,5.620006371455878
88a8a021e7fffff,2023,Santa Cruz,6.0
88a8a06269fffff,2007,Itanhangá,4.3
88a8a06269fffff,2013,Itanhangá,5.311267605633803
88a8a06269fffff,2019,Itanhangá,5.72054054054054
88a8a06269fffff,2023,Itanhangá,5.5
88a8a02aa9fffff,2007,Paciência,4.397682709447415
88a8a02aa9fffff,2013,Paciência,5.211933007676204
88a8a02aa9fffff,2019,Paciência,5.692237442922374
88a8a02aa9fffff,2023,Paciência,6.4
88a8a066a7fffff,2007,Bangu,4.583498233215548
88a8a066a7fffff,2013,Bangu,5.383494698017521
88a8a066a7fffff,2019,Bangu,5.793712772998015
88a8a066a7fffff,2023,Bangu,5.8
88a8a02b51fffff,2007,Guaratiba,4.2179236043095
88a8a02b51fffff,2013,Guaratiba,5.046859296482412
88a8a02b51fffff,2019,Guaratiba,5.556527249683144
88a8a02b51fffff,2023,Guaratiba,5.9
88a8a078d3fffff,2007,Jardim Botânico,4.984615384615385
88a8a078d3fffff,2013,Jardim Botânico,6.104310344827585
88a8a078d3fffff,2019,Jardim Botânico,6.158928571428572
88a8a078d3fffff,2023,Jardim Botânico,7.1
88a8a06031fffff,2007,Encantado,5.0
88a8a06031fffff,2013,Encantado,6.8
88a8a06031fffff,2019,Encantado,6.900000000000001
88a8a06031fffff,2023,Encantado,6.8
88a8a06085fffff,2007,Madureira,4.073684210526316
88a8a06085fffff,2013,Madureira,4.881935483870968
88a8a06085fffff,2019,Madureira,5.302049180327869
88a8a06085fffff,2023,Madureira,5.5
88a8a071b5fffff,2007,São Conrado,4.9
88a8a071b5fffff,2013,São Conrado,5.8
88a8a071b5fffff,2019,São Conrado,6.2
88a8a071b5fffff,2023,São Conrado,6.5
88a8a060d9fffff,2007,Vila Valqueire,4.991561181434599
88a8a060d9fffff,2013,Vila Valqueire,5.3203980099502495
88a8a060d9fffff,2019,Vila Valqueire,6.03160621761658
88a8a060d9fffff,2023,Vila Valqueire,6.5
88a8a0612dfffff,2007,Praça da Bandeira,4.573255813953489
88a8a0612dfffff,2013,Praça da Bandeira,5.131858407079646
88a8a0612dfffff,2019,Praça da Bandeira,5.651351351351351
88a8a0612dfffff,2023,Praça da Bandeira,6.2
88a8a06181fffff,2007,Inhaúma,4.425932062966032
88a8a06181fffff,2013,Inhaúma,5.487589498806682
88a8a06181fffff,2019,Inhaúma,5.867280606717226
88a8a06181fffff,2023,Inhaúma,5.9
88a8a02e45fffff,2007,Santa Cruz,4.2447033898305095
88a8a02e45fffff,2013,Santa Cruz,5.370419906687403
88a8a02e45fffff,2019,Santa Cruz,5.620006371455878
88a8a02e45fffff,2023,Santa Cruz,6.0
88a8a06a43fffff,2007,Santa Teresa,5.007547169811321
88a8a06a43fffff,2013,Santa Teresa,5.916438356164384
88a8a06a43fffff,2019,Santa Teresa,6.474615384615385
88a8a06a43fffff,2023,Santa Teresa,5.9
88a8a061d5fffff,2007,Pilares,4.797967479674797
88a8a061d5fffff,2013,Pilares,5.857142857142857
88a8a061d5fffff,2019,Pilares,5.993491124260355
88a8a061d5fffff,2023,Pilares,5.9
88a8a06229fffff,2007,Itanhangá,4.3
88a8a06229fffff,2013,Itanhangá,5.311267605633803
88a8a06229fffff,2019,Itanhangá,5.72054054054054
88a8a06229fffff,2023,Itanhangá,5.5
88a8a02f41fffff,2007,Santa Cruz,4.2447033898305095
88a8a02f41fffff,2013,Santa Cruz,5.370419906687403
88a8a02f41fffff,2019,Santa Cruz,5.620006371455878
88a8a02f41fffff,2023,Santa Cruz,6.0
88a8a062d1fffff,2007,Jacarepaguá,4.471293161814489
88a8a062d1fffff,2013,Jacarepaguá,5.675222816399288
88a8a062d1fffff,2019,Jacarepaguá,6.095016891891893
88a8a062d1fffff,2023,Jacarepaguá,6.4
88a8a07401fffff,2007,Vargem Pequena,4.8
88a8a07401fffff,2013,Vargem Pequena,4.581954887218045
88a8a07401fffff,2019,Vargem Pequena,6.254545454545454
88a8a07401fffff,2023,Vargem Pequena,6.2
88a8a06325fffff,2007,Alto da Boa Vista,4.605042016806722
88a8a06325fffff,2013,Alto da Boa Vista,5.749557522123895
88a8a06325fffff,2019,Alto da Boa Vista,5.652032520325204
88a8a06325fffff,2023,Alto da Boa Vista,5.9
88a8a07455fffff,2007,Recreio dos Bandeirantes,4.602747252747253
88a8a07455fffff,2013,Recreio dos Bandeirantes,5.290909090909091
88a8a07455fffff,2019,Recreio dos Bandeirantes,5.86896551724138
88a8a07455fffff,2023,Recreio dos Bandeirantes,6.1
88a8a06215fffff,2007,Anil,5.4
88a8a06215fffff,2013,Anil,5.450773195876289
88a8a06215fffff,2019,Anil,6.125901639344262
88a8a06215fffff,2023,Anil,6.2
88a8a074a9fffff,2007,Vargem Grande,4.474162679425837
88a8a074a9fffff,2013,Vargem Grande,5.8
88a8a074a9fffff,2019,Vargem Grande,5.618461538461539
88a8a074a9fffff,2023,Vargem Grande,6.2
88a8a02823fffff,2007,Campo Grande,4.659065288868014
88a8a02823fffff,2013,Campo Grande,5.673055082339578
88a8a02823fffff,2019,Campo Grande,5.976671619613669
88a8a02823fffff,2023,Campo Grande,6.3
88a8a03953fffff,2007,Guaratiba,4.2179236043095
88a8a03953fffff,2013,Guaratiba,5.046859296482412
88a8a03953fffff,2019,Guaratiba,5.556527249683144
88a8a03953fffff,2023,Guaratiba,5.9
88a8a07551fffff,2007,Barra da Tijuca,5.18662109375
88a8a07551fffff,2013,Barra da Tijuca,5.830245535714286
88a8a07551fffff,2019,Barra da Tijuca,6.693248945147679
88a8a07551fffff,2023,Barra da Tijuca,6.7
88a8a039a7fffff,2007,Ilha de Guaratiba,
88a8a039a7fffff,2013,Ilha de Guaratiba,
88a8a039a7fffff,2019,Ilha de Guaratiba,
88a8a039a7fffff,2023,Ilha de Guaratiba,
88a8a075a5fffff,2007,Jacarepaguá,4.471293161814489
88a8a075a5fffff,2013,Jacarepaguá,5.675222816399288
88a8a075a5fffff,2019,Jacarepaguá,6.095016891891893
88a8a075a5fffff,2023,Jacarepaguá,6.4
88a8a028cbfffff,2007,Santa Cruz,4.2447033898305095
88a8a028cbfffff,2013,Santa Cruz,5.370419906687403
88a8a028cbfffff,2019,Santa Cruz,5.620006371455878
88a8a028cbfffff,2023,Santa Cruz,6.0
88a8a064c9fffff,2007,Bangu,4.583498233215548
88a8a064c9fffff,2013,Bangu,5.383494698017521
88a8a064c9fffff,2019,Bangu,5.793712772998015
88a8a064c9fffff,2023,Bangu,5.8
88a8a0651dfffff,2007,Parque Anchieta,4.8173393124065775
88a8a0651dfffff,2013,Parque Anchieta,5.938927335640138
88a8a0651dfffff,2019,Parque Anchieta,5.94066985645933
88a8a0651dfffff,2023,Parque Anchieta,6.2
88a8a076a1fffff,2007,Vargem Grande,4.474162679425837
88a8a076a1fffff,2013,Vargem Grande,5.8
88a8a076a1fffff,2019,Vargem Grande,5.618461538461539
88a8a076a1fffff,2023,Vargem Grande,6.2
88a8a02105fffff,2007,Sepetiba,3.7746509129967776
88a8a02105fffff,2013,Sepetiba,4.8939142461964025
88a8a02105fffff,2019,Sepetiba,5.473479948253558
88a8a02105fffff,2023,Sepetiba,5.7
88a8a029c7fffff,2007,Campo Grande,4.659065288868014
88a8a029c7fffff,2013,Campo Grande,5.673055082339578
88a8a029c7fffff,2019,Campo Grande,5.976671619613669
88a8a029c7fffff,2023,Campo Grande,6.3
88a8a02a1bfffff,2007,Santa Cruz,4.2447033898305095
88a8a02a1bfffff,2013,Santa Cruz,5.370419906687403
88a8a02a1bfffff,2019,Santa Cruz,5.620006371455878
88a8a02a1bfffff,2023,Santa Cruz,6.0
88a8a06619fffff,2007,Senador Camará,4.404440649017934
88a8a06619fffff,2013,Senador Camará,5.228953974895398
88a8a06619fffff,2019,Senador Camará,5.511260827718961
88a8a06619fffff,2023,Senador Camará,5.7
88a8a021adfffff,2007,Santa Cruz,4.2447033898305095
88a8a021adfffff,2013,Santa Cruz,5.370419906687403
88a8a021adfffff,2019,Santa Cruz,5.620006371455878
88a8a021adfffff,2023,Santa Cruz,6.0
88a8a0666dfffff,2007,Jacarepaguá,4.471293161814489
88a8a0666dfffff,2013,Jacarepaguá,5.675222816399288
88a8a0666dfffff,2019,Jacarepaguá,6.095016891891893
88a8a0666dfffff,2023,Jacarepaguá,6.4
88a8a02ac3fffff,2007,Santa Cruz,4.2447033898305095
88a8a02ac3fffff,2013,Santa Cruz,5.370419906687403
88a8a02ac3fffff,2019,Santa Cruz,5.620006371455878
88a8a02ac3fffff,2023,Santa Cruz,6.0
88a8a066c1fffff,2007,Santíssimo,4.605210084033614
88a8a066c1fffff,2013,Santíssimo,5.030360934182591
88a8a066c1fffff,2019,Santíssimo,5.970890410958904
88a8a066c1fffff,2023,Santíssimo,6.6
88a8a02b17fffff,2007,Guaratiba,4.2179236043095
88a8a02b17fffff,2013,Guaratiba,5.046859296482412
88a8a02b17fffff,2019,Guaratiba,5.556527249683144
88a8a02b17fffff,2023,Guaratiba,5.9
88a8a061c1fffff,2007,Cachambi,5.560648148148148
88a8a061c1fffff,2013,Cachambi,6.054545454545456
88a8a061c1fffff,2019,Cachambi,6.076585365853659
88a8a061c1fffff,2023,Cachambi,6.5
88a8a06715fffff,2007,Realengo,4.301232285890326
88a8a06715fffff,2013,Realengo,5.14009324009324
88a8a06715fffff,2019,Realengo,5.889386792452831
88a8a06715fffff,2023,Realengo,6.1
88a8a02b6bfffff,2007,Guaratiba,4.2179236043095
88a8a02b6bfffff,2013,Guaratiba,5.046859296482412
88a8a02b6bfffff,2019,Guaratiba,5.556527249683144
88a8a02b6bfffff,2023,Guaratiba,5.9
88a8a06769fffff,2007,Taquara,4.865171102661597
88a8a06769fffff,2013,Taquara,5.635502392344497
88a8a06769fffff,2019,Taquara,6.141109709962168
88a8a06769fffff,2023,Taquara,6.2
88a8a07899fffff,2007,Alto da Boa Vista,4.605042016806722
88a8a07899fffff,2013,Alto da Boa Vista,5.749557522123895
88a8a07899fffff,2019,Alto da Boa Vista,5.652032520325204
88a8a07899fffff,2023,Alto da Boa Vista,5.9
88a8a0604bfffff,2007,Jacarepaguá,4.471293161814489
88a8a0604bfffff,2013,Jacarepaguá,5.675222816399288
88a8a0604bfffff,2019,Jacarepaguá,6.095016891891893
88a8a0604bfffff,2023,Jacarepaguá,6.4
88a8a07a91fffff,2007,Vidigal,4.086486486486487
88a8a07a91fffff,2013,Vidigal,4.004166666666666
88a8a07a91fffff,2019,Vidigal,5.346478873239437
88a8a07a91fffff,2023,Vidigal,5.2
88a8a06147fffff,2007,Tijuca,4.602781289506954
88a8a06147fffff,2013,Tijuca,5.272364672364673
88a8a06147fffff,2019,Tijuca,5.694444444444445
88a8a06147fffff,2023,Tijuca,5.9
88a8a06a09fffff,2007,Centro,4.491666666666667
88a8a06a09fffff,2013,Centro,5.1626666666666665
88a8a06a09fffff,2019,Centro,5.708465608465609
88a8a06a09fffff,2023,Centro,6.3
88a8a0619bfffff,2007,Vicente de Carvalho,4.3
88a8a0619bfffff,2013,Vicente de Carvalho,5.2
88a8a0619bfffff,2019,Vicente de Carvalho,5.973239436619719
88a8a0619bfffff,2023,Vicente de Carvalho,5.5
88a8a06a5dfffff,2007,Santa Teresa,5.007547169811321
88a8a06a5dfffff,2013,Santa Teresa,5.916438356164384
88a8a06a5dfffff,2019,Santa Teresa,6.474615384615385
88a8a06a5dfffff,2023,Santa Teresa,5.9
88a8a06243fffff,2007,Itanhangá,4.3
88a8a06243fffff,2013,Itanhangá,5.311267605633803
88a8a06243fffff,2019,Itanhangá,5.72054054054054
88a8a06243fffff,2023,Itanhangá,5.5
88a8a02f07fffff,2007,Santa Cruz,4.2447033898305095
88a8a02f07fffff,2013,Santa Cruz,5.370419906687403
88a8a02f07fffff,2019,Santa Cruz,5.620006371455878
88a8a02f07fffff,2023,Santa Cruz,6.0
88a8a06297fffff,2007,Taquara,4.865171102661597
88a8a06297fffff,2013,Taquara,5.635502392344497
88a8a06297fffff,2019,Taquara,6.141109709962168
88a8a06297fffff,2023,Taquara,6.2
88a8a02f5bfffff,2007,Santa Cruz,4.2447033898305095
88a8a02f5bfffff,2013,Santa Cruz,5.370419906687403
88a8a02f5bfffff,2019,Santa Cruz,5.620006371455878
88a8a02f5bfffff,2023,Santa Cruz,6.0
88a8a062ebfffff,2007,Freguesia (Jacarepaguá),4.49554234769688
88a8a062ebfffff,2013,Freguesia (Jacarepaguá),5.698239436619718
88a8a062ebfffff,2019,Freguesia (Jacarepaguá),5.745387453874539
88a8a062ebfffff,2023,Freguesia (Jacarepaguá),6.0
88a8a0741bfffff,2007,Vargem Grande,4.474162679425837
88a8a0741bfffff,2013,Vargem Grande,5.8
88a8a0741bfffff,2019,Vargem Grande,5.618461538461539
88a8a0741bfffff,2023,Vargem Grande,6.2
88a8a038c5fffff,2007,Guaratiba,4.2179236043095
88a8a038c5fffff,2013,Guaratiba,5.046859296482412
88a8a038c5fffff,2019,Guaratiba,5.556527249683144
88a8a038c5fffff,2023,Guaratiba,5.9
88a8a074c3fffff,2007,Vargem Grande,4.474162679425837
88a8a074c3fffff,2013,Vargem Grande,5.8
88a8a074c3fffff,2019,Vargem Grande,5.618461538461539
88a8a074c3fffff,2023,Vargem Grande,6.2
88a8a03919fffff,2007,Guaratiba,4.2179236043095
88a8a03919fffff,2013,Guaratiba,5.046859296482412
88a8a03919fffff,2019,Guaratiba,5.556527249683144
88a8a03919fffff,2023,Guaratiba,5.9
88a8a0616dfffff,2007,Rio Comprido,4.254364089775561
88a8a0616dfffff,2013,Rio Comprido,4.913483146067416
88a8a0616dfffff,2019,Rio Comprido,5.579464285714286
88a8a0616dfffff,2023,Rio Comprido,5.6
88a8a07517fffff,2007,Jacarepaguá,4.471293161814489
88a8a07517fffff,2013,Jacarepaguá,5.675222816399288
88a8a07517fffff,2019,Jacarepaguá,6.095016891891893
88a8a07517fffff,2023,Jacarepaguá,6.4
88a8a0283dfffff,2007,Cosmos,4.556749049429658
88a8a0283dfffff,2013,Cosmos,5.233594515181194
88a8a0283dfffff,2019,Cosmos,5.436989795918366
88a8a0283dfffff,2023,Cosmos,6.0
88a8a0756bfffff,2007,Barra da Tijuca,5.18662109375
88a8a0756bfffff,2013,Barra da Tijuca,5.830245535714286
88a8a0756bfffff,2019,Barra da Tijuca,6.693248945147679
88a8a0756bfffff,2023,Barra da Tijuca,6.7
88a8a039c1fffff,2007,Guaratiba,4.2179236043095
88a8a039c1fffff,2013,Guaratiba,5.046859296482412
88a8a039c1fffff,2019,Guaratiba,5.556527249683144
88a8a039c1fffff,2023,Guaratiba,5.9
88a8a028e5fffff,2007,Campo Grande,4.659065288868014
88a8a028e5fffff,2013,Campo Grande,5.673055082339578
88a8a028e5fffff,2019,Campo Grande,5.976671619613669
88a8a028e5fffff,2023,Campo Grande,6.3
88a8a07613fffff,2007,Recreio dos Bandeirantes,4.602747252747253
88a8a07613fffff,2013,Recreio dos Bandeirantes,5.290909090909091
88a8a07613fffff,2019,Recreio dos Bandeirantes,5.86896551724138
88a8a07613fffff,2023,Recreio dos Bandeirantes,6.1
88a8a02939fffff,2007,Senador Vasconcelos,4.757482993197279
88a8a02939fffff,2013,Senador Vasconcelos,5.825263157894738
88a8a02939fffff,2019,Senador Vasconcelos,5.78623188405797
88a8a02939fffff,2023,Senador Vasconcelos,6.2
88a8a0298dfffff,2007,Campo Grande,4.659065288868014
88a8a0298dfffff,2013,Campo Grande,5.673055082339578
88a8a0298dfffff,2019,Campo Grande,5.976671619613669
88a8a0298dfffff,2023,Campo Grande,6.3
88a8a076bbfffff,2007,Guaratiba,4.2179236043095
88a8a076bbfffff,2013,Guaratiba,5.046859296482412
88a8a076bbfffff,2019,Guaratiba,5.556527249683144
88a8a076bbfffff,2023,Guaratiba,5.9
88a8a06e4dfffff,2007,Irajá,4.703466076696165
88a8a06e4dfffff,2013,Irajá,5.436387434554974
88a8a06e4dfffff,2019,Irajá,6.068776824034335
88a8a06e4dfffff,2023,Irajá,6.2
88a8a029e1fffff,2007,Campo Grande,4.659065288868014
88a8a029e1fffff,2013,Campo Grande,5.673055082339578
88a8a029e1fffff,2019,Campo Grande,5.976671619613669
88a8a029e1fffff,2023,Campo Grande,6.3
88a8a02a35fffff,2007,Santa Cruz,4.2447033898305095
88a8a02a35fffff,2013,Santa Cruz,5.370419906687403
88a8a02a35fffff,2019,Santa Cruz,5.620006371455878
88a8a02a35fffff,2023,Santa Cruz,6.0
88a8a06633fffff,2007,Bangu,4.583498233215548
88a8a06633fffff,2013,Bangu,5.383494698017521
88a8a06633fffff,2019,Bangu,5.793712772998015
88a8a06633fffff,2023,Bangu,5.8
88a8a021c7fffff,2007,Santa Cruz,4.2447033898305095
88a8a021c7fffff,2013,Santa Cruz,5.370419906687403
88a8a021c7fffff,2019,Santa Cruz,5.620006371455878
88a8a021c7fffff,2023,Santa Cruz,6.0
88a8a02a89fffff,2007,Santa Cruz,4.2447033898305095
88a8a02a89fffff,2013,Santa Cruz,5.370419906687403
88a8a02a89fffff,2019,Santa Cruz,5.620006371455878
88a8a02a89fffff,2023,Santa Cruz,6.0
88a8a06687fffff,2007,Bangu,4.583498233215548
88a8a06687fffff,2013,Bangu,5.383494698017521
88a8a06687fffff,2019,Bangu,5.793712772998015
88a8a06687fffff,2023,Bangu,5.8
88a8a06f49fffff,2007,Olaria,4.447274881516588
88a8a06f49fffff,2013,Olaria,5.308333333333334
88a8a06f49fffff,2019,Olaria,5.48083538083538
88a8a06f49fffff,2023,Olaria,6.0
88a8a02addfffff,2007,Santa Cruz,4.2447033898305095
88a8a02addfffff,2013,Santa Cruz,5.370419906687403
88a8a02addfffff,2019,Santa Cruz,5.620006371455878
88a8a02addfffff,2023,Santa Cruz,6.0
88a8a066dbfffff,2007,Campo Grande,4.659065288868014
88a8a066dbfffff,2013,Campo Grande,5.673055082339578
88a8a066dbfffff,2019,Campo Grande,5.976671619613669
88a8a066dbfffff,2023,Campo Grande,6.3
88a8a06119fffff,2007,Engenho Novo,4.514341085271317
88a8a06119fffff,2013,Engenho Novo,5.510869565217392
88a8a06119fffff,2019,Engenho Novo,5.768852459016393
88a8a06119fffff,2023,Engenho Novo,5.5
88a8a02b31fffff,2007,Campo Grande,4.659065288868014
88a8a02b31fffff,2013,Campo Grande,5.673055082339578
88a8a02b31fffff,2019,Campo Grande,5.976671619613669
88a8a02b31fffff,2023,Campo Grande,6.3
88a8a078b3fffff,2007,Rio Comprido,4.254364089775561
88a8a078b3fffff,2013,Rio Comprido,4.913483146067416
88a8a078b3fffff,2019,Rio Comprido,5.579464285714286
88a8a078b3fffff,2023,Rio Comprido,5.6
88a8a06011fffff,2007,Quintino Bocaiúva,4.6922807017543855
88a8a06011fffff,2013,Quintino Bocaiúva,5.650485436893204
88a8a06011fffff,2019,Quintino Bocaiúva,5.678378378378379
88a8a06011fffff,2023,Quintino Bocaiúva,6.3
88a8a07ab7fffff,2007,Leblon,5.096539792387544
88a8a07ab7fffff,2013,Leblon,6.092263610315186
88a8a07ab7fffff,2019,Leblon,6.039926739926741
88a8a07ab7fffff,2023,Leblon,6.2
88a8a06065fffff,2007,Grajaú,5.020477815699659
88a8a06065fffff,2013,Grajaú,5.090365448504984
88a8a06065fffff,2019,Grajaú,5.921487603305785
88a8a06065fffff,2023,Grajaú,5.8
88a8a07195fffff,2007,Barra da Tijuca,5.18662109375
88a8a07195fffff,2013,Barra da Tijuca,5.830245535714286
88a8a07195fffff,2019,Barra da Tijuca,6.693248945147679
88a8a07195fffff,2023,Barra da Tijuca,6.7
88a8a060b9fffff,2007,Turiaçu,4.239062499999999
88a8a060b9fffff,2013,Turiaçu,5.728682170542636
88a8a060b9fffff,2019,Turiaçu,5.348623853211009
88a8a060b9fffff,2023,Turiaçu,5.8
88a8a0610dfffff,2007,Maracanã,5.95065502183406
88a8a0610dfffff,2013,Maracanã,7.085436893203883
88a8a0610dfffff,2019,Maracanã,7.057142857142857
88a8a0610dfffff,2023,Maracanã,7.2
88a8a06161fffff,2007,Tijuca,4.602781289506954
88a8a06161fffff,2013,Tijuca,5.272364672364673
88a8a06161fffff,2019,Tijuca,5.694444444444445
88a8a06161fffff,2023,Tijuca,5.9
88a8a061b5fffff,2007,Penha,4.487165178571429
88a8a061b5fffff,2013,Penha,4.93076923076923
88a8a061b5fffff,2019,Penha,5.623137254901961
88a8a061b5fffff,2023,Penha,5.9
88a8a06209fffff,2007,Itanhangá,4.3
88a8a06209fffff,2013,Itanhangá,5.311267605633803
88a8a06209fffff,2019,Itanhangá,5.72054054054054
88a8a06209fffff,2023,Itanhangá,5.5
88a8a06acbfffff,2007,Caju,4.4035087719298245
88a8a06acbfffff,2013,Caju,4.456597222222222
88a8a06acbfffff,2019,Caju,6.158536585365853
88a8a06acbfffff,2023,Caju,5.8
88a8a0625dfffff,2007,Barra da Tijuca,5.18662109375
88a8a0625dfffff,2013,Barra da Tijuca,5.830245535714286
88a8a0625dfffff,2019,Barra da Tijuca,6.693248945147679
88a8a0625dfffff,2023,Barra da Tijuca,6.7
88a8a02f21fffff,2007,Santa Cruz,4.2447033898305095
88a8a02f21fffff,2013,Santa Cruz,5.370419906687403
88a8a02f21fffff,2019,Santa Cruz,5.620006371455878
88a8a02f21fffff,2023,Santa Cruz,6.0
88a8a062b1fffff,2007,Tanque,4.363245823389021
88a8a062b1fffff,2013,Tanque,5.524742268041238
88a8a062b1fffff,2019,Tanque,5.930030959752322
88a8a062b1fffff,2023,Tanque,6.1
88a8a06305fffff,2007,Alto da Boa Vista,4.605042016806722
88a8a06305fffff,2013,Alto da Boa Vista,5.749557522123895
88a8a06305fffff,2019,Alto da Boa Vista,5.652032520325204
88a8a06305fffff,2023,Alto da Boa Vista,5.9
88a8a03837fffff,2007,Guaratiba,4.2179236043095
88a8a03837fffff,2013,Guaratiba,5.046859296482412
88a8a03837fffff,2019,Guaratiba,5.556527249683144
88a8a03837fffff,2023,Guaratiba,5.9
88a8a07435fffff,2007,Vargem Pequena,4.8
88a8a07435fffff,2013,Vargem Pequena,4.581954887218045
88a8a07435fffff,2019,Vargem Pequena,6.254545454545454
88a8a07435fffff,2023,Vargem Pequena,6.2
88a8a06359fffff,2007,Alto da Boa Vista,4.605042016806722
88a8a06359fffff,2013,Alto da Boa Vista,5.749557522123895
88a8a06359fffff,2019,Alto da Boa Vista,5.652032520325204
88a8a06359fffff,2023,Alto da Boa Vista,5.9
88a8a060c5fffff,2007,Quintino Bocaiúva,4.6922807017543855
88a8a060c5fffff,2013,Quintino Bocaiúva,5.650485436893204
88a8a060c5fffff,2019,Quintino Bocaiúva,5.678378378378379
88a8a060c5fffff,2023,Quintino Bocaiúva,6.3
88a8a07489fffff,2007,Vargem Grande,4.474162679425837
88a8a07489fffff,2013,Vargem Grande,5.8
88a8a07489fffff,2019,Vargem Grande,5.618461538461539
88a8a07489fffff,2023,Vargem Grande,6.2
88a8a074ddfffff,2007,Vargem Grande,4.474162679425837
88a8a074ddfffff,2013,Vargem Grande,5.8
88a8a074ddfffff,2019,Vargem Grande,5.618461538461539
88a8a074ddfffff,2023,Vargem Grande,6.2
88a8a02803fffff,2007,Cosmos,4.556749049429658
88a8a02803fffff,2013,Cosmos,5.233594515181194
88a8a02803fffff,2019,Cosmos,5.436989795918366
88a8a02803fffff,2023,Cosmos,6.0
88a8a03933fffff,2007,Barra de Guaratiba,4.967058823529412
88a8a03933fffff,2013,Barra de Guaratiba,6.324390243902438
88a8a03933fffff,2019,Barra de Guaratiba,6.658035714285714
88a8a03933fffff,2023,Barra de Guaratiba,6.7
88a8a07531fffff,2007,Barra Olímpica,
88a8a07531fffff,2013,Barra Olímpica,
88a8a07531fffff,2019,Barra Olímpica,
88a8a07531fffff,2023,Barra Olímpica,
88a8a02857fffff,2007,Cosmos,4.556749049429658
88a8a02857fffff,2013,Cosmos,5.233594515181194
88a8a02857fffff,2019,Cosmos,5.436989795918366
88a8a02857fffff,2023,Cosmos,6.0
88a8a03987fffff,2007,Guaratiba,4.2179236043095
88a8a03987fffff,2013,Guaratiba,5.046859296482412
88a8a03987fffff,2019,Guaratiba,5.556527249683144
88a8a03987fffff,2023,Guaratiba,5.9
88a8a06455fffff,2007,Bangu,4.583498233215548
88a8a06455fffff,2013,Bangu,5.383494698017521
88a8a06455fffff,2019,Bangu,5.793712772998015
88a8a06455fffff,2023,Bangu,5.8
88a8a07585fffff,2007,Jacarepaguá,4.471293161814489
88a8a07585fffff,2013,Jacarepaguá,5.675222816399288
88a8a07585fffff,2019,Jacarepaguá,6.095016891891893
88a8a07585fffff,2023,Jacarepaguá,6.4
88a8a028abfffff,2007,Paciência,4.397682709447415
88a8a028abfffff,2013,Paciência,5.211933007676204
88a8a028abfffff,2019,Paciência,5.692237442922374
88a8a028abfffff,2023,Paciência,6.4
88a8a075d9fffff,2007,Vargem Grande,4.474162679425837
88a8a075d9fffff,2013,Vargem Grande,5.8
88a8a075d9fffff,2019,Vargem Grande,5.618461538461539
88a8a075d9fffff,2023,Vargem Grande,6.2
88a8a02953fffff,2007,Campo Grande,4.659065288868014
88a8a02953fffff,2013,Campo Grande,5.673055082339578
88a8a02953fffff,2019,Campo Grande,5.976671619613669
88a8a02953fffff,2023,Campo Grande,6.3
88a8a06551fffff,2007,Ricardo de Albuquerque,4.384962406015038
88a8a06551fffff,2013,Ricardo de Albuquerque,5.2
88a8a06551fffff,2019,Ricardo de Albuquerque,
88a8a06551fffff,2023,Ricardo de Albuquerque,5.9
88a8a07681fffff,2007,Vargem Grande,4.474162679425837
88a8a07681fffff,2013,Vargem Grande,5.8
88a8a07681fffff,2019,Vargem Grande,5.618461538461539
88a8a07681fffff,2023,Vargem Grande,6.2
88a8a06e13fffff,2007,Pavuna,4.5800803673938
88a8a06e13fffff,2013,Pavuna,5.306037473976406
88a8a06e13fffff,2019,Pavuna,5.471647509578544
88a8a06e13fffff,2023,Pavuna,5.7
88a8a029a7fffff,2007,Campo Grande,4.659065288868014
88a8a029a7fffff,2013,Campo Grande,5.673055082339578
88a8a029a7fffff,2019,Campo Grande,5.976671619613669
88a8a029a7fffff,2023,Campo Grande,6.3
88a8a076d5fffff,2007,Guaratiba,4.2179236043095
88a8a076d5fffff,2013,Guaratiba,5.046859296482412
88a8a076d5fffff,2019,Guaratiba,5.556527249683144
88a8a076d5fffff,2023,Guaratiba,5.9
88a8a02139fffff,2007,Sepetiba,3.7746509129967776
88a8a02139fffff,2013,Sepetiba,4.8939142461964025
88a8a02139fffff,2019,Sepetiba,5.473479948253558
88a8a02139fffff,2023,Sepetiba,5.7
88a8a06e67fffff,2007,Cordovil,4.34290780141844
88a8a06e67fffff,2013,Cordovil,5.026133909287257
88a8a06e67fffff,2019,Cordovil,5.794583333333334
88a8a06e67fffff,2023,Cordovil,6.0
88a8a0218dfffff,2007,Santa Cruz,4.2447033898305095
88a8a0218dfffff,2013,Santa Cruz,5.370419906687403
88a8a0218dfffff,2019,Santa Cruz,5.620006371455878
88a8a0218dfffff,2023,Santa Cruz,6.0
88a8a0664dfffff,2007,Senador Camará,4.404440649017934
88a8a0664dfffff,2013,Senador Camará,5.228953974895398
88a8a0664dfffff,2019,Senador Camará,5.511260827718961
88a8a0664dfffff,2023,Senador Camará,5.7
88a8a021e1fffff,2007,Santa Cruz,4.2447033898305095
88a8a021e1fffff,2013,Santa Cruz,5.370419906687403
88a8a021e1fffff,2019,Santa Cruz,5.620006371455878
88a8a021e1fffff,2023,Santa Cruz,6.0
88a8a02aa3fffff,2007,Paciência,4.397682709447415
88a8a02aa3fffff,2013,Paciência,5.211933007676204
88a8a02aa3fffff,2019,Paciência,5.692237442922374
88a8a02aa3fffff,2023,Paciência,6.4
88a8a066a1fffff,2007,Bangu,4.583498233215548
88a8a066a1fffff,2013,Bangu,5.383494698017521
88a8a066a1fffff,2019,Bangu,5.793712772998015
88a8a066a1fffff,2023,Bangu,5.8
88a8a02b4bfffff,2007,Guaratiba,4.2179236043095
88a8a02b4bfffff,2013,Guaratiba,5.046859296482412
88a8a02b4bfffff,2019,Guaratiba,5.556527249683144
88a8a02b4bfffff,2023,Guaratiba,5.9
88a8a06749fffff,2007,Taquara,4.865171102661597
88a8a06749fffff,2013,Taquara,5.635502392344497
88a8a06749fffff,2019,Taquara,6.141109709962168
88a8a06749fffff,2023,Taquara,6.2
88a8a078cdfffff,2007,Copacabana,5.423019801980198
88a8a078cdfffff,2013,Copacabana,6.490769230769231
88a8a078cdfffff,2019,Copacabana,6.396923076923076
88a8a078cdfffff,2023,Copacabana,6.4
88a8a070b3fffff,2007,Barra da Tijuca,5.18662109375
88a8a070b3fffff,2013,Barra da Tijuca,5.830245535714286
88a8a070b3fffff,2019,Barra da Tijuca,6.693248945147679
88a8a070b3fffff,2023,Barra da Tijuca,6.7
88a8a0602bfffff,2007,Lins de Vasconcelos,3.9512903225806455
88a8a0602bfffff,2013,Lins de Vasconcelos,4.738383838383839
88a8a0602bfffff,2019,Lins de Vasconcelos,5.158992805755396
88a8a0602bfffff,2023,Lins de Vasconcelos,5.3
88a8a060d3fffff,2007,Vila Valqueire,4.991561181434599
88a8a060d3fffff,2013,Vila Valqueire,5.3203980099502495
88a8a060d3fffff,2019,Vila Valqueire,6.03160621761658
88a8a060d3fffff,2023,Vila Valqueire,6.5
88a8a06127fffff,2007,Caju,4.4035087719298245
88a8a06127fffff,2013,Caju,4.456597222222222
88a8a06127fffff,2019,Caju,6.158536585365853
88a8a06127fffff,2023,Caju,5.8
88a8a06223fffff,2007,Jacarepaguá,4.471293161814489
88a8a06223fffff,2013,Jacarepaguá,5.675222816399288
88a8a06223fffff,2019,Jacarepaguá,6.095016891891893
88a8a06223fffff,2023,Jacarepaguá,6.4
88a8a062cbfffff,2007,Jacarepaguá,4.471293161814489
88a8a062cbfffff,2013,Jacarepaguá,5.675222816399288
88a8a062cbfffff,2019,Jacarepaguá,6.095016891891893
88a8a062cbfffff,2023,Jacarepaguá,6.4
88a8a038a5fffff,2007,Guaratiba,4.2179236043095
88a8a038a5fffff,2013,Guaratiba,5.046859296482412
88a8a038a5fffff,2019,Guaratiba,5.556527249683144
88a8a038a5fffff,2023,Guaratiba,5.9
88a8a074a3fffff,2007,Campo Grande,4.659065288868014
88a8a074a3fffff,2013,Campo Grande,5.673055082339578
88a8a074a3fffff,2019,Campo Grande,5.976671619613669
88a8a074a3fffff,2023,Campo Grande,6.3
88a8a0281dfffff,2007,Cosmos,4.556749049429658
88a8a0281dfffff,2013,Cosmos,5.233594515181194
88a8a0281dfffff,2019,Cosmos,5.436989795918366
88a8a0281dfffff,2023,Cosmos,6.0
88a8a0641bfffff,2007,Gericinó,
88a8a0641bfffff,2013,Gericinó,
88a8a0641bfffff,2019,Gericinó,
88a8a0641bfffff,2023,Gericinó,
88a8a0754bfffff,2007,Barra da Tijuca,5.18662109375
88a8a0754bfffff,2013,Barra da Tijuca,5.830245535714286
88a8a0754bfffff,2019,Barra da Tijuca,6.693248945147679
88a8a0754bfffff,2023,Barra da Tijuca,6.7
88a8a039a1fffff,2007,Ilha de Guaratiba,
88a8a039a1fffff,2013,Ilha de Guaratiba,
88a8a039a1fffff,2019,Ilha de Guaratiba,
88a8a039a1fffff,2023,Ilha de Guaratiba,
88a8a0601dfffff,2007,Água Santa,4.4
88a8a0601dfffff,2013,Água Santa,5.9
88a8a0601dfffff,2019,Água Santa,
88a8a0601dfffff,2023,Água Santa,
88a8a028c5fffff,2007,Paciência,4.397682709447415
88a8a028c5fffff,2013,Paciência,5.211933007676204
88a8a028c5fffff,2019,Paciência,5.692237442922374
88a8a028c5fffff,2023,Paciência,6.4
88a8a02919fffff,2007,Campo Grande,4.659065288868014
88a8a02919fffff,2013,Campo Grande,5.673055082339578
88a8a02919fffff,2019,Campo Grande,5.976671619613669
88a8a02919fffff,2023,Campo Grande,6.3
88a8a0296dfffff,2007,Campo Grande,4.659065288868014
88a8a0296dfffff,2013,Campo Grande,5.673055082339578
88a8a0296dfffff,2019,Campo Grande,5.976671619613669
88a8a0296dfffff,2023,Campo Grande,6.3
88a8a0656bfffff,2007,Guadalupe,4.6788844621513945
88a8a0656bfffff,2013,Guadalupe,5.400598802395209
88a8a0656bfffff,2019,Guadalupe,5.712408759124089
88a8a0656bfffff,2023,Guadalupe,6.1
88a8a0769bfffff,2007,Ilha de Guaratiba,
88a8a0769bfffff,2013,Ilha de Guaratiba,
88a8a0769bfffff,2019,Ilha de Guaratiba,
88a8a0769bfffff,2023,Ilha de Guaratiba,
88a8a06e2dfffff,2007,Cordovil,4.34290780141844
88a8a06e2dfffff,2013,Cordovil,5.026133909287257
88a8a06e2dfffff,2019,Cordovil,5.794583333333334
88a8a06e2dfffff,2023,Cordovil,6.0
88a8a029c1fffff,2007,Campo Grande,4.659065288868014
88a8a029c1fffff,2013,Campo Grande,5.673055082339578
88a8a029c1fffff,2019,Campo Grande,5.976671619613669
88a8a029c1fffff,2023,Campo Grande,6.3
88a8a02a15fffff,2007,Santa Cruz,4.2447033898305095
88a8a02a15fffff,2013,Santa Cruz,5.370419906687403
88a8a02a15fffff,2019,Santa Cruz,5.620006371455878
88a8a02a15fffff,2023,Santa Cruz,6.0
88a8a06613fffff,2007,Senador Camará,4.404440649017934
88a8a06613fffff,2013,Senador Camará,5.228953974895398
88a8a06613fffff,2019,Senador Camará,5.511260827718961
88a8a06613fffff,2023,Senador Camará,5.7
88a8a021a7fffff,2007,Santa Cruz,4.2447033898305095
88a8a021a7fffff,2013,Santa Cruz,5.370419906687403
88a8a021a7fffff,2019,Santa Cruz,5.620006371455878
88a8a021a7fffff,2023,Santa Cruz,6.0
88a8a02a69fffff,2007,Guaratiba,4.2179236043095
88a8a02a69fffff,2013,Guaratiba,5.046859296482412
88a8a02a69fffff,2019,Guaratiba,5.556527249683144
88a8a02a69fffff,2023,Guaratiba,5.9
88a8a06667fffff,2007,Realengo,4.301232285890326
88a8a06667fffff,2013,Realengo,5.14009324009324
88a8a06667fffff,2019,Realengo,5.889386792452831
88a8a06667fffff,2023,Realengo,6.1
88a8a02abdfffff,2007,Santa Cruz,4.2447033898305095
88a8a02abdfffff,2013,Santa Cruz,5.370419906687403
88a8a02abdfffff,2019,Santa Cruz,5.620006371455878
88a8a02abdfffff,2023,Santa Cruz,6.0
88a8a066bbfffff,2007,Bangu,4.583498233215548
88a8a066bbfffff,2013,Bangu,5.383494698017521
88a8a066bbfffff,2019,Bangu,5.793712772998015
88a8a066bbfffff,2023,Bangu,5.8
88a8a02b11fffff,2007,Guaratiba,4.2179236043095
88a8a02b11fffff,2013,Guaratiba,5.046859296482412
88a8a02b11fffff,2019,Guaratiba,5.556527249683144
88a8a02b11fffff,2023,Guaratiba,5.9
88a8a02b65fffff,2007,Guaratiba,4.2179236043095
88a8a02b65fffff,2013,Guaratiba,5.046859296482412
88a8a02b65fffff,2019,Guaratiba,5.556527249683144
88a8a02b65fffff,2023,Guaratiba,5.9
88a8a06763fffff,2007,Jardim Sulacap,5.900000000000001
88a8a06763fffff,2013,Jardim Sulacap,5.599999999999999
88a8a06763fffff,2019,Jardim Sulacap,6.9
88a8a06763fffff,2023,Jardim Sulacap,7.1
88a8a07893fffff,2007,Alto da Boa Vista,4.605042016806722
88a8a07893fffff,2013,Alto da Boa Vista,5.749557522123895
88a8a07893fffff,2019,Alto da Boa Vista,5.652032520325204
88a8a07893fffff,2023,Alto da Boa Vista,5.9
88a8a078e7fffff,2007,Copacabana,5.423019801980198
88a8a078e7fffff,2013,Copacabana,6.490769230769231
88a8a078e7fffff,2019,Copacabana,6.396923076923076
88a8a078e7fffff,2023,Copacabana,6.4
88a8a06045fffff,2007,Jacarepaguá,4.471293161814489
88a8a06045fffff,2013,Jacarepaguá,5.675222816399288
88a8a06045fffff,2019,Jacarepaguá,6.095016891891893
88a8a06045fffff,2023,Jacarepaguá,6.4
88a8a06099fffff,2007,Marechal Hermes,4.5113243761996165
88a8a06099fffff,2013,Marechal Hermes,5.876237623762377
88a8a06099fffff,2019,Marechal Hermes,5.829846153846154
88a8a06099fffff,2023,Marechal Hermes,6.6
88a8a060edfffff,2007,Quintino Bocaiúva,4.6922807017543855
88a8a060edfffff,2013,Quintino Bocaiúva,5.650485436893204
88a8a060edfffff,2019,Quintino Bocaiúva,5.678378378378379
88a8a060edfffff,2023,Quintino Bocaiúva,6.3
88a8a06141fffff,2007,Tijuca,4.602781289506954
88a8a06141fffff,2013,Tijuca,5.272364672364673
88a8a06141fffff,2019,Tijuca,5.694444444444445
88a8a06141fffff,2023,Tijuca,5.9
88a8a06a03fffff,2007,Centro,4.491666666666667
88a8a06a03fffff,2013,Centro,5.1626666666666665
88a8a06a03fffff,2019,Centro,5.708465608465609
88a8a06a03fffff,2023,Centro,6.3
88a8a06195fffff,2007,Engenho da Rainha,4.3253125
88a8a06195fffff,2013,Engenho da Rainha,5.00324074074074
88a8a06195fffff,2019,Engenho da Rainha,5.774545454545455
88a8a06195fffff,2023,Engenho da Rainha,5.9
88a8a06a57fffff,2007,Centro,4.491666666666667
88a8a06a57fffff,2013,Centro,5.1626666666666665
88a8a06a57fffff,2019,Centro,5.708465608465609
88a8a06a57fffff,2023,Centro,6.3
88a8a061e9fffff,2007,Maria da Graça,4.2
88a8a061e9fffff,2013,Maria da Graça,4.3
88a8a061e9fffff,2019,Maria da Graça,5.2
88a8a061e9fffff,2023,Maria da Graça,4.8
88a8a0623dfffff,2007,Jacarepaguá,4.471293161814489
88a8a0623dfffff,2013,Jacarepaguá,5.675222816399288
88a8a0623dfffff,2019,Jacarepaguá,6.095016891891893
88a8a0623dfffff,2023,Jacarepaguá,6.4
88a8a02f01fffff,2007,Santa Cruz,4.2447033898305095
88a8a02f01fffff,2013,Santa Cruz,5.370419906687403
88a8a02f01fffff,2019,Santa Cruz,5.620006371455878
88a8a02f01fffff,2023,Santa Cruz,6.0
88a8a06291fffff,2007,Taquara,4.865171102661597
88a8a06291fffff,2013,Taquara,5.635502392344497
88a8a06291fffff,2019,Taquara,6.141109709962168
88a8a06291fffff,2023,Taquara,6.2
88a8a02f55fffff,2007,Santa Cruz,4.2447033898305095
88a8a02f55fffff,2013,Santa Cruz,5.370419906687403
88a8a02f55fffff,2019,Santa Cruz,5.620006371455878
88a8a02f55fffff,2023,Santa Cruz,6.0
88a8a062e5fffff,2007,Freguesia (Jacarepaguá),4.49554234769688
88a8a062e5fffff,2013,Freguesia (Jacarepaguá),5.698239436619718
88a8a062e5fffff,2019,Freguesia (Jacarepaguá),5.745387453874539
88a8a062e5fffff,2023,Freguesia (Jacarepaguá),6.0
88a8a03817fffff,2007,Guaratiba,4.2179236043095
88a8a03817fffff,2013,Guaratiba,5.046859296482412
88a8a03817fffff,2019,Guaratiba,5.556527249683144
88a8a03817fffff,2023,Guaratiba,5.9
88a8a07415fffff,2007,Vargem Pequena,4.8
88a8a07415fffff,2013,Vargem Pequena,4.581954887218045
88a8a07415fffff,2019,Vargem Pequena,6.254545454545454
88a8a07415fffff,2023,Vargem Pequena,6.2
88a8a06339fffff,2007,Alto da Boa Vista,4.605042016806722
88a8a06339fffff,2013,Alto da Boa Vista,5.749557522123895
88a8a06339fffff,2019,Alto da Boa Vista,5.652032520325204
88a8a06339fffff,2023,Alto da Boa Vista,5.9
88a8a07469fffff,2007,Barra da Tijuca,5.18662109375
88a8a07469fffff,2013,Barra da Tijuca,5.830245535714286
88a8a07469fffff,2019,Barra da Tijuca,6.693248945147679
88a8a07469fffff,2023,Barra da Tijuca,6.7
88a8a074bdfffff,2007,Campo Grande,4.659065288868014
88a8a074bdfffff,2013,Campo Grande,5.673055082339578
88a8a074bdfffff,2019,Campo Grande,5.976671619613669
88a8a074bdfffff,2023,Campo Grande,6.3
88a8a03913fffff,2007,Guaratiba,4.2179236043095
88a8a03913fffff,2013,Guaratiba,5.046859296482412
88a8a03913fffff,2019,Guaratiba,5.556527249683144
88a8a03913fffff,2023,Guaratiba,5.9
88a8a07511fffff,2007,Jacarepaguá,4.471293161814489
88a8a07511fffff,2013,Jacarepaguá,5.675222816399288
88a8a07511fffff,2019,Jacarepaguá,6.095016891891893
88a8a07511fffff,2023,Jacarepaguá,6.4
88a8a02837fffff,2007,Campo Grande,4.659065288868014
88a8a02837fffff,2013,Campo Grande,5.673055082339578
88a8a02837fffff,2019,Campo Grande,5.976671619613669
88a8a02837fffff,2023,Campo Grande,6.3
88a8a07565fffff,2007,Barra da Tijuca,5.18662109375
88a8a07565fffff,2013,Barra da Tijuca,5.830245535714286
88a8a07565fffff,2019,Barra da Tijuca,6.693248945147679
88a8a07565fffff,2023,Barra da Tijuca,6.7
88a8a0288bfffff,2007,Paciência,4.397682709447415
88a8a0288bfffff,2013,Paciência,5.211933007676204
88a8a0288bfffff,2019,Paciência,5.692237442922374
88a8a0288bfffff,2023,Paciência,6.4
88a8a039bbfffff,2007,Guaratiba,4.2179236043095
88a8a039bbfffff,2013,Guaratiba,5.046859296482412
88a8a039bbfffff,2019,Guaratiba,5.556527249683144
88a8a039bbfffff,2023,Guaratiba,5.9
88a8a075b9fffff,2007,Jacarepaguá,4.471293161814489
88a8a075b9fffff,2013,Jacarepaguá,5.675222816399288
88a8a075b9fffff,2019,Jacarepaguá,6.095016891891893
88a8a075b9fffff,2023,Jacarepaguá,6.4
88a8a02933fffff,2007,Campo Grande,4.659065288868014
88a8a02933fffff,2013,Campo Grande,5.673055082339578
88a8a02933fffff,2019,Campo Grande,5.976671619613669
88a8a02933fffff,2023,Campo Grande,6.3
88a8a02987fffff,2007,Campo Grande,4.659065288868014
88a8a02987fffff,2013,Campo Grande,5.673055082339578
88a8a02987fffff,2019,Campo Grande,5.976671619613669
88a8a02987fffff,2023,Campo Grande,6.3
88a8a076b5fffff,2007,Vargem Grande,4.474162679425837
88a8a076b5fffff,2013,Vargem Grande,5.8
88a8a076b5fffff,2019,Vargem Grande,5.618461538461539
88a8a076b5fffff,2023,Vargem Grande,6.2
88a8a06e47fffff,2007,Irajá,4.703466076696165
88a8a06e47fffff,2013,Irajá,5.436387434554974
88a8a06e47fffff,2019,Irajá,6.068776824034335
88a8a06e47fffff,2023,Irajá,6.2
88a8a029dbfffff,2007,Campo Grande,4.659065288868014
88a8a029dbfffff,2013,Campo Grande,5.673055082339578
88a8a029dbfffff,2019,Campo Grande,5.976671619613669
88a8a029dbfffff,2023,Campo Grande,6.3
88a8a0662dfffff,2007,Padre Miguel,4.804448105436573
88a8a0662dfffff,2013,Padre Miguel,5.714128440366972
88a8a0662dfffff,2019,Padre Miguel,5.70586011342155
88a8a0662dfffff,2023,Padre Miguel,5.9
88a8a021c1fffff,2007,Santa Cruz,4.2447033898305095
88a8a021c1fffff,2013,Santa Cruz,5.370419906687403
88a8a021c1fffff,2019,Santa Cruz,5.620006371455878
88a8a021c1fffff,2023,Santa Cruz,6.0
88a8a02a83fffff,2007,Santa Cruz,4.2447033898305095
88a8a02a83fffff,2013,Santa Cruz,5.370419906687403
88a8a02a83fffff,2019,Santa Cruz,5.620006371455878
88a8a02a83fffff,2023,Santa Cruz,6.0
88a8a06681fffff,2007,Campo Grande,4.659065288868014
88a8a06681fffff,2013,Campo Grande,5.673055082339578
88a8a06681fffff,2019,Campo Grande,5.976671619613669
88a8a06681fffff,2023,Campo Grande,6.3
88a8a06f43fffff,2007,Penha,4.487165178571429
88a8a06f43fffff,2013,Penha,4.93076923076923
88a8a06f43fffff,2019,Penha,5.623137254901961
88a8a06f43fffff,2023,Penha,5.9
88a8a02ad7fffff,2007,Santa Cruz,4.2447033898305095
88a8a02ad7fffff,2013,Santa Cruz,5.370419906687403
88a8a02ad7fffff,2019,Santa Cruz,5.620006371455878
88a8a02ad7fffff,2023,Santa Cruz,6.0
88a8a066d5fffff,2007,Campo Grande,4.659065288868014
88a8a066d5fffff,2013,Campo Grande,5.673055082339578
88a8a066d5fffff,2019,Campo Grande,5.976671619613669
88a8a066d5fffff,2023,Campo Grande,6.3
88a8a02b2bfffff,2007,Guaratiba,4.2179236043095
88a8a02b2bfffff,2013,Guaratiba,5.046859296482412
88a8a02b2bfffff,2019,Guaratiba,5.556527249683144
88a8a02b2bfffff,2023,Guaratiba,5.9
88a8a06729fffff,2007,Campo dos Afonsos,5.023030303030303
88a8a06729fffff,2013,Campo dos Afonsos,5.412903225806452
88a8a06729fffff,2019,Campo dos Afonsos,5.8
88a8a06729fffff,2023,Campo dos Afonsos,6.6
88a8a078adfffff,2007,Urca,5.882666666666667
88a8a078adfffff,2013,Urca,6.45
88a8a078adfffff,2019,Urca,6.678461538461539
88a8a078adfffff,2023,Urca,7.2
88a8a07093fffff,2007,Barra da Tijuca,5.18662109375
88a8a07093fffff,2013,Barra da Tijuca,5.830245535714286
88a8a07093fffff,2019,Barra da Tijuca,6.693248945147679
88a8a07093fffff,2023,Barra da Tijuca,6.7
88a8a0600bfffff,2007,Jacarepaguá,4.471293161814489
88a8a0600bfffff,2013,Jacarepaguá,5.675222816399288
88a8a0600bfffff,2019,Jacarepaguá,6.095016891891893
88a8a0600bfffff,2023,Jacarepaguá,6.4
88a8a060b3fffff,2007,Rocha Miranda,4.656847545219639
88a8a060b3fffff,2013,Rocha Miranda,5.227272727272728
88a8a060b3fffff,2019,Rocha Miranda,5.5619565217391305
88a8a060b3fffff,2023,Rocha Miranda,5.7
88a8a06107fffff,2007,Mangueira,
88a8a06107fffff,2013,Mangueira,
88a8a06107fffff,2019,Mangueira,
88a8a06107fffff,2023,Mangueira,
88a8a0615bfffff,2007,Grajaú,5.020477815699659
88a8a0615bfffff,2013,Grajaú,5.090365448504984
88a8a0615bfffff,2019,Grajaú,5.921487603305785
88a8a0615bfffff,2023,Grajaú,5.8
88a8a06a1dfffff,2007,Gamboa,4.0
88a8a06a1dfffff,2013,Gamboa,4.3
88a8a06a1dfffff,2019,Gamboa,5.5
88a8a06a1dfffff,2023,Gamboa,5.7
88a8a06203fffff,2007,Jacarepaguá,4.471293161814489
88a8a06203fffff,2013,Jacarepaguá,5.675222816399288
88a8a06203fffff,2019,Jacarepaguá,6.095016891891893
88a8a06203fffff,2023,Jacarepaguá,6.4
88a8a06257fffff,2007,Jacarepaguá,4.471293161814489
88a8a06257fffff,2013,Jacarepaguá,5.675222816399288
88a8a06257fffff,2019,Jacarepaguá,6.095016891891893
88a8a06257fffff,2023,Jacarepaguá,6.4
88a8a062abfffff,2007,Tanque,4.363245823389021
88a8a062abfffff,2013,Tanque,5.524742268041238
88a8a062abfffff,2019,Tanque,5.930030959752322
88a8a062abfffff,2023,Tanque,6.1
88a8a03831fffff,2007,Guaratiba,4.2179236043095
88a8a03831fffff,2013,Guaratiba,5.046859296482412
88a8a03831fffff,2019,Guaratiba,5.556527249683144
88a8a03831fffff,2023,Guaratiba,5.9
88a8a06353fffff,2007,Alto da Boa Vista,4.605042016806722
88a8a06353fffff,2013,Alto da Boa Vista,5.749557522123895
88a8a06353fffff,2019,Alto da Boa Vista,5.652032520325204
88a8a06353fffff,2023,Alto da Boa Vista,5.9
88a8a07483fffff,2007,Campo Grande,4.659065288868014
88a8a07483fffff,2013,Campo Grande,5.673055082339578
88a8a07483fffff,2019,Campo Grande,5.976671619613669
88a8a07483fffff,2023,Campo Grande,6.3
88a8a074d7fffff,2007,Campo Grande,4.659065288868014
88a8a074d7fffff,2013,Campo Grande,5.673055082339578
88a8a074d7fffff,2019,Campo Grande,5.976671619613669
88a8a074d7fffff,2023,Campo Grande,6.3
88a8a0752bfffff,2007,Barra da Tijuca,5.18662109375
88a8a0752bfffff,2013,Barra da Tijuca,5.830245535714286
88a8a0752bfffff,2019,Barra da Tijuca,6.693248945147679
88a8a0752bfffff,2023,Barra da Tijuca,6.7
88a8a02851fffff,2007,Paciência,4.397682709447415
88a8a02851fffff,2013,Paciência,5.211933007676204
88a8a02851fffff,2019,Paciência,5.692237442922374
88a8a02851fffff,2023,Paciência,6.4
88a8a03981fffff,2007,Guaratiba,4.2179236043095
88a8a03981fffff,2013,Guaratiba,5.046859296482412
88a8a03981fffff,2019,Guaratiba,5.556527249683144
88a8a03981fffff,2023,Guaratiba,5.9
88a8a039d5fffff,2007,Guaratiba,4.2179236043095
88a8a039d5fffff,2013,Guaratiba,5.046859296482412
88a8a039d5fffff,2019,Guaratiba,5.556527249683144
88a8a039d5fffff,2023,Guaratiba,5.9
88a8a075d3fffff,2007,Jacarepaguá,4.471293161814489
88a8a075d3fffff,2013,Jacarepaguá,5.675222816399288
88a8a075d3fffff,2019,Jacarepaguá,6.095016891891893
88a8a075d3fffff,2023,Jacarepaguá,6.4
88a8a0294dfffff,2007,Campo Grande,4.659065288868014
88a8a0294dfffff,2013,Campo Grande,5.673055082339578
88a8a0294dfffff,2019,Campo Grande,5.976671619613669
88a8a0294dfffff,2023,Campo Grande,6.3
88a8a0654bfffff,2007,Vila Militar,4.218367346938775
88a8a0654bfffff,2013,Vila Militar,5.1
88a8a0654bfffff,2019,Vila Militar,6.5
88a8a0654bfffff,2023,Vila Militar,6.2
88a8a06e0dfffff,2007,Vista Alegre,4.7
88a8a06e0dfffff,2013,Vista Alegre,6.1
88a8a06e0dfffff,2019,Vista Alegre,6.2
88a8a06e0dfffff,2023,Vista Alegre,
88a8a029a1fffff,2007,Campo Grande,4.659065288868014
88a8a029a1fffff,2013,Campo Grande,5.673055082339578
88a8a029a1fffff,2019,Campo Grande,5.976671619613669
88a8a029a1fffff,2023,Campo Grande,6.3
88a8a02133fffff,2007,Santa Cruz,4.2447033898305095
88a8a02133fffff,2013,Santa Cruz,5.370419906687403
88a8a02133fffff,2019,Santa Cruz,5.620006371455878
88a8a02133fffff,2023,Santa Cruz,6.0
88a8a06e61fffff,2007,Brás de Pina,4.87202166064982
88a8a06e61fffff,2013,Brás de Pina,5.331372549019608
88a8a06e61fffff,2019,Brás de Pina,5.790155440414508
88a8a06e61fffff,2023,Brás de Pina,6.3
88a8a02187fffff,2007,Santa Cruz,4.2447033898305095
88a8a02187fffff,2013,Santa Cruz,5.370419906687403
88a8a02187fffff,2019,Santa Cruz,5.620006371455878
88a8a02187fffff,2023,Santa Cruz,6.0
88a8a02a49fffff,2007,Pedra de Guaratiba,4.313780918727916
88a8a02a49fffff,2013,Pedra de Guaratiba,5.543712574850299
88a8a02a49fffff,2019,Pedra de Guaratiba,5.72972972972973
88a8a02a49fffff,2023,Pedra de Guaratiba,6.4
88a8a06647fffff,2007,Bangu,4.583498233215548
88a8a06647fffff,2013,Bangu,5.383494698017521
88a8a06647fffff,2019,Bangu,5.793712772998015
88a8a06647fffff,2023,Bangu,5.8
88a8a02a9dfffff,2007,Santa Cruz,4.2447033898305095
88a8a02a9dfffff,2013,Santa Cruz,5.370419906687403
88a8a02a9dfffff,2019,Santa Cruz,5.620006371455878
88a8a02a9dfffff,2023,Santa Cruz,6.0
88a8a0673bfffff,2007,Realengo,4.301232285890326
88a8a0673bfffff,2013,Realengo,5.14009324009324
88a8a0673bfffff,2019,Realengo,5.889386792452831
88a8a0673bfffff,2023,Realengo,6.1
88a8a0669bfffff,2007,Campo Grande,4.659065288868014
88a8a0669bfffff,2013,Campo Grande,5.673055082339578
88a8a0669bfffff,2019,Campo Grande,5.976671619613669
88a8a0669bfffff,2023,Campo Grande,6.3
88a8a06f5dfffff,2007,Penha,4.487165178571429
88a8a06f5dfffff,2013,Penha,4.93076923076923
88a8a06f5dfffff,2019,Penha,5.623137254901961
88a8a06f5dfffff,2023,Penha,5.9
88a8a02b45fffff,2007,Guaratiba,4.2179236043095
88a8a02b45fffff,2013,Guaratiba,5.046859296482412
88a8a02b45fffff,2019,Guaratiba,5.556527249683144
88a8a02b45fffff,2023,Guaratiba,5.9
88a8a02b3dfffff,2007,Campo Grande,4.659065288868014
88a8a02b3dfffff,2013,Campo Grande,5.673055082339578
88a8a02b3dfffff,2019,Campo Grande,5.976671619613669
88a8a02b3dfffff,2023,Campo Grande,6.3
88a8a06743fffff,2007,Jardim Sulacap,5.900000000000001
88a8a06743fffff,2013,Jardim Sulacap,5.599999999999999
88a8a06743fffff,2019,Jardim Sulacap,6.9
88a8a06743fffff,2023,Jardim Sulacap,7.1
88a8a078c7fffff,2007,Copacabana,5.423019801980198
88a8a078c7fffff,2013,Copacabana,6.490769230769231
88a8a078c7fffff,2019,Copacabana,6.396923076923076
88a8a078c7fffff,2023,Copacabana,6.4
88a8a06025fffff,2007,Engenho Novo,4.514341085271317
88a8a06025fffff,2013,Engenho Novo,5.510869565217392
88a8a06025fffff,2019,Engenho Novo,5.768852459016393
88a8a06025fffff,2023,Engenho Novo,5.5
88a8a060cdfffff,2007,Praça Seca,4.354829931972789
88a8a060cdfffff,2013,Praça Seca,5.095320623916811
88a8a060cdfffff,2019,Praça Seca,5.918089430894309
88a8a060cdfffff,2023,Praça Seca,5.9
88a8a06121fffff,2007,Imperial de São Cristóvão,5.111506849315068
88a8a06121fffff,2013,Imperial de São Cristóvão,5.681226053639847
88a8a06121fffff,2019,Imperial de São Cristóvão,6.024773413897281
88a8a06121fffff,2023,Imperial de São Cristóvão,6.2
88a8a061c9fffff,2007,Todos os Santos,5.2
88a8a061c9fffff,2013,Todos os Santos,5.7
88a8a061c9fffff,2019,Todos os Santos,
88a8a061c9fffff,2023,Todos os Santos,
88a8a0621dfffff,2007,Anil,5.4
88a8a0621dfffff,2013,Anil,5.450773195876289
88a8a0621dfffff,2019,Anil,6.125901639344262
88a8a0621dfffff,2023,Anil,6.2
88a8a062c5fffff,2007,Cidade de Deus,4.125268817204301
88a8a062c5fffff,2013,Cidade de Deus,4.5997171145686
88a8a062c5fffff,2019,Cidade de Deus,5.412690355329949
88a8a062c5fffff,2023,Cidade de Deus,5.8
88a8a06319fffff,2007,Alto da Boa Vista,4.605042016806722
88a8a06319fffff,2013,Alto da Boa Vista,5.749557522123895
88a8a06319fffff,2019,Alto da Boa Vista,5.652032520325204
88a8a06319fffff,2023,Alto da Boa Vista,5.9
88a8a07449fffff,2007,Recreio dos Bandeirantes,4.602747252747253
88a8a07449fffff,2013,Recreio dos Bandeirantes,5.290909090909091
88a8a07449fffff,2019,Recreio dos Bandeirantes,5.86896551724138
88a8a07449fffff,2023,Recreio dos Bandeirantes,6.1
88a8a0636dfffff,2007,Gávea,5.081385281385282
88a8a0636dfffff,2013,Gávea,5.462171052631579
88a8a0636dfffff,2019,Gávea,6.071153846153846
88a8a0636dfffff,2023,Gávea,6.1
88a8a0749dfffff,2007,Campo Grande,4.659065288868014
88a8a0749dfffff,2013,Campo Grande,5.673055082339578
88a8a0749dfffff,2019,Campo Grande,5.976671619613669
88a8a0749dfffff,2023,Campo Grande,6.3
88a8a02817fffff,2007,Paciência,4.397682709447415
88a8a02817fffff,2013,Paciência,5.211933007676204
88a8a02817fffff,2019,Paciência,5.692237442922374
88a8a02817fffff,2023,Paciência,6.4
88a8a07545fffff,2007,Barra da Tijuca,5.18662109375
88a8a07545fffff,2013,Barra da Tijuca,5.830245535714286
88a8a07545fffff,2019,Barra da Tijuca,6.693248945147679
88a8a07545fffff,2023,Barra da Tijuca,6.7
88a8a0286bfffff,2007,Inhoaíba,4.513713713713713
88a8a0286bfffff,2013,Inhoaíba,5.646229050279329
88a8a0286bfffff,2019,Inhoaíba,5.707640750670241
88a8a0286bfffff,2023,Inhoaíba,6.0
88a8a066e7fffff,2007,Vila Kennedy,4.60936768149883
88a8a066e7fffff,2013,Vila Kennedy,5.191237113402061
88a8a066e7fffff,2019,Vila Kennedy,5.233559322033899
88a8a066e7fffff,2023,Vila Kennedy,5.6
88a8a06469fffff,2007,Realengo,4.301232285890326
88a8a06469fffff,2013,Realengo,5.14009324009324
88a8a06469fffff,2019,Realengo,5.889386792452831
88a8a06469fffff,2023,Realengo,6.1
88a8a0399bfffff,2007,Guaratiba,4.2179236043095
88a8a0399bfffff,2013,Guaratiba,5.046859296482412
88a8a0399bfffff,2019,Guaratiba,5.556527249683144
88a8a0399bfffff,2023,Guaratiba,5.9
88a8a07599fffff,2007,Jacarepaguá,4.471293161814489
88a8a07599fffff,2013,Jacarepaguá,5.675222816399288
88a8a07599fffff,2019,Jacarepaguá,6.095016891891893
88a8a07599fffff,2023,Jacarepaguá,6.4
88a8a02ae9fffff,2007,Santa Cruz,4.2447033898305095
88a8a02ae9fffff,2013,Santa Cruz,5.370419906687403
88a8a02ae9fffff,2019,Santa Cruz,5.620006371455878
88a8a02ae9fffff,2023,Santa Cruz,6.0
88a8a075edfffff,2007,Jacarepaguá,4.471293161814489
88a8a075edfffff,2013,Jacarepaguá,5.675222816399288
88a8a075edfffff,2019,Jacarepaguá,6.095016891891893
88a8a075edfffff,2023,Jacarepaguá,6.4
88a8a02913fffff,2007,Campo Grande,4.659065288868014
88a8a02913fffff,2013,Campo Grande,5.673055082339578
88a8a02913fffff,2019,Campo Grande,5.976671619613669
88a8a02913fffff,2023,Campo Grande,6.3
88a8a020a5fffff,2007,Santa Cruz,4.2447033898305095
88a8a020a5fffff,2013,Santa Cruz,5.370419906687403
88a8a020a5fffff,2019,Santa Cruz,5.620006371455878
88a8a020a5fffff,2023,Santa Cruz,6.0
88a8a06f55fffff,2007,Penha,4.487165178571429
88a8a06f55fffff,2013,Penha,4.93076923076923
88a8a06f55fffff,2019,Penha,5.623137254901961
88a8a06f55fffff,2023,Penha,5.9
88a8a02967fffff,2007,Campo Grande,4.659065288868014
88a8a02967fffff,2013,Campo Grande,5.673055082339578
88a8a02967fffff,2019,Campo Grande,5.976671619613669
88a8a02967fffff,2023,Campo Grande,6.3
88a8a06565fffff,2007,Honório Gurgel,4.171548117154812
88a8a06565fffff,2013,Honório Gurgel,5.0814814814814815
88a8a06565fffff,2019,Honório Gurgel,5.461151079136692
88a8a06565fffff,2023,Honório Gurgel,6.0
88a8a07695fffff,2007,Guaratiba,4.2179236043095
88a8a07695fffff,2013,Guaratiba,5.046859296482412
88a8a07695fffff,2019,Guaratiba,5.556527249683144
88a8a07695fffff,2023,Guaratiba,5.9
88a8a076e9fffff,2007,Recreio dos Bandeirantes,4.602747252747253
88a8a076e9fffff,2013,Recreio dos Bandeirantes,5.290909090909091
88a8a076e9fffff,2019,Recreio dos Bandeirantes,5.86896551724138
88a8a076e9fffff,2023,Recreio dos Bandeirantes,6.1
88a8a0660dfffff,2007,Bangu,4.583498233215548
88a8a0660dfffff,2013,Bangu,5.383494698017521
88a8a0660dfffff,2019,Bangu,5.793712772998015
88a8a0660dfffff,2023,Bangu,5.8
88a8a021a1fffff,2007,Santa Cruz,4.2447033898305095
88a8a021a1fffff,2013,Santa Cruz,5.370419906687403
88a8a021a1fffff,2019,Santa Cruz,5.620006371455878
88a8a021a1fffff,2023,Santa Cruz,6.0
88a8a02a63fffff,2007,Guaratiba,4.2179236043095
88a8a02a63fffff,2013,Guaratiba,5.046859296482412
88a8a02a63fffff,2019,Guaratiba,5.556527249683144
88a8a02a63fffff,2023,Guaratiba,5.9
88a8a06661fffff,2007,Realengo,4.301232285890326
88a8a06661fffff,2013,Realengo,5.14009324009324
88a8a06661fffff,2019,Realengo,5.889386792452831
88a8a06661fffff,2023,Realengo,6.1
88a8a02ab7fffff,2007,Santa Cruz,4.2447033898305095
88a8a02ab7fffff,2013,Santa Cruz,5.370419906687403
88a8a02ab7fffff,2019,Santa Cruz,5.620006371455878
88a8a02ab7fffff,2023,Santa Cruz,6.0
88a8a066b5fffff,2007,Bangu,4.583498233215548
88a8a066b5fffff,2013,Bangu,5.383494698017521
88a8a066b5fffff,2019,Bangu,5.793712772998015
88a8a066b5fffff,2023,Bangu,5.8
88a8a02b0bfffff,2007,Guaratiba,4.2179236043095
88a8a02b0bfffff,2013,Guaratiba,5.046859296482412
88a8a02b0bfffff,2019,Guaratiba,5.556527249683144
88a8a02b0bfffff,2023,Guaratiba,5.9
88a8a06693fffff,2007,Campo Grande,4.659065288868014
88a8a06693fffff,2013,Campo Grande,5.673055082339578
88a8a06693fffff,2019,Campo Grande,5.976671619613669
88a8a06693fffff,2023,Campo Grande,6.3
88a8a06709fffff,2007,Realengo,4.301232285890326
88a8a06709fffff,2013,Realengo,5.14009324009324
88a8a06709fffff,2019,Realengo,5.889386792452831
88a8a06709fffff,2023,Realengo,6.1
88a8a0675dfffff,2007,Realengo,4.301232285890326
88a8a0675dfffff,2013,Realengo,5.14009324009324
88a8a0675dfffff,2019,Realengo,5.889386792452831
88a8a0675dfffff,2023,Realengo,6.1
88a8a0788dfffff,2007,Botafogo,4.536813186813187
88a8a0788dfffff,2013,Botafogo,5.688028169014085
88a8a0788dfffff,2019,Botafogo,5.928318584070796
88a8a0788dfffff,2023,Botafogo,6.0
88a8a02a95fffff,2007,Santa Cruz,4.2447033898305095
88a8a02a95fffff,2013,Santa Cruz,5.370419906687403
88a8a02a95fffff,2019,Santa Cruz,5.620006371455878
88a8a02a95fffff,2023,Santa Cruz,6.0
88a8a078e1fffff,2007,Copacabana,5.423019801980198
88a8a078e1fffff,2013,Copacabana,6.490769230769231
88a8a078e1fffff,2019,Copacabana,6.396923076923076
88a8a078e1fffff,2023,Copacabana,6.4
88a8a06093fffff,2007,Marechal Hermes,4.5113243761996165
88a8a06093fffff,2013,Marechal Hermes,5.876237623762377
88a8a06093fffff,2019,Marechal Hermes,5.829846153846154
88a8a06093fffff,2023,Marechal Hermes,6.6
88a8a060e7fffff,2007,Cascadura,4.344242424242424
88a8a060e7fffff,2013,Cascadura,5.079061371841156
88a8a060e7fffff,2019,Cascadura,5.957142857142858
88a8a060e7fffff,2023,Cascadura,6.2
88a8a0613bfffff,2007,Rocha,4.9845070422535205
88a8a0613bfffff,2013,Rocha,5.229931972789116
88a8a0613bfffff,2019,Rocha,5.445355191256831
88a8a0613bfffff,2023,Rocha,5.7
88a8a06a51fffff,2007,Cidade Nova,
88a8a06a51fffff,2013,Cidade Nova,
88a8a06a51fffff,2019,Cidade Nova,
88a8a06a51fffff,2023,Cidade Nova,
88a8a061e3fffff,2007,Higienópolis,4.611069418386491
88a8a061e3fffff,2013,Higienópolis,4.761230769230769
88a8a061e3fffff,2019,Higienópolis,5.551867219917012
88a8a061e3fffff,2023,Higienópolis,6.0
88a8a06237fffff,2007,Jacarepaguá,4.471293161814489
88a8a06237fffff,2013,Jacarepaguá,5.675222816399288
88a8a06237fffff,2019,Jacarepaguá,6.095016891891893
88a8a06237fffff,2023,Jacarepaguá,6.4
88a8a0628bfffff,2007,Taquara,4.865171102661597
88a8a0628bfffff,2013,Taquara,5.635502392344497
88a8a0628bfffff,2019,Taquara,6.141109709962168
88a8a0628bfffff,2023,Taquara,6.2
88a8a06333fffff,2007,Andaraí,4.791988950276243
88a8a06333fffff,2013,Andaraí,5.453252032520325
88a8a06333fffff,2019,Andaraí,5.85934065934066
88a8a06333fffff,2023,Andaraí,6.0
88a8a07463fffff,2007,Recreio dos Bandeirantes,4.602747252747253
88a8a07463fffff,2013,Recreio dos Bandeirantes,5.290909090909091
88a8a07463fffff,2019,Recreio dos Bandeirantes,5.86896551724138
88a8a07463fffff,2023,Recreio dos Bandeirantes,6.1
88a8a074b7fffff,2007,Senador Camará,4.404440649017934
88a8a074b7fffff,2013,Senador Camará,5.228953974895398
88a8a074b7fffff,2019,Senador Camará,5.511260827718961
88a8a074b7fffff,2023,Senador Camará,5.7
88a8a021d3fffff,2007,Santa Cruz,4.2447033898305095
88a8a021d3fffff,2013,Santa Cruz,5.370419906687403
88a8a021d3fffff,2019,Santa Cruz,5.620006371455878
88a8a021d3fffff,2023,Santa Cruz,6.0
88a8a0750bfffff,2007,Barra da Tijuca,5.18662109375
88a8a0750bfffff,2013,Barra da Tijuca,5.830245535714286
88a8a0750bfffff,2019,Barra da Tijuca,6.693248945147679
88a8a0750bfffff,2023,Barra da Tijuca,6.7
88a8a02831fffff,2007,Cosmos,4.556749049429658
88a8a02831fffff,2013,Cosmos,5.233594515181194
88a8a02831fffff,2019,Cosmos,5.436989795918366
88a8a02831fffff,2023,Cosmos,6.0
88a8a02885fffff,2007,Paciência,4.397682709447415
88a8a02885fffff,2013,Paciência,5.211933007676204
88a8a02885fffff,2019,Paciência,5.692237442922374
88a8a02885fffff,2023,Paciência,6.4
88a8a039b5fffff,2007,Ilha de Guaratiba,
88a8a039b5fffff,2013,Ilha de Guaratiba,
88a8a039b5fffff,2019,Ilha de Guaratiba,
88a8a039b5fffff,2023,Ilha de Guaratiba,
88a8a075b3fffff,2007,Jacarepaguá,4.471293161814489
88a8a075b3fffff,2013,Jacarepaguá,5.675222816399288
88a8a075b3fffff,2019,Jacarepaguá,6.095016891891893
88a8a075b3fffff,2023,Jacarepaguá,6.4
88a8a028d9fffff,2007,Santa Cruz,4.2447033898305095
88a8a028d9fffff,2013,Santa Cruz,5.370419906687403
88a8a028d9fffff,2019,Santa Cruz,5.620006371455878
88a8a028d9fffff,2023,Santa Cruz,6.0
88a8a0292dfffff,2007,Campo Grande,4.659065288868014
88a8a0292dfffff,2013,Campo Grande,5.673055082339578
88a8a0292dfffff,2019,Campo Grande,5.976671619613669
88a8a0292dfffff,2023,Campo Grande,6.3
88a8a02a41fffff,2007,Guaratiba,4.2179236043095
88a8a02a41fffff,2013,Guaratiba,5.046859296482412
88a8a02a41fffff,2019,Guaratiba,5.556527249683144
88a8a02a41fffff,2023,Guaratiba,5.9
88a8a0652bfffff,2007,Costa Barros,3.9616541353383457
88a8a0652bfffff,2013,Costa Barros,4.160256410256411
88a8a0652bfffff,2019,Costa Barros,4.88375
88a8a0652bfffff,2023,Costa Barros,5.2
88a8a02981fffff,2007,Campo Grande,4.659065288868014
88a8a02981fffff,2013,Campo Grande,5.673055082339578
88a8a02981fffff,2019,Campo Grande,5.976671619613669
88a8a02981fffff,2023,Campo Grande,6.3
88a8a02113fffff,2007,Santa Cruz,4.2447033898305095
88a8a02113fffff,2013,Santa Cruz,5.370419906687403
88a8a02113fffff,2019,Santa Cruz,5.620006371455878
88a8a02113fffff,2023,Santa Cruz,6.0
88a8a06e41fffff,2007,Irajá,4.703466076696165
88a8a06e41fffff,2013,Irajá,5.436387434554974
88a8a06e41fffff,2019,Irajá,6.068776824034335
88a8a06e41fffff,2023,Irajá,6.2
88a8a029d5fffff,2007,Campo Grande,4.659065288868014
88a8a029d5fffff,2013,Campo Grande,5.673055082339578
88a8a029d5fffff,2019,Campo Grande,5.976671619613669
88a8a029d5fffff,2023,Campo Grande,6.3
88a8a02167fffff,2007,Guaratiba,4.2179236043095
88a8a02167fffff,2013,Guaratiba,5.046859296482412
88a8a02167fffff,2019,Guaratiba,5.556527249683144
88a8a02167fffff,2023,Guaratiba,5.9
88a8a02a29fffff,2007,Guaratiba,4.2179236043095
88a8a02a29fffff,2013,Guaratiba,5.046859296482412
88a8a02a29fffff,2019,Guaratiba,5.556527249683144
88a8a02a29fffff,2023,Guaratiba,5.9
88a8a06627fffff,2007,Padre Miguel,4.804448105436573
88a8a06627fffff,2013,Padre Miguel,5.714128440366972
88a8a06627fffff,2019,Padre Miguel,5.70586011342155
88a8a06627fffff,2023,Padre Miguel,5.9
88a8a021bbfffff,2007,Santa Cruz,4.2447033898305095
88a8a021bbfffff,2013,Santa Cruz,5.370419906687403
88a8a021bbfffff,2019,Santa Cruz,5.620006371455878
88a8a021bbfffff,2023,Santa Cruz,6.0
88a8a02ad1fffff,2007,Santa Cruz,4.2447033898305095
88a8a02ad1fffff,2013,Santa Cruz,5.370419906687403
88a8a02ad1fffff,2019,Santa Cruz,5.620006371455878
88a8a02ad1fffff,2023,Santa Cruz,6.0
88a8a02b25fffff,2007,Guaratiba,4.2179236043095
88a8a02b25fffff,2013,Guaratiba,5.046859296482412
88a8a02b25fffff,2019,Guaratiba,5.556527249683144
88a8a02b25fffff,2023,Guaratiba,5.9
88a8a06723fffff,2007,Vila Militar,4.218367346938775
88a8a06723fffff,2013,Vila Militar,5.1
88a8a06723fffff,2019,Vila Militar,6.5
88a8a06723fffff,2023,Vila Militar,6.2
88a8a078a7fffff,2007,Flamengo,4.686163522012579
88a8a078a7fffff,2013,Flamengo,6.068571428571429
88a8a078a7fffff,2019,Flamengo,6.555555555555555
88a8a078a7fffff,2023,Flamengo,6.8
88a8a06005fffff,2007,Lins de Vasconcelos,3.9512903225806455
88a8a06005fffff,2013,Lins de Vasconcelos,4.738383838383839
88a8a06005fffff,2019,Lins de Vasconcelos,5.158992805755396
88a8a06005fffff,2023,Lins de Vasconcelos,5.3
88a8a06059fffff,2007,Freguesia (Jacarepaguá),4.49554234769688
88a8a06059fffff,2013,Freguesia (Jacarepaguá),5.698239436619718
88a8a06059fffff,2019,Freguesia (Jacarepaguá),5.745387453874539
88a8a06059fffff,2023,Freguesia (Jacarepaguá),6.0
88a8a060adfffff,2007,Cavalcanti,4.811748633879781
88a8a060adfffff,2013,Cavalcanti,5.564144736842105
88a8a060adfffff,2019,Cavalcanti,5.803278688524591
88a8a060adfffff,2023,Cavalcanti,6.0
88a8a06101fffff,2007,Maracanã,5.95065502183406
88a8a06101fffff,2013,Maracanã,7.085436893203883
88a8a06101fffff,2019,Maracanã,7.057142857142857
88a8a06101fffff,2023,Maracanã,7.2
88a8a06155fffff,2007,Andaraí,4.791988950276243
88a8a06155fffff,2013,Andaraí,5.453252032520325
88a8a06155fffff,2019,Andaraí,5.85934065934066
88a8a06155fffff,2023,Andaraí,6.0
88a8a061a9fffff,2007,Complexo do Alemão,3.8
88a8a061a9fffff,2013,Complexo do Alemão,4.870342205323194
88a8a061a9fffff,2019,Complexo do Alemão,5.347709923664122
88a8a061a9fffff,2023,Complexo do Alemão,5.4
88a8a029edfffff,2007,Campo Grande,4.659065288868014
88a8a029edfffff,2013,Campo Grande,5.673055082339578
88a8a029edfffff,2019,Campo Grande,5.976671619613669
88a8a029edfffff,2023,Campo Grande,6.3
88a8a02e6dfffff,2007,Santa Cruz,4.2447033898305095
88a8a02e6dfffff,2013,Santa Cruz,5.370419906687403
88a8a02e6dfffff,2019,Santa Cruz,5.620006371455878
88a8a02e6dfffff,2023,Santa Cruz,6.0
88a8a06a6bfffff,2007,Centro,4.491666666666667
88a8a06a6bfffff,2013,Centro,5.1626666666666665
88a8a06a6bfffff,2019,Centro,5.708465608465609
88a8a06a6bfffff,2023,Centro,6.3
88a8a06251fffff,2007,Barra da Tijuca,5.18662109375
88a8a06251fffff,2013,Barra da Tijuca,5.830245535714286
88a8a06251fffff,2019,Barra da Tijuca,6.693248945147679
88a8a06251fffff,2023,Barra da Tijuca,6.7
88a8a06e59fffff,2007,Rocha Miranda,4.656847545219639
88a8a06e59fffff,2013,Rocha Miranda,5.227272727272728
88a8a06e59fffff,2019,Rocha Miranda,5.5619565217391305
88a8a06e59fffff,2023,Rocha Miranda,5.7
88a8a062a5fffff,2007,Freguesia (Jacarepaguá),4.49554234769688
88a8a062a5fffff,2013,Freguesia (Jacarepaguá),5.698239436619718
88a8a062a5fffff,2019,Freguesia (Jacarepaguá),5.745387453874539
88a8a062a5fffff,2023,Freguesia (Jacarepaguá),6.0
88a8a02f69fffff,2007,Santa Cruz,4.2447033898305095
88a8a02f69fffff,2013,Santa Cruz,5.370419906687403
88a8a02f69fffff,2019,Santa Cruz,5.620006371455878
88a8a02f69fffff,2023,Santa Cruz,6.0
88a8a07429fffff,2007,Vargem Pequena,4.8
88a8a07429fffff,2013,Vargem Pequena,4.581954887218045
88a8a07429fffff,2019,Vargem Pequena,6.254545454545454
88a8a07429fffff,2023,Vargem Pequena,6.2
88a8a0634dfffff,2007,São Conrado,4.9
88a8a0634dfffff,2013,São Conrado,5.8
88a8a0634dfffff,2019,São Conrado,6.2
88a8a0634dfffff,2023,São Conrado,6.5
88a8a074d1fffff,2007,Guaratiba,4.2179236043095
88a8a074d1fffff,2013,Guaratiba,5.046859296482412
88a8a074d1fffff,2019,Guaratiba,5.556527249683144
88a8a074d1fffff,2023,Guaratiba,5.9
88a8a03927fffff,2007,Grumari,
88a8a03927fffff,2013,Grumari,
88a8a03927fffff,2019,Grumari,
88a8a03927fffff,2023,Grumari,
88a8a07525fffff,2007,Barra Olímpica,
88a8a07525fffff,2013,Barra Olímpica,
88a8a07525fffff,2019,Barra Olímpica,
88a8a07525fffff,2023,Barra Olímpica,
88a8a0212bfffff,2007,Sepetiba,3.7746509129967776
88a8a0212bfffff,2013,Sepetiba,4.8939142461964025
88a8a0212bfffff,2019,Sepetiba,5.473479948253558
88a8a0212bfffff,2023,Sepetiba,5.7
88a8a076c7fffff,2007,Recreio dos Bandeirantes,4.602747252747253
88a8a076c7fffff,2013,Recreio dos Bandeirantes,5.290909090909091
88a8a076c7fffff,2019,Recreio dos Bandeirantes,5.86896551724138
88a8a076c7fffff,2023,Recreio dos Bandeirantes,6.1
88a8a0284bfffff,2007,Santa Cruz,4.2447033898305095
88a8a0284bfffff,2013,Santa Cruz,5.370419906687403
88a8a0284bfffff,2019,Santa Cruz,5.620006371455878
88a8a0284bfffff,2023,Santa Cruz,6.0
88a8a06449fffff,2007,Bangu,4.583498233215548
88a8a06449fffff,2013,Bangu,5.383494698017521
88a8a06449fffff,2019,Bangu,5.793712772998015
88a8a06449fffff,2023,Bangu,5.8
88a8a075cdfffff,2007,Camorim,
88a8a075cdfffff,2013,Camorim,
88a8a075cdfffff,2019,Camorim,
88a8a075cdfffff,2023,Camorim,
88a8a02947fffff,2007,Campo Grande,4.659065288868014
88a8a02947fffff,2013,Campo Grande,5.673055082339578
88a8a02947fffff,2019,Campo Grande,5.976671619613669
88a8a02947fffff,2023,Campo Grande,6.3
88a8a06545fffff,2007,Deodoro,4.743636363636363
88a8a06545fffff,2013,Deodoro,5.683766233766233
88a8a06545fffff,2019,Deodoro,5.946153846153846
88a8a06545fffff,2023,Deodoro,6.4
88a8a06e07fffff,2007,Jardim América,4.717054263565892
88a8a06e07fffff,2013,Jardim América,5.129314420803782
88a8a06e07fffff,2019,Jardim América,5.560436137071651
88a8a06e07fffff,2023,Jardim América,5.9
88a8a076c9fffff,2007,Recreio dos Bandeirantes,4.602747252747253
88a8a076c9fffff,2013,Recreio dos Bandeirantes,5.290909090909091
88a8a076c9fffff,2019,Recreio dos Bandeirantes,5.86896551724138
88a8a076c9fffff,2023,Recreio dos Bandeirantes,6.1
88a8a0212dfffff,2007,Guaratiba,4.2179236043095
88a8a0212dfffff,2013,Guaratiba,5.046859296482412
88a8a0212dfffff,2019,Guaratiba,5.556527249683144
88a8a0212dfffff,2023,Guaratiba,5.9
88a8a06e5bfffff,2007,Coelho Neto,4.225548387096774
88a8a06e5bfffff,2013,Coelho Neto,4.520105820105821
88a8a06e5bfffff,2019,Coelho Neto,5.511918604651164
88a8a06e5bfffff,2023,Coelho Neto,5.2
88a8a02181fffff,2007,Santa Cruz,4.2447033898305095
88a8a02181fffff,2013,Santa Cruz,5.370419906687403
88a8a02181fffff,2019,Santa Cruz,5.620006371455878
88a8a02181fffff,2023,Santa Cruz,6.0
88a8a06e05fffff,2007,Parada de Lucas,3.964055299539171
88a8a06e05fffff,2013,Parada de Lucas,5.0
88a8a06e05fffff,2019,Parada de Lucas,
88a8a06e05fffff,2023,Parada de Lucas,5.2
88a8a02a43fffff,2007,Guaratiba,4.2179236043095
88a8a02a43fffff,2013,Guaratiba,5.046859296482412
88a8a02a43fffff,2019,Guaratiba,5.556527249683144
88a8a02a43fffff,2023,Guaratiba,5.9
88a8a06641fffff,2007,Senador Camará,4.404440649017934
88a8a06641fffff,2013,Senador Camará,5.228953974895398
88a8a06641fffff,2019,Senador Camará,5.511260827718961
88a8a06641fffff,2023,Senador Camará,5.7
88a8a021d5fffff,2007,Santa Cruz,4.2447033898305095
88a8a021d5fffff,2013,Santa Cruz,5.370419906687403
88a8a021d5fffff,2019,Santa Cruz,5.620006371455878
88a8a021d5fffff,2023,Santa Cruz,6.0
88a8a02a97fffff,2007,Santa Cruz,4.2447033898305095
88a8a02a97fffff,2013,Santa Cruz,5.370419906687403
88a8a02a97fffff,2019,Santa Cruz,5.620006371455878
88a8a02a97fffff,2023,Santa Cruz,6.0
88a8a06695fffff,2007,Campo Grande,4.659065288868014
88a8a06695fffff,2013,Campo Grande,5.673055082339578
88a8a06695fffff,2019,Campo Grande,5.976671619613669
88a8a06695fffff,2023,Campo Grande,6.3
88a8a06f57fffff,2007,Penha Circular,4.909274873524452
88a8a06f57fffff,2013,Penha Circular,5.6082
88a8a06f57fffff,2019,Penha Circular,5.6613231552162855
88a8a06f57fffff,2023,Penha Circular,6.5
88a8a02aebfffff,2007,Santa Cruz,4.2447033898305095
88a8a02aebfffff,2013,Santa Cruz,5.370419906687403
88a8a02aebfffff,2019,Santa Cruz,5.620006371455878
88a8a02aebfffff,2023,Santa Cruz,6.0
88a8a066e9fffff,2007,Senador Camará,4.404440649017934
88a8a066e9fffff,2013,Senador Camará,5.228953974895398
88a8a066e9fffff,2019,Senador Camará,5.511260827718961
88a8a066e9fffff,2023,Senador Camará,5.7
88a8a0673dfffff,2007,Vila Militar,4.218367346938775
88a8a0673dfffff,2013,Vila Militar,5.1
88a8a0673dfffff,2019,Vila Militar,6.5
88a8a0673dfffff,2023,Vila Militar,6.2
88a8a078c1fffff,2007,Lagoa,5.265789473684211
88a8a078c1fffff,2013,Lagoa,5.7
88a8a078c1fffff,2019,Lagoa,5.844444444444444
88a8a078c1fffff,2023,Lagoa,6.9
88a8a070a7fffff,2007,Barra da Tijuca,5.18662109375
88a8a070a7fffff,2013,Barra da Tijuca,5.830245535714286
88a8a070a7fffff,2019,Barra da Tijuca,6.693248945147679
88a8a070a7fffff,2023,Barra da Tijuca,6.7
88a8a06543fffff,2007,Deodoro,4.743636363636363
88a8a06543fffff,2013,Deodoro,5.683766233766233
88a8a06543fffff,2019,Deodoro,5.946153846153846
88a8a06543fffff,2023,Deodoro,6.4
88a8a060c7fffff,2007,Praça Seca,4.354829931972789
88a8a060c7fffff,2013,Praça Seca,5.095320623916811
88a8a060c7fffff,2019,Praça Seca,5.918089430894309
88a8a060c7fffff,2023,Praça Seca,5.9
88a8a0611bfffff,2007,Engenho Novo,4.514341085271317
88a8a0611bfffff,2013,Engenho Novo,5.510869565217392
88a8a0611bfffff,2019,Engenho Novo,5.768852459016393
88a8a0611bfffff,2023,Engenho Novo,5.5
88a8a061c3fffff,2007,Inhaúma,4.425932062966032
88a8a061c3fffff,2013,Inhaúma,5.487589498806682
88a8a061c3fffff,2019,Inhaúma,5.867280606717226
88a8a061c3fffff,2023,Inhaúma,5.9
88a8a02945fffff,2007,Campo Grande,4.659065288868014
88a8a02945fffff,2013,Campo Grande,5.673055082339578
88a8a02945fffff,2019,Campo Grande,5.976671619613669
88a8a02945fffff,2023,Campo Grande,6.3
88a8a06217fffff,2007,Anil,5.4
88a8a06217fffff,2013,Anil,5.450773195876289
88a8a06217fffff,2019,Anil,6.125901639344262
88a8a06217fffff,2023,Anil,6.2
88a8a06ad9fffff,2007,Maré,4.2244353182751535
88a8a06ad9fffff,2013,Maré,4.373396674584322
88a8a06ad9fffff,2019,Maré,5.359320629660314
88a8a06ad9fffff,2023,Maré,5.6
88a8a0626bfffff,2007,Itanhangá,4.3
88a8a0626bfffff,2013,Itanhangá,5.311267605633803
88a8a0626bfffff,2019,Itanhangá,5.72054054054054
88a8a0626bfffff,2023,Itanhangá,5.5
88a8a06313fffff,2007,Alto da Boa Vista,4.605042016806722
88a8a06313fffff,2013,Alto da Boa Vista,5.749557522123895
88a8a06313fffff,2019,Alto da Boa Vista,5.652032520325204
88a8a06313fffff,2023,Alto da Boa Vista,5.9
88a8a07443fffff,2007,Recreio dos Bandeirantes,4.602747252747253
88a8a07443fffff,2013,Recreio dos Bandeirantes,5.290909090909091
88a8a07443fffff,2019,Recreio dos Bandeirantes,5.86896551724138
88a8a07443fffff,2023,Recreio dos Bandeirantes,6.1
88a8a06367fffff,2007,Jardim Botânico,4.984615384615385
88a8a06367fffff,2013,Jardim Botânico,6.104310344827585
88a8a06367fffff,2019,Jardim Botânico,6.158928571428572
88a8a06367fffff,2023,Jardim Botânico,7.1
88a8a07497fffff,2007,Campo Grande,4.659065288868014
88a8a07497fffff,2013,Campo Grande,5.673055082339578
88a8a07497fffff,2019,Campo Grande,5.976671619613669
88a8a07497fffff,2023,Campo Grande,6.3
88a8a038edfffff,2007,Guaratiba,4.2179236043095
88a8a038edfffff,2013,Guaratiba,5.046859296482412
88a8a038edfffff,2019,Guaratiba,5.556527249683144
88a8a038edfffff,2023,Guaratiba,5.9
88a8a074ebfffff,2007,Vargem Grande,4.474162679425837
88a8a074ebfffff,2013,Vargem Grande,5.8
88a8a074ebfffff,2019,Vargem Grande,5.618461538461539
88a8a074ebfffff,2023,Vargem Grande,6.2
88a8a02811fffff,2007,Paciência,4.397682709447415
88a8a02811fffff,2013,Paciência,5.211933007676204
88a8a02811fffff,2019,Paciência,5.692237442922374
88a8a02811fffff,2023,Paciência,6.4
88a8a02865fffff,2007,Campo Grande,4.659065288868014
88a8a02865fffff,2013,Campo Grande,5.673055082339578
88a8a02865fffff,2019,Campo Grande,5.976671619613669
88a8a02865fffff,2023,Campo Grande,6.3
88a8a03995fffff,2007,Guaratiba,4.2179236043095
88a8a03995fffff,2013,Guaratiba,5.046859296482412
88a8a03995fffff,2019,Guaratiba,5.556527249683144
88a8a03995fffff,2023,Guaratiba,5.9
88a8a06463fffff,2007,Realengo,4.301232285890326
88a8a06463fffff,2013,Realengo,5.14009324009324
88a8a06463fffff,2019,Realengo,5.889386792452831
88a8a06463fffff,2023,Realengo,6.1
88a8a07593fffff,2007,Jacarepaguá,4.471293161814489
88a8a07593fffff,2013,Jacarepaguá,5.675222816399288
88a8a07593fffff,2019,Jacarepaguá,6.095016891891893
88a8a07593fffff,2023,Jacarepaguá,6.4
88a8a039e9fffff,2007,Guaratiba,4.2179236043095
88a8a039e9fffff,2013,Guaratiba,5.046859296482412
88a8a039e9fffff,2019,Guaratiba,5.556527249683144
88a8a039e9fffff,2023,Guaratiba,5.9
88a8a075e7fffff,2007,Jacarepaguá,4.471293161814489
88a8a075e7fffff,2013,Jacarepaguá,5.675222816399288
88a8a075e7fffff,2019,Jacarepaguá,6.095016891891893
88a8a075e7fffff,2023,Jacarepaguá,6.4
88a8a0290dfffff,2007,Campo Grande,4.659065288868014
88a8a0290dfffff,2013,Campo Grande,5.673055082339578
88a8a0290dfffff,2019,Campo Grande,5.976671619613669
88a8a0290dfffff,2023,Campo Grande,6.3
88a8a0650bfffff,2007,Parque Anchieta,4.8173393124065775
88a8a0650bfffff,2013,Parque Anchieta,5.938927335640138
88a8a0650bfffff,2019,Parque Anchieta,5.94066985645933
88a8a0650bfffff,2023,Parque Anchieta,6.2
88a8a0763bfffff,2007,Recreio dos Bandeirantes,4.602747252747253
88a8a0763bfffff,2013,Recreio dos Bandeirantes,5.290909090909091
88a8a0763bfffff,2019,Recreio dos Bandeirantes,5.86896551724138
88a8a0763bfffff,2023,Recreio dos Bandeirantes,6.1
88a8a02961fffff,2007,Campo Grande,4.659065288868014
88a8a02961fffff,2013,Campo Grande,5.673055082339578
88a8a02961fffff,2019,Campo Grande,5.976671619613669
88a8a02961fffff,2023,Campo Grande,6.3
88a8a06e21fffff,2007,Vigário Geral,3.817040358744394
88a8a06e21fffff,2013,Vigário Geral,4.134126984126984
88a8a06e21fffff,2019,Vigário Geral,5.17163323782235
88a8a06e21fffff,2023,Vigário Geral,5.8
88a8a029b5fffff,2007,Campo Grande,4.659065288868014
88a8a029b5fffff,2013,Campo Grande,5.673055082339578
88a8a029b5fffff,2019,Campo Grande,5.976671619613669
88a8a029b5fffff,2023,Campo Grande,6.3
88a8a076e3fffff,2007,Vargem Grande,4.474162679425837
88a8a076e3fffff,2013,Vargem Grande,5.8
88a8a076e3fffff,2019,Vargem Grande,5.618461538461539
88a8a076e3fffff,2023,Vargem Grande,6.2
88a8a02147fffff,2007,Sepetiba,3.7746509129967776
88a8a02147fffff,2013,Sepetiba,4.8939142461964025
88a8a02147fffff,2019,Sepetiba,5.473479948253558
88a8a02147fffff,2023,Sepetiba,5.7
88a8a02a09fffff,2007,Guaratiba,4.2179236043095
88a8a02a09fffff,2013,Guaratiba,5.046859296482412
88a8a02a09fffff,2019,Guaratiba,5.556527249683144
88a8a02a09fffff,2023,Guaratiba,5.9
88a8a06607fffff,2007,Bangu,4.583498233215548
88a8a06607fffff,2013,Bangu,5.383494698017521
88a8a06607fffff,2019,Bangu,5.793712772998015
88a8a06607fffff,2023,Bangu,5.8
88a8a0219bfffff,2007,Santa Cruz,4.2447033898305095
88a8a0219bfffff,2013,Santa Cruz,5.370419906687403
88a8a0219bfffff,2019,Santa Cruz,5.620006371455878
88a8a0219bfffff,2023,Santa Cruz,6.0
88a8a07737fffff,2007,Barra da Tijuca,5.18662109375
88a8a07737fffff,2013,Barra da Tijuca,5.830245535714286
88a8a07737fffff,2019,Barra da Tijuca,6.693248945147679
88a8a07737fffff,2023,Barra da Tijuca,6.7
88a8a06ec9fffff,2007,Pavuna,4.5800803673938
88a8a06ec9fffff,2013,Pavuna,5.306037473976406
88a8a06ec9fffff,2019,Pavuna,5.471647509578544
88a8a06ec9fffff,2023,Pavuna,5.7
88a8a02a5dfffff,2007,Guaratiba,4.2179236043095
88a8a02a5dfffff,2013,Guaratiba,5.046859296482412
88a8a02a5dfffff,2019,Guaratiba,5.556527249683144
88a8a02a5dfffff,2023,Guaratiba,5.9
88a8a0665bfffff,2007,Campo Grande,4.659065288868014
88a8a0665bfffff,2013,Campo Grande,5.673055082339578
88a8a0665bfffff,2019,Campo Grande,5.976671619613669
88a8a0665bfffff,2023,Campo Grande,6.3
88a8a075cbfffff,2007,Camorim,
88a8a075cbfffff,2013,Camorim,
88a8a075cbfffff,2019,Camorim,
88a8a075cbfffff,2023,Camorim,
88a8a06f1dfffff,2007,Cordovil,4.34290780141844
88a8a06f1dfffff,2013,Cordovil,5.026133909287257
88a8a06f1dfffff,2019,Cordovil,5.794583333333334
88a8a06f1dfffff,2023,Cordovil,6.0
88a8a02ab1fffff,2007,Santa Cruz,4.2447033898305095
88a8a02ab1fffff,2013,Santa Cruz,5.370419906687403
88a8a02ab1fffff,2019,Santa Cruz,5.620006371455878
88a8a02ab1fffff,2023,Santa Cruz,6.0
88a8a02b05fffff,2007,Guaratiba,4.2179236043095
88a8a02b05fffff,2013,Guaratiba,5.046859296482412
88a8a02b05fffff,2019,Guaratiba,5.556527249683144
88a8a02b05fffff,2023,Guaratiba,5.9
88a8a039cdfffff,2007,Guaratiba,4.2179236043095
88a8a039cdfffff,2013,Guaratiba,5.046859296482412
88a8a039cdfffff,2019,Guaratiba,5.556527249683144
88a8a039cdfffff,2023,Guaratiba,5.9
88a8a06703fffff,2007,Realengo,4.301232285890326
88a8a06703fffff,2013,Realengo,5.14009324009324
88a8a06703fffff,2019,Realengo,5.889386792452831
88a8a06703fffff,2023,Realengo,6.1
88a8a02b59fffff,2007,Guaratiba,4.2179236043095
88a8a02b59fffff,2013,Guaratiba,5.046859296482412
88a8a02b59fffff,2019,Guaratiba,5.556527249683144
88a8a02b59fffff,2023,Guaratiba,5.9
88a8a06757fffff,2007,Realengo,4.301232285890326
88a8a06757fffff,2013,Realengo,5.14009324009324
88a8a06757fffff,2019,Realengo,5.889386792452831
88a8a06757fffff,2023,Realengo,6.1
88a8a07887fffff,2007,Botafogo,4.536813186813187
88a8a07887fffff,2013,Botafogo,5.688028169014085
88a8a07887fffff,2019,Botafogo,5.928318584070796
88a8a07887fffff,2023,Botafogo,6.0
88a8a078dbfffff,2007,Jardim Botânico,4.984615384615385
88a8a078dbfffff,2013,Jardim Botânico,6.104310344827585
88a8a078dbfffff,2019,Jardim Botânico,6.158928571428572
88a8a078dbfffff,2023,Jardim Botânico,7.1
88a8a06039fffff,2007,Água Santa,4.4
88a8a06039fffff,2013,Água Santa,5.9
88a8a06039fffff,2019,Água Santa,
88a8a06039fffff,2023,Água Santa,
88a8a0608dfffff,2007,Cascadura,4.344242424242424
88a8a0608dfffff,2013,Cascadura,5.079061371841156
88a8a0608dfffff,2019,Cascadura,5.957142857142858
88a8a0608dfffff,2023,Cascadura,6.2
88a8a071bdfffff,2007,Joá,
88a8a071bdfffff,2013,Joá,
88a8a071bdfffff,2019,Joá,
88a8a071bdfffff,2023,Joá,
88a8a060e1fffff,2007,Quintino Bocaiúva,4.6922807017543855
88a8a060e1fffff,2013,Quintino Bocaiúva,5.650485436893204
88a8a060e1fffff,2019,Quintino Bocaiúva,5.678378378378379
88a8a060e1fffff,2023,Quintino Bocaiúva,6.3
88a8a06135fffff,2007,Vasco da Gama,5.0
88a8a06135fffff,2013,Vasco da Gama,6.4
88a8a06135fffff,2019,Vasco da Gama,6.9
88a8a06135fffff,2023,Vasco da Gama,6.2
88a8a06189fffff,2007,Inhaúma,4.425932062966032
88a8a06189fffff,2013,Inhaúma,5.487589498806682
88a8a06189fffff,2019,Inhaúma,5.867280606717226
88a8a06189fffff,2023,Inhaúma,5.9
88a8a02e4dfffff,2007,Santa Cruz,4.2447033898305095
88a8a02e4dfffff,2013,Santa Cruz,5.370419906687403
88a8a02e4dfffff,2019,Santa Cruz,5.620006371455878
88a8a02e4dfffff,2023,Santa Cruz,6.0
88a8a06a4bfffff,2007,Catete,4.3
88a8a06a4bfffff,2013,Catete,4.2
88a8a06a4bfffff,2019,Catete,5.3
88a8a06a4bfffff,2023,Catete,6.3
88a8a061ddfffff,2007,Pilares,4.797967479674797
88a8a061ddfffff,2013,Pilares,5.857142857142857
88a8a061ddfffff,2019,Pilares,5.993491124260355
88a8a061ddfffff,2023,Pilares,5.9
88a8a06231fffff,2007,Jacarepaguá,4.471293161814489
88a8a06231fffff,2013,Jacarepaguá,5.675222816399288
88a8a06231fffff,2019,Jacarepaguá,6.095016891891893
88a8a06231fffff,2023,Jacarepaguá,6.4
88a8a06285fffff,2007,Pechincha,5.037327188940092
88a8a06285fffff,2013,Pechincha,3.338235294117647
88a8a06285fffff,2019,Pechincha,5.7
88a8a06285fffff,2023,Pechincha,7.0
88a8a02f49fffff,2007,Santa Cruz,4.2447033898305095
88a8a02f49fffff,2013,Santa Cruz,5.370419906687403
88a8a02f49fffff,2019,Santa Cruz,5.620006371455878
88a8a02f49fffff,2023,Santa Cruz,6.0
88a8a062d9fffff,2007,Jacarepaguá,4.471293161814489
88a8a062d9fffff,2013,Jacarepaguá,5.675222816399288
88a8a062d9fffff,2019,Jacarepaguá,6.095016891891893
88a8a062d9fffff,2023,Jacarepaguá,6.4
88a8a07409fffff,2007,Recreio dos Bandeirantes,4.602747252747253
88a8a07409fffff,2013,Recreio dos Bandeirantes,5.290909090909091
88a8a07409fffff,2019,Recreio dos Bandeirantes,5.86896551724138
88a8a07409fffff,2023,Recreio dos Bandeirantes,6.1
88a8a06447fffff,2007,Realengo,4.301232285890326
88a8a06447fffff,2013,Realengo,5.14009324009324
88a8a06447fffff,2019,Realengo,5.889386792452831
88a8a06447fffff,2023,Realengo,6.1
88a8a0632dfffff,2007,Alto da Boa Vista,4.605042016806722
88a8a0632dfffff,2013,Alto da Boa Vista,5.749557522123895
88a8a0632dfffff,2019,Alto da Boa Vista,5.652032520325204
88a8a0632dfffff,2023,Alto da Boa Vista,5.9
88a8a0745dfffff,2007,Recreio dos Bandeirantes,4.602747252747253
88a8a0745dfffff,2013,Recreio dos Bandeirantes,5.290909090909091
88a8a0745dfffff,2019,Recreio dos Bandeirantes,5.86896551724138
88a8a0745dfffff,2023,Recreio dos Bandeirantes,6.1
88a8a038b3fffff,2007,Guaratiba,4.2179236043095
88a8a038b3fffff,2013,Guaratiba,5.046859296482412
88a8a038b3fffff,2019,Guaratiba,5.556527249683144
88a8a038b3fffff,2023,Guaratiba,5.9
88a8a02849fffff,2007,Guaratiba,4.2179236043095
88a8a02849fffff,2013,Guaratiba,5.046859296482412
88a8a02849fffff,2019,Guaratiba,5.556527249683144
88a8a02849fffff,2023,Guaratiba,5.9
88a8a074b1fffff,2007,Campo Grande,4.659065288868014
88a8a074b1fffff,2013,Campo Grande,5.673055082339578
88a8a074b1fffff,2019,Campo Grande,5.976671619613669
88a8a074b1fffff,2023,Campo Grande,6.3
88a8a03907fffff,2007,Grumari,
88a8a03907fffff,2013,Grumari,
88a8a03907fffff,2019,Grumari,
88a8a03907fffff,2023,Grumari,
88a8a07505fffff,2007,Barra da Tijuca,5.18662109375
88a8a07505fffff,2013,Barra da Tijuca,5.830245535714286
88a8a07505fffff,2019,Barra da Tijuca,6.693248945147679
88a8a07505fffff,2023,Barra da Tijuca,6.7
88a8a0282bfffff,2007,Inhoaíba,4.513713713713713
88a8a0282bfffff,2013,Inhoaíba,5.646229050279329
88a8a0282bfffff,2019,Inhoaíba,5.707640750670241
88a8a0282bfffff,2023,Inhoaíba,6.0
88a8a07559fffff,2007,Barra da Tijuca,5.18662109375
88a8a07559fffff,2013,Barra da Tijuca,5.830245535714286
88a8a07559fffff,2019,Barra da Tijuca,6.693248945147679
88a8a07559fffff,2023,Barra da Tijuca,6.7
88a8a075adfffff,2007,Jacarepaguá,4.471293161814489
88a8a075adfffff,2013,Jacarepaguá,5.675222816399288
88a8a075adfffff,2019,Jacarepaguá,6.095016891891893
88a8a075adfffff,2023,Jacarepaguá,6.4
88a8a028d3fffff,2007,Santa Cruz,4.2447033898305095
88a8a028d3fffff,2013,Santa Cruz,5.370419906687403
88a8a028d3fffff,2019,Santa Cruz,5.620006371455878
88a8a028d3fffff,2023,Santa Cruz,6.0
88a8a02927fffff,2007,Santíssimo,4.605210084033614
88a8a02927fffff,2013,Santíssimo,5.030360934182591
88a8a02927fffff,2019,Santíssimo,5.970890410958904
88a8a02927fffff,2023,Santíssimo,6.6
88a8a06525fffff,2007,Pavuna,4.5800803673938
88a8a06525fffff,2013,Pavuna,5.306037473976406
88a8a06525fffff,2019,Pavuna,5.471647509578544
88a8a06525fffff,2023,Pavuna,5.7
88a8a076a9fffff,2007,Vargem Grande,4.474162679425837
88a8a076a9fffff,2013,Vargem Grande,5.8
88a8a076a9fffff,2019,Vargem Grande,5.618461538461539
88a8a076a9fffff,2023,Vargem Grande,6.2
88a8a0210dfffff,2007,Sepetiba,3.7746509129967776
88a8a0210dfffff,2013,Sepetiba,4.8939142461964025
88a8a0210dfffff,2019,Sepetiba,5.473479948253558
88a8a0210dfffff,2023,Sepetiba,5.7
88a8a07523fffff,2007,Barra Olímpica,
88a8a07523fffff,2013,Barra Olímpica,
88a8a07523fffff,2019,Barra Olímpica,
88a8a07523fffff,2023,Barra Olímpica,
88a8a02a23fffff,2007,Guaratiba,4.2179236043095
88a8a02a23fffff,2013,Guaratiba,5.046859296482412
88a8a02a23fffff,2019,Guaratiba,5.556527249683144
88a8a02a23fffff,2023,Guaratiba,5.9
88a8a06621fffff,2007,Bangu,4.583498233215548
88a8a06621fffff,2013,Bangu,5.383494698017521
88a8a06621fffff,2019,Bangu,5.793712772998015
88a8a06621fffff,2023,Bangu,5.8
88a8a021b5fffff,2007,Santa Cruz,4.2447033898305095
88a8a021b5fffff,2013,Santa Cruz,5.370419906687403
88a8a021b5fffff,2019,Santa Cruz,5.620006371455878
88a8a021b5fffff,2023,Santa Cruz,6.0
88a8a03925fffff,2007,Grumari,
88a8a03925fffff,2013,Grumari,
88a8a03925fffff,2019,Grumari,
88a8a03925fffff,2023,Grumari,
88a8a02acbfffff,2007,Santa Cruz,4.2447033898305095
88a8a02acbfffff,2013,Santa Cruz,5.370419906687403
88a8a02acbfffff,2019,Santa Cruz,5.620006371455878
88a8a02acbfffff,2023,Santa Cruz,6.0
88a8a066c9fffff,2007,Santíssimo,4.605210084033614
88a8a066c9fffff,2013,Santíssimo,5.030360934182591
88a8a066c9fffff,2019,Santíssimo,5.970890410958904
88a8a066c9fffff,2023,Santíssimo,6.6
88a8a0671dfffff,2007,Realengo,4.301232285890326
88a8a0671dfffff,2013,Realengo,5.14009324009324
88a8a0671dfffff,2019,Realengo,5.889386792452831
88a8a0671dfffff,2023,Realengo,6.1
88a8a06053fffff,2007,Freguesia (Jacarepaguá),4.49554234769688
88a8a06053fffff,2013,Freguesia (Jacarepaguá),5.698239436619718
88a8a06053fffff,2019,Freguesia (Jacarepaguá),5.745387453874539
88a8a06053fffff,2023,Freguesia (Jacarepaguá),6.0
88a8a07183fffff,2007,Joá,
88a8a07183fffff,2013,Joá,
88a8a07183fffff,2019,Joá,
88a8a07183fffff,2023,Joá,
88a8a060a7fffff,2007,Vicente de Carvalho,4.3
88a8a060a7fffff,2013,Vicente de Carvalho,5.2
88a8a060a7fffff,2019,Vicente de Carvalho,5.973239436619719
88a8a060a7fffff,2023,Vicente de Carvalho,5.5
88a8a061a3fffff,2007,Olaria,4.447274881516588
88a8a061a3fffff,2013,Olaria,5.308333333333334
88a8a061a3fffff,2019,Olaria,5.48083538083538
88a8a061a3fffff,2023,Olaria,6.0
88a8a02e67fffff,2007,Santa Cruz,4.2447033898305095
88a8a02e67fffff,2013,Santa Cruz,5.370419906687403
88a8a02e67fffff,2019,Santa Cruz,5.620006371455878
88a8a02e67fffff,2023,Santa Cruz,6.0
88a8a0624bfffff,2007,Barra da Tijuca,5.18662109375
88a8a0624bfffff,2013,Barra da Tijuca,5.830245535714286
88a8a0624bfffff,2019,Barra da Tijuca,6.693248945147679
88a8a0624bfffff,2023,Barra da Tijuca,6.7
88a8a02f63fffff,2007,Santa Cruz,4.2447033898305095
88a8a02f63fffff,2013,Santa Cruz,5.370419906687403
88a8a02f63fffff,2019,Santa Cruz,5.620006371455878
88a8a02f63fffff,2023,Santa Cruz,6.0
88a8a03825fffff,2007,Guaratiba,4.2179236043095
88a8a03825fffff,2013,Guaratiba,5.046859296482412
88a8a03825fffff,2019,Guaratiba,5.556527249683144
88a8a03825fffff,2023,Guaratiba,5.9
88a8a07423fffff,2007,Vargem Pequena,4.8
88a8a07423fffff,2013,Vargem Pequena,4.581954887218045
88a8a07423fffff,2019,Vargem Pequena,6.254545454545454
88a8a07423fffff,2023,Vargem Pequena,6.2
88a8a06347fffff,2007,Alto da Boa Vista,4.605042016806722
88a8a06347fffff,2013,Alto da Boa Vista,5.749557522123895
88a8a06347fffff,2019,Alto da Boa Vista,5.652032520325204
88a8a06347fffff,2023,Alto da Boa Vista,5.9
88a8a038cdfffff,2007,Guaratiba,4.2179236043095
88a8a038cdfffff,2013,Guaratiba,5.046859296482412
88a8a038cdfffff,2019,Guaratiba,5.556527249683144
88a8a038cdfffff,2023,Guaratiba,5.9
88a8a074cbfffff,2007,Vargem Grande,4.474162679425837
88a8a074cbfffff,2013,Vargem Grande,5.8
88a8a074cbfffff,2019,Vargem Grande,5.618461538461539
88a8a074cbfffff,2023,Vargem Grande,6.2
88a8a03921fffff,2007,Grumari,
88a8a03921fffff,2013,Grumari,
88a8a03921fffff,2019,Grumari,
88a8a03921fffff,2023,Grumari,
88a8a02845fffff,2007,Campo Grande,4.659065288868014
88a8a02845fffff,2013,Campo Grande,5.673055082339578
88a8a02845fffff,2019,Campo Grande,5.976671619613669
88a8a02845fffff,2023,Campo Grande,6.3
88a8a06443fffff,2007,Bangu,4.583498233215548
88a8a06443fffff,2013,Bangu,5.383494698017521
88a8a06443fffff,2019,Bangu,5.793712772998015
88a8a06443fffff,2023,Bangu,5.8
88a8a02899fffff,2007,Santa Cruz,4.2447033898305095
88a8a02899fffff,2013,Santa Cruz,5.370419906687403
88a8a02899fffff,2019,Santa Cruz,5.620006371455878
88a8a02899fffff,2023,Santa Cruz,6.0
88a8a039c9fffff,2007,Guaratiba,4.2179236043095
88a8a039c9fffff,2013,Guaratiba,5.046859296482412
88a8a039c9fffff,2019,Guaratiba,5.556527249683144
88a8a039c9fffff,2023,Guaratiba,5.9
88a8a075c7fffff,2007,Jacarepaguá,4.471293161814489
88a8a075c7fffff,2013,Jacarepaguá,5.675222816399288
88a8a075c7fffff,2019,Jacarepaguá,6.095016891891893
88a8a075c7fffff,2023,Jacarepaguá,6.4
88a8a028edfffff,2007,Paciência,4.397682709447415
88a8a028edfffff,2013,Paciência,5.211933007676204
88a8a028edfffff,2019,Paciência,5.692237442922374
88a8a028edfffff,2023,Paciência,6.4
88a8a0761bfffff,2007,Grumari,
88a8a0761bfffff,2013,Grumari,
88a8a0761bfffff,2019,Grumari,
88a8a0761bfffff,2023,Grumari,
88a8a02941fffff,2007,Campo Grande,4.659065288868014
88a8a02941fffff,2013,Campo Grande,5.673055082339578
88a8a02941fffff,2019,Campo Grande,5.976671619613669
88a8a02941fffff,2023,Campo Grande,6.3
88a8a06e01fffff,2007,Irajá,4.703466076696165
88a8a06e01fffff,2013,Irajá,5.436387434554974
88a8a06e01fffff,2019,Irajá,6.068776824034335
88a8a06e01fffff,2023,Irajá,6.2
88a8a076c3fffff,2007,Recreio dos Bandeirantes,4.602747252747253
88a8a076c3fffff,2013,Recreio dos Bandeirantes,5.290909090909091
88a8a076c3fffff,2019,Recreio dos Bandeirantes,5.86896551724138
88a8a076c3fffff,2023,Recreio dos Bandeirantes,6.1
88a8a02127fffff,2007,Santa Cruz,4.2447033898305095
88a8a02127fffff,2013,Santa Cruz,5.370419906687403
88a8a02127fffff,2019,Santa Cruz,5.620006371455878
88a8a02127fffff,2023,Santa Cruz,6.0
88a8a06e55fffff,2007,Irajá,4.703466076696165
88a8a06e55fffff,2013,Irajá,5.436387434554974
88a8a06e55fffff,2019,Irajá,6.068776824034335
88a8a06e55fffff,2023,Irajá,6.2
88a8a029e9fffff,2007,Campo Grande,4.659065288868014
88a8a029e9fffff,2013,Campo Grande,5.673055082339578
88a8a029e9fffff,2019,Campo Grande,5.976671619613669
88a8a029e9fffff,2023,Campo Grande,6.3
88a8a07717fffff,2007,Barra da Tijuca,5.18662109375
88a8a07717fffff,2013,Barra da Tijuca,5.830245535714286
88a8a07717fffff,2019,Barra da Tijuca,6.693248945147679
88a8a07717fffff,2023,Barra da Tijuca,6.7
88a8a02a3dfffff,2007,Guaratiba,4.2179236043095
88a8a02a3dfffff,2013,Guaratiba,5.046859296482412
88a8a02a3dfffff,2019,Guaratiba,5.556527249683144
88a8a02a3dfffff,2023,Guaratiba,5.9
88a8a0663bfffff,2007,Senador Camará,4.404440649017934
88a8a0663bfffff,2013,Senador Camará,5.228953974895398
88a8a0663bfffff,2019,Senador Camará,5.511260827718961
88a8a0663bfffff,2023,Senador Camará,5.7
88a8a02a91fffff,2007,Santa Cruz,4.2447033898305095
88a8a02a91fffff,2013,Santa Cruz,5.370419906687403
88a8a02a91fffff,2019,Santa Cruz,5.620006371455878
88a8a02a91fffff,2023,Santa Cruz,6.0
88a8a06f51fffff,2007,Brás de Pina,4.87202166064982
88a8a06f51fffff,2013,Brás de Pina,5.331372549019608
88a8a06f51fffff,2019,Brás de Pina,5.790155440414508
88a8a06f51fffff,2023,Brás de Pina,6.3
88a8a02ae5fffff,2007,Santa Cruz,4.2447033898305095
88a8a02ae5fffff,2013,Santa Cruz,5.370419906687403
88a8a02ae5fffff,2019,Santa Cruz,5.620006371455878
88a8a02ae5fffff,2023,Santa Cruz,6.0
88a8a066e3fffff,2007,Bangu,4.583498233215548
88a8a066e3fffff,2013,Bangu,5.383494698017521
88a8a066e3fffff,2019,Bangu,5.793712772998015
88a8a066e3fffff,2023,Bangu,5.8
88a8a02b39fffff,2007,Guaratiba,4.2179236043095
88a8a02b39fffff,2013,Guaratiba,5.046859296482412
88a8a02b39fffff,2019,Guaratiba,5.556527249683144
88a8a02b39fffff,2023,Guaratiba,5.9
88a8a06737fffff,2007,Vila Militar,4.218367346938775
88a8a06737fffff,2013,Vila Militar,5.1
88a8a06737fffff,2019,Vila Militar,6.5
88a8a06737fffff,2023,Vila Militar,6.2
88a8a078bbfffff,2007,Rio Comprido,4.254364089775561
88a8a078bbfffff,2013,Rio Comprido,4.913483146067416
88a8a078bbfffff,2019,Rio Comprido,5.579464285714286
88a8a078bbfffff,2023,Rio Comprido,5.6
88a8a0634bfffff,2007,São Conrado,4.9
88a8a0634bfffff,2013,São Conrado,5.8
88a8a0634bfffff,2019,São Conrado,6.2
88a8a0634bfffff,2023,São Conrado,6.5
88a8a06019fffff,2007,Freguesia (Jacarepaguá),4.49554234769688
88a8a06019fffff,2013,Freguesia (Jacarepaguá),5.698239436619718
88a8a06019fffff,2019,Freguesia (Jacarepaguá),5.745387453874539
88a8a06019fffff,2023,Freguesia (Jacarepaguá),6.0
88a8a0606dfffff,2007,Grajaú,5.020477815699659
88a8a0606dfffff,2013,Grajaú,5.090365448504984
88a8a0606dfffff,2019,Grajaú,5.921487603305785
88a8a0606dfffff,2023,Grajaú,5.8
88a8a0719dfffff,2007,Barra da Tijuca,5.18662109375
88a8a0719dfffff,2013,Barra da Tijuca,5.830245535714286
88a8a0719dfffff,2019,Barra da Tijuca,6.693248945147679
88a8a0719dfffff,2023,Barra da Tijuca,6.7
88a8a060c1fffff,2007,Praça Seca,4.354829931972789
88a8a060c1fffff,2013,Praça Seca,5.095320623916811
88a8a060c1fffff,2019,Praça Seca,5.918089430894309
88a8a060c1fffff,2023,Praça Seca,5.9
88a8a07ab3fffff,2007,Leblon,5.096539792387544
88a8a07ab3fffff,2013,Leblon,6.092263610315186
88a8a07ab3fffff,2019,Leblon,6.039926739926741
88a8a07ab3fffff,2023,Leblon,6.2
88a8a06115fffff,2007,Rocha,4.9845070422535205
88a8a06115fffff,2013,Rocha,5.229931972789116
88a8a06115fffff,2019,Rocha,5.445355191256831
88a8a06115fffff,2023,Rocha,5.7
88a8a06169fffff,2007,Tijuca,4.602781289506954
88a8a06169fffff,2013,Tijuca,5.272364672364673
88a8a06169fffff,2019,Tijuca,5.694444444444445
88a8a06169fffff,2023,Tijuca,5.9
88a8a02e2dfffff,2007,Santa Cruz,4.2447033898305095
88a8a02e2dfffff,2013,Santa Cruz,5.370419906687403
88a8a02e2dfffff,2019,Santa Cruz,5.620006371455878
88a8a02e2dfffff,2023,Santa Cruz,6.0
88a8a061bdfffff,2007,Olaria,4.447274881516588
88a8a061bdfffff,2013,Olaria,5.308333333333334
88a8a061bdfffff,2019,Olaria,5.48083538083538
88a8a061bdfffff,2023,Olaria,6.0
88a8a06211fffff,2007,Gardênia Azul,4.5
88a8a06211fffff,2013,Gardênia Azul,4.9
88a8a06211fffff,2019,Gardênia Azul,5.6
88a8a06211fffff,2023,Gardênia Azul,5.0
88a8a06ad3fffff,2007,Maré,4.2244353182751535
88a8a06ad3fffff,2013,Maré,4.373396674584322
88a8a06ad3fffff,2019,Maré,5.359320629660314
88a8a06ad3fffff,2023,Maré,5.6
88a8a06265fffff,2007,Itanhangá,4.3
88a8a06265fffff,2013,Itanhangá,5.311267605633803
88a8a06265fffff,2019,Itanhangá,5.72054054054054
88a8a06265fffff,2023,Itanhangá,5.5
88a8a02f29fffff,2007,Santa Cruz,4.2447033898305095
88a8a02f29fffff,2013,Santa Cruz,5.370419906687403
88a8a02f29fffff,2019,Santa Cruz,5.620006371455878
88a8a02f29fffff,2023,Santa Cruz,6.0
88a8a062b9fffff,2007,Tanque,4.363245823389021
88a8a062b9fffff,2013,Tanque,5.524742268041238
88a8a062b9fffff,2019,Tanque,5.930030959752322
88a8a062b9fffff,2023,Tanque,6.1
88a8a0630dfffff,2007,Alto da Boa Vista,4.605042016806722
88a8a0630dfffff,2013,Alto da Boa Vista,5.749557522123895
88a8a0630dfffff,2019,Alto da Boa Vista,5.652032520325204
88a8a0630dfffff,2023,Alto da Boa Vista,5.9
88a8a07427fffff,2007,Camorim,
88a8a07427fffff,2013,Camorim,
88a8a07427fffff,2019,Camorim,
88a8a07427fffff,2023,Camorim,
88a8a0743dfffff,2007,Vargem Pequena,4.8
88a8a0743dfffff,2013,Vargem Pequena,4.581954887218045
88a8a0743dfffff,2019,Vargem Pequena,6.254545454545454
88a8a0743dfffff,2023,Vargem Pequena,6.2
88a8a06361fffff,2007,Alto da Boa Vista,4.605042016806722
88a8a06361fffff,2013,Alto da Boa Vista,5.749557522123895
88a8a06361fffff,2019,Alto da Boa Vista,5.652032520325204
88a8a06361fffff,2023,Alto da Boa Vista,5.9
88a8a07491fffff,2007,Campo Grande,4.659065288868014
88a8a07491fffff,2013,Campo Grande,5.673055082339578
88a8a07491fffff,2019,Campo Grande,5.976671619613669
88a8a07491fffff,2023,Campo Grande,6.3
88a8a074e5fffff,2007,Vargem Grande,4.474162679425837
88a8a074e5fffff,2013,Vargem Grande,5.8
88a8a074e5fffff,2019,Vargem Grande,5.618461538461539
88a8a074e5fffff,2023,Vargem Grande,6.2
88a8a0280bfffff,2007,Cosmos,4.556749049429658
88a8a0280bfffff,2013,Cosmos,5.233594515181194
88a8a0280bfffff,2019,Cosmos,5.436989795918366
88a8a0280bfffff,2023,Cosmos,6.0
88a8a0393bfffff,2007,Barra de Guaratiba,4.967058823529412
88a8a0393bfffff,2013,Barra de Guaratiba,6.324390243902438
88a8a0393bfffff,2019,Barra de Guaratiba,6.658035714285714
88a8a0393bfffff,2023,Barra de Guaratiba,6.7
88a8a06409fffff,2007,Realengo,4.301232285890326
88a8a06409fffff,2013,Realengo,5.14009324009324
88a8a06409fffff,2019,Realengo,5.889386792452831
88a8a06409fffff,2023,Realengo,6.1
88a8a07539fffff,2007,Barra Olímpica,
88a8a07539fffff,2013,Barra Olímpica,
88a8a07539fffff,2019,Barra Olímpica,
88a8a07539fffff,2023,Barra Olímpica,
88a8a0645dfffff,2007,Bangu,4.583498233215548
88a8a0645dfffff,2013,Bangu,5.383494698017521
88a8a0645dfffff,2019,Bangu,5.793712772998015
88a8a0645dfffff,2023,Bangu,5.8
88a8a0758dfffff,2007,Jacarepaguá,4.471293161814489
88a8a0758dfffff,2013,Jacarepaguá,5.675222816399288
88a8a0758dfffff,2019,Jacarepaguá,6.095016891891893
88a8a0758dfffff,2023,Jacarepaguá,6.4
88a8a039e3fffff,2007,Guaratiba,4.2179236043095
88a8a039e3fffff,2013,Guaratiba,5.046859296482412
88a8a039e3fffff,2019,Guaratiba,5.556527249683144
88a8a039e3fffff,2023,Guaratiba,5.9
88a8a075e1fffff,2007,Jacarepaguá,4.471293161814489
88a8a075e1fffff,2013,Jacarepaguá,5.675222816399288
88a8a075e1fffff,2019,Jacarepaguá,6.095016891891893
88a8a075e1fffff,2023,Jacarepaguá,6.4
88a8a02907fffff,2007,Senador Vasconcelos,4.757482993197279
88a8a02907fffff,2013,Senador Vasconcelos,5.825263157894738
88a8a02907fffff,2019,Senador Vasconcelos,5.78623188405797
88a8a02907fffff,2023,Senador Vasconcelos,6.2
88a8a06505fffff,2007,Guadalupe,4.6788844621513945
88a8a06505fffff,2013,Guadalupe,5.400598802395209
88a8a06505fffff,2019,Guadalupe,5.712408759124089
88a8a06505fffff,2023,Guadalupe,6.1
88a8a07635fffff,2007,Recreio dos Bandeirantes,4.602747252747253
88a8a07635fffff,2013,Recreio dos Bandeirantes,5.290909090909091
88a8a07635fffff,2019,Recreio dos Bandeirantes,5.86896551724138
88a8a07635fffff,2023,Recreio dos Bandeirantes,6.1
88a8a02f67fffff,2007,Santa Cruz,4.2447033898305095
88a8a02f67fffff,2013,Santa Cruz,5.370419906687403
88a8a02f67fffff,2019,Santa Cruz,5.620006371455878
88a8a02f67fffff,2023,Santa Cruz,6.0
88a8a0295bfffff,2007,Campo Grande,4.659065288868014
88a8a0295bfffff,2013,Campo Grande,5.673055082339578
88a8a0295bfffff,2019,Campo Grande,5.976671619613669
88a8a0295bfffff,2023,Campo Grande,6.3
88a8a06559fffff,2007,Vila Militar,4.218367346938775
88a8a06559fffff,2013,Vila Militar,5.1
88a8a06559fffff,2019,Vila Militar,6.5
88a8a06559fffff,2023,Vila Militar,6.2
88a8a07689fffff,2007,Recreio dos Bandeirantes,4.602747252747253
88a8a07689fffff,2013,Recreio dos Bandeirantes,5.290909090909091
88a8a07689fffff,2019,Recreio dos Bandeirantes,5.86896551724138
88a8a07689fffff,2023,Recreio dos Bandeirantes,6.1
88a8a06e1bfffff,2007,Pavuna,4.5800803673938
88a8a06e1bfffff,2013,Pavuna,5.306037473976406
88a8a06e1bfffff,2019,Pavuna,5.471647509578544
88a8a06e1bfffff,2023,Pavuna,5.7
88a8a076ddfffff,2007,Barra de Guaratiba,4.967058823529412
88a8a076ddfffff,2013,Barra de Guaratiba,6.324390243902438
88a8a076ddfffff,2019,Barra de Guaratiba,6.658035714285714
88a8a076ddfffff,2023,Barra de Guaratiba,6.7
88a8a02a03fffff,2007,Guaratiba,4.2179236043095
88a8a02a03fffff,2013,Guaratiba,5.046859296482412
88a8a02a03fffff,2019,Guaratiba,5.556527249683144
88a8a02a03fffff,2023,Guaratiba,5.9
88a8a06601fffff,2007,Bangu,4.583498233215548
88a8a06601fffff,2013,Bangu,5.383494698017521
88a8a06601fffff,2019,Bangu,5.793712772998015
88a8a06601fffff,2023,Bangu,5.8
88a8a062a3fffff,2007,Tanque,4.363245823389021
88a8a062a3fffff,2013,Tanque,5.524742268041238
88a8a062a3fffff,2019,Tanque,5.930030959752322
88a8a062a3fffff,2023,Tanque,6.1
88a8a02195fffff,2007,Santa Cruz,4.2447033898305095
88a8a02195fffff,2013,Santa Cruz,5.370419906687403
88a8a02195fffff,2019,Santa Cruz,5.620006371455878
88a8a02195fffff,2023,Santa Cruz,6.0
88a8a07731fffff,2007,Barra da Tijuca,5.18662109375
88a8a07731fffff,2013,Barra da Tijuca,5.830245535714286
88a8a07731fffff,2019,Barra da Tijuca,6.693248945147679
88a8a07731fffff,2023,Barra da Tijuca,6.7
88a8a02a57fffff,2007,Guaratiba,4.2179236043095
88a8a02a57fffff,2013,Guaratiba,5.046859296482412
88a8a02a57fffff,2019,Guaratiba,5.556527249683144
88a8a02a57fffff,2023,Guaratiba,5.9
88a8a06655fffff,2007,Senador Camará,4.404440649017934
88a8a06655fffff,2013,Senador Camará,5.228953974895398
88a8a06655fffff,2019,Senador Camará,5.511260827718961
88a8a06655fffff,2023,Senador Camará,5.7
88a8a021e9fffff,2007,Santa Cruz,4.2447033898305095
88a8a021e9fffff,2013,Santa Cruz,5.370419906687403
88a8a021e9fffff,2019,Santa Cruz,5.620006371455878
88a8a021e9fffff,2023,Santa Cruz,6.0
88a8a02aabfffff,2007,Santa Cruz,4.2447033898305095
88a8a02aabfffff,2013,Santa Cruz,5.370419906687403
88a8a02aabfffff,2019,Santa Cruz,5.620006371455878
88a8a02aabfffff,2023,Santa Cruz,6.0
88a8a066a9fffff,2007,Bangu,4.583498233215548
88a8a066a9fffff,2013,Bangu,5.383494698017521
88a8a066a9fffff,2019,Bangu,5.793712772998015
88a8a066a9fffff,2023,Bangu,5.8
88a8a02b53fffff,2007,Guaratiba,4.2179236043095
88a8a02b53fffff,2013,Guaratiba,5.046859296482412
88a8a02b53fffff,2019,Guaratiba,5.556527249683144
88a8a02b53fffff,2023,Guaratiba,5.9
88a8a06751fffff,2007,Realengo,4.301232285890326
88a8a06751fffff,2013,Realengo,5.14009324009324
88a8a06751fffff,2019,Realengo,5.889386792452831
88a8a06751fffff,2023,Realengo,6.1
88a8a07881fffff,2007,Humaitá,4.8
88a8a07881fffff,2013,Humaitá,6.4
88a8a07881fffff,2019,Humaitá,6.0
88a8a07881fffff,2023,Humaitá,6.3
88a8a078d5fffff,2007,Lagoa,5.265789473684211
88a8a078d5fffff,2013,Lagoa,5.7
88a8a078d5fffff,2019,Lagoa,5.844444444444444
88a8a078d5fffff,2023,Lagoa,6.9
88a8a070bbfffff,2007,Barra da Tijuca,5.18662109375
88a8a070bbfffff,2013,Barra da Tijuca,5.830245535714286
88a8a070bbfffff,2019,Barra da Tijuca,6.693248945147679
88a8a070bbfffff,2023,Barra da Tijuca,6.7
88a8a06033fffff,2007,Piedade,4.6410774410774405
88a8a06033fffff,2013,Piedade,6.219138755980862
88a8a06033fffff,2019,Piedade,5.826406926406926
88a8a06033fffff,2023,Piedade,6.5
88a8a06087fffff,2007,Madureira,4.073684210526316
88a8a06087fffff,2013,Madureira,4.881935483870968
88a8a06087fffff,2019,Madureira,5.302049180327869
88a8a06087fffff,2023,Madureira,5.5
88a8a071b7fffff,2007,São Conrado,4.9
88a8a071b7fffff,2013,São Conrado,5.8
88a8a071b7fffff,2019,São Conrado,6.2
88a8a071b7fffff,2023,São Conrado,6.5
88a8a060dbfffff,2007,Jardim Sulacap,5.900000000000001
88a8a060dbfffff,2013,Jardim Sulacap,5.599999999999999
88a8a060dbfffff,2019,Jardim Sulacap,6.9
88a8a060dbfffff,2023,Jardim Sulacap,7.1
88a8a06183fffff,2007,Inhaúma,4.425932062966032
88a8a06183fffff,2013,Inhaúma,5.487589498806682
88a8a06183fffff,2019,Inhaúma,5.867280606717226
88a8a06183fffff,2023,Inhaúma,5.9
88a8a02e47fffff,2007,Santa Cruz,4.2447033898305095
88a8a02e47fffff,2013,Santa Cruz,5.370419906687403
88a8a02e47fffff,2019,Santa Cruz,5.620006371455878
88a8a02e47fffff,2023,Santa Cruz,6.0
88a8a061d7fffff,2007,Tomás Coelho,4.694915254237288
88a8a061d7fffff,2013,Tomás Coelho,5.0
88a8a061d7fffff,2019,Tomás Coelho,5.400000000000001
88a8a061d7fffff,2023,Tomás Coelho,6.5
88a8a06a99fffff,2007,Maré,4.2244353182751535
88a8a06a99fffff,2013,Maré,4.373396674584322
88a8a06a99fffff,2019,Maré,5.359320629660314
88a8a06a99fffff,2023,Maré,5.6
88a8a0622bfffff,2007,Jacarepaguá,4.471293161814489
88a8a0622bfffff,2013,Jacarepaguá,5.675222816399288
88a8a0622bfffff,2019,Jacarepaguá,6.095016891891893
88a8a0622bfffff,2023,Jacarepaguá,6.4
88a8a02f43fffff,2007,Santa Cruz,4.2447033898305095
88a8a02f43fffff,2013,Santa Cruz,5.370419906687403
88a8a02f43fffff,2019,Santa Cruz,5.620006371455878
88a8a02f43fffff,2023,Santa Cruz,6.0
88a8a062d3fffff,2007,Jacarepaguá,4.471293161814489
88a8a062d3fffff,2013,Jacarepaguá,5.675222816399288
88a8a062d3fffff,2019,Jacarepaguá,6.095016891891893
88a8a062d3fffff,2023,Jacarepaguá,6.4
88a8a07403fffff,2007,Vargem Pequena,4.8
88a8a07403fffff,2013,Vargem Pequena,4.581954887218045
88a8a07403fffff,2019,Vargem Pequena,6.254545454545454
88a8a07403fffff,2023,Vargem Pequena,6.2
88a8a06327fffff,2007,Alto da Boa Vista,4.605042016806722
88a8a06327fffff,2013,Alto da Boa Vista,5.749557522123895
88a8a06327fffff,2019,Alto da Boa Vista,5.652032520325204
88a8a06327fffff,2023,Alto da Boa Vista,5.9
88a8a07457fffff,2007,Recreio dos Bandeirantes,4.602747252747253
88a8a07457fffff,2013,Recreio dos Bandeirantes,5.290909090909091
88a8a07457fffff,2019,Recreio dos Bandeirantes,5.86896551724138
88a8a07457fffff,2023,Recreio dos Bandeirantes,6.1
88a8a074abfffff,2007,Vargem Grande,4.474162679425837
88a8a074abfffff,2013,Vargem Grande,5.8
88a8a074abfffff,2019,Vargem Grande,5.618461538461539
88a8a074abfffff,2023,Vargem Grande,6.2
88a8a03901fffff,2007,Grumari,
88a8a03901fffff,2013,Grumari,
88a8a03901fffff,2019,Grumari,
88a8a03901fffff,2023,Grumari,
88a8a02825fffff,2007,Campo Grande,4.659065288868014
88a8a02825fffff,2013,Campo Grande,5.673055082339578
88a8a02825fffff,2019,Campo Grande,5.976671619613669
88a8a02825fffff,2023,Campo Grande,6.3
88a8a03955fffff,2007,Grumari,
88a8a03955fffff,2013,Grumari,
88a8a03955fffff,2019,Grumari,
88a8a03955fffff,2023,Grumari,
88a8a07553fffff,2007,Barra Olímpica,
88a8a07553fffff,2013,Barra Olímpica,
88a8a07553fffff,2019,Barra Olímpica,
88a8a07553fffff,2023,Barra Olímpica,
88a8a039a9fffff,2007,Guaratiba,4.2179236043095
88a8a039a9fffff,2013,Guaratiba,5.046859296482412
88a8a039a9fffff,2019,Guaratiba,5.556527249683144
88a8a039a9fffff,2023,Guaratiba,5.9
88a8a075a7fffff,2007,Jacarepaguá,4.471293161814489
88a8a075a7fffff,2013,Jacarepaguá,5.675222816399288
88a8a075a7fffff,2019,Jacarepaguá,6.095016891891893
88a8a075a7fffff,2023,Jacarepaguá,6.4
88a8a028cdfffff,2007,Paciência,4.397682709447415
88a8a028cdfffff,2013,Paciência,5.211933007676204
88a8a028cdfffff,2019,Paciência,5.692237442922374
88a8a028cdfffff,2023,Paciência,6.4
88a8a064cbfffff,2007,Bangu,4.583498233215548
88a8a064cbfffff,2013,Bangu,5.383494698017521
88a8a064cbfffff,2019,Bangu,5.793712772998015
88a8a064cbfffff,2023,Bangu,5.8
88a8a02921fffff,2007,Senador Vasconcelos,4.757482993197279
88a8a02921fffff,2013,Senador Vasconcelos,5.825263157894738
88a8a02921fffff,2019,Senador Vasconcelos,5.78623188405797
88a8a02921fffff,2023,Senador Vasconcelos,6.2
88a8a076a3fffff,2007,Vargem Grande,4.474162679425837
88a8a076a3fffff,2013,Vargem Grande,5.8
88a8a076a3fffff,2019,Vargem Grande,5.618461538461539
88a8a076a3fffff,2023,Vargem Grande,6.2
88a8a02107fffff,2007,Sepetiba,3.7746509129967776
88a8a02107fffff,2013,Sepetiba,4.8939142461964025
88a8a02107fffff,2019,Sepetiba,5.473479948253558
88a8a02107fffff,2023,Sepetiba,5.7
88a8a029c9fffff,2007,Campo Grande,4.659065288868014
88a8a029c9fffff,2013,Campo Grande,5.673055082339578
88a8a029c9fffff,2019,Campo Grande,5.976671619613669
88a8a029c9fffff,2023,Campo Grande,6.3
88a8a02a1dfffff,2007,Guaratiba,4.2179236043095
88a8a02a1dfffff,2013,Guaratiba,5.046859296482412
88a8a02a1dfffff,2019,Guaratiba,5.556527249683144
88a8a02a1dfffff,2023,Guaratiba,5.9
88a8a0661bfffff,2007,Santíssimo,4.605210084033614
88a8a0661bfffff,2013,Santíssimo,5.030360934182591
88a8a0661bfffff,2019,Santíssimo,5.970890410958904
88a8a0661bfffff,2023,Santíssimo,6.6
88a8a02ac5fffff,2007,Santa Cruz,4.2447033898305095
88a8a02ac5fffff,2013,Santa Cruz,5.370419906687403
88a8a02ac5fffff,2019,Santa Cruz,5.620006371455878
88a8a02ac5fffff,2023,Santa Cruz,6.0
88a8a066c3fffff,2007,Santíssimo,4.605210084033614
88a8a066c3fffff,2013,Santíssimo,5.030360934182591
88a8a066c3fffff,2019,Santíssimo,5.970890410958904
88a8a066c3fffff,2023,Santíssimo,6.6
88a8a02b19fffff,2007,Guaratiba,4.2179236043095
88a8a02b19fffff,2013,Guaratiba,5.046859296482412
88a8a02b19fffff,2019,Guaratiba,5.556527249683144
88a8a02b19fffff,2023,Guaratiba,5.9
88a8a06717fffff,2007,Realengo,4.301232285890326
88a8a06717fffff,2013,Realengo,5.14009324009324
88a8a06717fffff,2019,Realengo,5.889386792452831
88a8a06717fffff,2023,Realengo,6.1
88a8a02b6dfffff,2007,Guaratiba,4.2179236043095
88a8a02b6dfffff,2013,Guaratiba,5.046859296482412
88a8a02b6dfffff,2019,Guaratiba,5.556527249683144
88a8a02b6dfffff,2023,Guaratiba,5.9
88a8a0676bfffff,2007,Jardim Sulacap,5.900000000000001
88a8a0676bfffff,2013,Jardim Sulacap,5.599999999999999
88a8a0676bfffff,2019,Jardim Sulacap,6.9
88a8a0676bfffff,2023,Jardim Sulacap,7.1
88a8a0789bfffff,2007,Alto da Boa Vista,4.605042016806722
88a8a0789bfffff,2013,Alto da Boa Vista,5.749557522123895
88a8a0789bfffff,2019,Alto da Boa Vista,5.652032520325204
88a8a0789bfffff,2023,Alto da Boa Vista,5.9
88a8a0604dfffff,2007,Alto da Boa Vista,4.605042016806722
88a8a0604dfffff,2013,Alto da Boa Vista,5.749557522123895
88a8a0604dfffff,2019,Alto da Boa Vista,5.652032520325204
88a8a0604dfffff,2023,Alto da Boa Vista,5.9
88a8a060a1fffff,2007,Cavalcanti,4.811748633879781
88a8a060a1fffff,2013,Cavalcanti,5.564144736842105
88a8a060a1fffff,2019,Cavalcanti,5.803278688524591
88a8a060a1fffff,2023,Cavalcanti,6.0
88a8a07a93fffff,2007,Rocinha,4.126436781609195
88a8a07a93fffff,2013,Rocinha,4.131004366812227
88a8a07a93fffff,2019,Rocinha,5.56993006993007
88a8a07a93fffff,2023,Rocinha,5.9
88a8a02e6bfffff,2007,Santa Cruz,4.2447033898305095
88a8a02e6bfffff,2013,Santa Cruz,5.370419906687403
88a8a02e6bfffff,2019,Santa Cruz,5.620006371455878
88a8a02e6bfffff,2023,Santa Cruz,6.0
88a8a06149fffff,2007,Tijuca,4.602781289506954
88a8a06149fffff,2013,Tijuca,5.272364672364673
88a8a06149fffff,2019,Tijuca,5.694444444444445
88a8a06149fffff,2023,Tijuca,5.9
88a8a06a0bfffff,2007,Centro,4.491666666666667
88a8a06a0bfffff,2013,Centro,5.1626666666666665
88a8a06a0bfffff,2019,Centro,5.708465608465609
88a8a06a0bfffff,2023,Centro,6.3
88a8a0619dfffff,2007,Engenho da Rainha,4.3253125
88a8a0619dfffff,2013,Engenho da Rainha,5.00324074074074
88a8a0619dfffff,2019,Engenho da Rainha,5.774545454545455
88a8a0619dfffff,2023,Engenho da Rainha,5.9
88a8a02e61fffff,2007,Santa Cruz,4.2447033898305095
88a8a02e61fffff,2013,Santa Cruz,5.370419906687403
88a8a02e61fffff,2019,Santa Cruz,5.620006371455878
88a8a02e61fffff,2023,Santa Cruz,6.0
88a8a06245fffff,2007,Itanhangá,4.3
88a8a06245fffff,2013,Itanhangá,5.311267605633803
88a8a06245fffff,2019,Itanhangá,5.72054054054054
88a8a06245fffff,2023,Itanhangá,5.5
88a8a02f09fffff,2007,Santa Cruz,4.2447033898305095
88a8a02f09fffff,2013,Santa Cruz,5.370419906687403
88a8a02f09fffff,2019,Santa Cruz,5.620006371455878
88a8a02f09fffff,2023,Santa Cruz,6.0
88a8a06299fffff,2007,Jacarepaguá,4.471293161814489
88a8a06299fffff,2013,Jacarepaguá,5.675222816399288
88a8a06299fffff,2019,Jacarepaguá,6.095016891891893
88a8a06299fffff,2023,Jacarepaguá,6.4
88a8a061a7fffff,2007,Ramos,4.7232387923147305
88a8a061a7fffff,2013,Ramos,5.210505836575876
88a8a061a7fffff,2019,Ramos,5.7463265306122455
88a8a061a7fffff,2023,Ramos,6.7
88a8a02f5dfffff,2007,Santa Cruz,4.2447033898305095
88a8a02f5dfffff,2013,Santa Cruz,5.370419906687403
88a8a02f5dfffff,2019,Santa Cruz,5.620006371455878
88a8a02f5dfffff,2023,Santa Cruz,6.0
88a8a062edfffff,2007,Freguesia (Jacarepaguá),4.49554234769688
88a8a062edfffff,2013,Freguesia (Jacarepaguá),5.698239436619718
88a8a062edfffff,2019,Freguesia (Jacarepaguá),5.745387453874539
88a8a062edfffff,2023,Freguesia (Jacarepaguá),6.0
88a8a0741dfffff,2007,Vargem Pequena,4.8
88a8a0741dfffff,2013,Vargem Pequena,4.581954887218045
88a8a0741dfffff,2019,Vargem Pequena,6.254545454545454
88a8a0741dfffff,2023,Vargem Pequena,6.2
88a8a06341fffff,2007,São Conrado,4.9
88a8a06341fffff,2013,São Conrado,5.8
88a8a06341fffff,2019,São Conrado,6.2
88a8a06341fffff,2023,São Conrado,6.5
88a8a074c5fffff,2007,Vargem Grande,4.474162679425837
88a8a074c5fffff,2013,Vargem Grande,5.8
88a8a074c5fffff,2019,Vargem Grande,5.618461538461539
88a8a074c5fffff,2023,Vargem Grande,6.2
88a8a0391bfffff,2007,Guaratiba,4.2179236043095
88a8a0391bfffff,2013,Guaratiba,5.046859296482412
88a8a0391bfffff,2019,Guaratiba,5.556527249683144
88a8a0391bfffff,2023,Guaratiba,5.9
88a8a07519fffff,2007,Barra Olímpica,
88a8a07519fffff,2013,Barra Olímpica,
88a8a07519fffff,2019,Barra Olímpica,
88a8a07519fffff,2023,Barra Olímpica,
88a8a0756dfffff,2007,Barra da Tijuca,5.18662109375
88a8a0756dfffff,2013,Barra da Tijuca,5.830245535714286
88a8a0756dfffff,2019,Barra da Tijuca,6.693248945147679
88a8a0756dfffff,2023,Barra da Tijuca,6.7
88a8a039c3fffff,2007,Guaratiba,4.2179236043095
88a8a039c3fffff,2013,Guaratiba,5.046859296482412
88a8a039c3fffff,2019,Guaratiba,5.556527249683144
88a8a039c3fffff,2023,Guaratiba,5.9
88a8a075c1fffff,2007,Camorim,
88a8a075c1fffff,2013,Camorim,
88a8a075c1fffff,2019,Camorim,
88a8a075c1fffff,2023,Camorim,
88a8a028e7fffff,2007,Paciência,4.397682709447415
88a8a028e7fffff,2013,Paciência,5.211933007676204
88a8a028e7fffff,2019,Paciência,5.692237442922374
88a8a028e7fffff,2023,Paciência,6.4
88a8a07615fffff,2007,Recreio dos Bandeirantes,4.602747252747253
88a8a07615fffff,2013,Recreio dos Bandeirantes,5.290909090909091
88a8a07615fffff,2019,Recreio dos Bandeirantes,5.86896551724138
88a8a07615fffff,2023,Recreio dos Bandeirantes,6.1
88a8a0293bfffff,2007,Campo Grande,4.659065288868014
88a8a0293bfffff,2013,Campo Grande,5.673055082339578
88a8a0293bfffff,2019,Campo Grande,5.976671619613669
88a8a0293bfffff,2023,Campo Grande,6.3
88a8a06539fffff,2007,Anchieta,4.225891181988743
88a8a06539fffff,2013,Anchieta,4.801449275362319
88a8a06539fffff,2019,Anchieta,5.053846153846154
88a8a06539fffff,2023,Anchieta,5.5
88a8a076bdfffff,2007,Vargem Grande,4.474162679425837
88a8a076bdfffff,2013,Vargem Grande,5.8
88a8a076bdfffff,2019,Vargem Grande,5.618461538461539
88a8a076bdfffff,2023,Vargem Grande,6.2
88a8a02121fffff,2007,Santa Cruz,4.2447033898305095
88a8a02121fffff,2013,Santa Cruz,5.370419906687403
88a8a02121fffff,2019,Santa Cruz,5.620006371455878
88a8a02121fffff,2023,Santa Cruz,6.0
88a8a029e3fffff,2007,Campo Grande,4.659065288868014
88a8a029e3fffff,2013,Campo Grande,5.673055082339578
88a8a029e3fffff,2019,Campo Grande,5.976671619613669
88a8a029e3fffff,2023,Campo Grande,6.3
88a8a02a37fffff,2007,Paciência,4.397682709447415
88a8a02a37fffff,2013,Paciência,5.211933007676204
88a8a02a37fffff,2019,Paciência,5.692237442922374
88a8a02a37fffff,2023,Paciência,6.4
88a8a06635fffff,2007,Bangu,4.583498233215548
88a8a06635fffff,2013,Bangu,5.383494698017521
88a8a06635fffff,2019,Bangu,5.793712772998015
88a8a06635fffff,2023,Bangu,5.8
88a8a06153fffff,2007,Engenho Novo,4.514341085271317
88a8a06153fffff,2013,Engenho Novo,5.510869565217392
88a8a06153fffff,2019,Engenho Novo,5.768852459016393
88a8a06153fffff,2023,Engenho Novo,5.5
88a8a02a8bfffff,2007,Santa Cruz,4.2447033898305095
88a8a02a8bfffff,2013,Santa Cruz,5.370419906687403
88a8a02a8bfffff,2019,Santa Cruz,5.620006371455878
88a8a02a8bfffff,2023,Santa Cruz,6.0
88a8a06689fffff,2007,Campo Grande,4.659065288868014
88a8a06689fffff,2013,Campo Grande,5.673055082339578
88a8a06689fffff,2019,Campo Grande,5.976671619613669
88a8a06689fffff,2023,Campo Grande,6.3
88a8a06f4bfffff,2007,Penha,4.487165178571429
88a8a06f4bfffff,2013,Penha,4.93076923076923
88a8a06f4bfffff,2019,Penha,5.623137254901961
88a8a06f4bfffff,2023,Penha,5.9
88a8a066ddfffff,2007,Santíssimo,4.605210084033614
88a8a066ddfffff,2013,Santíssimo,5.030360934182591
88a8a066ddfffff,2019,Santíssimo,5.970890410958904
88a8a066ddfffff,2023,Santíssimo,6.6
88a8a02b33fffff,2007,Campo Grande,4.659065288868014
88a8a02b33fffff,2013,Campo Grande,5.673055082339578
88a8a02b33fffff,2019,Campo Grande,5.976671619613669
88a8a02b33fffff,2023,Campo Grande,6.3
88a8a06731fffff,2007,Vila Militar,4.218367346938775
88a8a06731fffff,2013,Vila Militar,5.1
88a8a06731fffff,2019,Vila Militar,6.5
88a8a06731fffff,2023,Vila Militar,6.2
88a8a078b5fffff,2007,Laranjeiras,5.221827411167513
88a8a078b5fffff,2013,Laranjeiras,5.948953974895398
88a8a078b5fffff,2019,Laranjeiras,6.105494505494506
88a8a078b5fffff,2023,Laranjeiras,6.5
88a8a06013fffff,2007,Quintino Bocaiúva,4.6922807017543855
88a8a06013fffff,2013,Quintino Bocaiúva,5.650485436893204
88a8a06013fffff,2019,Quintino Bocaiúva,5.678378378378379
88a8a06013fffff,2023,Quintino Bocaiúva,6.3
88a8a06067fffff,2007,Jacarepaguá,4.471293161814489
88a8a06067fffff,2013,Jacarepaguá,5.675222816399288
88a8a06067fffff,2019,Jacarepaguá,6.095016891891893
88a8a06067fffff,2023,Jacarepaguá,6.4
88a8a07197fffff,2007,Itanhangá,4.3
88a8a07197fffff,2013,Itanhangá,5.311267605633803
88a8a07197fffff,2019,Itanhangá,5.72054054054054
88a8a07197fffff,2023,Itanhangá,5.5
88a8a060bbfffff,2007,Rocha Miranda,4.656847545219639
88a8a060bbfffff,2013,Rocha Miranda,5.227272727272728
88a8a060bbfffff,2019,Rocha Miranda,5.5619565217391305
88a8a060bbfffff,2023,Rocha Miranda,5.7
88a8a06163fffff,2007,Maracanã,5.95065502183406
88a8a06163fffff,2013,Maracanã,7.085436893203883
88a8a06163fffff,2019,Maracanã,7.057142857142857
88a8a06163fffff,2023,Maracanã,7.2
88a8a061b7fffff,2007,Penha,4.487165178571429
88a8a061b7fffff,2013,Penha,4.93076923076923
88a8a061b7fffff,2019,Penha,5.623137254901961
88a8a061b7fffff,2023,Penha,5.9
88a8a0620bfffff,2007,Jacarepaguá,4.471293161814489
88a8a0620bfffff,2013,Jacarepaguá,5.675222816399288
88a8a0620bfffff,2019,Jacarepaguá,6.095016891891893
88a8a0620bfffff,2023,Jacarepaguá,6.4
88a8a062b3fffff,2007,Tanque,4.363245823389021
88a8a062b3fffff,2013,Tanque,5.524742268041238
88a8a062b3fffff,2019,Tanque,5.930030959752322
88a8a062b3fffff,2023,Tanque,6.1
88a8a06307fffff,2007,Alto da Boa Vista,4.605042016806722
88a8a06307fffff,2013,Alto da Boa Vista,5.749557522123895
88a8a06307fffff,2019,Alto da Boa Vista,5.652032520325204
88a8a06307fffff,2023,Alto da Boa Vista,5.9
88a8a07437fffff,2007,Vargem Pequena,4.8
88a8a07437fffff,2013,Vargem Pequena,4.581954887218045
88a8a07437fffff,2019,Vargem Pequena,6.254545454545454
88a8a07437fffff,2023,Vargem Pequena,6.2
88a8a0635bfffff,2007,Alto da Boa Vista,4.605042016806722
88a8a0635bfffff,2013,Alto da Boa Vista,5.749557522123895
88a8a0635bfffff,2019,Alto da Boa Vista,5.652032520325204
88a8a0635bfffff,2023,Alto da Boa Vista,5.9
88a8a0748bfffff,2007,Campo Grande,4.659065288868014
88a8a0748bfffff,2013,Campo Grande,5.673055082339578
88a8a0748bfffff,2019,Campo Grande,5.976671619613669
88a8a0748bfffff,2023,Campo Grande,6.3
88a8a02805fffff,2007,Inhoaíba,4.513713713713713
88a8a02805fffff,2013,Inhoaíba,5.646229050279329
88a8a02805fffff,2019,Inhoaíba,5.707640750670241
88a8a02805fffff,2023,Inhoaíba,6.0
88a8a03935fffff,2007,Recreio dos Bandeirantes,4.602747252747253
88a8a03935fffff,2013,Recreio dos Bandeirantes,5.290909090909091
88a8a03935fffff,2019,Recreio dos Bandeirantes,5.86896551724138
88a8a03935fffff,2023,Recreio dos Bandeirantes,6.1
88a8a07533fffff,2007,Jacarepaguá,4.471293161814489
88a8a07533fffff,2013,Jacarepaguá,5.675222816399288
88a8a07533fffff,2019,Jacarepaguá,6.095016891891893
88a8a07533fffff,2023,Jacarepaguá,6.4
88a8a02859fffff,2007,Paciência,4.397682709447415
88a8a02859fffff,2013,Paciência,5.211933007676204
88a8a02859fffff,2019,Paciência,5.692237442922374
88a8a02859fffff,2023,Paciência,6.4
88a8a06457fffff,2007,Gericinó,
88a8a06457fffff,2013,Gericinó,
88a8a06457fffff,2019,Gericinó,
88a8a06457fffff,2023,Gericinó,
88a8a03989fffff,2007,Guaratiba,4.2179236043095
88a8a03989fffff,2013,Guaratiba,5.046859296482412
88a8a03989fffff,2019,Guaratiba,5.556527249683144
88a8a03989fffff,2023,Guaratiba,5.9
88a8a07587fffff,2007,Jacarepaguá,4.471293161814489
88a8a07587fffff,2013,Jacarepaguá,5.675222816399288
88a8a07587fffff,2019,Jacarepaguá,6.095016891891893
88a8a07587fffff,2023,Jacarepaguá,6.4
88a8a028adfffff,2007,Campo Grande,4.659065288868014
88a8a028adfffff,2013,Campo Grande,5.673055082339578
88a8a028adfffff,2019,Campo Grande,5.976671619613669
88a8a028adfffff,2023,Campo Grande,6.3
88a8a039ddfffff,2007,Guaratiba,4.2179236043095
88a8a039ddfffff,2013,Guaratiba,5.046859296482412
88a8a039ddfffff,2019,Guaratiba,5.556527249683144
88a8a039ddfffff,2023,Guaratiba,5.9
88a8a075dbfffff,2007,Vargem Grande,4.474162679425837
88a8a075dbfffff,2013,Vargem Grande,5.8
88a8a075dbfffff,2019,Vargem Grande,5.618461538461539
88a8a075dbfffff,2023,Vargem Grande,6.2
88a8a02901fffff,2007,Senador Vasconcelos,4.757482993197279
88a8a02901fffff,2013,Senador Vasconcelos,5.825263157894738
88a8a02901fffff,2019,Senador Vasconcelos,5.78623188405797
88a8a02901fffff,2023,Senador Vasconcelos,6.2
88a8a02955fffff,2007,Campo Grande,4.659065288868014
88a8a02955fffff,2013,Campo Grande,5.673055082339578
88a8a02955fffff,2019,Campo Grande,5.976671619613669
88a8a02955fffff,2023,Campo Grande,6.3
88a8a06553fffff,2007,Parque Anchieta,4.8173393124065775
88a8a06553fffff,2013,Parque Anchieta,5.938927335640138
88a8a06553fffff,2019,Parque Anchieta,5.94066985645933
88a8a06553fffff,2023,Parque Anchieta,6.2
88a8a07683fffff,2007,Guaratiba,4.2179236043095
88a8a07683fffff,2013,Guaratiba,5.046859296482412
88a8a07683fffff,2019,Guaratiba,5.556527249683144
88a8a07683fffff,2023,Guaratiba,5.9
88a8a06e15fffff,2007,Pavuna,4.5800803673938
88a8a06e15fffff,2013,Pavuna,5.306037473976406
88a8a06e15fffff,2019,Pavuna,5.471647509578544
88a8a06e15fffff,2023,Pavuna,5.7
88a8a029a9fffff,2007,Campo Grande,4.659065288868014
88a8a029a9fffff,2013,Campo Grande,5.673055082339578
88a8a029a9fffff,2019,Campo Grande,5.976671619613669
88a8a029a9fffff,2023,Campo Grande,6.3
88a8a076d7fffff,2007,Guaratiba,4.2179236043095
88a8a076d7fffff,2013,Guaratiba,5.046859296482412
88a8a076d7fffff,2019,Guaratiba,5.556527249683144
88a8a076d7fffff,2023,Guaratiba,5.9
88a8a0213bfffff,2007,Sepetiba,3.7746509129967776
88a8a0213bfffff,2013,Sepetiba,4.8939142461964025
88a8a0213bfffff,2019,Sepetiba,5.473479948253558
88a8a0213bfffff,2023,Sepetiba,5.7
88a8a06e69fffff,2007,Vila da Penha,5.373770491803279
88a8a06e69fffff,2013,Vila da Penha,6.593617021276596
88a8a06e69fffff,2019,Vila da Penha,6.669491525423729
88a8a06e69fffff,2023,Vila da Penha,6.9
88a8a02a51fffff,2007,Guaratiba,4.2179236043095
88a8a02a51fffff,2013,Guaratiba,5.046859296482412
88a8a02a51fffff,2019,Guaratiba,5.556527249683144
88a8a02a51fffff,2023,Guaratiba,5.9
88a8a060abfffff,2007,Madureira,4.073684210526316
88a8a060abfffff,2013,Madureira,4.881935483870968
88a8a060abfffff,2019,Madureira,5.302049180327869
88a8a060abfffff,2023,Madureira,5.5
88a8a021e3fffff,2007,Santa Cruz,4.2447033898305095
88a8a021e3fffff,2013,Santa Cruz,5.370419906687403
88a8a021e3fffff,2019,Santa Cruz,5.620006371455878
88a8a021e3fffff,2023,Santa Cruz,6.0
88a8a02aa5fffff,2007,Paciência,4.397682709447415
88a8a02aa5fffff,2013,Paciência,5.211933007676204
88a8a02aa5fffff,2019,Paciência,5.692237442922374
88a8a02aa5fffff,2023,Paciência,6.4
88a8a066a3fffff,2007,Bangu,4.583498233215548
88a8a066a3fffff,2013,Bangu,5.383494698017521
88a8a066a3fffff,2019,Bangu,5.793712772998015
88a8a066a3fffff,2023,Bangu,5.8
88a8a02b4dfffff,2007,Guaratiba,4.2179236043095
88a8a02b4dfffff,2013,Guaratiba,5.046859296482412
88a8a02b4dfffff,2019,Guaratiba,5.556527249683144
88a8a02b4dfffff,2023,Guaratiba,5.9
88a8a0674bfffff,2007,Realengo,4.301232285890326
88a8a0674bfffff,2013,Realengo,5.14009324009324
88a8a0674bfffff,2019,Realengo,5.889386792452831
88a8a0674bfffff,2023,Realengo,6.1
88a8a070b5fffff,2007,Barra da Tijuca,5.18662109375
88a8a070b5fffff,2013,Barra da Tijuca,5.830245535714286
88a8a070b5fffff,2019,Barra da Tijuca,6.693248945147679
88a8a070b5fffff,2023,Barra da Tijuca,6.7
88a8a0602dfffff,2007,Engenho Novo,4.514341085271317
88a8a0602dfffff,2013,Engenho Novo,5.510869565217392
88a8a0602dfffff,2019,Engenho Novo,5.768852459016393
88a8a0602dfffff,2023,Engenho Novo,5.5
88a8a06081fffff,2007,Madureira,4.073684210526316
88a8a06081fffff,2013,Madureira,4.881935483870968
88a8a06081fffff,2019,Madureira,5.302049180327869
88a8a06081fffff,2023,Madureira,5.5
88a8a071b1fffff,2007,São Conrado,4.9
88a8a071b1fffff,2013,São Conrado,5.8
88a8a071b1fffff,2019,São Conrado,6.2
88a8a071b1fffff,2023,São Conrado,6.5
88a8a060d5fffff,2007,Vila Valqueire,4.991561181434599
88a8a060d5fffff,2013,Vila Valqueire,5.3203980099502495
88a8a060d5fffff,2019,Vila Valqueire,6.03160621761658
88a8a060d5fffff,2023,Vila Valqueire,6.5
88a8a06129fffff,2007,Imperial de São Cristóvão,5.111506849315068
88a8a06129fffff,2013,Imperial de São Cristóvão,5.681226053639847
88a8a06129fffff,2019,Imperial de São Cristóvão,6.024773413897281
88a8a06129fffff,2023,Imperial de São Cristóvão,6.2
88a8a02e41fffff,2007,Santa Cruz,4.2447033898305095
88a8a02e41fffff,2013,Santa Cruz,5.370419906687403
88a8a02e41fffff,2019,Santa Cruz,5.620006371455878
88a8a02e41fffff,2023,Santa Cruz,6.0
88a8a061d1fffff,2007,Pilares,4.797967479674797
88a8a061d1fffff,2013,Pilares,5.857142857142857
88a8a061d1fffff,2019,Pilares,5.993491124260355
88a8a061d1fffff,2023,Pilares,5.9
88a8a06225fffff,2007,Alto da Boa Vista,4.605042016806722
88a8a06225fffff,2013,Alto da Boa Vista,5.749557522123895
88a8a06225fffff,2019,Alto da Boa Vista,5.652032520325204
88a8a06225fffff,2023,Alto da Boa Vista,5.9
88a8a062cdfffff,2007,Barra Olímpica,
88a8a062cdfffff,2013,Barra Olímpica,
88a8a062cdfffff,2019,Barra Olímpica,
88a8a062cdfffff,2023,Barra Olímpica,
88a8a06321fffff,2007,Alto da Boa Vista,4.605042016806722
88a8a06321fffff,2013,Alto da Boa Vista,5.749557522123895
88a8a06321fffff,2019,Alto da Boa Vista,5.652032520325204
88a8a06321fffff,2023,Alto da Boa Vista,5.9
88a8a07451fffff,2007,Recreio dos Bandeirantes,4.602747252747253
88a8a07451fffff,2013,Recreio dos Bandeirantes,5.290909090909091
88a8a07451fffff,2019,Recreio dos Bandeirantes,5.86896551724138
88a8a07451fffff,2023,Recreio dos Bandeirantes,6.1
88a8a038a7fffff,2007,Guaratiba,4.2179236043095
88a8a038a7fffff,2013,Guaratiba,5.046859296482412
88a8a038a7fffff,2019,Guaratiba,5.556527249683144
88a8a038a7fffff,2023,Guaratiba,5.9
88a8a074a5fffff,2007,Jacarepaguá,4.471293161814489
88a8a074a5fffff,2013,Jacarepaguá,5.675222816399288
88a8a074a5fffff,2019,Jacarepaguá,6.095016891891893
88a8a074a5fffff,2023,Jacarepaguá,6.4
88a8a06057fffff,2007,Jacarepaguá,4.471293161814489
88a8a06057fffff,2013,Jacarepaguá,5.675222816399288
88a8a06057fffff,2019,Jacarepaguá,6.095016891891893
88a8a06057fffff,2023,Jacarepaguá,6.4
88a8a0754dfffff,2007,Barra da Tijuca,5.18662109375
88a8a0754dfffff,2013,Barra da Tijuca,5.830245535714286
88a8a0754dfffff,2019,Barra da Tijuca,6.693248945147679
88a8a0754dfffff,2023,Barra da Tijuca,6.7
88a8a039a3fffff,2007,Ilha de Guaratiba,
88a8a039a3fffff,2013,Ilha de Guaratiba,
88a8a039a3fffff,2019,Ilha de Guaratiba,
88a8a039a3fffff,2023,Ilha de Guaratiba,
88a8a075a1fffff,2007,Jacarepaguá,4.471293161814489
88a8a075a1fffff,2013,Jacarepaguá,5.675222816399288
88a8a075a1fffff,2019,Jacarepaguá,6.095016891891893
88a8a075a1fffff,2023,Jacarepaguá,6.4
88a8a028c7fffff,2007,Santa Cruz,4.2447033898305095
88a8a028c7fffff,2013,Santa Cruz,5.370419906687403
88a8a028c7fffff,2019,Santa Cruz,5.620006371455878
88a8a028c7fffff,2023,Santa Cruz,6.0
88a8a0291bfffff,2007,Campo Grande,4.659065288868014
88a8a0291bfffff,2013,Campo Grande,5.673055082339578
88a8a0291bfffff,2019,Campo Grande,5.976671619613669
88a8a0291bfffff,2023,Campo Grande,6.3
88a8a06519fffff,2007,Anchieta,4.225891181988743
88a8a06519fffff,2013,Anchieta,4.801449275362319
88a8a06519fffff,2019,Anchieta,5.053846153846154
88a8a06519fffff,2023,Anchieta,5.5
88a8a020adfffff,2007,Santa Cruz,4.2447033898305095
88a8a020adfffff,2013,Santa Cruz,5.370419906687403
88a8a020adfffff,2019,Santa Cruz,5.620006371455878
88a8a020adfffff,2023,Santa Cruz,6.0
88a8a0656dfffff,2007,Marechal Hermes,4.5113243761996165
88a8a0656dfffff,2013,Marechal Hermes,5.876237623762377
88a8a0656dfffff,2019,Marechal Hermes,5.829846153846154
88a8a0656dfffff,2023,Marechal Hermes,6.6
88a8a0769dfffff,2007,Guaratiba,4.2179236043095
88a8a0769dfffff,2013,Guaratiba,5.046859296482412
88a8a0769dfffff,2019,Guaratiba,5.556527249683144
88a8a0769dfffff,2023,Guaratiba,5.9
88a8a02101fffff,2007,Sepetiba,3.7746509129967776
88a8a02101fffff,2013,Sepetiba,4.8939142461964025
88a8a02101fffff,2019,Sepetiba,5.473479948253558
88a8a02101fffff,2023,Sepetiba,5.7
88a8a029c3fffff,2007,Campo Grande,4.659065288868014
88a8a029c3fffff,2013,Campo Grande,5.673055082339578
88a8a029c3fffff,2019,Campo Grande,5.976671619613669
88a8a029c3fffff,2023,Campo Grande,6.3
88a8a02a17fffff,2007,Santa Cruz,4.2447033898305095
88a8a02a17fffff,2013,Santa Cruz,5.370419906687403
88a8a02a17fffff,2019,Santa Cruz,5.620006371455878
88a8a02a17fffff,2023,Santa Cruz,6.0
88a8a06615fffff,2007,Senador Camará,4.404440649017934
88a8a06615fffff,2013,Senador Camará,5.228953974895398
88a8a06615fffff,2019,Senador Camará,5.511260827718961
88a8a06615fffff,2023,Senador Camará,5.7
88a8a021a9fffff,2007,Santa Cruz,4.2447033898305095
88a8a021a9fffff,2013,Santa Cruz,5.370419906687403
88a8a021a9fffff,2019,Santa Cruz,5.620006371455878
88a8a021a9fffff,2023,Santa Cruz,6.0
88a8a02a6bfffff,2007,Guaratiba,4.2179236043095
88a8a02a6bfffff,2013,Guaratiba,5.046859296482412
88a8a02a6bfffff,2019,Guaratiba,5.556527249683144
88a8a02a6bfffff,2023,Guaratiba,5.9
88a8a06669fffff,2007,Realengo,4.301232285890326
88a8a06669fffff,2013,Realengo,5.14009324009324
88a8a06669fffff,2019,Realengo,5.889386792452831
88a8a06669fffff,2023,Realengo,6.1
88a8a066bdfffff,2007,Bangu,4.583498233215548
88a8a066bdfffff,2013,Bangu,5.383494698017521
88a8a066bdfffff,2019,Bangu,5.793712772998015
88a8a066bdfffff,2023,Bangu,5.8
88a8a02b13fffff,2007,Guaratiba,4.2179236043095
88a8a02b13fffff,2013,Guaratiba,5.046859296482412
88a8a02b13fffff,2019,Guaratiba,5.556527249683144
88a8a02b13fffff,2023,Guaratiba,5.9
88a8a06711fffff,2007,Realengo,4.301232285890326
88a8a06711fffff,2013,Realengo,5.14009324009324
88a8a06711fffff,2019,Realengo,5.889386792452831
88a8a06711fffff,2023,Realengo,6.1
88a8a06003fffff,2007,Água Santa,4.4
88a8a06003fffff,2013,Água Santa,5.9
88a8a06003fffff,2019,Água Santa,
88a8a06003fffff,2023,Água Santa,
88a8a02b67fffff,2007,Guaratiba,4.2179236043095
88a8a02b67fffff,2013,Guaratiba,5.046859296482412
88a8a02b67fffff,2019,Guaratiba,5.556527249683144
88a8a02b67fffff,2023,Guaratiba,5.9
88a8a06765fffff,2007,Jardim Sulacap,5.900000000000001
88a8a06765fffff,2013,Jardim Sulacap,5.599999999999999
88a8a06765fffff,2019,Jardim Sulacap,6.9
88a8a06765fffff,2023,Jardim Sulacap,7.1
88a8a07895fffff,2007,Santa Teresa,5.007547169811321
88a8a07895fffff,2013,Santa Teresa,5.916438356164384
88a8a07895fffff,2019,Santa Teresa,6.474615384615385
88a8a07895fffff,2023,Santa Teresa,5.9
88a8a06047fffff,2007,Jacarepaguá,4.471293161814489
88a8a06047fffff,2013,Jacarepaguá,5.675222816399288
88a8a06047fffff,2019,Jacarepaguá,6.095016891891893
88a8a06047fffff,2023,Jacarepaguá,6.4
88a8a0609bfffff,2007,Marechal Hermes,4.5113243761996165
88a8a0609bfffff,2013,Marechal Hermes,5.876237623762377
88a8a0609bfffff,2019,Marechal Hermes,5.829846153846154
88a8a0609bfffff,2023,Marechal Hermes,6.6
88a8a06143fffff,2007,Andaraí,4.791988950276243
88a8a06143fffff,2013,Andaraí,5.453252032520325
88a8a06143fffff,2019,Andaraí,5.85934065934066
88a8a06143fffff,2023,Andaraí,6.0
88a8a06197fffff,2007,Penha Circular,4.909274873524452
88a8a06197fffff,2013,Penha Circular,5.6082
88a8a06197fffff,2019,Penha Circular,5.6613231552162855
88a8a06197fffff,2023,Penha Circular,6.5
88a8a06a59fffff,2007,Catumbi,3.0
88a8a06a59fffff,2013,Catumbi,4.4
88a8a06a59fffff,2019,Catumbi,5.714285714285714
88a8a06a59fffff,2023,Catumbi,6.9
88a8a061ebfffff,2007,Del Castilho,4.566492146596859
88a8a061ebfffff,2013,Del Castilho,4.802985074626866
88a8a061ebfffff,2019,Del Castilho,
88a8a061ebfffff,2023,Del Castilho,5.8
88a8a06293fffff,2007,Taquara,4.865171102661597
88a8a06293fffff,2013,Taquara,5.635502392344497
88a8a06293fffff,2019,Taquara,6.141109709962168
88a8a06293fffff,2023,Taquara,6.2
88a8a02f57fffff,2007,Santa Cruz,4.2447033898305095
88a8a02f57fffff,2013,Santa Cruz,5.370419906687403
88a8a02f57fffff,2019,Santa Cruz,5.620006371455878
88a8a02f57fffff,2023,Santa Cruz,6.0
88a8a062e7fffff,2007,Freguesia (Jacarepaguá),4.49554234769688
88a8a062e7fffff,2013,Freguesia (Jacarepaguá),5.698239436619718
88a8a062e7fffff,2019,Freguesia (Jacarepaguá),5.745387453874539
88a8a062e7fffff,2023,Freguesia (Jacarepaguá),6.0
88a8a07417fffff,2007,Vargem Grande,4.474162679425837
88a8a07417fffff,2013,Vargem Grande,5.8
88a8a07417fffff,2019,Vargem Grande,5.618461538461539
88a8a07417fffff,2023,Vargem Grande,6.2
88a8a0633bfffff,2007,Tijuca,4.602781289506954
88a8a0633bfffff,2013,Tijuca,5.272364672364673
88a8a0633bfffff,2019,Tijuca,5.694444444444445
88a8a0633bfffff,2023,Tijuca,5.9
88a8a0746bfffff,2007,Recreio dos Bandeirantes,4.602747252747253
88a8a0746bfffff,2013,Recreio dos Bandeirantes,5.290909090909091
88a8a0746bfffff,2019,Recreio dos Bandeirantes,5.86896551724138
88a8a0746bfffff,2023,Recreio dos Bandeirantes,6.1
88a8a038c1fffff,2007,Guaratiba,4.2179236043095
88a8a038c1fffff,2013,Guaratiba,5.046859296482412
88a8a038c1fffff,2019,Guaratiba,5.556527249683144
88a8a038c1fffff,2023,Guaratiba,5.9
88a8a03915fffff,2007,Guaratiba,4.2179236043095
88a8a03915fffff,2013,Guaratiba,5.046859296482412
88a8a03915fffff,2019,Guaratiba,5.556527249683144
88a8a03915fffff,2023,Guaratiba,5.9
88a8a07513fffff,2007,Jacarepaguá,4.471293161814489
88a8a07513fffff,2013,Jacarepaguá,5.675222816399288
88a8a07513fffff,2019,Jacarepaguá,6.095016891891893
88a8a07513fffff,2023,Jacarepaguá,6.4
88a8a02839fffff,2007,Cosmos,4.556749049429658
88a8a02839fffff,2013,Cosmos,5.233594515181194
88a8a02839fffff,2019,Cosmos,5.436989795918366
88a8a02839fffff,2023,Cosmos,6.0
88a8a07567fffff,2007,Barra da Tijuca,5.18662109375
88a8a07567fffff,2013,Barra da Tijuca,5.830245535714286
88a8a07567fffff,2019,Barra da Tijuca,6.693248945147679
88a8a07567fffff,2023,Barra da Tijuca,6.7
88a8a0288dfffff,2007,Paciência,4.397682709447415
88a8a0288dfffff,2013,Paciência,5.211933007676204
88a8a0288dfffff,2019,Paciência,5.692237442922374
88a8a0288dfffff,2023,Paciência,6.4
88a8a039bdfffff,2007,Ilha de Guaratiba,
88a8a039bdfffff,2013,Ilha de Guaratiba,
88a8a039bdfffff,2019,Ilha de Guaratiba,
88a8a039bdfffff,2023,Ilha de Guaratiba,
88a8a075bbfffff,2007,Jacarepaguá,4.471293161814489
88a8a075bbfffff,2013,Jacarepaguá,5.675222816399288
88a8a075bbfffff,2019,Jacarepaguá,6.095016891891893
88a8a075bbfffff,2023,Jacarepaguá,6.4
88a8a028e1fffff,2007,Paciência,4.397682709447415
88a8a028e1fffff,2013,Paciência,5.211933007676204
88a8a028e1fffff,2019,Paciência,5.692237442922374
88a8a028e1fffff,2023,Paciência,6.4
88a8a02935fffff,2007,Santíssimo,4.605210084033614
88a8a02935fffff,2013,Santíssimo,5.030360934182591
88a8a02935fffff,2019,Santíssimo,5.970890410958904
88a8a02935fffff,2023,Santíssimo,6.6
88a8a02989fffff,2007,Campo Grande,4.659065288868014
88a8a02989fffff,2013,Campo Grande,5.673055082339578
88a8a02989fffff,2019,Campo Grande,5.976671619613669
88a8a02989fffff,2023,Campo Grande,6.3
88a8a076b7fffff,2007,Vargem Grande,4.474162679425837
88a8a076b7fffff,2013,Vargem Grande,5.8
88a8a076b7fffff,2019,Vargem Grande,5.618461538461539
88a8a076b7fffff,2023,Vargem Grande,6.2
88a8a06e49fffff,2007,Irajá,4.703466076696165
88a8a06e49fffff,2013,Irajá,5.436387434554974
88a8a06e49fffff,2019,Irajá,6.068776824034335
88a8a06e49fffff,2023,Irajá,6.2
88a8a029ddfffff,2007,Campo Grande,4.659065288868014
88a8a029ddfffff,2013,Campo Grande,5.673055082339578
88a8a029ddfffff,2019,Campo Grande,5.976671619613669
88a8a029ddfffff,2023,Campo Grande,6.3
88a8a02a31fffff,2007,Santa Cruz,4.2447033898305095
88a8a02a31fffff,2013,Santa Cruz,5.370419906687403
88a8a02a31fffff,2019,Santa Cruz,5.620006371455878
88a8a02a31fffff,2023,Santa Cruz,6.0
88a8a021c3fffff,2007,Santa Cruz,4.2447033898305095
88a8a021c3fffff,2013,Santa Cruz,5.370419906687403
88a8a021c3fffff,2019,Santa Cruz,5.620006371455878
88a8a021c3fffff,2023,Santa Cruz,6.0
88a8a02a85fffff,2007,Santa Cruz,4.2447033898305095
88a8a02a85fffff,2013,Santa Cruz,5.370419906687403
88a8a02a85fffff,2019,Santa Cruz,5.620006371455878
88a8a02a85fffff,2023,Santa Cruz,6.0
88a8a06683fffff,2007,Campo Grande,4.659065288868014
88a8a06683fffff,2013,Campo Grande,5.673055082339578
88a8a06683fffff,2019,Campo Grande,5.976671619613669
88a8a06683fffff,2023,Campo Grande,6.3
88a8a02ad9fffff,2007,Santa Cruz,4.2447033898305095
88a8a02ad9fffff,2013,Santa Cruz,5.370419906687403
88a8a02ad9fffff,2019,Santa Cruz,5.620006371455878
88a8a02ad9fffff,2023,Santa Cruz,6.0
88a8a066d7fffff,2007,Campo Grande,4.659065288868014
88a8a066d7fffff,2013,Campo Grande,5.673055082339578
88a8a066d7fffff,2019,Campo Grande,5.976671619613669
88a8a066d7fffff,2023,Campo Grande,6.3
88a8a02b2dfffff,2007,Guaratiba,4.2179236043095
88a8a02b2dfffff,2013,Guaratiba,5.046859296482412
88a8a02b2dfffff,2019,Guaratiba,5.556527249683144
88a8a02b2dfffff,2023,Guaratiba,5.9
88a8a0672bfffff,2007,Vila Militar,4.218367346938775
88a8a0672bfffff,2013,Vila Militar,5.1
88a8a0672bfffff,2019,Vila Militar,6.5
88a8a0672bfffff,2023,Vila Militar,6.2
88a8a0600dfffff,2007,Jacarepaguá,4.471293161814489
88a8a0600dfffff,2013,Jacarepaguá,5.675222816399288
88a8a0600dfffff,2019,Jacarepaguá,6.095016891891893
88a8a0600dfffff,2023,Jacarepaguá,6.4
88a8a06061fffff,2007,Jacarepaguá,4.471293161814489
88a8a06061fffff,2013,Jacarepaguá,5.675222816399288
88a8a06061fffff,2019,Jacarepaguá,6.095016891891893
88a8a06061fffff,2023,Jacarepaguá,6.4
88a8a07191fffff,2007,Barra da Tijuca,5.18662109375
88a8a07191fffff,2013,Barra da Tijuca,5.830245535714286
88a8a07191fffff,2019,Barra da Tijuca,6.693248945147679
88a8a07191fffff,2023,Barra da Tijuca,6.7
88a8a060b5fffff,2007,Irajá,4.703466076696165
88a8a060b5fffff,2013,Irajá,5.436387434554974
88a8a060b5fffff,2019,Irajá,6.068776824034335
88a8a060b5fffff,2023,Irajá,6.2
88a8a06109fffff,2007,Vila Isabel,4.147868217054264
88a8a06109fffff,2013,Vila Isabel,5.047139588100686
88a8a06109fffff,2019,Vila Isabel,5.214112903225806
88a8a06109fffff,2023,Vila Isabel,5.5
88a8a0615dfffff,2007,Andaraí,4.791988950276243
88a8a0615dfffff,2013,Andaraí,5.453252032520325
88a8a0615dfffff,2019,Andaraí,5.85934065934066
88a8a0615dfffff,2023,Andaraí,6.0
88a8a061b1fffff,2007,Penha,4.487165178571429
88a8a061b1fffff,2013,Penha,4.93076923076923
88a8a061b1fffff,2019,Penha,5.623137254901961
88a8a061b1fffff,2023,Penha,5.9
88a8a06205fffff,2007,Jacarepaguá,4.471293161814489
88a8a06205fffff,2013,Jacarepaguá,5.675222816399288
88a8a06205fffff,2019,Jacarepaguá,6.095016891891893
88a8a06205fffff,2023,Jacarepaguá,6.4
88a8a06259fffff,2007,Barra da Tijuca,5.18662109375
88a8a06259fffff,2013,Barra da Tijuca,5.830245535714286
88a8a06259fffff,2019,Barra da Tijuca,6.693248945147679
88a8a06259fffff,2023,Barra da Tijuca,6.7
88a8a062adfffff,2007,Freguesia (Jacarepaguá),4.49554234769688
88a8a062adfffff,2013,Freguesia (Jacarepaguá),5.698239436619718
88a8a062adfffff,2019,Freguesia (Jacarepaguá),5.745387453874539
88a8a062adfffff,2023,Freguesia (Jacarepaguá),6.0
88a8a06301fffff,2007,Alto da Boa Vista,4.605042016806722
88a8a06301fffff,2013,Alto da Boa Vista,5.749557522123895
88a8a06301fffff,2019,Alto da Boa Vista,5.652032520325204
88a8a06301fffff,2023,Alto da Boa Vista,5.9
88a8a03833fffff,2007,Guaratiba,4.2179236043095
88a8a03833fffff,2013,Guaratiba,5.046859296482412
88a8a03833fffff,2019,Guaratiba,5.556527249683144
88a8a03833fffff,2023,Guaratiba,5.9
88a8a07431fffff,2007,Vargem Pequena,4.8
88a8a07431fffff,2013,Vargem Pequena,4.581954887218045
88a8a07431fffff,2019,Vargem Pequena,6.254545454545454
88a8a07431fffff,2023,Vargem Pequena,6.2
88a8a06355fffff,2007,Alto da Boa Vista,4.605042016806722
88a8a06355fffff,2013,Alto da Boa Vista,5.749557522123895
88a8a06355fffff,2019,Alto da Boa Vista,5.652032520325204
88a8a06355fffff,2023,Alto da Boa Vista,5.9
88a8a07485fffff,2007,Vargem Grande,4.474162679425837
88a8a07485fffff,2013,Vargem Grande,5.8
88a8a07485fffff,2019,Vargem Grande,5.618461538461539
88a8a07485fffff,2023,Vargem Grande,6.2
88a8a074d9fffff,2007,Guaratiba,4.2179236043095
88a8a074d9fffff,2013,Guaratiba,5.046859296482412
88a8a074d9fffff,2019,Guaratiba,5.556527249683144
88a8a074d9fffff,2023,Guaratiba,5.9
88a8a0752dfffff,2007,Barra da Tijuca,5.18662109375
88a8a0752dfffff,2013,Barra da Tijuca,5.830245535714286
88a8a0752dfffff,2019,Barra da Tijuca,6.693248945147679
88a8a0752dfffff,2023,Barra da Tijuca,6.7
88a8a02853fffff,2007,Paciência,4.397682709447415
88a8a02853fffff,2013,Paciência,5.211933007676204
88a8a02853fffff,2019,Paciência,5.692237442922374
88a8a02853fffff,2023,Paciência,6.4
88a8a03983fffff,2007,Guaratiba,4.2179236043095
88a8a03983fffff,2013,Guaratiba,5.046859296482412
88a8a03983fffff,2019,Guaratiba,5.556527249683144
88a8a03983fffff,2023,Guaratiba,5.9
88a8a06451fffff,2007,Bangu,4.583498233215548
88a8a06451fffff,2013,Bangu,5.383494698017521
88a8a06451fffff,2019,Bangu,5.793712772998015
88a8a06451fffff,2023,Bangu,5.8
88a8a07581fffff,2007,Jacarepaguá,4.471293161814489
88a8a07581fffff,2013,Jacarepaguá,5.675222816399288
88a8a07581fffff,2019,Jacarepaguá,6.095016891891893
88a8a07581fffff,2023,Jacarepaguá,6.4
88a8a039d7fffff,2007,Guaratiba,4.2179236043095
88a8a039d7fffff,2013,Guaratiba,5.046859296482412
88a8a039d7fffff,2019,Guaratiba,5.556527249683144
88a8a039d7fffff,2023,Guaratiba,5.9
88a8a075d5fffff,2007,Vargem Grande,4.474162679425837
88a8a075d5fffff,2013,Vargem Grande,5.8
88a8a075d5fffff,2019,Vargem Grande,5.618461538461539
88a8a075d5fffff,2023,Vargem Grande,6.2
88a8a0654dfffff,2007,Deodoro,4.743636363636363
88a8a0654dfffff,2013,Deodoro,5.683766233766233
88a8a0654dfffff,2019,Deodoro,5.946153846153846
88a8a0654dfffff,2023,Deodoro,6.4
88a8a029a3fffff,2007,Campo Grande,4.659065288868014
88a8a029a3fffff,2013,Campo Grande,5.673055082339578
88a8a029a3fffff,2019,Campo Grande,5.976671619613669
88a8a029a3fffff,2023,Campo Grande,6.3
88a8a076d1fffff,2007,Guaratiba,4.2179236043095
88a8a076d1fffff,2013,Guaratiba,5.046859296482412
88a8a076d1fffff,2019,Guaratiba,5.556527249683144
88a8a076d1fffff,2023,Guaratiba,5.9
88a8a02135fffff,2007,Santa Cruz,4.2447033898305095
88a8a02135fffff,2013,Santa Cruz,5.370419906687403
88a8a02135fffff,2019,Santa Cruz,5.620006371455878
88a8a02135fffff,2023,Santa Cruz,6.0
88a8a06e63fffff,2007,Cordovil,4.34290780141844
88a8a06e63fffff,2013,Cordovil,5.026133909287257
88a8a06e63fffff,2019,Cordovil,5.794583333333334
88a8a06e63fffff,2023,Cordovil,6.0
88a8a02189fffff,2007,Santa Cruz,4.2447033898305095
88a8a02189fffff,2013,Santa Cruz,5.370419906687403
88a8a02189fffff,2019,Santa Cruz,5.620006371455878
88a8a02189fffff,2023,Santa Cruz,6.0
88a8a02a4bfffff,2007,Guaratiba,4.2179236043095
88a8a02a4bfffff,2013,Guaratiba,5.046859296482412
88a8a02a4bfffff,2019,Guaratiba,5.556527249683144
88a8a02a4bfffff,2023,Guaratiba,5.9
88a8a06649fffff,2007,Senador Camará,4.404440649017934
88a8a06649fffff,2013,Senador Camará,5.228953974895398
88a8a06649fffff,2019,Senador Camará,5.511260827718961
88a8a06649fffff,2023,Senador Camará,5.7
88a8a0669dfffff,2007,Campo Grande,4.659065288868014
88a8a0669dfffff,2013,Campo Grande,5.673055082339578
88a8a0669dfffff,2019,Campo Grande,5.976671619613669
88a8a0669dfffff,2023,Campo Grande,6.3
88a8a02b47fffff,2007,Guaratiba,4.2179236043095
88a8a02b47fffff,2013,Guaratiba,5.046859296482412
88a8a02b47fffff,2019,Guaratiba,5.556527249683144
88a8a02b47fffff,2023,Guaratiba,5.9
88a8a06745fffff,2007,Taquara,4.865171102661597
88a8a06745fffff,2013,Taquara,5.635502392344497
88a8a06745fffff,2019,Taquara,6.141109709962168
88a8a06745fffff,2023,Taquara,6.2
88a8a078c9fffff,2007,Ipanema,4.507111111111112
88a8a078c9fffff,2013,Ipanema,4.735099337748345
88a8a078c9fffff,2019,Ipanema,5.184444444444444
88a8a078c9fffff,2023,Ipanema,5.6
88a8a06027fffff,2007,Méier,4.560416666666667
88a8a06027fffff,2013,Méier,5.069950738916257
88a8a06027fffff,2019,Méier,6.2405063291139244
88a8a06027fffff,2023,Méier,5.6
88a8a06123fffff,2007,Vasco da Gama,5.0
88a8a06123fffff,2013,Vasco da Gama,6.4
88a8a06123fffff,2019,Vasco da Gama,6.9
88a8a06123fffff,2023,Vasco da Gama,6.2
88a8a061cbfffff,2007,Engenho de Dentro,4.827579365079365
88a8a061cbfffff,2013,Engenho de Dentro,5.741297935103245
88a8a061cbfffff,2019,Engenho de Dentro,6.245741324921136
88a8a061cbfffff,2023,Engenho de Dentro,5.7
88a8a062c7fffff,2007,Cidade de Deus,4.125268817204301
88a8a062c7fffff,2013,Cidade de Deus,4.5997171145686
88a8a062c7fffff,2019,Cidade de Deus,5.412690355329949
88a8a062c7fffff,2023,Cidade de Deus,5.8
88a8a0631bfffff,2007,Alto da Boa Vista,4.605042016806722
88a8a0631bfffff,2013,Alto da Boa Vista,5.749557522123895
88a8a0631bfffff,2019,Alto da Boa Vista,5.652032520325204
88a8a0631bfffff,2023,Alto da Boa Vista,5.9
88a8a0744bfffff,2007,Recreio dos Bandeirantes,4.602747252747253
88a8a0744bfffff,2013,Recreio dos Bandeirantes,5.290909090909091
88a8a0744bfffff,2019,Recreio dos Bandeirantes,5.86896551724138
88a8a0744bfffff,2023,Recreio dos Bandeirantes,6.1
88a8a02819fffff,2007,Paciência,4.397682709447415
88a8a02819fffff,2013,Paciência,5.211933007676204
88a8a02819fffff,2019,Paciência,5.692237442922374
88a8a02819fffff,2023,Paciência,6.4
88a8a07547fffff,2007,Barra da Tijuca,5.18662109375
88a8a07547fffff,2013,Barra da Tijuca,5.830245535714286
88a8a07547fffff,2019,Barra da Tijuca,6.693248945147679
88a8a07547fffff,2023,Barra da Tijuca,6.7
88a8a0286dfffff,2007,Campo Grande,4.659065288868014
88a8a0286dfffff,2013,Campo Grande,5.673055082339578
88a8a0286dfffff,2019,Campo Grande,5.976671619613669
88a8a0286dfffff,2023,Campo Grande,6.3
88a8a0399dfffff,2007,Guaratiba,4.2179236043095
88a8a0399dfffff,2013,Guaratiba,5.046859296482412
88a8a0399dfffff,2019,Guaratiba,5.556527249683144
88a8a0399dfffff,2023,Guaratiba,5.9
88a8a0646bfffff,2007,Realengo,4.301232285890326
88a8a0646bfffff,2013,Realengo,5.14009324009324
88a8a0646bfffff,2019,Realengo,5.889386792452831
88a8a0646bfffff,2023,Realengo,6.1
88a8a0759bfffff,2007,Jacarepaguá,4.471293161814489
88a8a0759bfffff,2013,Jacarepaguá,5.675222816399288
88a8a0759bfffff,2019,Jacarepaguá,6.095016891891893
88a8a0759bfffff,2023,Jacarepaguá,6.4
88a8a028c1fffff,2007,Paciência,4.397682709447415
88a8a028c1fffff,2013,Paciência,5.211933007676204
88a8a028c1fffff,2019,Paciência,5.692237442922374
88a8a028c1fffff,2023,Paciência,6.4
88a8a02915fffff,2007,Campo Grande,4.659065288868014
88a8a02915fffff,2013,Campo Grande,5.673055082339578
88a8a02915fffff,2019,Campo Grande,5.976671619613669
88a8a02915fffff,2023,Campo Grande,6.3
88a8a020a7fffff,2007,Santa Cruz,4.2447033898305095
88a8a020a7fffff,2013,Santa Cruz,5.370419906687403
88a8a020a7fffff,2019,Santa Cruz,5.620006371455878
88a8a020a7fffff,2023,Santa Cruz,6.0
88a8a06721fffff,2007,Campo dos Afonsos,5.023030303030303
88a8a06721fffff,2013,Campo dos Afonsos,5.412903225806452
88a8a06721fffff,2019,Campo dos Afonsos,5.8
88a8a06721fffff,2023,Campo dos Afonsos,6.6
88a8a02969fffff,2007,Campo Grande,4.659065288868014
88a8a02969fffff,2013,Campo Grande,5.673055082339578
88a8a02969fffff,2019,Campo Grande,5.976671619613669
88a8a02969fffff,2023,Campo Grande,6.3
88a8a06567fffff,2007,Barros Filho,
88a8a06567fffff,2013,Barros Filho,
88a8a06567fffff,2019,Barros Filho,5.6
88a8a06567fffff,2023,Barros Filho,5.4
88a8a07697fffff,2007,Guaratiba,4.2179236043095
88a8a07697fffff,2013,Guaratiba,5.046859296482412
88a8a07697fffff,2019,Guaratiba,5.556527249683144
88a8a07697fffff,2023,Guaratiba,5.9
88a8a02b23fffff,2007,Campo Grande,4.659065288868014
88a8a02b23fffff,2013,Campo Grande,5.673055082339578
88a8a02b23fffff,2019,Campo Grande,5.976671619613669
88a8a02b23fffff,2023,Campo Grande,6.3
88a8a06e29fffff,2007,Parada de Lucas,3.964055299539171
88a8a06e29fffff,2013,Parada de Lucas,5.0
88a8a06e29fffff,2019,Parada de Lucas,
88a8a06e29fffff,2023,Parada de Lucas,5.2
88a8a029bdfffff,2007,Campo Grande,4.659065288868014
88a8a029bdfffff,2013,Campo Grande,5.673055082339578
88a8a029bdfffff,2019,Campo Grande,5.976671619613669
88a8a029bdfffff,2023,Campo Grande,6.3
88a8a076ebfffff,2007,Vargem Grande,4.474162679425837
88a8a076ebfffff,2013,Vargem Grande,5.8
88a8a076ebfffff,2019,Vargem Grande,5.618461538461539
88a8a076ebfffff,2023,Vargem Grande,6.2
88a8a02a11fffff,2007,Guaratiba,4.2179236043095
88a8a02a11fffff,2013,Guaratiba,5.046859296482412
88a8a02a11fffff,2019,Guaratiba,5.556527249683144
88a8a02a11fffff,2023,Guaratiba,5.9
88a8a021a3fffff,2007,Santa Cruz,4.2447033898305095
88a8a021a3fffff,2013,Santa Cruz,5.370419906687403
88a8a021a3fffff,2019,Santa Cruz,5.620006371455878
88a8a021a3fffff,2023,Santa Cruz,6.0
88a8a02a65fffff,2007,Guaratiba,4.2179236043095
88a8a02a65fffff,2013,Guaratiba,5.046859296482412
88a8a02a65fffff,2019,Guaratiba,5.556527249683144
88a8a02a65fffff,2023,Guaratiba,5.9
88a8a06663fffff,2007,Bangu,4.583498233215548
88a8a06663fffff,2013,Bangu,5.383494698017521
88a8a06663fffff,2019,Bangu,5.793712772998015
88a8a06663fffff,2023,Bangu,5.8
88a8a02ab9fffff,2007,Santa Cruz,4.2447033898305095
88a8a02ab9fffff,2013,Santa Cruz,5.370419906687403
88a8a02ab9fffff,2019,Santa Cruz,5.620006371455878
88a8a02ab9fffff,2023,Santa Cruz,6.0
88a8a02b0dfffff,2007,Guaratiba,4.2179236043095
88a8a02b0dfffff,2013,Guaratiba,5.046859296482412
88a8a02b0dfffff,2019,Guaratiba,5.556527249683144
88a8a02b0dfffff,2023,Guaratiba,5.9
88a8a0670bfffff,2007,Realengo,4.301232285890326
88a8a0670bfffff,2013,Realengo,5.14009324009324
88a8a0670bfffff,2019,Realengo,5.889386792452831
88a8a0670bfffff,2023,Realengo,6.1
88a8a02b61fffff,2007,Guaratiba,4.2179236043095
88a8a02b61fffff,2013,Guaratiba,5.046859296482412
88a8a02b61fffff,2019,Guaratiba,5.556527249683144
88a8a02b61fffff,2023,Guaratiba,5.9
88a8a078e3fffff,2007,Copacabana,5.423019801980198
88a8a078e3fffff,2013,Copacabana,6.490769230769231
88a8a078e3fffff,2019,Copacabana,6.396923076923076
88a8a078e3fffff,2023,Copacabana,6.4
88a8a06041fffff,2007,Jacarepaguá,4.471293161814489
88a8a06041fffff,2013,Jacarepaguá,5.675222816399288
88a8a06041fffff,2019,Jacarepaguá,6.095016891891893
88a8a06041fffff,2023,Jacarepaguá,6.4
88a8a06095fffff,2007,Bento Ribeiro,4.5137931034482754
88a8a06095fffff,2013,Bento Ribeiro,5.470588235294118
88a8a06095fffff,2019,Bento Ribeiro,6.04516129032258
88a8a06095fffff,2023,Bento Ribeiro,6.0
88a8a060e9fffff,2007,Quintino Bocaiúva,4.6922807017543855
88a8a060e9fffff,2013,Quintino Bocaiúva,5.650485436893204
88a8a060e9fffff,2019,Quintino Bocaiúva,5.678378378378379
88a8a060e9fffff,2023,Quintino Bocaiúva,6.3
88a8a066cdfffff,2007,Santíssimo,4.605210084033614
88a8a066cdfffff,2013,Santíssimo,5.030360934182591
88a8a066cdfffff,2019,Santíssimo,5.970890410958904
88a8a066cdfffff,2023,Santíssimo,6.6
88a8a0613dfffff,2007,Imperial de São Cristóvão,5.111506849315068
88a8a0613dfffff,2013,Imperial de São Cristóvão,5.681226053639847
88a8a0613dfffff,2019,Imperial de São Cristóvão,6.024773413897281
88a8a0613dfffff,2023,Imperial de São Cristóvão,6.2
88a8a06191fffff,2007,Vila Kosmos,4.110775862068965
88a8a06191fffff,2013,Vila Kosmos,5.2627450980392165
88a8a06191fffff,2019,Vila Kosmos,5.6
88a8a06191fffff,2023,Vila Kosmos,5.5
88a8a06a53fffff,2007,Cidade Nova,
88a8a06a53fffff,2013,Cidade Nova,
88a8a06a53fffff,2019,Cidade Nova,
88a8a06a53fffff,2023,Cidade Nova,
88a8a061e5fffff,2007,Manguinhos,4.315966386554622
88a8a061e5fffff,2013,Manguinhos,4.309567901234567
88a8a061e5fffff,2019,Manguinhos,5.237943262411347
88a8a061e5fffff,2023,Manguinhos,5.6
88a8a06239fffff,2007,Jacarepaguá,4.471293161814489
88a8a06239fffff,2013,Jacarepaguá,5.675222816399288
88a8a06239fffff,2019,Jacarepaguá,6.095016891891893
88a8a06239fffff,2023,Jacarepaguá,6.4
88a8a0628dfffff,2007,Pechincha,5.037327188940092
88a8a0628dfffff,2013,Pechincha,3.338235294117647
88a8a0628dfffff,2019,Pechincha,5.7
88a8a0628dfffff,2023,Pechincha,7.0
88a8a02f51fffff,2007,Santa Cruz,4.2447033898305095
88a8a02f51fffff,2013,Santa Cruz,5.370419906687403
88a8a02f51fffff,2019,Santa Cruz,5.620006371455878
88a8a02f51fffff,2023,Santa Cruz,6.0
88a8a062e1fffff,2007,Freguesia (Jacarepaguá),4.49554234769688
88a8a062e1fffff,2013,Freguesia (Jacarepaguá),5.698239436619718
88a8a062e1fffff,2019,Freguesia (Jacarepaguá),5.745387453874539
88a8a062e1fffff,2023,Freguesia (Jacarepaguá),6.0
88a8a03813fffff,2007,Guaratiba,4.2179236043095
88a8a03813fffff,2013,Guaratiba,5.046859296482412
88a8a03813fffff,2019,Guaratiba,5.556527249683144
88a8a03813fffff,2023,Guaratiba,5.9
88a8a07411fffff,2007,Vargem Pequena,4.8
88a8a07411fffff,2013,Vargem Pequena,4.581954887218045
88a8a07411fffff,2019,Vargem Pequena,6.254545454545454
88a8a07411fffff,2023,Vargem Pequena,6.2
88a8a06335fffff,2007,Tijuca,4.602781289506954
88a8a06335fffff,2013,Tijuca,5.272364672364673
88a8a06335fffff,2019,Tijuca,5.694444444444445
88a8a06335fffff,2023,Tijuca,5.9
88a8a07465fffff,2007,Barra da Tijuca,5.18662109375
88a8a07465fffff,2013,Barra da Tijuca,5.830245535714286
88a8a07465fffff,2019,Barra da Tijuca,6.693248945147679
88a8a07465fffff,2023,Barra da Tijuca,6.7
88a8a074b9fffff,2007,Campo Grande,4.659065288868014
88a8a074b9fffff,2013,Campo Grande,5.673055082339578
88a8a074b9fffff,2019,Campo Grande,5.976671619613669
88a8a074b9fffff,2023,Campo Grande,6.3
88a8a0750dfffff,2007,Barra da Tijuca,5.18662109375
88a8a0750dfffff,2013,Barra da Tijuca,5.830245535714286
88a8a0750dfffff,2019,Barra da Tijuca,6.693248945147679
88a8a0750dfffff,2023,Barra da Tijuca,6.7
88a8a02833fffff,2007,Campo Grande,4.659065288868014
88a8a02833fffff,2013,Campo Grande,5.673055082339578
88a8a02833fffff,2019,Campo Grande,5.976671619613669
88a8a02833fffff,2023,Campo Grande,6.3
88a8a07561fffff,2007,Barra da Tijuca,5.18662109375
88a8a07561fffff,2013,Barra da Tijuca,5.830245535714286
88a8a07561fffff,2019,Barra da Tijuca,6.693248945147679
88a8a07561fffff,2023,Barra da Tijuca,6.7
88a8a02887fffff,2007,Paciência,4.397682709447415
88a8a02887fffff,2013,Paciência,5.211933007676204
88a8a02887fffff,2019,Paciência,5.692237442922374
88a8a02887fffff,2023,Paciência,6.4
88a8a039b7fffff,2007,Guaratiba,4.2179236043095
88a8a039b7fffff,2013,Guaratiba,5.046859296482412
88a8a039b7fffff,2019,Guaratiba,5.556527249683144
88a8a039b7fffff,2023,Guaratiba,5.9
88a8a075b5fffff,2007,Jacarepaguá,4.471293161814489
88a8a075b5fffff,2013,Jacarepaguá,5.675222816399288
88a8a075b5fffff,2019,Jacarepaguá,6.095016891891893
88a8a075b5fffff,2023,Jacarepaguá,6.4
88a8a028dbfffff,2007,Santa Cruz,4.2447033898305095
88a8a028dbfffff,2013,Santa Cruz,5.370419906687403
88a8a028dbfffff,2019,Santa Cruz,5.620006371455878
88a8a028dbfffff,2023,Santa Cruz,6.0
88a8a0652dfffff,2007,Barros Filho,
88a8a0652dfffff,2013,Barros Filho,
88a8a0652dfffff,2019,Barros Filho,5.6
88a8a0652dfffff,2023,Barros Filho,5.4
88a8a02983fffff,2007,Campo Grande,4.659065288868014
88a8a02983fffff,2013,Campo Grande,5.673055082339578
88a8a02983fffff,2019,Campo Grande,5.976671619613669
88a8a02983fffff,2023,Campo Grande,6.3
88a8a076b1fffff,2007,Guaratiba,4.2179236043095
88a8a076b1fffff,2013,Guaratiba,5.046859296482412
88a8a076b1fffff,2019,Guaratiba,5.556527249683144
88a8a076b1fffff,2023,Guaratiba,5.9
88a8a02115fffff,2007,Sepetiba,3.7746509129967776
88a8a02115fffff,2013,Sepetiba,4.8939142461964025
88a8a02115fffff,2019,Sepetiba,5.473479948253558
88a8a02115fffff,2023,Sepetiba,5.7
88a8a06e43fffff,2007,Colégio,4.632901554404145
88a8a06e43fffff,2013,Colégio,5.427810650887574
88a8a06e43fffff,2019,Colégio,6.0107981220657285
88a8a06e43fffff,2023,Colégio,6.0
88a8a029d7fffff,2007,Campo Grande,4.659065288868014
88a8a029d7fffff,2013,Campo Grande,5.673055082339578
88a8a029d7fffff,2019,Campo Grande,5.976671619613669
88a8a029d7fffff,2023,Campo Grande,6.3
88a8a02a2bfffff,2007,Guaratiba,4.2179236043095
88a8a02a2bfffff,2013,Guaratiba,5.046859296482412
88a8a02a2bfffff,2019,Guaratiba,5.556527249683144
88a8a02a2bfffff,2023,Guaratiba,5.9
88a8a06629fffff,2007,Bangu,4.583498233215548
88a8a06629fffff,2013,Bangu,5.383494698017521
88a8a06629fffff,2019,Bangu,5.793712772998015
88a8a06629fffff,2023,Bangu,5.8
88a8a021bdfffff,2007,Santa Cruz,4.2447033898305095
88a8a021bdfffff,2013,Santa Cruz,5.370419906687403
88a8a021bdfffff,2019,Santa Cruz,5.620006371455878
88a8a021bdfffff,2023,Santa Cruz,6.0
88a8a02ad3fffff,2007,Santa Cruz,4.2447033898305095
88a8a02ad3fffff,2013,Santa Cruz,5.370419906687403
88a8a02ad3fffff,2019,Santa Cruz,5.620006371455878
88a8a02ad3fffff,2023,Santa Cruz,6.0
88a8a066d1fffff,2007,Campo Grande,4.659065288868014
88a8a066d1fffff,2013,Campo Grande,5.673055082339578
88a8a066d1fffff,2019,Campo Grande,5.976671619613669
88a8a066d1fffff,2023,Campo Grande,6.3
88a8a02b27fffff,2007,Campo Grande,4.659065288868014
88a8a02b27fffff,2013,Campo Grande,5.673055082339578
88a8a02b27fffff,2019,Campo Grande,5.976671619613669
88a8a02b27fffff,2023,Campo Grande,6.3
88a8a06725fffff,2007,Campo dos Afonsos,5.023030303030303
88a8a06725fffff,2013,Campo dos Afonsos,5.412903225806452
88a8a06725fffff,2019,Campo dos Afonsos,5.8
88a8a06725fffff,2023,Campo dos Afonsos,6.6
88a8a078a9fffff,2007,Botafogo,4.536813186813187
88a8a078a9fffff,2013,Botafogo,5.688028169014085
88a8a078a9fffff,2019,Botafogo,5.928318584070796
88a8a078a9fffff,2023,Botafogo,6.0
88a8a06007fffff,2007,Engenho de Dentro,4.827579365079365
88a8a06007fffff,2013,Engenho de Dentro,5.741297935103245
88a8a06007fffff,2019,Engenho de Dentro,6.245741324921136
88a8a06007fffff,2023,Engenho de Dentro,5.7
88a8a021b9fffff,2007,Santa Cruz,4.2447033898305095
88a8a021b9fffff,2013,Santa Cruz,5.370419906687403
88a8a021b9fffff,2019,Santa Cruz,5.620006371455878
88a8a021b9fffff,2023,Santa Cruz,6.0
88a8a0605bfffff,2007,Freguesia (Jacarepaguá),4.49554234769688
88a8a0605bfffff,2013,Freguesia (Jacarepaguá),5.698239436619718
88a8a0605bfffff,2019,Freguesia (Jacarepaguá),5.745387453874539
88a8a0605bfffff,2023,Freguesia (Jacarepaguá),6.0
88a8a06103fffff,2007,São Francisco Xavier,
88a8a06103fffff,2013,São Francisco Xavier,
88a8a06103fffff,2019,São Francisco Xavier,
88a8a06103fffff,2023,São Francisco Xavier,
88a8a06157fffff,2007,Vila Isabel,4.147868217054264
88a8a06157fffff,2013,Vila Isabel,5.047139588100686
88a8a06157fffff,2019,Vila Isabel,5.214112903225806
88a8a06157fffff,2023,Vila Isabel,5.5
88a8a06625fffff,2007,Padre Miguel,4.804448105436573
88a8a06625fffff,2013,Padre Miguel,5.714128440366972
88a8a06625fffff,2019,Padre Miguel,5.70586011342155
88a8a06625fffff,2023,Padre Miguel,5.9
88a8a06a19fffff,2007,Santo Cristo,4.278499999999999
88a8a06a19fffff,2013,Santo Cristo,5.166875
88a8a06a19fffff,2019,Santo Cristo,5.128387096774193
88a8a06a19fffff,2023,Santo Cristo,4.9
88a8a061abfffff,2007,Complexo do Alemão,3.8
88a8a061abfffff,2013,Complexo do Alemão,4.870342205323194
88a8a061abfffff,2019,Complexo do Alemão,5.347709923664122
88a8a061abfffff,2023,Complexo do Alemão,5.4
88a8a06ac1fffff,2007,Caju,4.4035087719298245
88a8a06ac1fffff,2013,Caju,4.456597222222222
88a8a06ac1fffff,2019,Caju,6.158536585365853
88a8a06ac1fffff,2023,Caju,5.8
88a8a02a27fffff,2007,Guaratiba,4.2179236043095
88a8a02a27fffff,2013,Guaratiba,5.046859296482412
88a8a02a27fffff,2019,Guaratiba,5.556527249683144
88a8a02a27fffff,2023,Guaratiba,5.9
88a8a06253fffff,2007,Barra Olímpica,
88a8a06253fffff,2013,Barra Olímpica,
88a8a06253fffff,2019,Barra Olímpica,
88a8a06253fffff,2023,Barra Olímpica,
88a8a062a7fffff,2007,Tanque,4.363245823389021
88a8a062a7fffff,2013,Tanque,5.524742268041238
88a8a062a7fffff,2019,Tanque,5.930030959752322
88a8a062a7fffff,2023,Tanque,6.1
88a8a02f6bfffff,2007,Santa Cruz,4.2447033898305095
88a8a02f6bfffff,2013,Santa Cruz,5.370419906687403
88a8a02f6bfffff,2019,Santa Cruz,5.620006371455878
88a8a02f6bfffff,2023,Santa Cruz,6.0
88a8a0742bfffff,2007,Vargem Pequena,4.8
88a8a0742bfffff,2013,Vargem Pequena,4.581954887218045
88a8a0742bfffff,2019,Vargem Pequena,6.254545454545454
88a8a0742bfffff,2023,Vargem Pequena,6.2
88a8a074d3fffff,2007,Guaratiba,4.2179236043095
88a8a074d3fffff,2013,Guaratiba,5.046859296482412
88a8a074d3fffff,2019,Guaratiba,5.556527249683144
88a8a074d3fffff,2023,Guaratiba,5.9
88a8a07527fffff,2007,Barra Olímpica,
88a8a07527fffff,2013,Barra Olímpica,
88a8a07527fffff,2019,Barra Olímpica,
88a8a07527fffff,2023,Barra Olímpica,
88a8a0284dfffff,2007,Guaratiba,4.2179236043095
88a8a0284dfffff,2013,Guaratiba,5.046859296482412
88a8a0284dfffff,2019,Guaratiba,5.556527249683144
88a8a0284dfffff,2023,Guaratiba,5.9
88a8a0644bfffff,2007,Bangu,4.583498233215548
88a8a0644bfffff,2013,Bangu,5.383494698017521
88a8a0644bfffff,2019,Bangu,5.793712772998015
88a8a0644bfffff,2023,Bangu,5.8
88a8a039d1fffff,2007,Guaratiba,4.2179236043095
88a8a039d1fffff,2013,Guaratiba,5.046859296482412
88a8a039d1fffff,2019,Guaratiba,5.556527249683144
88a8a039d1fffff,2023,Guaratiba,5.9
88a8a02949fffff,2007,Campo Grande,4.659065288868014
88a8a02949fffff,2013,Campo Grande,5.673055082339578
88a8a02949fffff,2019,Campo Grande,5.976671619613669
88a8a02949fffff,2023,Campo Grande,6.3
88a8a06547fffff,2007,Deodoro,4.743636363636363
88a8a06547fffff,2013,Deodoro,5.683766233766233
88a8a06547fffff,2019,Deodoro,5.946153846153846
88a8a06547fffff,2023,Deodoro,6.4
88a8a02165fffff,2007,Guaratiba,4.2179236043095
88a8a02165fffff,2013,Guaratiba,5.046859296482412
88a8a02165fffff,2019,Guaratiba,5.556527249683144
88a8a02165fffff,2023,Guaratiba,5.9
88a8a06e09fffff,2007,Irajá,4.703466076696165
88a8a06e09fffff,2013,Irajá,5.436387434554974
88a8a06e09fffff,2019,Irajá,6.068776824034335
88a8a06e09fffff,2023,Irajá,6.2
88a8a076cbfffff,2007,Recreio dos Bandeirantes,4.602747252747253
88a8a076cbfffff,2013,Recreio dos Bandeirantes,5.290909090909091
88a8a076cbfffff,2019,Recreio dos Bandeirantes,5.86896551724138
88a8a076cbfffff,2023,Recreio dos Bandeirantes,6.1
88a8a06e5dfffff,2007,Colégio,4.632901554404145
88a8a06e5dfffff,2013,Colégio,5.427810650887574
88a8a06e5dfffff,2019,Colégio,6.0107981220657285
88a8a06e5dfffff,2023,Colégio,6.0
88a8a02183fffff,2007,Santa Cruz,4.2447033898305095
88a8a02183fffff,2013,Santa Cruz,5.370419906687403
88a8a02183fffff,2019,Santa Cruz,5.620006371455878
88a8a02183fffff,2023,Santa Cruz,6.0
88a8a02a45fffff,2007,Guaratiba,4.2179236043095
88a8a02a45fffff,2013,Guaratiba,5.046859296482412
88a8a02a45fffff,2019,Guaratiba,5.556527249683144
88a8a02a45fffff,2023,Guaratiba,5.9
88a8a06643fffff,2007,Senador Camará,4.404440649017934
88a8a06643fffff,2013,Senador Camará,5.228953974895398
88a8a06643fffff,2019,Senador Camará,5.511260827718961
88a8a06643fffff,2023,Senador Camará,5.7
88a8a021d7fffff,2007,Santa Cruz,4.2447033898305095
88a8a021d7fffff,2013,Santa Cruz,5.370419906687403
88a8a021d7fffff,2019,Santa Cruz,5.620006371455878
88a8a021d7fffff,2023,Santa Cruz,6.0
88a8a029d3fffff,2007,Campo Grande,4.659065288868014
88a8a029d3fffff,2013,Campo Grande,5.673055082339578
88a8a029d3fffff,2019,Campo Grande,5.976671619613669
88a8a029d3fffff,2023,Campo Grande,6.3
88a8a02a99fffff,2007,Santa Cruz,4.2447033898305095
88a8a02a99fffff,2013,Santa Cruz,5.370419906687403
88a8a02a99fffff,2019,Santa Cruz,5.620006371455878
88a8a02a99fffff,2023,Santa Cruz,6.0
88a8a06697fffff,2007,Campo Grande,4.659065288868014
88a8a06697fffff,2013,Campo Grande,5.673055082339578
88a8a06697fffff,2019,Campo Grande,5.976671619613669
88a8a06697fffff,2023,Campo Grande,6.3
88a8a06f59fffff,2007,Penha Circular,4.909274873524452
88a8a06f59fffff,2013,Penha Circular,5.6082
88a8a06f59fffff,2019,Penha Circular,5.6613231552162855
88a8a06f59fffff,2023,Penha Circular,6.5
88a8a02aedfffff,2007,Santa Cruz,4.2447033898305095
88a8a02aedfffff,2013,Santa Cruz,5.370419906687403
88a8a02aedfffff,2019,Santa Cruz,5.620006371455878
88a8a02aedfffff,2023,Santa Cruz,6.0
88a8a066ebfffff,2007,Bangu,4.583498233215548
88a8a066ebfffff,2013,Bangu,5.383494698017521
88a8a066ebfffff,2019,Bangu,5.793712772998015
88a8a066ebfffff,2023,Bangu,5.8
88a8a02b41fffff,2007,Guaratiba,4.2179236043095
88a8a02b41fffff,2013,Guaratiba,5.046859296482412
88a8a02b41fffff,2019,Guaratiba,5.556527249683144
88a8a02b41fffff,2023,Guaratiba,5.9
88a8a078c3fffff,2007,Lagoa,5.265789473684211
88a8a078c3fffff,2013,Lagoa,5.7
88a8a078c3fffff,2019,Lagoa,5.844444444444444
88a8a078c3fffff,2023,Lagoa,6.9
88a8a06021fffff,2007,Lins de Vasconcelos,3.9512903225806455
88a8a06021fffff,2013,Lins de Vasconcelos,4.738383838383839
88a8a06021fffff,2019,Lins de Vasconcelos,5.158992805755396
88a8a06021fffff,2023,Lins de Vasconcelos,5.3
88a8a060c9fffff,2007,Praça Seca,4.354829931972789
88a8a060c9fffff,2013,Praça Seca,5.095320623916811
88a8a060c9fffff,2019,Praça Seca,5.918089430894309
88a8a060c9fffff,2023,Praça Seca,5.9
88a8a07abbfffff,2007,Vidigal,4.086486486486487
88a8a07abbfffff,2013,Vidigal,4.004166666666666
88a8a07abbfffff,2019,Vidigal,5.346478873239437
88a8a07abbfffff,2023,Vidigal,5.2
88a8a0611dfffff,2007,Riachuelo,4.1370786516853935
88a8a0611dfffff,2013,Riachuelo,4.717142857142858
88a8a0611dfffff,2019,Riachuelo,5.7
88a8a0611dfffff,2023,Riachuelo,6.7
88a8a02111fffff,2007,Santa Cruz,4.2447033898305095
88a8a02111fffff,2013,Santa Cruz,5.370419906687403
88a8a02111fffff,2019,Santa Cruz,5.620006371455878
88a8a02111fffff,2023,Santa Cruz,6.0
88a8a076adfffff,2007,Vargem Pequena,4.8
88a8a076adfffff,2013,Vargem Pequena,4.581954887218045
88a8a076adfffff,2019,Vargem Pequena,6.254545454545454
88a8a076adfffff,2023,Vargem Pequena,6.2
88a8a061c5fffff,2007,Cachambi,5.560648148148148
88a8a061c5fffff,2013,Cachambi,6.054545454545456
88a8a061c5fffff,2019,Cachambi,6.076585365853659
88a8a061c5fffff,2023,Cachambi,6.5
88a8a06219fffff,2007,Jacarepaguá,4.471293161814489
88a8a06219fffff,2013,Jacarepaguá,5.675222816399288
88a8a06219fffff,2019,Jacarepaguá,6.095016891891893
88a8a06219fffff,2023,Jacarepaguá,6.4
88a8a06adbfffff,2007,Bonsucesso,4.778740157480315
88a8a06adbfffff,2013,Bonsucesso,5.57554347826087
88a8a06adbfffff,2019,Bonsucesso,6.329824561403508
88a8a06adbfffff,2023,Bonsucesso,6.6
88a8a0626dfffff,2007,Itanhangá,4.3
88a8a0626dfffff,2013,Itanhangá,5.311267605633803
88a8a0626dfffff,2019,Itanhangá,5.72054054054054
88a8a0626dfffff,2023,Itanhangá,5.5
88a8a062c1fffff,2007,Jacarepaguá,4.471293161814489
88a8a062c1fffff,2013,Jacarepaguá,5.675222816399288
88a8a062c1fffff,2019,Jacarepaguá,6.095016891891893
88a8a062c1fffff,2023,Jacarepaguá,6.4
88a8a06315fffff,2007,Alto da Boa Vista,4.605042016806722
88a8a06315fffff,2013,Alto da Boa Vista,5.749557522123895
88a8a06315fffff,2019,Alto da Boa Vista,5.652032520325204
88a8a06315fffff,2023,Alto da Boa Vista,5.9
88a8a07445fffff,2007,Recreio dos Bandeirantes,4.602747252747253
88a8a07445fffff,2013,Recreio dos Bandeirantes,5.290909090909091
88a8a07445fffff,2019,Recreio dos Bandeirantes,5.86896551724138
88a8a07445fffff,2023,Recreio dos Bandeirantes,6.1
88a8a06369fffff,2007,Gávea,5.081385281385282
88a8a06369fffff,2013,Gávea,5.462171052631579
88a8a06369fffff,2019,Gávea,6.071153846153846
88a8a06369fffff,2023,Gávea,6.1
88a8a07499fffff,2007,Campo Grande,4.659065288868014
88a8a07499fffff,2013,Campo Grande,5.673055082339578
88a8a07499fffff,2019,Campo Grande,5.976671619613669
88a8a07499fffff,2023,Campo Grande,6.3
88a8a074edfffff,2007,Vargem Grande,4.474162679425837
88a8a074edfffff,2013,Vargem Grande,5.8
88a8a074edfffff,2019,Vargem Grande,5.618461538461539
88a8a074edfffff,2023,Vargem Grande,6.2
88a8a02813fffff,2007,Paciência,4.397682709447415
88a8a02813fffff,2013,Paciência,5.211933007676204
88a8a02813fffff,2019,Paciência,5.692237442922374
88a8a02813fffff,2023,Paciência,6.4
88a8a07541fffff,2007,Barra da Tijuca,5.18662109375
88a8a07541fffff,2013,Barra da Tijuca,5.830245535714286
88a8a07541fffff,2019,Barra da Tijuca,6.693248945147679
88a8a07541fffff,2023,Barra da Tijuca,6.7
88a8a02867fffff,2007,Campo Grande,4.659065288868014
88a8a02867fffff,2013,Campo Grande,5.673055082339578
88a8a02867fffff,2019,Campo Grande,5.976671619613669
88a8a02867fffff,2023,Campo Grande,6.3
88a8a03997fffff,2007,Guaratiba,4.2179236043095
88a8a03997fffff,2013,Guaratiba,5.046859296482412
88a8a03997fffff,2019,Guaratiba,5.556527249683144
88a8a03997fffff,2023,Guaratiba,5.9
88a8a06465fffff,2007,Realengo,4.301232285890326
88a8a06465fffff,2013,Realengo,5.14009324009324
88a8a06465fffff,2019,Realengo,5.889386792452831
88a8a06465fffff,2023,Realengo,6.1
88a8a07595fffff,2007,Jacarepaguá,4.471293161814489
88a8a07595fffff,2013,Jacarepaguá,5.675222816399288
88a8a07595fffff,2019,Jacarepaguá,6.095016891891893
88a8a07595fffff,2023,Jacarepaguá,6.4
88a8a039ebfffff,2007,Guaratiba,4.2179236043095
88a8a039ebfffff,2013,Guaratiba,5.046859296482412
88a8a039ebfffff,2019,Guaratiba,5.556527249683144
88a8a039ebfffff,2023,Guaratiba,5.9
88a8a075e9fffff,2007,Jacarepaguá,4.471293161814489
88a8a075e9fffff,2013,Jacarepaguá,5.675222816399288
88a8a075e9fffff,2019,Jacarepaguá,6.095016891891893
88a8a075e9fffff,2023,Jacarepaguá,6.4
88a8a0650dfffff,2007,Guadalupe,4.6788844621513945
88a8a0650dfffff,2013,Guadalupe,5.400598802395209
88a8a0650dfffff,2019,Guadalupe,5.712408759124089
88a8a0650dfffff,2023,Guadalupe,6.1
88a8a0763dfffff,2007,Recreio dos Bandeirantes,4.602747252747253
88a8a0763dfffff,2013,Recreio dos Bandeirantes,5.290909090909091
88a8a0763dfffff,2019,Recreio dos Bandeirantes,5.86896551724138
88a8a0763dfffff,2023,Recreio dos Bandeirantes,6.1
88a8a020a1fffff,2007,Santa Cruz,4.2447033898305095
88a8a020a1fffff,2013,Santa Cruz,5.370419906687403
88a8a020a1fffff,2019,Santa Cruz,5.620006371455878
88a8a020a1fffff,2023,Santa Cruz,6.0
88a8a02963fffff,2007,Campo Grande,4.659065288868014
88a8a02963fffff,2013,Campo Grande,5.673055082339578
88a8a02963fffff,2019,Campo Grande,5.976671619613669
88a8a02963fffff,2023,Campo Grande,6.3
88a8a06529fffff,2007,Costa Barros,3.9616541353383457
88a8a06529fffff,2013,Costa Barros,4.160256410256411
88a8a06529fffff,2019,Costa Barros,4.88375
88a8a06529fffff,2023,Costa Barros,5.2
88a8a06561fffff,2007,Guadalupe,4.6788844621513945
88a8a06561fffff,2013,Guadalupe,5.400598802395209
88a8a06561fffff,2019,Guadalupe,5.712408759124089
88a8a06561fffff,2023,Guadalupe,6.1
88a8a07691fffff,2007,Guaratiba,4.2179236043095
88a8a07691fffff,2013,Guaratiba,5.046859296482412
88a8a07691fffff,2019,Guaratiba,5.556527249683144
88a8a07691fffff,2023,Guaratiba,5.9
88a8a06e23fffff,2007,Vigário Geral,3.817040358744394
88a8a06e23fffff,2013,Vigário Geral,4.134126984126984
88a8a06e23fffff,2019,Vigário Geral,5.17163323782235
88a8a06e23fffff,2023,Vigário Geral,5.8
88a8a0292bfffff,2007,Senador Vasconcelos,4.757482993197279
88a8a0292bfffff,2013,Senador Vasconcelos,5.825263157894738
88a8a0292bfffff,2019,Senador Vasconcelos,5.78623188405797
88a8a0292bfffff,2023,Senador Vasconcelos,6.2
88a8a076e5fffff,2007,Recreio dos Bandeirantes,4.602747252747253
88a8a076e5fffff,2013,Recreio dos Bandeirantes,5.290909090909091
88a8a076e5fffff,2019,Recreio dos Bandeirantes,5.86896551724138
88a8a076e5fffff,2023,Recreio dos Bandeirantes,6.1
88a8a02a0bfffff,2007,Guaratiba,4.2179236043095
88a8a02a0bfffff,2013,Guaratiba,5.046859296482412
88a8a02a0bfffff,2019,Guaratiba,5.556527249683144
88a8a02a0bfffff,2023,Guaratiba,5.9
88a8a06609fffff,2007,Senador Camará,4.404440649017934
88a8a06609fffff,2013,Senador Camará,5.228953974895398
88a8a06609fffff,2019,Senador Camará,5.511260827718961
88a8a06609fffff,2023,Senador Camará,5.7
88a8a0219dfffff,2007,Santa Cruz,4.2447033898305095
88a8a0219dfffff,2013,Santa Cruz,5.370419906687403
88a8a0219dfffff,2019,Santa Cruz,5.620006371455878
88a8a0219dfffff,2023,Santa Cruz,6.0
88a8a0665dfffff,2007,Senador Camará,4.404440649017934
88a8a0665dfffff,2013,Senador Camará,5.228953974895398
88a8a0665dfffff,2019,Senador Camará,5.511260827718961
88a8a0665dfffff,2023,Senador Camará,5.7
88a8a02ab3fffff,2007,Santa Cruz,4.2447033898305095
88a8a02ab3fffff,2013,Santa Cruz,5.370419906687403
88a8a02ab3fffff,2019,Santa Cruz,5.620006371455878
88a8a02ab3fffff,2023,Santa Cruz,6.0
88a8a066b1fffff,2007,Bangu,4.583498233215548
88a8a066b1fffff,2013,Bangu,5.383494698017521
88a8a066b1fffff,2019,Bangu,5.793712772998015
88a8a066b1fffff,2023,Bangu,5.8
88a8a02b07fffff,2007,Guaratiba,4.2179236043095
88a8a02b07fffff,2013,Guaratiba,5.046859296482412
88a8a02b07fffff,2019,Guaratiba,5.556527249683144
88a8a02b07fffff,2023,Guaratiba,5.9
88a8a06705fffff,2007,Vila Militar,4.218367346938775
88a8a06705fffff,2013,Vila Militar,5.1
88a8a06705fffff,2019,Vila Militar,6.5
88a8a06705fffff,2023,Vila Militar,6.2
88a8a02b5bfffff,2007,Guaratiba,4.2179236043095
88a8a02b5bfffff,2013,Guaratiba,5.046859296482412
88a8a02b5bfffff,2019,Guaratiba,5.556527249683144
88a8a02b5bfffff,2023,Guaratiba,5.9
88a8a06759fffff,2007,Realengo,4.301232285890326
88a8a06759fffff,2013,Realengo,5.14009324009324
88a8a06759fffff,2019,Realengo,5.889386792452831
88a8a06759fffff,2023,Realengo,6.1
88a8a07889fffff,2007,Lagoa,5.265789473684211
88a8a07889fffff,2013,Lagoa,5.7
88a8a07889fffff,2019,Lagoa,5.844444444444444
88a8a07889fffff,2023,Lagoa,6.9
88a8a078ddfffff,2007,Lagoa,5.265789473684211
88a8a078ddfffff,2013,Lagoa,5.7
88a8a078ddfffff,2019,Lagoa,5.844444444444444
88a8a078ddfffff,2023,Lagoa,6.9
88a8a0603bfffff,2007,Piedade,4.6410774410774405
88a8a0603bfffff,2013,Piedade,6.219138755980862
88a8a0603bfffff,2019,Piedade,5.826406926406926
88a8a0603bfffff,2023,Piedade,6.5
88a8a060e3fffff,2007,Cascadura,4.344242424242424
88a8a060e3fffff,2013,Cascadura,5.079061371841156
88a8a060e3fffff,2019,Cascadura,5.957142857142858
88a8a060e3fffff,2023,Cascadura,6.2
88a8a06137fffff,2007,Caju,4.4035087719298245
88a8a06137fffff,2013,Caju,4.456597222222222
88a8a06137fffff,2019,Caju,6.158536585365853
88a8a06137fffff,2023,Caju,5.8
88a8a0618bfffff,2007,Inhaúma,4.425932062966032
88a8a0618bfffff,2013,Inhaúma,5.487589498806682
88a8a0618bfffff,2019,Inhaúma,5.867280606717226
88a8a0618bfffff,2023,Inhaúma,5.9
88a8a06233fffff,2007,Anil,5.4
88a8a06233fffff,2013,Anil,5.450773195876289
88a8a06233fffff,2019,Anil,6.125901639344262
88a8a06233fffff,2023,Anil,6.2
88a8a06287fffff,2007,Taquara,4.865171102661597
88a8a06287fffff,2013,Taquara,5.635502392344497
88a8a06287fffff,2019,Taquara,6.141109709962168
88a8a06287fffff,2023,Taquara,6.2
88a8a028d7fffff,2007,Santa Cruz,4.2447033898305095
88a8a028d7fffff,2013,Santa Cruz,5.370419906687403
88a8a028d7fffff,2019,Santa Cruz,5.620006371455878
88a8a028d7fffff,2023,Santa Cruz,6.0
88a8a02f4bfffff,2007,Santa Cruz,4.2447033898305095
88a8a02f4bfffff,2013,Santa Cruz,5.370419906687403
88a8a02f4bfffff,2019,Santa Cruz,5.620006371455878
88a8a02f4bfffff,2023,Santa Cruz,6.0
88a8a062dbfffff,2007,Jacarepaguá,4.471293161814489
88a8a062dbfffff,2013,Jacarepaguá,5.675222816399288
88a8a062dbfffff,2019,Jacarepaguá,6.095016891891893
88a8a062dbfffff,2023,Jacarepaguá,6.4
88a8a0740bfffff,2007,Recreio dos Bandeirantes,4.602747252747253
88a8a0740bfffff,2013,Recreio dos Bandeirantes,5.290909090909091
88a8a0740bfffff,2019,Recreio dos Bandeirantes,5.86896551724138
88a8a0740bfffff,2023,Recreio dos Bandeirantes,6.1
88a8a038b5fffff,2007,Pedra de Guaratiba,4.313780918727916
88a8a038b5fffff,2013,Pedra de Guaratiba,5.543712574850299
88a8a038b5fffff,2019,Pedra de Guaratiba,5.72972972972973
88a8a038b5fffff,2023,Pedra de Guaratiba,6.4
88a8a074b3fffff,2007,Campo Grande,4.659065288868014
88a8a074b3fffff,2013,Campo Grande,5.673055082339578
88a8a074b3fffff,2019,Campo Grande,5.976671619613669
88a8a074b3fffff,2023,Campo Grande,6.3
88a8a07507fffff,2007,Barra Olímpica,
88a8a07507fffff,2013,Barra Olímpica,
88a8a07507fffff,2019,Barra Olímpica,
88a8a07507fffff,2023,Barra Olímpica,
88a8a0282dfffff,2007,Campo Grande,4.659065288868014
88a8a0282dfffff,2013,Campo Grande,5.673055082339578
88a8a0282dfffff,2019,Campo Grande,5.976671619613669
88a8a0282dfffff,2023,Campo Grande,6.3
88a8a0395dfffff,2007,Barra de Guaratiba,4.967058823529412
88a8a0395dfffff,2013,Barra de Guaratiba,6.324390243902438
88a8a0395dfffff,2019,Barra de Guaratiba,6.658035714285714
88a8a0395dfffff,2023,Barra de Guaratiba,6.7
88a8a0755bfffff,2007,Barra da Tijuca,5.18662109375
88a8a0755bfffff,2013,Barra da Tijuca,5.830245535714286
88a8a0755bfffff,2019,Barra da Tijuca,6.693248945147679
88a8a0755bfffff,2023,Barra da Tijuca,6.7
88a8a02881fffff,2007,Paciência,4.397682709447415
88a8a02881fffff,2013,Paciência,5.211933007676204
88a8a02881fffff,2019,Paciência,5.692237442922374
88a8a02881fffff,2023,Paciência,6.4
88a8a039b1fffff,2007,Guaratiba,4.2179236043095
88a8a039b1fffff,2013,Guaratiba,5.046859296482412
88a8a039b1fffff,2019,Guaratiba,5.556527249683144
88a8a039b1fffff,2023,Guaratiba,5.9
88a8a075b1fffff,2007,Jacarepaguá,4.471293161814489
88a8a075b1fffff,2013,Jacarepaguá,5.675222816399288
88a8a075b1fffff,2019,Jacarepaguá,6.095016891891893
88a8a075b1fffff,2023,Jacarepaguá,6.4
88a8a028d5fffff,2007,Paciência,4.397682709447415
88a8a028d5fffff,2013,Paciência,5.211933007676204
88a8a028d5fffff,2019,Paciência,5.692237442922374
88a8a028d5fffff,2023,Paciência,6.4
88a8a02929fffff,2007,Campo Grande,4.659065288868014
88a8a02929fffff,2013,Campo Grande,5.673055082339578
88a8a02929fffff,2019,Campo Grande,5.976671619613669
88a8a02929fffff,2023,Campo Grande,6.3
88a8a06527fffff,2007,Pavuna,4.5800803673938
88a8a06527fffff,2013,Pavuna,5.306037473976406
88a8a06527fffff,2019,Pavuna,5.471647509578544
88a8a06527fffff,2023,Pavuna,5.7
88a8a039b3fffff,2007,Guaratiba,4.2179236043095
88a8a039b3fffff,2013,Guaratiba,5.046859296482412
88a8a039b3fffff,2019,Guaratiba,5.556527249683144
88a8a039b3fffff,2023,Guaratiba,5.9
88a8a076abfffff,2007,Vargem Grande,4.474162679425837
88a8a076abfffff,2013,Vargem Grande,5.8
88a8a076abfffff,2019,Vargem Grande,5.618461538461539
88a8a076abfffff,2023,Vargem Grande,6.2
88a8a06e3dfffff,2007,Vigário Geral,3.817040358744394
88a8a06e3dfffff,2013,Vigário Geral,4.134126984126984
88a8a06e3dfffff,2019,Vigário Geral,5.17163323782235
88a8a06e3dfffff,2023,Vigário Geral,5.8
88a8a029d1fffff,2007,Campo Grande,4.659065288868014
88a8a029d1fffff,2013,Campo Grande,5.673055082339578
88a8a029d1fffff,2019,Campo Grande,5.976671619613669
88a8a029d1fffff,2023,Campo Grande,6.3
88a8a02883fffff,2007,Paciência,4.397682709447415
88a8a02883fffff,2013,Paciência,5.211933007676204
88a8a02883fffff,2019,Paciência,5.692237442922374
88a8a02883fffff,2023,Paciência,6.4
88a8a02a25fffff,2007,Guaratiba,4.2179236043095
88a8a02a25fffff,2013,Guaratiba,5.046859296482412
88a8a02a25fffff,2019,Guaratiba,5.556527249683144
88a8a02a25fffff,2023,Guaratiba,5.9
88a8a06623fffff,2007,Bangu,4.583498233215548
88a8a06623fffff,2013,Bangu,5.383494698017521
88a8a06623fffff,2019,Bangu,5.793712772998015
88a8a06623fffff,2023,Bangu,5.8
88a8a021b7fffff,2007,Santa Cruz,4.2447033898305095
88a8a021b7fffff,2013,Santa Cruz,5.370419906687403
88a8a021b7fffff,2019,Santa Cruz,5.620006371455878
88a8a021b7fffff,2023,Santa Cruz,6.0
88a8a02acdfffff,2007,Santa Cruz,4.2447033898305095
88a8a02acdfffff,2013,Santa Cruz,5.370419906687403
88a8a02acdfffff,2019,Santa Cruz,5.620006371455878
88a8a02acdfffff,2023,Santa Cruz,6.0
88a8a066cbfffff,2007,Santíssimo,4.605210084033614
88a8a066cbfffff,2013,Santíssimo,5.030360934182591
88a8a066cbfffff,2019,Santíssimo,5.970890410958904
88a8a066cbfffff,2023,Santíssimo,6.6
88a8a02b21fffff,2007,Guaratiba,4.2179236043095
88a8a02b21fffff,2013,Guaratiba,5.046859296482412
88a8a02b21fffff,2019,Guaratiba,5.556527249683144
88a8a02b21fffff,2023,Guaratiba,5.9
88a8a078a3fffff,2007,Botafogo,4.536813186813187
88a8a078a3fffff,2013,Botafogo,5.688028169014085
88a8a078a3fffff,2019,Botafogo,5.928318584070796
88a8a078a3fffff,2023,Botafogo,6.0
88a8a06001fffff,2007,Jacarepaguá,4.471293161814489
88a8a06001fffff,2013,Jacarepaguá,5.675222816399288
88a8a06001fffff,2019,Jacarepaguá,6.095016891891893
88a8a06001fffff,2023,Jacarepaguá,6.4
88a8a06055fffff,2007,Jacarepaguá,4.471293161814489
88a8a06055fffff,2013,Jacarepaguá,5.675222816399288
88a8a06055fffff,2019,Jacarepaguá,6.095016891891893
88a8a06055fffff,2023,Jacarepaguá,6.4
88a8a060a9fffff,2007,Engenheiro Leal,4.5109289617486334
88a8a060a9fffff,2013,Engenheiro Leal,5.6
88a8a060a9fffff,2019,Engenheiro Leal,5.647572815533981
88a8a060a9fffff,2023,Engenheiro Leal,5.8
88a8a06151fffff,2007,Grajaú,5.020477815699659
88a8a06151fffff,2013,Grajaú,5.090365448504984
88a8a06151fffff,2019,Grajaú,5.921487603305785
88a8a06151fffff,2023,Grajaú,5.8
88a8a0755dfffff,2007,Barra da Tijuca,5.18662109375
88a8a0755dfffff,2013,Barra da Tijuca,5.830245535714286
88a8a0755dfffff,2019,Barra da Tijuca,6.693248945147679
88a8a0755dfffff,2023,Barra da Tijuca,6.7
88a8a061a5fffff,2007,Ramos,4.7232387923147305
88a8a061a5fffff,2013,Ramos,5.210505836575876
88a8a061a5fffff,2019,Ramos,5.7463265306122455
88a8a061a5fffff,2023,Ramos,6.7
88a8a02e69fffff,2007,Santa Cruz,4.2447033898305095
88a8a02e69fffff,2013,Santa Cruz,5.370419906687403
88a8a02e69fffff,2019,Santa Cruz,5.620006371455878
88a8a02e69fffff,2023,Santa Cruz,6.0
88a8a0624dfffff,2007,Barra da Tijuca,5.18662109375
88a8a0624dfffff,2013,Barra da Tijuca,5.830245535714286
88a8a0624dfffff,2019,Barra da Tijuca,6.693248945147679
88a8a0624dfffff,2023,Barra da Tijuca,6.7
88a8a0642dfffff,2007,Parque Anchieta,4.8173393124065775
88a8a0642dfffff,2013,Parque Anchieta,5.938927335640138
88a8a0642dfffff,2019,Parque Anchieta,5.94066985645933
88a8a0642dfffff,2023,Parque Anchieta,6.2
88a8a062a1fffff,2007,Pechincha,5.037327188940092
88a8a062a1fffff,2013,Pechincha,3.338235294117647
88a8a062a1fffff,2019,Pechincha,5.7
88a8a062a1fffff,2023,Pechincha,7.0
88a8a02f65fffff,2007,Santa Cruz,4.2447033898305095
88a8a02f65fffff,2013,Santa Cruz,5.370419906687403
88a8a02f65fffff,2019,Santa Cruz,5.620006371455878
88a8a02f65fffff,2023,Santa Cruz,6.0
88a8a03827fffff,2007,Guaratiba,4.2179236043095
88a8a03827fffff,2013,Guaratiba,5.046859296482412
88a8a03827fffff,2019,Guaratiba,5.556527249683144
88a8a03827fffff,2023,Guaratiba,5.9
88a8a07425fffff,2007,Camorim,
88a8a07425fffff,2013,Camorim,
88a8a07425fffff,2019,Camorim,
88a8a07425fffff,2023,Camorim,
88a8a06349fffff,2007,São Conrado,4.9
88a8a06349fffff,2013,São Conrado,5.8
88a8a06349fffff,2019,São Conrado,6.2
88a8a06349fffff,2023,São Conrado,6.5
88a8a074cdfffff,2007,Vargem Grande,4.474162679425837
88a8a074cdfffff,2013,Vargem Grande,5.8
88a8a074cdfffff,2019,Vargem Grande,5.618461538461539
88a8a074cdfffff,2023,Vargem Grande,6.2
88a8a03923fffff,2007,Grumari,
88a8a03923fffff,2013,Grumari,
88a8a03923fffff,2019,Grumari,
88a8a03923fffff,2023,Grumari,
88a8a07521fffff,2007,Barra Olímpica,
88a8a07521fffff,2013,Barra Olímpica,
88a8a07521fffff,2019,Barra Olímpica,
88a8a07521fffff,2023,Barra Olímpica,
88a8a02847fffff,2007,Inhoaíba,4.513713713713713
88a8a02847fffff,2013,Inhoaíba,5.646229050279329
88a8a02847fffff,2019,Inhoaíba,5.707640750670241
88a8a02847fffff,2023,Inhoaíba,6.0
88a8a06445fffff,2007,Realengo,4.301232285890326
88a8a06445fffff,2013,Realengo,5.14009324009324
88a8a06445fffff,2019,Realengo,5.889386792452831
88a8a06445fffff,2023,Realengo,6.1
88a8a039cbfffff,2007,Guaratiba,4.2179236043095
88a8a039cbfffff,2013,Guaratiba,5.046859296482412
88a8a039cbfffff,2019,Guaratiba,5.556527249683144
88a8a039cbfffff,2023,Guaratiba,5.9
88a8a075c9fffff,2007,Camorim,
88a8a075c9fffff,2013,Camorim,
88a8a075c9fffff,2019,Camorim,
88a8a075c9fffff,2023,Camorim,
88a8a02943fffff,2007,Campo Grande,4.659065288868014
88a8a02943fffff,2013,Campo Grande,5.673055082339578
88a8a02943fffff,2019,Campo Grande,5.976671619613669
88a8a02943fffff,2023,Campo Grande,6.3
88a8a06541fffff,2007,Deodoro,4.743636363636363
88a8a06541fffff,2013,Deodoro,5.683766233766233
88a8a06541fffff,2019,Deodoro,5.946153846153846
88a8a06541fffff,2023,Deodoro,6.4
88a8a06e03fffff,2007,Irajá,4.703466076696165
88a8a06e03fffff,2013,Irajá,5.436387434554974
88a8a06e03fffff,2019,Irajá,6.068776824034335
88a8a06e03fffff,2023,Irajá,6.2
88a8a07509fffff,2007,Barra da Tijuca,5.18662109375
88a8a07509fffff,2013,Barra da Tijuca,5.830245535714286
88a8a07509fffff,2019,Barra da Tijuca,6.693248945147679
88a8a07509fffff,2023,Barra da Tijuca,6.7
88a8a076c5fffff,2007,Recreio dos Bandeirantes,4.602747252747253
88a8a076c5fffff,2013,Recreio dos Bandeirantes,5.290909090909091
88a8a076c5fffff,2019,Recreio dos Bandeirantes,5.86896551724138
88a8a076c5fffff,2023,Recreio dos Bandeirantes,6.1
88a8a02129fffff,2007,Guaratiba,4.2179236043095
88a8a02129fffff,2013,Guaratiba,5.046859296482412
88a8a02129fffff,2019,Guaratiba,5.556527249683144
88a8a02129fffff,2023,Guaratiba,5.9
88a8a06e57fffff,2007,Acari,4.7
88a8a06e57fffff,2013,Acari,5.051700680272108
88a8a06e57fffff,2019,Acari,5.5
88a8a06e57fffff,2023,Acari,5.2
88a8a0390bfffff,2007,Barra de Guaratiba,4.967058823529412
88a8a0390bfffff,2013,Barra de Guaratiba,6.324390243902438
88a8a0390bfffff,2019,Barra de Guaratiba,6.658035714285714
88a8a0390bfffff,2023,Barra de Guaratiba,6.7
88a8a029ebfffff,2007,Campo Grande,4.659065288868014
88a8a029ebfffff,2013,Campo Grande,5.673055082339578
88a8a029ebfffff,2019,Campo Grande,5.976671619613669
88a8a029ebfffff,2023,Campo Grande,6.3
88a8a0663dfffff,2007,Bangu,4.583498233215548
88a8a0663dfffff,2013,Bangu,5.383494698017521
88a8a0663dfffff,2019,Bangu,5.793712772998015
88a8a0663dfffff,2023,Bangu,5.8
88a8a02a93fffff,2007,Santa Cruz,4.2447033898305095
88a8a02a93fffff,2013,Santa Cruz,5.370419906687403
88a8a02a93fffff,2019,Santa Cruz,5.620006371455878
88a8a02a93fffff,2023,Santa Cruz,6.0
88a8a06691fffff,2007,Campo Grande,4.659065288868014
88a8a06691fffff,2013,Campo Grande,5.673055082339578
88a8a06691fffff,2019,Campo Grande,5.976671619613669
88a8a06691fffff,2023,Campo Grande,6.3
88a8a06f53fffff,2007,Cordovil,4.34290780141844
88a8a06f53fffff,2013,Cordovil,5.026133909287257
88a8a06f53fffff,2019,Cordovil,5.794583333333334
88a8a06f53fffff,2023,Cordovil,6.0
88a8a02ae7fffff,2007,Santa Cruz,4.2447033898305095
88a8a02ae7fffff,2013,Santa Cruz,5.370419906687403
88a8a02ae7fffff,2019,Santa Cruz,5.620006371455878
88a8a02ae7fffff,2023,Santa Cruz,6.0
88a8a066e5fffff,2007,Vila Kennedy,4.60936768149883
88a8a066e5fffff,2013,Vila Kennedy,5.191237113402061
88a8a066e5fffff,2019,Vila Kennedy,5.233559322033899
88a8a066e5fffff,2023,Vila Kennedy,5.6
88a8a02b3bfffff,2007,Campo Grande,4.659065288868014
88a8a02b3bfffff,2013,Campo Grande,5.673055082339578
88a8a02b3bfffff,2019,Campo Grande,5.976671619613669
88a8a02b3bfffff,2023,Campo Grande,6.3
88a8a06739fffff,2007,Magalhães Bastos,4.34344473007712
88a8a06739fffff,2013,Magalhães Bastos,5.496794871794871
88a8a06739fffff,2019,Magalhães Bastos,6.172839506172839
88a8a06739fffff,2023,Magalhães Bastos,5.7
88a8a078bdfffff,2007,Laranjeiras,5.221827411167513
88a8a078bdfffff,2013,Laranjeiras,5.948953974895398
88a8a078bdfffff,2019,Laranjeiras,6.105494505494506
88a8a078bdfffff,2023,Laranjeiras,6.5
88a8a0601bfffff,2007,Freguesia (Jacarepaguá),4.49554234769688
88a8a0601bfffff,2013,Freguesia (Jacarepaguá),5.698239436619718
88a8a0601bfffff,2019,Freguesia (Jacarepaguá),5.745387453874539
88a8a0601bfffff,2023,Freguesia (Jacarepaguá),6.0
88a8a060c3fffff,2007,Praça Seca,4.354829931972789
88a8a060c3fffff,2013,Praça Seca,5.095320623916811
88a8a060c3fffff,2019,Praça Seca,5.918089430894309
88a8a060c3fffff,2023,Praça Seca,5.9
88a8a07ab5fffff,2007,Ipanema,4.507111111111112
88a8a07ab5fffff,2013,Ipanema,4.735099337748345
88a8a07ab5fffff,2019,Ipanema,5.184444444444444
88a8a07ab5fffff,2023,Ipanema,5.6
88a8a06117fffff,2007,Jacaré,4.212264150943396
88a8a06117fffff,2013,Jacaré,5.448128342245989
88a8a06117fffff,2019,Jacaré,5.451785714285714
88a8a06117fffff,2023,Jacaré,5.1
88a8a0616bfffff,2007,Tijuca,4.602781289506954
88a8a0616bfffff,2013,Tijuca,5.272364672364673
88a8a0616bfffff,2019,Tijuca,5.694444444444445
88a8a0616bfffff,2023,Tijuca,5.9
88a8a074b5fffff,2007,Senador Camará,4.404440649017934
88a8a074b5fffff,2013,Senador Camará,5.228953974895398
88a8a074b5fffff,2019,Senador Camará,5.511260827718961
88a8a074b5fffff,2023,Senador Camará,5.7
88a8a06213fffff,2007,Gardênia Azul,4.5
88a8a06213fffff,2013,Gardênia Azul,4.9
88a8a06213fffff,2019,Gardênia Azul,5.6
88a8a06213fffff,2023,Gardênia Azul,5.0
88a8a06267fffff,2007,Itanhangá,4.3
88a8a06267fffff,2013,Itanhangá,5.311267605633803
88a8a06267fffff,2019,Itanhangá,5.72054054054054
88a8a06267fffff,2023,Itanhangá,5.5
88a8a02f2bfffff,2007,Santa Cruz,4.2447033898305095
88a8a02f2bfffff,2013,Santa Cruz,5.370419906687403
88a8a02f2bfffff,2019,Santa Cruz,5.620006371455878
88a8a02f2bfffff,2023,Santa Cruz,6.0
88a8a038b7fffff,2007,Guaratiba,4.2179236043095
88a8a038b7fffff,2013,Guaratiba,5.046859296482412
88a8a038b7fffff,2019,Guaratiba,5.556527249683144
88a8a038b7fffff,2023,Guaratiba,5.9
88a8a062bbfffff,2007,Tanque,4.363245823389021
88a8a062bbfffff,2013,Tanque,5.524742268041238
88a8a062bbfffff,2019,Tanque,5.930030959752322
88a8a062bbfffff,2023,Tanque,6.1
88a8a06363fffff,2007,Alto da Boa Vista,4.605042016806722
88a8a06363fffff,2013,Alto da Boa Vista,5.749557522123895
88a8a06363fffff,2019,Alto da Boa Vista,5.652032520325204
88a8a06363fffff,2023,Alto da Boa Vista,5.9
88a8a07493fffff,2007,Campo Grande,4.659065288868014
88a8a07493fffff,2013,Campo Grande,5.673055082339578
88a8a07493fffff,2019,Campo Grande,5.976671619613669
88a8a07493fffff,2023,Campo Grande,6.3
88a8a038e9fffff,2007,Guaratiba,4.2179236043095
88a8a038e9fffff,2013,Guaratiba,5.046859296482412
88a8a038e9fffff,2019,Guaratiba,5.556527249683144
88a8a038e9fffff,2023,Guaratiba,5.9
88a8a074e7fffff,2007,Vargem Grande,4.474162679425837
88a8a074e7fffff,2013,Vargem Grande,5.8
88a8a074e7fffff,2019,Vargem Grande,5.618461538461539
88a8a074e7fffff,2023,Vargem Grande,6.2
88a8a0280dfffff,2007,Inhoaíba,4.513713713713713
88a8a0280dfffff,2013,Inhoaíba,5.646229050279329
88a8a0280dfffff,2019,Inhoaíba,5.707640750670241
88a8a0280dfffff,2023,Inhoaíba,6.0
88a8a0393dfffff,2007,Grumari,
88a8a0393dfffff,2013,Grumari,
88a8a0393dfffff,2019,Grumari,
88a8a0393dfffff,2023,Grumari,
88a8a0753bfffff,2007,Jacarepaguá,4.471293161814489
88a8a0753bfffff,2013,Jacarepaguá,5.675222816399288
88a8a0753bfffff,2019,Jacarepaguá,6.095016891891893
88a8a0753bfffff,2023,Jacarepaguá,6.4
88a8a02861fffff,2007,Campo Grande,4.659065288868014
88a8a02861fffff,2013,Campo Grande,5.673055082339578
88a8a02861fffff,2019,Campo Grande,5.976671619613669
88a8a02861fffff,2023,Campo Grande,6.3
88a8a03991fffff,2007,Guaratiba,4.2179236043095
88a8a03991fffff,2013,Guaratiba,5.046859296482412
88a8a03991fffff,2019,Guaratiba,5.556527249683144
88a8a03991fffff,2023,Guaratiba,5.9
88a8a039e5fffff,2007,Guaratiba,4.2179236043095
88a8a039e5fffff,2013,Guaratiba,5.046859296482412
88a8a039e5fffff,2019,Guaratiba,5.556527249683144
88a8a039e5fffff,2023,Guaratiba,5.9
88a8a075e3fffff,2007,Jacarepaguá,4.471293161814489
88a8a075e3fffff,2013,Jacarepaguá,5.675222816399288
88a8a075e3fffff,2019,Jacarepaguá,6.095016891891893
88a8a075e3fffff,2023,Jacarepaguá,6.4
88a8a02909fffff,2007,Campo Grande,4.659065288868014
88a8a02909fffff,2013,Campo Grande,5.673055082339578
88a8a02909fffff,2019,Campo Grande,5.976671619613669
88a8a02909fffff,2023,Campo Grande,6.3
88a8a06507fffff,2007,Anchieta,4.225891181988743
88a8a06507fffff,2013,Anchieta,4.801449275362319
88a8a06507fffff,2019,Anchieta,5.053846153846154
88a8a06507fffff,2023,Anchieta,5.5
88a8a07637fffff,2007,Recreio dos Bandeirantes,4.602747252747253
88a8a07637fffff,2013,Recreio dos Bandeirantes,5.290909090909091
88a8a07637fffff,2019,Recreio dos Bandeirantes,5.86896551724138
88a8a07637fffff,2023,Recreio dos Bandeirantes,6.1
88a8a07461fffff,2007,Recreio dos Bandeirantes,4.602747252747253
88a8a07461fffff,2013,Recreio dos Bandeirantes,5.290909090909091
88a8a07461fffff,2019,Recreio dos Bandeirantes,5.86896551724138
88a8a07461fffff,2023,Recreio dos Bandeirantes,6.1
88a8a0295dfffff,2007,Campo Grande,4.659065288868014
88a8a0295dfffff,2013,Campo Grande,5.673055082339578
88a8a0295dfffff,2019,Campo Grande,5.976671619613669
88a8a0295dfffff,2023,Campo Grande,6.3
88a8a0655bfffff,2007,Vila Militar,4.218367346938775
88a8a0655bfffff,2013,Vila Militar,5.1
88a8a0655bfffff,2019,Vila Militar,6.5
88a8a0655bfffff,2023,Vila Militar,6.2
88a8a0768bfffff,2007,Guaratiba,4.2179236043095
88a8a0768bfffff,2013,Guaratiba,5.046859296482412
88a8a0768bfffff,2019,Guaratiba,5.556527249683144
88a8a0768bfffff,2023,Guaratiba,5.9
88a8a06331fffff,2007,Tijuca,4.602781289506954
88a8a06331fffff,2013,Tijuca,5.272364672364673
88a8a06331fffff,2019,Tijuca,5.694444444444445
88a8a06331fffff,2023,Tijuca,5.9
88a8a06e1dfffff,2007,Acari,4.7
88a8a06e1dfffff,2013,Acari,5.051700680272108
88a8a06e1dfffff,2019,Acari,5.5
88a8a06e1dfffff,2023,Acari,5.2
88a8a029b1fffff,2007,Campo Grande,4.659065288868014
88a8a029b1fffff,2013,Campo Grande,5.673055082339578
88a8a029b1fffff,2019,Campo Grande,5.976671619613669
88a8a029b1fffff,2023,Campo Grande,6.3
88a8a02a05fffff,2007,Guaratiba,4.2179236043095
88a8a02a05fffff,2013,Guaratiba,5.046859296482412
88a8a02a05fffff,2019,Guaratiba,5.556527249683144
88a8a02a05fffff,2023,Guaratiba,5.9
88a8a06603fffff,2007,Senador Camará,4.404440649017934
88a8a06603fffff,2013,Senador Camará,5.228953974895398
88a8a06603fffff,2019,Senador Camará,5.511260827718961
88a8a06603fffff,2023,Senador Camará,5.7
88a8a3934dfffff,2007,Campo Grande,4.659065288868014
88a8a3934dfffff,2013,Campo Grande,5.673055082339578
88a8a3934dfffff,2019,Campo Grande,5.976671619613669
88a8a3934dfffff,2023,Campo Grande,6.3
88a8a02197fffff,2007,Santa Cruz,4.2447033898305095
88a8a02197fffff,2013,Santa Cruz,5.370419906687403
88a8a02197fffff,2019,Santa Cruz,5.620006371455878
88a8a02197fffff,2023,Santa Cruz,6.0
88a8a07733fffff,2007,Barra da Tijuca,5.18662109375
88a8a07733fffff,2013,Barra da Tijuca,5.830245535714286
88a8a07733fffff,2019,Barra da Tijuca,6.693248945147679
88a8a07733fffff,2023,Barra da Tijuca,6.7
88a8a02a59fffff,2007,Guaratiba,4.2179236043095
88a8a02a59fffff,2013,Guaratiba,5.046859296482412
88a8a02a59fffff,2019,Guaratiba,5.556527249683144
88a8a02a59fffff,2023,Guaratiba,5.9
88a8a06657fffff,2007,Senador Camará,4.404440649017934
88a8a06657fffff,2013,Senador Camará,5.228953974895398
88a8a06657fffff,2019,Senador Camará,5.511260827718961
88a8a06657fffff,2023,Senador Camará,5.7
88a8a021ebfffff,2007,Santa Cruz,4.2447033898305095
88a8a021ebfffff,2013,Santa Cruz,5.370419906687403
88a8a021ebfffff,2019,Santa Cruz,5.620006371455878
88a8a021ebfffff,2023,Santa Cruz,6.0
88a8a06f19fffff,2007,Cordovil,4.34290780141844
88a8a06f19fffff,2013,Cordovil,5.026133909287257
88a8a06f19fffff,2019,Cordovil,5.794583333333334
88a8a06f19fffff,2023,Cordovil,6.0
88a8a02aadfffff,2007,Paciência,4.397682709447415
88a8a02aadfffff,2013,Paciência,5.211933007676204
88a8a02aadfffff,2019,Paciência,5.692237442922374
88a8a02aadfffff,2023,Paciência,6.4
88a8a066abfffff,2007,Bangu,4.583498233215548
88a8a066abfffff,2013,Bangu,5.383494698017521
88a8a066abfffff,2019,Bangu,5.793712772998015
88a8a066abfffff,2023,Bangu,5.8
88a8a02b01fffff,2007,Guaratiba,4.2179236043095
88a8a02b01fffff,2013,Guaratiba,5.046859296482412
88a8a02b01fffff,2019,Guaratiba,5.556527249683144
88a8a02b01fffff,2023,Guaratiba,5.9
88a8a02b55fffff,2007,Guaratiba,4.2179236043095
88a8a02b55fffff,2013,Guaratiba,5.046859296482412
88a8a02b55fffff,2019,Guaratiba,5.556527249683144
88a8a02b55fffff,2023,Guaratiba,5.9
88a8a0740dfffff,2007,Recreio dos Bandeirantes,4.602747252747253
88a8a0740dfffff,2013,Recreio dos Bandeirantes,5.290909090909091
88a8a0740dfffff,2019,Recreio dos Bandeirantes,5.86896551724138
88a8a0740dfffff,2023,Recreio dos Bandeirantes,6.1
88a8a06753fffff,2007,Realengo,4.301232285890326
88a8a06753fffff,2013,Realengo,5.14009324009324
88a8a06753fffff,2019,Realengo,5.889386792452831
88a8a06753fffff,2023,Realengo,6.1
88a8a07883fffff,2007,Humaitá,4.8
88a8a07883fffff,2013,Humaitá,6.4
88a8a07883fffff,2019,Humaitá,6.0
88a8a07883fffff,2023,Humaitá,6.3
88a8a078d7fffff,2007,Alto da Boa Vista,4.605042016806722
88a8a078d7fffff,2013,Alto da Boa Vista,5.749557522123895
88a8a078d7fffff,2019,Alto da Boa Vista,5.652032520325204
88a8a078d7fffff,2023,Alto da Boa Vista,5.9
88a8a062ddfffff,2007,Curicica,4.907130124777183
88a8a062ddfffff,2013,Curicica,5.3603206412825655
88a8a062ddfffff,2019,Curicica,6.051821862348179
88a8a062ddfffff,2023,Curicica,6.1
88a8a079d3fffff,2007,Urca,5.882666666666667
88a8a079d3fffff,2013,Urca,6.45
88a8a079d3fffff,2019,Urca,6.678461538461539
88a8a079d3fffff,2023,Urca,7.2
88a8a06035fffff,2007,Engenho de Dentro,4.827579365079365
88a8a06035fffff,2013,Engenho de Dentro,5.741297935103245
88a8a06035fffff,2019,Engenho de Dentro,6.245741324921136
88a8a06035fffff,2023,Engenho de Dentro,5.7
88a8a06089fffff,2007,Campinho,4.8
88a8a06089fffff,2013,Campinho,5.6
88a8a06089fffff,2019,Campinho,6.1
88a8a06089fffff,2023,Campinho,5.7
88a8a071b9fffff,2007,Joá,
88a8a071b9fffff,2013,Joá,
88a8a071b9fffff,2019,Joá,
88a8a071b9fffff,2023,Joá,
88a8a060ddfffff,2007,Vila Valqueire,4.991561181434599
88a8a060ddfffff,2013,Vila Valqueire,5.3203980099502495
88a8a060ddfffff,2019,Vila Valqueire,6.03160621761658
88a8a060ddfffff,2023,Vila Valqueire,6.5
88a8a06131fffff,2007,Benfica,4.098684210526316
88a8a06131fffff,2013,Benfica,4.718448637316562
88a8a06131fffff,2019,Benfica,5.441926345609065
88a8a06131fffff,2023,Benfica,5.9
88a8a06185fffff,2007,Complexo do Alemão,3.8
88a8a06185fffff,2013,Complexo do Alemão,4.870342205323194
88a8a06185fffff,2019,Complexo do Alemão,5.347709923664122
88a8a06185fffff,2023,Complexo do Alemão,5.4
88a8a02e49fffff,2007,Santa Cruz,4.2447033898305095
88a8a02e49fffff,2013,Santa Cruz,5.370419906687403
88a8a02e49fffff,2019,Santa Cruz,5.620006371455878
88a8a02e49fffff,2023,Santa Cruz,6.0
88a8a061d9fffff,2007,Piedade,4.6410774410774405
88a8a061d9fffff,2013,Piedade,6.219138755980862
88a8a061d9fffff,2019,Piedade,5.826406926406926
88a8a061d9fffff,2023,Piedade,6.5
88a8a06a9bfffff,2007,Maré,4.2244353182751535
88a8a06a9bfffff,2013,Maré,4.373396674584322
88a8a06a9bfffff,2019,Maré,5.359320629660314
88a8a06a9bfffff,2023,Maré,5.6
88a8a0622dfffff,2007,Alto da Boa Vista,4.605042016806722
88a8a0622dfffff,2013,Alto da Boa Vista,5.749557522123895
88a8a0622dfffff,2019,Alto da Boa Vista,5.652032520325204
88a8a0622dfffff,2023,Alto da Boa Vista,5.9
88a8a02f4dfffff,2007,Santa Cruz,4.2447033898305095
88a8a02f4dfffff,2013,Santa Cruz,5.370419906687403
88a8a02f4dfffff,2019,Santa Cruz,5.620006371455878
88a8a02f4dfffff,2023,Santa Cruz,6.0
88a8a06281fffff,2007,Taquara,4.865171102661597
88a8a06281fffff,2013,Taquara,5.635502392344497
88a8a06281fffff,2019,Taquara,6.141109709962168
88a8a06281fffff,2023,Taquara,6.2
88a8a02f45fffff,2007,Santa Cruz,4.2447033898305095
88a8a02f45fffff,2013,Santa Cruz,5.370419906687403
88a8a02f45fffff,2019,Santa Cruz,5.620006371455878
88a8a02f45fffff,2023,Santa Cruz,6.0
88a8a062d5fffff,2007,Curicica,4.907130124777183
88a8a062d5fffff,2013,Curicica,5.3603206412825655
88a8a062d5fffff,2019,Curicica,6.051821862348179
88a8a062d5fffff,2023,Curicica,6.1
88a8a07405fffff,2007,Vargem Pequena,4.8
88a8a07405fffff,2013,Vargem Pequena,4.581954887218045
88a8a07405fffff,2019,Vargem Pequena,6.254545454545454
88a8a07405fffff,2023,Vargem Pequena,6.2
88a8a06329fffff,2007,Alto da Boa Vista,4.605042016806722
88a8a06329fffff,2013,Alto da Boa Vista,5.749557522123895
88a8a06329fffff,2019,Alto da Boa Vista,5.652032520325204
88a8a06329fffff,2023,Alto da Boa Vista,5.9
88a8a07459fffff,2007,Recreio dos Bandeirantes,4.602747252747253
88a8a07459fffff,2013,Recreio dos Bandeirantes,5.290909090909091
88a8a07459fffff,2019,Recreio dos Bandeirantes,5.86896551724138
88a8a07459fffff,2023,Recreio dos Bandeirantes,6.1
88a8a074adfffff,2007,Vargem Grande,4.474162679425837
88a8a074adfffff,2013,Vargem Grande,5.8
88a8a074adfffff,2019,Vargem Grande,5.618461538461539
88a8a074adfffff,2023,Vargem Grande,6.2
88a8a06289fffff,2007,Taquara,4.865171102661597
88a8a06289fffff,2013,Taquara,5.635502392344497
88a8a06289fffff,2019,Taquara,6.141109709962168
88a8a06289fffff,2023,Taquara,6.2
88a8a03903fffff,2007,Barra de Guaratiba,4.967058823529412
88a8a03903fffff,2013,Barra de Guaratiba,6.324390243902438
88a8a03903fffff,2019,Barra de Guaratiba,6.658035714285714
88a8a03903fffff,2023,Barra de Guaratiba,6.7
88a8a07501fffff,2007,Barra da Tijuca,5.18662109375
88a8a07501fffff,2013,Barra da Tijuca,5.830245535714286
88a8a07501fffff,2019,Barra da Tijuca,6.693248945147679
88a8a07501fffff,2023,Barra da Tijuca,6.7
88a8a02827fffff,2007,Campo Grande,4.659065288868014
88a8a02827fffff,2013,Campo Grande,5.673055082339578
88a8a02827fffff,2019,Campo Grande,5.976671619613669
88a8a02827fffff,2023,Campo Grande,6.3
88a8a03957fffff,2007,Guaratiba,4.2179236043095
88a8a03957fffff,2013,Guaratiba,5.046859296482412
88a8a03957fffff,2019,Guaratiba,5.556527249683144
88a8a03957fffff,2023,Guaratiba,5.9
88a8a07555fffff,2007,Barra da Tijuca,5.18662109375
88a8a07555fffff,2013,Barra da Tijuca,5.830245535714286
88a8a07555fffff,2019,Barra da Tijuca,6.693248945147679
88a8a07555fffff,2023,Barra da Tijuca,6.7
88a8a039abfffff,2007,Guaratiba,4.2179236043095
88a8a039abfffff,2013,Guaratiba,5.046859296482412
88a8a039abfffff,2019,Guaratiba,5.556527249683144
88a8a039abfffff,2023,Guaratiba,5.9
88a8a075a9fffff,2007,Jacarepaguá,4.471293161814489
88a8a075a9fffff,2013,Jacarepaguá,5.675222816399288
88a8a075a9fffff,2019,Jacarepaguá,6.095016891891893
88a8a075a9fffff,2023,Jacarepaguá,6.4
88a8a064cdfffff,2007,Bangu,4.583498233215548
88a8a064cdfffff,2013,Bangu,5.383494698017521
88a8a064cdfffff,2019,Bangu,5.793712772998015
88a8a064cdfffff,2023,Bangu,5.8
88a8a02923fffff,2007,Senador Vasconcelos,4.757482993197279
88a8a02923fffff,2013,Senador Vasconcelos,5.825263157894738
88a8a02923fffff,2019,Senador Vasconcelos,5.78623188405797
88a8a02923fffff,2023,Senador Vasconcelos,6.2
88a8a06521fffff,2007,Costa Barros,3.9616541353383457
88a8a06521fffff,2013,Costa Barros,4.160256410256411
88a8a06521fffff,2019,Costa Barros,4.88375
88a8a06521fffff,2023,Costa Barros,5.2
88a8a020b5fffff,2007,Santa Cruz,4.2447033898305095
88a8a020b5fffff,2013,Santa Cruz,5.370419906687403
88a8a020b5fffff,2019,Santa Cruz,5.620006371455878
88a8a020b5fffff,2023,Santa Cruz,6.0
88a8a076a5fffff,2007,Vargem Pequena,4.8
88a8a076a5fffff,2013,Vargem Pequena,4.581954887218045
88a8a076a5fffff,2019,Vargem Pequena,6.254545454545454
88a8a076a5fffff,2023,Vargem Pequena,6.2
88a8a02109fffff,2007,Sepetiba,3.7746509129967776
88a8a02109fffff,2013,Sepetiba,4.8939142461964025
88a8a02109fffff,2019,Sepetiba,5.473479948253558
88a8a02109fffff,2023,Sepetiba,5.7
88a8a029cbfffff,2007,Campo Grande,4.659065288868014
88a8a029cbfffff,2013,Campo Grande,5.673055082339578
88a8a029cbfffff,2019,Campo Grande,5.976671619613669
88a8a029cbfffff,2023,Campo Grande,6.3
88a8a0661dfffff,2007,Senador Camará,4.404440649017934
88a8a0661dfffff,2013,Senador Camará,5.228953974895398
88a8a0661dfffff,2019,Senador Camará,5.511260827718961
88a8a0661dfffff,2023,Senador Camará,5.7
88a8a021b1fffff,2007,Santa Cruz,4.2447033898305095
88a8a021b1fffff,2013,Santa Cruz,5.370419906687403
88a8a021b1fffff,2019,Santa Cruz,5.620006371455878
88a8a021b1fffff,2023,Santa Cruz,6.0
88a8a02ac7fffff,2007,Santa Cruz,4.2447033898305095
88a8a02ac7fffff,2013,Santa Cruz,5.370419906687403
88a8a02ac7fffff,2019,Santa Cruz,5.620006371455878
88a8a02ac7fffff,2023,Santa Cruz,6.0
88a8a066c5fffff,2007,Senador Camará,4.404440649017934
88a8a066c5fffff,2013,Senador Camará,5.228953974895398
88a8a066c5fffff,2019,Senador Camará,5.511260827718961
88a8a066c5fffff,2023,Senador Camará,5.7
88a8a02b1bfffff,2007,Guaratiba,4.2179236043095
88a8a02b1bfffff,2013,Guaratiba,5.046859296482412
88a8a02b1bfffff,2019,Guaratiba,5.556527249683144
88a8a02b1bfffff,2023,Guaratiba,5.9
88a8a06235fffff,2007,Jacarepaguá,4.471293161814489
88a8a06235fffff,2013,Jacarepaguá,5.675222816399288
88a8a06235fffff,2019,Jacarepaguá,6.095016891891893
88a8a06235fffff,2023,Jacarepaguá,6.4
88a8a06719fffff,2007,Realengo,4.301232285890326
88a8a06719fffff,2013,Realengo,5.14009324009324
88a8a06719fffff,2019,Realengo,5.889386792452831
88a8a06719fffff,2023,Realengo,6.1
88a8a0676dfffff,2007,Jardim Sulacap,5.900000000000001
88a8a0676dfffff,2013,Jardim Sulacap,5.599999999999999
88a8a0676dfffff,2019,Jardim Sulacap,6.9
88a8a0676dfffff,2023,Jardim Sulacap,7.1
88a8a0789dfffff,2007,Santa Teresa,5.007547169811321
88a8a0789dfffff,2013,Santa Teresa,5.916438356164384
88a8a0789dfffff,2019,Santa Teresa,6.474615384615385
88a8a0789dfffff,2023,Santa Teresa,5.9
88a8a07999fffff,2007,Urca,5.882666666666667
88a8a07999fffff,2013,Urca,6.45
88a8a07999fffff,2019,Urca,6.678461538461539
88a8a07999fffff,2023,Urca,7.2
88a8a060a3fffff,2007,Vaz Lobo,3.8
88a8a060a3fffff,2013,Vaz Lobo,4.8
88a8a060a3fffff,2019,Vaz Lobo,4.9
88a8a060a3fffff,2023,Vaz Lobo,5.1
88a8a0614bfffff,2007,Tijuca,4.602781289506954
88a8a0614bfffff,2013,Tijuca,5.272364672364673
88a8a0614bfffff,2019,Tijuca,5.694444444444445
88a8a0614bfffff,2023,Tijuca,5.9
88a8a06a0dfffff,2007,Centro,4.491666666666667
88a8a06a0dfffff,2013,Centro,5.1626666666666665
88a8a06a0dfffff,2019,Centro,5.708465608465609
88a8a06a0dfffff,2023,Centro,6.3
88a8a02e63fffff,2007,Santa Cruz,4.2447033898305095
88a8a02e63fffff,2013,Santa Cruz,5.370419906687403
88a8a02e63fffff,2019,Santa Cruz,5.620006371455878
88a8a02e63fffff,2023,Santa Cruz,6.0
88a8a06247fffff,2007,Itanhangá,4.3
88a8a06247fffff,2013,Itanhangá,5.311267605633803
88a8a06247fffff,2019,Itanhangá,5.72054054054054
88a8a06247fffff,2023,Itanhangá,5.5
88a8a02f0bfffff,2007,Santa Cruz,4.2447033898305095
88a8a02f0bfffff,2013,Santa Cruz,5.370419906687403
88a8a02f0bfffff,2019,Santa Cruz,5.620006371455878
88a8a02f0bfffff,2023,Santa Cruz,6.0
88a8a0629bfffff,2007,Jacarepaguá,4.471293161814489
88a8a0629bfffff,2013,Jacarepaguá,5.675222816399288
88a8a0629bfffff,2019,Jacarepaguá,6.095016891891893
88a8a0629bfffff,2023,Jacarepaguá,6.4
88a8a06343fffff,2007,Alto da Boa Vista,4.605042016806722
88a8a06343fffff,2013,Alto da Boa Vista,5.749557522123895
88a8a06343fffff,2019,Alto da Boa Vista,5.652032520325204
88a8a06343fffff,2023,Alto da Boa Vista,5.9
88a8a038c9fffff,2007,Guaratiba,4.2179236043095
88a8a038c9fffff,2013,Guaratiba,5.046859296482412
88a8a038c9fffff,2019,Guaratiba,5.556527249683144
88a8a038c9fffff,2023,Guaratiba,5.9
88a8a074c7fffff,2007,Vargem Grande,4.474162679425837
88a8a074c7fffff,2013,Vargem Grande,5.8
88a8a074c7fffff,2019,Vargem Grande,5.618461538461539
88a8a074c7fffff,2023,Vargem Grande,6.2
88a8a0391dfffff,2007,Guaratiba,4.2179236043095
88a8a0391dfffff,2013,Guaratiba,5.046859296482412
88a8a0391dfffff,2019,Guaratiba,5.556527249683144
88a8a0391dfffff,2023,Guaratiba,5.9
88a8a0751bfffff,2007,Camorim,
88a8a0751bfffff,2013,Camorim,
88a8a0751bfffff,2019,Camorim,
88a8a0751bfffff,2023,Camorim,
88a8a02841fffff,2007,Guaratiba,4.2179236043095
88a8a02841fffff,2013,Guaratiba,5.046859296482412
88a8a02841fffff,2019,Guaratiba,5.556527249683144
88a8a02841fffff,2023,Guaratiba,5.9
88a8a039c5fffff,2007,Guaratiba,4.2179236043095
88a8a039c5fffff,2013,Guaratiba,5.046859296482412
88a8a039c5fffff,2019,Guaratiba,5.556527249683144
88a8a039c5fffff,2023,Guaratiba,5.9
88a8a075c3fffff,2007,Camorim,
88a8a075c3fffff,2013,Camorim,
88a8a075c3fffff,2019,Camorim,
88a8a075c3fffff,2023,Camorim,
88a8a061e1fffff,2007,Higienópolis,4.611069418386491
88a8a061e1fffff,2013,Higienópolis,4.761230769230769
88a8a061e1fffff,2019,Higienópolis,5.551867219917012
88a8a061e1fffff,2023,Higienópolis,6.0
88a8a028e9fffff,2007,Paciência,4.397682709447415
88a8a028e9fffff,2013,Paciência,5.211933007676204
88a8a028e9fffff,2019,Paciência,5.692237442922374
88a8a028e9fffff,2023,Paciência,6.4
88a8a07617fffff,2007,Recreio dos Bandeirantes,4.602747252747253
88a8a07617fffff,2013,Recreio dos Bandeirantes,5.290909090909091
88a8a07617fffff,2019,Recreio dos Bandeirantes,5.86896551724138
88a8a07617fffff,2023,Recreio dos Bandeirantes,6.1
88a8a0293dfffff,2007,Senador Vasconcelos,4.757482993197279
88a8a0293dfffff,2013,Senador Vasconcelos,5.825263157894738
88a8a0293dfffff,2019,Senador Vasconcelos,5.78623188405797
88a8a0293dfffff,2023,Senador Vasconcelos,6.2
88a8a02123fffff,2007,Santa Cruz,4.2447033898305095
88a8a02123fffff,2013,Santa Cruz,5.370419906687403
88a8a02123fffff,2019,Santa Cruz,5.620006371455878
88a8a02123fffff,2023,Santa Cruz,6.0
88a8a06e51fffff,2007,Coelho Neto,4.225548387096774
88a8a06e51fffff,2013,Coelho Neto,4.520105820105821
88a8a06e51fffff,2019,Coelho Neto,5.511918604651164
88a8a06e51fffff,2023,Coelho Neto,5.2
88a8a029e5fffff,2007,Campo Grande,4.659065288868014
88a8a029e5fffff,2013,Campo Grande,5.673055082339578
88a8a029e5fffff,2019,Campo Grande,5.976671619613669
88a8a029e5fffff,2023,Campo Grande,6.3
88a8a07713fffff,2007,Barra da Tijuca,5.18662109375
88a8a07713fffff,2013,Barra da Tijuca,5.830245535714286
88a8a07713fffff,2019,Barra da Tijuca,6.693248945147679
88a8a07713fffff,2023,Barra da Tijuca,6.7
88a8a02a39fffff,2007,Guaratiba,4.2179236043095
88a8a02a39fffff,2013,Guaratiba,5.046859296482412
88a8a02a39fffff,2019,Guaratiba,5.556527249683144
88a8a02a39fffff,2023,Guaratiba,5.9
88a8a06637fffff,2007,Bangu,4.583498233215548
88a8a06637fffff,2013,Bangu,5.383494698017521
88a8a06637fffff,2019,Bangu,5.793712772998015
88a8a06637fffff,2023,Bangu,5.8
88a8a02a8dfffff,2007,Santa Cruz,4.2447033898305095
88a8a02a8dfffff,2013,Santa Cruz,5.370419906687403
88a8a02a8dfffff,2019,Santa Cruz,5.620006371455878
88a8a02a8dfffff,2023,Santa Cruz,6.0
88a8a0668bfffff,2007,Campo Grande,4.659065288868014
88a8a0668bfffff,2013,Campo Grande,5.673055082339578
88a8a0668bfffff,2019,Campo Grande,5.976671619613669
88a8a0668bfffff,2023,Campo Grande,6.3
88a8a06f4dfffff,2007,Ramos,4.7232387923147305
88a8a06f4dfffff,2013,Ramos,5.210505836575876
88a8a06f4dfffff,2019,Ramos,5.7463265306122455
88a8a06f4dfffff,2023,Ramos,6.7
88a8a02ae1fffff,2007,Santa Cruz,4.2447033898305095
88a8a02ae1fffff,2013,Santa Cruz,5.370419906687403
88a8a02ae1fffff,2019,Santa Cruz,5.620006371455878
88a8a02ae1fffff,2023,Santa Cruz,6.0
88a8a02b35fffff,2007,Campo Grande,4.659065288868014
88a8a02b35fffff,2013,Campo Grande,5.673055082339578
88a8a02b35fffff,2019,Campo Grande,5.976671619613669
88a8a02b35fffff,2023,Campo Grande,6.3
88a8a06733fffff,2007,Realengo,4.301232285890326
88a8a06733fffff,2013,Realengo,5.14009324009324
88a8a06733fffff,2019,Realengo,5.889386792452831
88a8a06733fffff,2023,Realengo,6.1
88a8a078b7fffff,2007,Santa Teresa,5.007547169811321
88a8a078b7fffff,2013,Santa Teresa,5.916438356164384
88a8a078b7fffff,2019,Santa Teresa,6.474615384615385
88a8a078b7fffff,2023,Santa Teresa,5.9
88a8a06015fffff,2007,Água Santa,4.4
88a8a06015fffff,2013,Água Santa,5.9
88a8a06015fffff,2019,Água Santa,
88a8a06015fffff,2023,Água Santa,
88a8a06069fffff,2007,Jacarepaguá,4.471293161814489
88a8a06069fffff,2013,Jacarepaguá,5.675222816399288
88a8a06069fffff,2019,Jacarepaguá,6.095016891891893
88a8a06069fffff,2023,Jacarepaguá,6.4
88a8a07199fffff,2007,Barra da Tijuca,5.18662109375
88a8a07199fffff,2013,Barra da Tijuca,5.830245535714286
88a8a07199fffff,2019,Barra da Tijuca,6.693248945147679
88a8a07199fffff,2023,Barra da Tijuca,6.7
88a8a0618dfffff,2007,Inhaúma,4.425932062966032
88a8a0618dfffff,2013,Inhaúma,5.487589498806682
88a8a0618dfffff,2019,Inhaúma,5.867280606717226
88a8a0618dfffff,2023,Inhaúma,5.9
88a8a060bdfffff,2007,Turiaçu,4.239062499999999
88a8a060bdfffff,2013,Turiaçu,5.728682170542636
88a8a060bdfffff,2019,Turiaçu,5.348623853211009
88a8a060bdfffff,2023,Turiaçu,5.8
88a8a06111fffff,2007,Sampaio,3.9
88a8a06111fffff,2013,Sampaio,5.4
88a8a06111fffff,2019,Sampaio,5.4
88a8a06111fffff,2023,Sampaio,4.8
88a8a06165fffff,2007,Estácio,3.5
88a8a06165fffff,2013,Estácio,5.0
88a8a06165fffff,2019,Estácio,5.5
88a8a06165fffff,2023,Estácio,5.5
88a8a061b9fffff,2007,Olaria,4.447274881516588
88a8a061b9fffff,2013,Olaria,5.308333333333334
88a8a061b9fffff,2019,Olaria,5.48083538083538
88a8a061b9fffff,2023,Olaria,6.0
88a8a0620dfffff,2007,Itanhangá,4.3
88a8a0620dfffff,2013,Itanhangá,5.311267605633803
88a8a0620dfffff,2019,Itanhangá,5.72054054054054
88a8a0620dfffff,2023,Itanhangá,5.5
88a8a06261fffff,2007,Itanhangá,4.3
88a8a06261fffff,2013,Itanhangá,5.311267605633803
88a8a06261fffff,2019,Itanhangá,5.72054054054054
88a8a06261fffff,2023,Itanhangá,5.5
88a8a02f25fffff,2007,Santa Cruz,4.2447033898305095
88a8a02f25fffff,2013,Santa Cruz,5.370419906687403
88a8a02f25fffff,2019,Santa Cruz,5.620006371455878
88a8a02f25fffff,2023,Santa Cruz,6.0
88a8a062b5fffff,2007,Praça Seca,4.354829931972789
88a8a062b5fffff,2013,Praça Seca,5.095320623916811
88a8a062b5fffff,2019,Praça Seca,5.918089430894309
88a8a062b5fffff,2023,Praça Seca,5.9
88a8a06309fffff,2007,Alto da Boa Vista,4.605042016806722
88a8a06309fffff,2013,Alto da Boa Vista,5.749557522123895
88a8a06309fffff,2019,Alto da Boa Vista,5.652032520325204
88a8a06309fffff,2023,Alto da Boa Vista,5.9
88a8a0383bfffff,2007,Guaratiba,4.2179236043095
88a8a0383bfffff,2013,Guaratiba,5.046859296482412
88a8a0383bfffff,2019,Guaratiba,5.556527249683144
88a8a0383bfffff,2023,Guaratiba,5.9
88a8a07439fffff,2007,Vargem Pequena,4.8
88a8a07439fffff,2013,Vargem Pequena,4.581954887218045
88a8a07439fffff,2019,Vargem Pequena,6.254545454545454
88a8a07439fffff,2023,Vargem Pequena,6.2
88a8a0635dfffff,2007,São Conrado,4.9
88a8a0635dfffff,2013,São Conrado,5.8
88a8a0635dfffff,2019,São Conrado,6.2
88a8a0635dfffff,2023,São Conrado,6.5
88a8a0748dfffff,2007,Vargem Grande,4.474162679425837
88a8a0748dfffff,2013,Vargem Grande,5.8
88a8a0748dfffff,2019,Vargem Grande,5.618461538461539
88a8a0748dfffff,2023,Vargem Grande,6.2
88a8a074e1fffff,2007,Vargem Grande,4.474162679425837
88a8a074e1fffff,2013,Vargem Grande,5.8
88a8a074e1fffff,2019,Vargem Grande,5.618461538461539
88a8a074e1fffff,2023,Vargem Grande,6.2
88a8a02807fffff,2007,Inhoaíba,4.513713713713713
88a8a02807fffff,2013,Inhoaíba,5.646229050279329
88a8a02807fffff,2019,Inhoaíba,5.707640750670241
88a8a02807fffff,2023,Inhoaíba,6.0
88a8a03937fffff,2007,Barra de Guaratiba,4.967058823529412
88a8a03937fffff,2013,Barra de Guaratiba,6.324390243902438
88a8a03937fffff,2019,Barra de Guaratiba,6.658035714285714
88a8a03937fffff,2023,Barra de Guaratiba,6.7
88a8a07535fffff,2007,Jacarepaguá,4.471293161814489
88a8a07535fffff,2013,Jacarepaguá,5.675222816399288
88a8a07535fffff,2019,Jacarepaguá,6.095016891891893
88a8a07535fffff,2023,Jacarepaguá,6.4
88a8a0285bfffff,2007,Paciência,4.397682709447415
88a8a0285bfffff,2013,Paciência,5.211933007676204
88a8a0285bfffff,2019,Paciência,5.692237442922374
88a8a0285bfffff,2023,Paciência,6.4
88a8a06459fffff,2007,Bangu,4.583498233215548
88a8a06459fffff,2013,Bangu,5.383494698017521
88a8a06459fffff,2019,Bangu,5.793712772998015
88a8a06459fffff,2023,Bangu,5.8
88a8a06139fffff,2007,Benfica,4.098684210526316
88a8a06139fffff,2013,Benfica,4.718448637316562
88a8a06139fffff,2019,Benfica,5.441926345609065
88a8a06139fffff,2023,Benfica,5.9
88a8a0398bfffff,2007,Guaratiba,4.2179236043095
88a8a0398bfffff,2013,Guaratiba,5.046859296482412
88a8a0398bfffff,2019,Guaratiba,5.556527249683144
88a8a0398bfffff,2023,Guaratiba,5.9
88a8a07589fffff,2007,Jacarepaguá,4.471293161814489
88a8a07589fffff,2013,Jacarepaguá,5.675222816399288
88a8a07589fffff,2019,Jacarepaguá,6.095016891891893
88a8a07589fffff,2023,Jacarepaguá,6.4
88a8a075ddfffff,2007,Vargem Grande,4.474162679425837
88a8a075ddfffff,2013,Vargem Grande,5.8
88a8a075ddfffff,2019,Vargem Grande,5.618461538461539
88a8a075ddfffff,2023,Vargem Grande,6.2
88a8a02903fffff,2007,Campo Grande,4.659065288868014
88a8a02903fffff,2013,Campo Grande,5.673055082339578
88a8a02903fffff,2019,Campo Grande,5.976671619613669
88a8a02903fffff,2023,Campo Grande,6.3
88a8a06501fffff,2007,Ricardo de Albuquerque,4.384962406015038
88a8a06501fffff,2013,Ricardo de Albuquerque,5.2
88a8a06501fffff,2019,Ricardo de Albuquerque,
88a8a06501fffff,2023,Ricardo de Albuquerque,5.9
88a8a07631fffff,2007,Recreio dos Bandeirantes,4.602747252747253
88a8a07631fffff,2013,Recreio dos Bandeirantes,5.290909090909091
88a8a07631fffff,2019,Recreio dos Bandeirantes,5.86896551724138
88a8a07631fffff,2023,Recreio dos Bandeirantes,6.1
88a8a02957fffff,2007,Campo Grande,4.659065288868014
88a8a02957fffff,2013,Campo Grande,5.673055082339578
88a8a02957fffff,2019,Campo Grande,5.976671619613669
88a8a02957fffff,2023,Campo Grande,6.3
88a8a06555fffff,2007,Ricardo de Albuquerque,4.384962406015038
88a8a06555fffff,2013,Ricardo de Albuquerque,5.2
88a8a06555fffff,2019,Ricardo de Albuquerque,
88a8a06555fffff,2023,Ricardo de Albuquerque,5.9
88a8a07685fffff,2007,Vargem Grande,4.474162679425837
88a8a07685fffff,2013,Vargem Grande,5.8
88a8a07685fffff,2019,Vargem Grande,5.618461538461539
88a8a07685fffff,2023,Vargem Grande,6.2
88a8a06e17fffff,2007,Pavuna,4.5800803673938
88a8a06e17fffff,2013,Pavuna,5.306037473976406
88a8a06e17fffff,2019,Pavuna,5.471647509578544
88a8a06e17fffff,2023,Pavuna,5.7
88a8a029abfffff,2007,Campo Grande,4.659065288868014
88a8a029abfffff,2013,Campo Grande,5.673055082339578
88a8a029abfffff,2019,Campo Grande,5.976671619613669
88a8a029abfffff,2023,Campo Grande,6.3
88a8a076d9fffff,2007,Guaratiba,4.2179236043095
88a8a076d9fffff,2013,Guaratiba,5.046859296482412
88a8a076d9fffff,2019,Guaratiba,5.556527249683144
88a8a076d9fffff,2023,Guaratiba,5.9
88a8a0213dfffff,2007,Sepetiba,3.7746509129967776
88a8a0213dfffff,2013,Sepetiba,4.8939142461964025
88a8a0213dfffff,2019,Sepetiba,5.473479948253558
88a8a0213dfffff,2023,Sepetiba,5.7
88a8a06e6bfffff,2007,Vista Alegre,4.7
88a8a06e6bfffff,2013,Vista Alegre,6.1
88a8a06e6bfffff,2019,Vista Alegre,6.2
88a8a06e6bfffff,2023,Vista Alegre,
88a8a02191fffff,2007,Santa Cruz,4.2447033898305095
88a8a02191fffff,2013,Santa Cruz,5.370419906687403
88a8a02191fffff,2019,Santa Cruz,5.620006371455878
88a8a02191fffff,2023,Santa Cruz,6.0
88a8a02a53fffff,2007,Guaratiba,4.2179236043095
88a8a02a53fffff,2013,Guaratiba,5.046859296482412
88a8a02a53fffff,2019,Guaratiba,5.556527249683144
88a8a02a53fffff,2023,Guaratiba,5.9
88a8a06651fffff,2007,Senador Camará,4.404440649017934
88a8a06651fffff,2013,Senador Camará,5.228953974895398
88a8a06651fffff,2019,Senador Camará,5.511260827718961
88a8a06651fffff,2023,Senador Camará,5.7
88a8a021e5fffff,2007,Santa Cruz,4.2447033898305095
88a8a021e5fffff,2013,Santa Cruz,5.370419906687403
88a8a021e5fffff,2019,Santa Cruz,5.620006371455878
88a8a021e5fffff,2023,Santa Cruz,6.0
88a8a02aa7fffff,2007,Paciência,4.397682709447415
88a8a02aa7fffff,2013,Paciência,5.211933007676204
88a8a02aa7fffff,2019,Paciência,5.692237442922374
88a8a02aa7fffff,2023,Paciência,6.4
88a8a060e5fffff,2007,Quintino Bocaiúva,4.6922807017543855
88a8a060e5fffff,2013,Quintino Bocaiúva,5.650485436893204
88a8a060e5fffff,2019,Quintino Bocaiúva,5.678378378378379
88a8a060e5fffff,2023,Quintino Bocaiúva,6.3
88a8a066a5fffff,2007,Bangu,4.583498233215548
88a8a066a5fffff,2013,Bangu,5.383494698017521
88a8a066a5fffff,2019,Bangu,5.793712772998015
88a8a066a5fffff,2023,Bangu,5.8
88a8a0674dfffff,2007,Taquara,4.865171102661597
88a8a0674dfffff,2013,Taquara,5.635502392344497
88a8a0674dfffff,2019,Taquara,6.141109709962168
88a8a0674dfffff,2023,Taquara,6.2
88a8a078d1fffff,2007,Lagoa,5.265789473684211
88a8a078d1fffff,2013,Lagoa,5.7
88a8a078d1fffff,2019,Lagoa,5.844444444444444
88a8a078d1fffff,2023,Lagoa,6.9
88a8a070b7fffff,2007,Barra da Tijuca,5.18662109375
88a8a070b7fffff,2013,Barra da Tijuca,5.830245535714286
88a8a070b7fffff,2019,Barra da Tijuca,6.693248945147679
88a8a070b7fffff,2023,Barra da Tijuca,6.7
88a8a06083fffff,2007,Oswaldo Cruz,4.433112582781457
88a8a06083fffff,2013,Oswaldo Cruz,5.182838283828384
88a8a06083fffff,2019,Oswaldo Cruz,6.054710144927536
88a8a06083fffff,2023,Oswaldo Cruz,6.2
88a8a071b3fffff,2007,Itanhangá,4.3
88a8a071b3fffff,2013,Itanhangá,5.311267605633803
88a8a071b3fffff,2019,Itanhangá,5.72054054054054
88a8a071b3fffff,2023,Itanhangá,5.5
88a8a060d7fffff,2007,Vila Valqueire,4.991561181434599
88a8a060d7fffff,2013,Vila Valqueire,5.3203980099502495
88a8a060d7fffff,2019,Vila Valqueire,6.03160621761658
88a8a060d7fffff,2023,Vila Valqueire,6.5
88a8a0612bfffff,2007,Imperial de São Cristóvão,5.111506849315068
88a8a0612bfffff,2013,Imperial de São Cristóvão,5.681226053639847
88a8a0612bfffff,2019,Imperial de São Cristóvão,6.024773413897281
88a8a0612bfffff,2023,Imperial de São Cristóvão,6.2
88a8a06a41fffff,2007,Glória,
88a8a06a41fffff,2013,Glória,
88a8a06a41fffff,2019,Glória,
88a8a06a41fffff,2023,Glória,6.4
88a8a061d3fffff,2007,Tomás Coelho,4.694915254237288
88a8a061d3fffff,2013,Tomás Coelho,5.0
88a8a061d3fffff,2019,Tomás Coelho,5.400000000000001
88a8a061d3fffff,2023,Tomás Coelho,6.5
88a8a06227fffff,2007,Jacarepaguá,4.471293161814489
88a8a06227fffff,2013,Jacarepaguá,5.675222816399288
88a8a06227fffff,2019,Jacarepaguá,6.095016891891893
88a8a06227fffff,2023,Jacarepaguá,6.4
88a8a06323fffff,2007,Alto da Boa Vista,4.605042016806722
88a8a06323fffff,2013,Alto da Boa Vista,5.749557522123895
88a8a06323fffff,2019,Alto da Boa Vista,5.652032520325204
88a8a06323fffff,2023,Alto da Boa Vista,5.9
88a8a07453fffff,2007,Vargem Pequena,4.8
88a8a07453fffff,2013,Vargem Pequena,4.581954887218045
88a8a07453fffff,2019,Vargem Pequena,6.254545454545454
88a8a07453fffff,2023,Vargem Pequena,6.2
88a8a074a7fffff,2007,Senador Camará,4.404440649017934
88a8a074a7fffff,2013,Senador Camará,5.228953974895398
88a8a074a7fffff,2019,Senador Camará,5.511260827718961
88a8a074a7fffff,2023,Senador Camará,5.7
88a8a02821fffff,2007,Inhoaíba,4.513713713713713
88a8a02821fffff,2013,Inhoaíba,5.646229050279329
88a8a02821fffff,2019,Inhoaíba,5.707640750670241
88a8a02821fffff,2023,Inhoaíba,6.0
88a8a03951fffff,2007,Barra de Guaratiba,4.967058823529412
88a8a03951fffff,2013,Barra de Guaratiba,6.324390243902438
88a8a03951fffff,2019,Barra de Guaratiba,6.658035714285714
88a8a03951fffff,2023,Barra de Guaratiba,6.7
88a8a039a5fffff,2007,Ilha de Guaratiba,
88a8a039a5fffff,2013,Ilha de Guaratiba,
88a8a039a5fffff,2019,Ilha de Guaratiba,
88a8a039a5fffff,2023,Ilha de Guaratiba,
88a8a075a3fffff,2007,Jacarepaguá,4.471293161814489
88a8a075a3fffff,2013,Jacarepaguá,5.675222816399288
88a8a075a3fffff,2019,Jacarepaguá,6.095016891891893
88a8a075a3fffff,2023,Jacarepaguá,6.4
88a8a028c9fffff,2007,Paciência,4.397682709447415
88a8a028c9fffff,2013,Paciência,5.211933007676204
88a8a028c9fffff,2019,Paciência,5.692237442922374
88a8a028c9fffff,2023,Paciência,6.4
88a8a06091fffff,2007,Marechal Hermes,4.5113243761996165
88a8a06091fffff,2013,Marechal Hermes,5.876237623762377
88a8a06091fffff,2019,Marechal Hermes,5.829846153846154
88a8a06091fffff,2023,Marechal Hermes,6.6
88a8a0291dfffff,2007,Campo Grande,4.659065288868014
88a8a0291dfffff,2013,Campo Grande,5.673055082339578
88a8a0291dfffff,2019,Campo Grande,5.976671619613669
88a8a0291dfffff,2023,Campo Grande,6.3
88a8a02103fffff,2007,Sepetiba,3.7746509129967776
88a8a02103fffff,2013,Sepetiba,4.8939142461964025
88a8a02103fffff,2019,Sepetiba,5.473479948253558
88a8a02103fffff,2023,Sepetiba,5.7
88a8a029c5fffff,2007,Campo Grande,4.659065288868014
88a8a029c5fffff,2013,Campo Grande,5.673055082339578
88a8a029c5fffff,2019,Campo Grande,5.976671619613669
88a8a029c5fffff,2023,Campo Grande,6.3
88a8a02a19fffff,2007,Guaratiba,4.2179236043095
88a8a02a19fffff,2013,Guaratiba,5.046859296482412
88a8a02a19fffff,2019,Guaratiba,5.556527249683144
88a8a02a19fffff,2023,Guaratiba,5.9
88a8a06617fffff,2007,Senador Camará,4.404440649017934
88a8a06617fffff,2013,Senador Camará,5.228953974895398
88a8a06617fffff,2019,Senador Camará,5.511260827718961
88a8a06617fffff,2023,Senador Camará,5.7
88a8a021abfffff,2007,Santa Cruz,4.2447033898305095
88a8a021abfffff,2013,Santa Cruz,5.370419906687403
88a8a021abfffff,2019,Santa Cruz,5.620006371455878
88a8a021abfffff,2023,Santa Cruz,6.0
88a8a02a6dfffff,2007,Guaratiba,4.2179236043095
88a8a02a6dfffff,2013,Guaratiba,5.046859296482412
88a8a02a6dfffff,2019,Guaratiba,5.556527249683144
88a8a02a6dfffff,2023,Guaratiba,5.9
88a8a0666bfffff,2007,Realengo,4.301232285890326
88a8a0666bfffff,2013,Realengo,5.14009324009324
88a8a0666bfffff,2019,Realengo,5.889386792452831
88a8a0666bfffff,2023,Realengo,6.1
88a8a02ac1fffff,2007,Santa Cruz,4.2447033898305095
88a8a02ac1fffff,2013,Santa Cruz,5.370419906687403
88a8a02ac1fffff,2019,Santa Cruz,5.620006371455878
88a8a02ac1fffff,2023,Santa Cruz,6.0
88a8a02b15fffff,2007,Campo Grande,4.659065288868014
88a8a02b15fffff,2013,Campo Grande,5.673055082339578
88a8a02b15fffff,2019,Campo Grande,5.976671619613669
88a8a02b15fffff,2023,Campo Grande,6.3
88a8a06713fffff,2007,Realengo,4.301232285890326
88a8a06713fffff,2013,Realengo,5.14009324009324
88a8a06713fffff,2019,Realengo,5.889386792452831
88a8a06713fffff,2023,Realengo,6.1
88a8a02b69fffff,2007,Guaratiba,4.2179236043095
88a8a02b69fffff,2013,Guaratiba,5.046859296482412
88a8a02b69fffff,2019,Guaratiba,5.556527249683144
88a8a02b69fffff,2023,Guaratiba,5.9
88a8a06767fffff,2007,Jardim Sulacap,5.900000000000001
88a8a06767fffff,2013,Jardim Sulacap,5.599999999999999
88a8a06767fffff,2019,Jardim Sulacap,6.9
88a8a06767fffff,2023,Jardim Sulacap,7.1
88a8a07897fffff,2007,Rio Comprido,4.254364089775561
88a8a07897fffff,2013,Rio Comprido,4.913483146067416
88a8a07897fffff,2019,Rio Comprido,5.579464285714286
88a8a07897fffff,2023,Rio Comprido,5.6
88a8a078ebfffff,2007,Copacabana,5.423019801980198
88a8a078ebfffff,2013,Copacabana,6.490769230769231
88a8a078ebfffff,2019,Copacabana,6.396923076923076
88a8a078ebfffff,2023,Copacabana,6.4
88a8a06049fffff,2007,Jacarepaguá,4.471293161814489
88a8a06049fffff,2013,Jacarepaguá,5.675222816399288
88a8a06049fffff,2019,Jacarepaguá,6.095016891891893
88a8a06049fffff,2023,Jacarepaguá,6.4
88a8a0609dfffff,2007,Bento Ribeiro,4.5137931034482754
88a8a0609dfffff,2013,Bento Ribeiro,5.470588235294118
88a8a0609dfffff,2019,Bento Ribeiro,6.04516129032258
88a8a0609dfffff,2023,Bento Ribeiro,6.0
88a8a06145fffff,2007,Tijuca,4.602781289506954
88a8a06145fffff,2013,Tijuca,5.272364672364673
88a8a06145fffff,2019,Tijuca,5.694444444444445
88a8a06145fffff,2023,Tijuca,5.9
88a8a06a07fffff,2007,Centro,4.491666666666667
88a8a06a07fffff,2013,Centro,5.1626666666666665
88a8a06a07fffff,2019,Centro,5.708465608465609
88a8a06a07fffff,2023,Centro,6.3
88a8a0603dfffff,2007,Engenho de Dentro,4.827579365079365
88a8a0603dfffff,2013,Engenho de Dentro,5.741297935103245
88a8a0603dfffff,2019,Engenho de Dentro,6.245741324921136
88a8a0603dfffff,2023,Engenho de Dentro,5.7
88a8a06199fffff,2007,Tomás Coelho,4.694915254237288
88a8a06199fffff,2013,Tomás Coelho,5.0
88a8a06199fffff,2019,Tomás Coelho,5.400000000000001
88a8a06199fffff,2023,Tomás Coelho,6.5
88a8a02e5dfffff,2007,Santa Cruz,4.2447033898305095
88a8a02e5dfffff,2013,Santa Cruz,5.370419906687403
88a8a02e5dfffff,2019,Santa Cruz,5.620006371455878
88a8a02e5dfffff,2023,Santa Cruz,6.0
88a8a06a5bfffff,2007,Estácio,3.5
88a8a06a5bfffff,2013,Estácio,5.0
88a8a06a5bfffff,2019,Estácio,5.5
88a8a06a5bfffff,2023,Estácio,5.5
88a8a079dbfffff,2007,Urca,5.882666666666667
88a8a079dbfffff,2013,Urca,6.45
88a8a079dbfffff,2019,Urca,6.678461538461539
88a8a079dbfffff,2023,Urca,7.2
88a8a061edfffff,2007,Jacarezinho,3.6
88a8a061edfffff,2013,Jacarezinho,
88a8a061edfffff,2019,Jacarezinho,5.3
88a8a061edfffff,2023,Jacarezinho,5.2
88a8a06241fffff,2007,Barra da Tijuca,5.18662109375
88a8a06241fffff,2013,Barra da Tijuca,5.830245535714286
88a8a06241fffff,2019,Barra da Tijuca,6.693248945147679
88a8a06241fffff,2023,Barra da Tijuca,6.7
88a8a02f05fffff,2007,Santa Cruz,4.2447033898305095
88a8a02f05fffff,2013,Santa Cruz,5.370419906687403
88a8a02f05fffff,2019,Santa Cruz,5.620006371455878
88a8a02f05fffff,2023,Santa Cruz,6.0
88a8a06295fffff,2007,Taquara,4.865171102661597
88a8a06295fffff,2013,Taquara,5.635502392344497
88a8a06295fffff,2019,Taquara,6.141109709962168
88a8a06295fffff,2023,Taquara,6.2
88a8a02f59fffff,2007,Santa Cruz,4.2447033898305095
88a8a02f59fffff,2013,Santa Cruz,5.370419906687403
88a8a02f59fffff,2019,Santa Cruz,5.620006371455878
88a8a02f59fffff,2023,Santa Cruz,6.0
88a8a062e9fffff,2007,Freguesia (Jacarepaguá),4.49554234769688
88a8a062e9fffff,2013,Freguesia (Jacarepaguá),5.698239436619718
88a8a062e9fffff,2019,Freguesia (Jacarepaguá),5.745387453874539
88a8a062e9fffff,2023,Freguesia (Jacarepaguá),6.0
88a8a07419fffff,2007,Vargem Pequena,4.8
88a8a07419fffff,2013,Vargem Pequena,4.581954887218045
88a8a07419fffff,2019,Vargem Pequena,6.254545454545454
88a8a07419fffff,2023,Vargem Pequena,6.2
88a8a0633dfffff,2007,Alto da Boa Vista,4.605042016806722
88a8a0633dfffff,2013,Alto da Boa Vista,5.749557522123895
88a8a0633dfffff,2019,Alto da Boa Vista,5.652032520325204
88a8a0633dfffff,2023,Alto da Boa Vista,5.9
88a8a0746dfffff,2007,Barra da Tijuca,5.18662109375
88a8a0746dfffff,2013,Barra da Tijuca,5.830245535714286
88a8a0746dfffff,2019,Barra da Tijuca,6.693248945147679
88a8a0746dfffff,2023,Barra da Tijuca,6.7
88a8a074c1fffff,2007,Vargem Grande,4.474162679425837
88a8a074c1fffff,2013,Vargem Grande,5.8
88a8a074c1fffff,2019,Vargem Grande,5.618461538461539
88a8a074c1fffff,2023,Vargem Grande,6.2
88a8a03917fffff,2007,Guaratiba,4.2179236043095
88a8a03917fffff,2013,Guaratiba,5.046859296482412
88a8a03917fffff,2019,Guaratiba,5.556527249683144
88a8a03917fffff,2023,Guaratiba,5.9
88a8a07515fffff,2007,Jacarepaguá,4.471293161814489
88a8a07515fffff,2013,Jacarepaguá,5.675222816399288
88a8a07515fffff,2019,Jacarepaguá,6.095016891891893
88a8a07515fffff,2023,Jacarepaguá,6.4
88a8a0283bfffff,2007,Cosmos,4.556749049429658
88a8a0283bfffff,2013,Cosmos,5.233594515181194
88a8a0283bfffff,2019,Cosmos,5.436989795918366
88a8a0283bfffff,2023,Cosmos,6.0
88a8a07569fffff,2007,Barra da Tijuca,5.18662109375
88a8a07569fffff,2013,Barra da Tijuca,5.830245535714286
88a8a07569fffff,2019,Barra da Tijuca,6.693248945147679
88a8a07569fffff,2023,Barra da Tijuca,6.7
88a8a075bdfffff,2007,Jacarepaguá,4.471293161814489
88a8a075bdfffff,2013,Jacarepaguá,5.675222816399288
88a8a075bdfffff,2019,Jacarepaguá,6.095016891891893
88a8a075bdfffff,2023,Jacarepaguá,6.4
88a8a028e3fffff,2007,Paciência,4.397682709447415
88a8a028e3fffff,2013,Paciência,5.211933007676204
88a8a028e3fffff,2019,Paciência,5.692237442922374
88a8a028e3fffff,2023,Paciência,6.4
88a8a07611fffff,2007,Recreio dos Bandeirantes,4.602747252747253
88a8a07611fffff,2013,Recreio dos Bandeirantes,5.290909090909091
88a8a07611fffff,2019,Recreio dos Bandeirantes,5.86896551724138
88a8a07611fffff,2023,Recreio dos Bandeirantes,6.1
88a8a02937fffff,2007,Campo Grande,4.659065288868014
88a8a02937fffff,2013,Campo Grande,5.673055082339578
88a8a02937fffff,2019,Campo Grande,5.976671619613669
88a8a02937fffff,2023,Campo Grande,6.3
88a8a0298bfffff,2007,Campo Grande,4.659065288868014
88a8a0298bfffff,2013,Campo Grande,5.673055082339578
88a8a0298bfffff,2019,Campo Grande,5.976671619613669
88a8a0298bfffff,2023,Campo Grande,6.3
88a8a076b9fffff,2007,Guaratiba,4.2179236043095
88a8a076b9fffff,2013,Guaratiba,5.046859296482412
88a8a076b9fffff,2019,Guaratiba,5.556527249683144
88a8a076b9fffff,2023,Guaratiba,5.9
88a8a0211dfffff,2007,Sepetiba,3.7746509129967776
88a8a0211dfffff,2013,Sepetiba,4.8939142461964025
88a8a0211dfffff,2019,Sepetiba,5.473479948253558
88a8a0211dfffff,2023,Sepetiba,5.7
88a8a06e4bfffff,2007,Colégio,4.632901554404145
88a8a06e4bfffff,2013,Colégio,5.427810650887574
88a8a06e4bfffff,2019,Colégio,6.0107981220657285
88a8a06e4bfffff,2023,Colégio,6.0
88a8a02a33fffff,2007,Santa Cruz,4.2447033898305095
88a8a02a33fffff,2013,Santa Cruz,5.370419906687403
88a8a02a33fffff,2019,Santa Cruz,5.620006371455878
88a8a02a33fffff,2023,Santa Cruz,6.0
88a8a06631fffff,2007,Bangu,4.583498233215548
88a8a06631fffff,2013,Bangu,5.383494698017521
88a8a06631fffff,2019,Bangu,5.793712772998015
88a8a06631fffff,2023,Bangu,5.8
88a8a021c5fffff,2007,Santa Cruz,4.2447033898305095
88a8a021c5fffff,2013,Santa Cruz,5.370419906687403
88a8a021c5fffff,2019,Santa Cruz,5.620006371455878
88a8a021c5fffff,2023,Santa Cruz,6.0
88a8a02a87fffff,2007,Santa Cruz,4.2447033898305095
88a8a02a87fffff,2013,Santa Cruz,5.370419906687403
88a8a02a87fffff,2019,Santa Cruz,5.620006371455878
88a8a02a87fffff,2023,Santa Cruz,6.0
88a8a06685fffff,2007,Bangu,4.583498233215548
88a8a06685fffff,2013,Bangu,5.383494698017521
88a8a06685fffff,2019,Bangu,5.793712772998015
88a8a06685fffff,2023,Bangu,5.8
88a8a02adbfffff,2007,Santa Cruz,4.2447033898305095
88a8a02adbfffff,2013,Santa Cruz,5.370419906687403
88a8a02adbfffff,2019,Santa Cruz,5.620006371455878
88a8a02adbfffff,2023,Santa Cruz,6.0
88a8a066d9fffff,2007,Campo Grande,4.659065288868014
88a8a066d9fffff,2013,Campo Grande,5.673055082339578
88a8a066d9fffff,2019,Campo Grande,5.976671619613669
88a8a066d9fffff,2023,Campo Grande,6.3
88a8a0672dfffff,2007,Campo dos Afonsos,5.023030303030303
88a8a0672dfffff,2013,Campo dos Afonsos,5.412903225806452
88a8a0672dfffff,2019,Campo dos Afonsos,5.8
88a8a0672dfffff,2023,Campo dos Afonsos,6.6
88a8a078b1fffff,2007,Laranjeiras,5.221827411167513
88a8a078b1fffff,2013,Laranjeiras,5.948953974895398
88a8a078b1fffff,2019,Laranjeiras,6.105494505494506
88a8a078b1fffff,2023,Laranjeiras,6.5
88a8a07097fffff,2007,Barra da Tijuca,5.18662109375
88a8a07097fffff,2013,Barra da Tijuca,5.830245535714286
88a8a07097fffff,2019,Barra da Tijuca,6.693248945147679
88a8a07097fffff,2023,Barra da Tijuca,6.7
88a8a06063fffff,2007,Jacarepaguá,4.471293161814489
88a8a06063fffff,2013,Jacarepaguá,5.675222816399288
88a8a06063fffff,2019,Jacarepaguá,6.095016891891893
88a8a06063fffff,2023,Jacarepaguá,6.4
88a8a07193fffff,2007,Barra da Tijuca,5.18662109375
88a8a07193fffff,2013,Barra da Tijuca,5.830245535714286
88a8a07193fffff,2019,Barra da Tijuca,6.693248945147679
88a8a07193fffff,2023,Barra da Tijuca,6.7
88a8a060b7fffff,2007,Colégio,4.632901554404145
88a8a060b7fffff,2013,Colégio,5.427810650887574
88a8a060b7fffff,2019,Colégio,6.0107981220657285
88a8a060b7fffff,2023,Colégio,6.0
88a8a0610bfffff,2007,Vila Isabel,4.147868217054264
88a8a0610bfffff,2013,Vila Isabel,5.047139588100686
88a8a0610bfffff,2019,Vila Isabel,5.214112903225806
88a8a0610bfffff,2023,Vila Isabel,5.5
88a8a061b3fffff,2007,Penha Circular,4.909274873524452
88a8a061b3fffff,2013,Penha Circular,5.6082
88a8a061b3fffff,2019,Penha Circular,5.6613231552162855
88a8a061b3fffff,2023,Penha Circular,6.5
88a8a06207fffff,2007,Jacarepaguá,4.471293161814489
88a8a06207fffff,2013,Jacarepaguá,5.675222816399288
88a8a06207fffff,2019,Jacarepaguá,6.095016891891893
88a8a06207fffff,2023,Jacarepaguá,6.4
88a8a06ac9fffff,2007,Caju,4.4035087719298245
88a8a06ac9fffff,2013,Caju,4.456597222222222
88a8a06ac9fffff,2019,Caju,6.158536585365853
88a8a06ac9fffff,2023,Caju,5.8
88a8a0625bfffff,2007,Barra da Tijuca,5.18662109375
88a8a0625bfffff,2013,Barra da Tijuca,5.830245535714286
88a8a0625bfffff,2019,Barra da Tijuca,6.693248945147679
88a8a0625bfffff,2023,Barra da Tijuca,6.7
88a8a06303fffff,2007,Alto da Boa Vista,4.605042016806722
88a8a06303fffff,2013,Alto da Boa Vista,5.749557522123895
88a8a06303fffff,2019,Alto da Boa Vista,5.652032520325204
88a8a06303fffff,2023,Alto da Boa Vista,5.9
88a8a03835fffff,2007,Guaratiba,4.2179236043095
88a8a03835fffff,2013,Guaratiba,5.046859296482412
88a8a03835fffff,2019,Guaratiba,5.556527249683144
88a8a03835fffff,2023,Guaratiba,5.9
88a8a07433fffff,2007,Vargem Grande,4.474162679425837
88a8a07433fffff,2013,Vargem Grande,5.8
88a8a07433fffff,2019,Vargem Grande,5.618461538461539
88a8a07433fffff,2023,Vargem Grande,6.2
88a8a06357fffff,2007,Alto da Boa Vista,4.605042016806722
88a8a06357fffff,2013,Alto da Boa Vista,5.749557522123895
88a8a06357fffff,2019,Alto da Boa Vista,5.652032520325204
88a8a06357fffff,2023,Alto da Boa Vista,5.9
88a8a07487fffff,2007,Campo Grande,4.659065288868014
88a8a07487fffff,2013,Campo Grande,5.673055082339578
88a8a07487fffff,2019,Campo Grande,5.976671619613669
88a8a07487fffff,2023,Campo Grande,6.3
88a8a074dbfffff,2007,Guaratiba,4.2179236043095
88a8a074dbfffff,2013,Guaratiba,5.046859296482412
88a8a074dbfffff,2019,Guaratiba,5.556527249683144
88a8a074dbfffff,2023,Guaratiba,5.9
88a8a02801fffff,2007,Inhoaíba,4.513713713713713
88a8a02801fffff,2013,Inhoaíba,5.646229050279329
88a8a02801fffff,2019,Inhoaíba,5.707640750670241
88a8a02801fffff,2023,Inhoaíba,6.0
88a8a03931fffff,2007,Barra de Guaratiba,4.967058823529412
88a8a03931fffff,2013,Barra de Guaratiba,6.324390243902438
88a8a03931fffff,2019,Barra de Guaratiba,6.658035714285714
88a8a03931fffff,2023,Barra de Guaratiba,6.7
88a8a02855fffff,2007,Cosmos,4.556749049429658
88a8a02855fffff,2013,Cosmos,5.233594515181194
88a8a02855fffff,2019,Cosmos,5.436989795918366
88a8a02855fffff,2023,Cosmos,6.0
88a8a03985fffff,2007,Guaratiba,4.2179236043095
88a8a03985fffff,2013,Guaratiba,5.046859296482412
88a8a03985fffff,2019,Guaratiba,5.556527249683144
88a8a03985fffff,2023,Guaratiba,5.9
88a8a06453fffff,2007,Gericinó,
88a8a06453fffff,2013,Gericinó,
88a8a06453fffff,2019,Gericinó,
88a8a06453fffff,2023,Gericinó,
88a8a07583fffff,2007,Jacarepaguá,4.471293161814489
88a8a07583fffff,2013,Jacarepaguá,5.675222816399288
88a8a07583fffff,2019,Jacarepaguá,6.095016891891893
88a8a07583fffff,2023,Jacarepaguá,6.4
88a8a028a9fffff,2007,Paciência,4.397682709447415
88a8a028a9fffff,2013,Paciência,5.211933007676204
88a8a028a9fffff,2019,Paciência,5.692237442922374
88a8a028a9fffff,2023,Paciência,6.4
88a8a039d9fffff,2007,Guaratiba,4.2179236043095
88a8a039d9fffff,2013,Guaratiba,5.046859296482412
88a8a039d9fffff,2019,Guaratiba,5.556527249683144
88a8a039d9fffff,2023,Guaratiba,5.9
88a8a075d7fffff,2007,Jacarepaguá,4.471293161814489
88a8a075d7fffff,2013,Jacarepaguá,5.675222816399288
88a8a075d7fffff,2019,Jacarepaguá,6.095016891891893
88a8a075d7fffff,2023,Jacarepaguá,6.4
88a8a02951fffff,2007,Campo Grande,4.659065288868014
88a8a02951fffff,2013,Campo Grande,5.673055082339578
88a8a02951fffff,2019,Campo Grande,5.976671619613669
88a8a02951fffff,2023,Campo Grande,6.3
88a8a06e11fffff,2007,Parque Columbia,4.4
88a8a06e11fffff,2013,Parque Columbia,5.0
88a8a06e11fffff,2019,Parque Columbia,5.1
88a8a06e11fffff,2023,Parque Columbia,5.1
88a8a029a5fffff,2007,Campo Grande,4.659065288868014
88a8a029a5fffff,2013,Campo Grande,5.673055082339578
88a8a029a5fffff,2019,Campo Grande,5.976671619613669
88a8a029a5fffff,2023,Campo Grande,6.3
88a8a076d3fffff,2007,Ilha de Guaratiba,
88a8a076d3fffff,2013,Ilha de Guaratiba,
88a8a076d3fffff,2019,Ilha de Guaratiba,
88a8a076d3fffff,2023,Ilha de Guaratiba,
88a8a02137fffff,2007,Santa Cruz,4.2447033898305095
88a8a02137fffff,2013,Santa Cruz,5.370419906687403
88a8a02137fffff,2019,Santa Cruz,5.620006371455878
88a8a02137fffff,2023,Santa Cruz,6.0
88a8a06e65fffff,2007,Brás de Pina,4.87202166064982
88a8a06e65fffff,2013,Brás de Pina,5.331372549019608
88a8a06e65fffff,2019,Brás de Pina,5.790155440414508
88a8a06e65fffff,2023,Brás de Pina,6.3
88a8a0218bfffff,2007,Santa Cruz,4.2447033898305095
88a8a0218bfffff,2013,Santa Cruz,5.370419906687403
88a8a0218bfffff,2019,Santa Cruz,5.620006371455878
88a8a0218bfffff,2023,Santa Cruz,6.0
88a8a02a4dfffff,2007,Guaratiba,4.2179236043095
88a8a02a4dfffff,2013,Guaratiba,5.046859296482412
88a8a02a4dfffff,2019,Guaratiba,5.556527249683144
88a8a02a4dfffff,2023,Guaratiba,5.9
88a8a0664bfffff,2007,Senador Camará,4.404440649017934
88a8a0664bfffff,2013,Senador Camará,5.228953974895398
88a8a0664bfffff,2019,Senador Camará,5.511260827718961
88a8a0664bfffff,2023,Senador Camará,5.7
88a8a02aa1fffff,2007,Paciência,4.397682709447415
88a8a02aa1fffff,2013,Paciência,5.211933007676204
88a8a02aa1fffff,2019,Paciência,5.692237442922374
88a8a02aa1fffff,2023,Paciência,6.4
88a8a02b49fffff,2007,Ilha de Guaratiba,
88a8a02b49fffff,2013,Ilha de Guaratiba,
88a8a02b49fffff,2019,Ilha de Guaratiba,
88a8a02b49fffff,2023,Ilha de Guaratiba,
88a8a06747fffff,2007,Jardim Sulacap,5.900000000000001
88a8a06747fffff,2013,Jardim Sulacap,5.599999999999999
88a8a06747fffff,2019,Jardim Sulacap,6.9
88a8a06747fffff,2023,Jardim Sulacap,7.1
88a8a078cbfffff,2007,Lagoa,5.265789473684211
88a8a078cbfffff,2013,Lagoa,5.7
88a8a078cbfffff,2019,Lagoa,5.844444444444444
88a8a078cbfffff,2023,Lagoa,6.9
88a8a070b1fffff,2007,Barra da Tijuca,5.18662109375
88a8a070b1fffff,2013,Barra da Tijuca,5.830245535714286
88a8a070b1fffff,2019,Barra da Tijuca,6.693248945147679
88a8a070b1fffff,2023,Barra da Tijuca,6.7
88a8a06029fffff,2007,Lins de Vasconcelos,3.9512903225806455
88a8a06029fffff,2013,Lins de Vasconcelos,4.738383838383839
88a8a06029fffff,2019,Lins de Vasconcelos,5.158992805755396
88a8a06029fffff,2023,Lins de Vasconcelos,5.3
88a8a060d1fffff,2007,Vila Valqueire,4.991561181434599
88a8a060d1fffff,2013,Vila Valqueire,5.3203980099502495
88a8a060d1fffff,2019,Vila Valqueire,6.03160621761658
88a8a060d1fffff,2023,Vila Valqueire,6.5
88a8a06125fffff,2007,Santo Cristo,4.278499999999999
88a8a06125fffff,2013,Santo Cristo,5.166875
88a8a06125fffff,2019,Santo Cristo,5.128387096774193
88a8a06125fffff,2023,Santo Cristo,4.9
88a8a061cdfffff,2007,Méier,4.560416666666667
88a8a061cdfffff,2013,Méier,5.069950738916257
88a8a061cdfffff,2019,Méier,6.2405063291139244
88a8a061cdfffff,2023,Méier,5.6
88a8a06221fffff,2007,Jacarepaguá,4.471293161814489
88a8a06221fffff,2013,Jacarepaguá,5.675222816399288
88a8a06221fffff,2019,Jacarepaguá,6.095016891891893
88a8a06221fffff,2023,Jacarepaguá,6.4
88a8a062c9fffff,2007,Barra Olímpica,
88a8a062c9fffff,2013,Barra Olímpica,
88a8a062c9fffff,2019,Barra Olímpica,
88a8a062c9fffff,2023,Barra Olímpica,
88a8a0631dfffff,2007,Alto da Boa Vista,4.605042016806722
88a8a0631dfffff,2013,Alto da Boa Vista,5.749557522123895
88a8a0631dfffff,2019,Alto da Boa Vista,5.652032520325204
88a8a0631dfffff,2023,Alto da Boa Vista,5.9
88a8a0744dfffff,2007,Recreio dos Bandeirantes,4.602747252747253
88a8a0744dfffff,2013,Recreio dos Bandeirantes,5.290909090909091
88a8a0744dfffff,2019,Recreio dos Bandeirantes,5.86896551724138
88a8a0744dfffff,2023,Recreio dos Bandeirantes,6.1
88a8a038a3fffff,2007,Pedra de Guaratiba,4.313780918727916
88a8a038a3fffff,2013,Pedra de Guaratiba,5.543712574850299
88a8a038a3fffff,2019,Pedra de Guaratiba,5.72972972972973
88a8a038a3fffff,2023,Pedra de Guaratiba,6.4
88a8a074a1fffff,2007,Vargem Grande,4.474162679425837
88a8a074a1fffff,2013,Vargem Grande,5.8
88a8a074a1fffff,2019,Vargem Grande,5.618461538461539
88a8a074a1fffff,2023,Vargem Grande,6.2
88a8a0788bfffff,2007,Jardim Botânico,4.984615384615385
88a8a0788bfffff,2013,Jardim Botânico,6.104310344827585
88a8a0788bfffff,2019,Jardim Botânico,6.158928571428572
88a8a0788bfffff,2023,Jardim Botânico,7.1
88a8a0281bfffff,2007,Paciência,4.397682709447415
88a8a0281bfffff,2013,Paciência,5.211933007676204
88a8a0281bfffff,2019,Paciência,5.692237442922374
88a8a0281bfffff,2023,Paciência,6.4
88a8a06419fffff,2007,Gericinó,
88a8a06419fffff,2013,Gericinó,
88a8a06419fffff,2019,Gericinó,
88a8a06419fffff,2023,Gericinó,
88a8a07549fffff,2007,Barra da Tijuca,5.18662109375
88a8a07549fffff,2013,Barra da Tijuca,5.830245535714286
88a8a07549fffff,2019,Barra da Tijuca,6.693248945147679
88a8a07549fffff,2023,Barra da Tijuca,6.7
88a8a0675bfffff,2007,Realengo,4.301232285890326
88a8a0675bfffff,2013,Realengo,5.14009324009324
88a8a0675bfffff,2019,Realengo,5.889386792452831
88a8a0675bfffff,2023,Realengo,6.1
88a8a0646dfffff,2007,Realengo,4.301232285890326
88a8a0646dfffff,2013,Realengo,5.14009324009324
88a8a0646dfffff,2019,Realengo,5.889386792452831
88a8a0646dfffff,2023,Realengo,6.1
88a8a0759dfffff,2007,Jacarepaguá,4.471293161814489
88a8a0759dfffff,2013,Jacarepaguá,5.675222816399288
88a8a0759dfffff,2019,Jacarepaguá,6.095016891891893
88a8a0759dfffff,2023,Jacarepaguá,6.4
88a8a028c3fffff,2007,Santa Cruz,4.2447033898305095
88a8a028c3fffff,2013,Santa Cruz,5.370419906687403
88a8a028c3fffff,2019,Santa Cruz,5.620006371455878
88a8a028c3fffff,2023,Santa Cruz,6.0
88a8a02b5dfffff,2007,Guaratiba,4.2179236043095
88a8a02b5dfffff,2013,Guaratiba,5.046859296482412
88a8a02b5dfffff,2019,Guaratiba,5.556527249683144
88a8a02b5dfffff,2023,Guaratiba,5.9
88a8a064c1fffff,2007,Bangu,4.583498233215548
88a8a064c1fffff,2013,Bangu,5.383494698017521
88a8a064c1fffff,2019,Bangu,5.793712772998015
88a8a064c1fffff,2023,Bangu,5.8
88a8a02917fffff,2007,Campo Grande,4.659065288868014
88a8a02917fffff,2013,Campo Grande,5.673055082339578
88a8a02917fffff,2019,Campo Grande,5.976671619613669
88a8a02917fffff,2023,Campo Grande,6.3
88a8a06515fffff,2007,Anchieta,4.225891181988743
88a8a06515fffff,2013,Anchieta,4.801449275362319
88a8a06515fffff,2019,Anchieta,5.053846153846154
88a8a06515fffff,2023,Anchieta,5.5
88a8a0296bfffff,2007,Campo Grande,4.659065288868014
88a8a0296bfffff,2013,Campo Grande,5.673055082339578
88a8a0296bfffff,2019,Campo Grande,5.976671619613669
88a8a0296bfffff,2023,Campo Grande,6.3
88a8a06569fffff,2007,Marechal Hermes,4.5113243761996165
88a8a06569fffff,2013,Marechal Hermes,5.876237623762377
88a8a06569fffff,2019,Marechal Hermes,5.829846153846154
88a8a06569fffff,2023,Marechal Hermes,6.6
88a8a07699fffff,2007,Ilha de Guaratiba,
88a8a07699fffff,2013,Ilha de Guaratiba,
88a8a07699fffff,2019,Ilha de Guaratiba,
88a8a07699fffff,2023,Ilha de Guaratiba,
88a8a06e2bfffff,2007,Vigário Geral,3.817040358744394
88a8a06e2bfffff,2013,Vigário Geral,4.134126984126984
88a8a06e2bfffff,2019,Vigário Geral,5.17163323782235
88a8a06e2bfffff,2023,Vigário Geral,5.8
88a8a076edfffff,2007,Vargem Grande,4.474162679425837
88a8a076edfffff,2013,Vargem Grande,5.8
88a8a076edfffff,2019,Vargem Grande,5.618461538461539
88a8a076edfffff,2023,Vargem Grande,6.2
88a8a02a13fffff,2007,Santa Cruz,4.2447033898305095
88a8a02a13fffff,2013,Santa Cruz,5.370419906687403
88a8a02a13fffff,2019,Santa Cruz,5.620006371455878
88a8a02a13fffff,2023,Santa Cruz,6.0
88a8a06611fffff,2007,Senador Camará,4.404440649017934
88a8a06611fffff,2013,Senador Camará,5.228953974895398
88a8a06611fffff,2019,Senador Camará,5.511260827718961
88a8a06611fffff,2023,Senador Camará,5.7
88a8a021a5fffff,2007,Santa Cruz,4.2447033898305095
88a8a021a5fffff,2013,Santa Cruz,5.370419906687403
88a8a021a5fffff,2019,Santa Cruz,5.620006371455878
88a8a021a5fffff,2023,Santa Cruz,6.0
88a8a02a67fffff,2007,Guaratiba,4.2179236043095
88a8a02a67fffff,2013,Guaratiba,5.046859296482412
88a8a02a67fffff,2019,Guaratiba,5.556527249683144
88a8a02a67fffff,2023,Guaratiba,5.9
88a8a06665fffff,2007,Realengo,4.301232285890326
88a8a06665fffff,2013,Realengo,5.14009324009324
88a8a06665fffff,2019,Realengo,5.889386792452831
88a8a06665fffff,2023,Realengo,6.1
88a8a02abbfffff,2007,Santa Cruz,4.2447033898305095
88a8a02abbfffff,2013,Santa Cruz,5.370419906687403
88a8a02abbfffff,2019,Santa Cruz,5.620006371455878
88a8a02abbfffff,2023,Santa Cruz,6.0
88a8a066b9fffff,2007,Bangu,4.583498233215548
88a8a066b9fffff,2013,Bangu,5.383494698017521
88a8a066b9fffff,2019,Bangu,5.793712772998015
88a8a066b9fffff,2023,Bangu,5.8
88a8a06707fffff,2007,Vila Militar,4.218367346938775
88a8a06707fffff,2013,Vila Militar,5.1
88a8a06707fffff,2019,Vila Militar,6.5
88a8a06707fffff,2023,Vila Militar,6.2
88a8a0670dfffff,2007,Jardim Sulacap,5.900000000000001
88a8a0670dfffff,2013,Jardim Sulacap,5.599999999999999
88a8a0670dfffff,2019,Jardim Sulacap,6.9
88a8a0670dfffff,2023,Jardim Sulacap,7.1
88a8a02b63fffff,2007,Guaratiba,4.2179236043095
88a8a02b63fffff,2013,Guaratiba,5.046859296482412
88a8a02b63fffff,2019,Guaratiba,5.556527249683144
88a8a02b63fffff,2023,Guaratiba,5.9
88a8a06761fffff,2007,Jardim Sulacap,5.900000000000001
88a8a06761fffff,2013,Jardim Sulacap,5.599999999999999
88a8a06761fffff,2019,Jardim Sulacap,6.9
88a8a06761fffff,2023,Jardim Sulacap,7.1
88a8a02b09fffff,2007,Guaratiba,4.2179236043095
88a8a02b09fffff,2013,Guaratiba,5.046859296482412
88a8a02b09fffff,2019,Guaratiba,5.556527249683144
88a8a02b09fffff,2023,Guaratiba,5.9
88a8a07891fffff,2007,Santa Teresa,5.007547169811321
88a8a07891fffff,2013,Santa Teresa,5.916438356164384
88a8a07891fffff,2019,Santa Teresa,6.474615384615385
88a8a07891fffff,2023,Santa Teresa,5.9
88a8a06043fffff,2007,Jacarepaguá,4.471293161814489
88a8a06043fffff,2013,Jacarepaguá,5.675222816399288
88a8a06043fffff,2019,Jacarepaguá,6.095016891891893
88a8a06043fffff,2023,Jacarepaguá,6.4
88a8a06097fffff,2007,Marechal Hermes,4.5113243761996165
88a8a06097fffff,2013,Marechal Hermes,5.876237623762377
88a8a06097fffff,2019,Marechal Hermes,5.829846153846154
88a8a06097fffff,2023,Marechal Hermes,6.6
88a8a060ebfffff,2007,Cascadura,4.344242424242424
88a8a060ebfffff,2013,Cascadura,5.079061371841156
88a8a060ebfffff,2019,Cascadura,5.957142857142858
88a8a060ebfffff,2023,Cascadura,6.2
88a8a06a01fffff,2007,Centro,4.491666666666667
88a8a06a01fffff,2013,Centro,5.1626666666666665
88a8a06a01fffff,2019,Centro,5.708465608465609
88a8a06a01fffff,2023,Centro,6.3
88a8a06193fffff,2007,Vila da Penha,5.373770491803279
88a8a06193fffff,2013,Vila da Penha,6.593617021276596
88a8a06193fffff,2019,Vila da Penha,6.669491525423729
88a8a06193fffff,2023,Vila da Penha,6.9
88a8a06a55fffff,2007,Centro,4.491666666666667
88a8a06a55fffff,2013,Centro,5.1626666666666665
88a8a06a55fffff,2019,Centro,5.708465608465609
88a8a06a55fffff,2023,Centro,6.3
88a8a061e7fffff,2007,Bonsucesso,4.778740157480315
88a8a061e7fffff,2013,Bonsucesso,5.57554347826087
88a8a061e7fffff,2019,Bonsucesso,6.329824561403508
88a8a061e7fffff,2023,Bonsucesso,6.6
88a8a0623bfffff,2007,Anil,5.4
88a8a0623bfffff,2013,Anil,5.450773195876289
88a8a0623bfffff,2019,Anil,6.125901639344262
88a8a0623bfffff,2023,Anil,6.2
88a8a02f53fffff,2007,Santa Cruz,4.2447033898305095
88a8a02f53fffff,2013,Santa Cruz,5.370419906687403
88a8a02f53fffff,2019,Santa Cruz,5.620006371455878
88a8a02f53fffff,2023,Santa Cruz,6.0
88a8a062e3fffff,2007,Pechincha,5.037327188940092
88a8a062e3fffff,2013,Pechincha,3.338235294117647
88a8a062e3fffff,2019,Pechincha,5.7
88a8a062e3fffff,2023,Pechincha,7.0
88a8a07413fffff,2007,Vargem Grande,4.474162679425837
88a8a07413fffff,2013,Vargem Grande,5.8
88a8a07413fffff,2019,Vargem Grande,5.618461538461539
88a8a07413fffff,2023,Vargem Grande,6.2
88a8a06337fffff,2007,Andaraí,4.791988950276243
88a8a06337fffff,2013,Andaraí,5.453252032520325
88a8a06337fffff,2019,Andaraí,5.85934065934066
88a8a06337fffff,2023,Andaraí,6.0
88a8a07467fffff,2007,Recreio dos Bandeirantes,4.602747252747253
88a8a07467fffff,2013,Recreio dos Bandeirantes,5.290909090909091
88a8a07467fffff,2019,Recreio dos Bandeirantes,5.86896551724138
88a8a07467fffff,2023,Recreio dos Bandeirantes,6.1
88a8a074bbfffff,2007,Campo Grande,4.659065288868014
88a8a074bbfffff,2013,Campo Grande,5.673055082339578
88a8a074bbfffff,2019,Campo Grande,5.976671619613669
88a8a074bbfffff,2023,Campo Grande,6.3
88a8a03911fffff,2007,Guaratiba,4.2179236043095
88a8a03911fffff,2013,Guaratiba,5.046859296482412
88a8a03911fffff,2019,Guaratiba,5.556527249683144
88a8a03911fffff,2023,Guaratiba,5.9
88a8a02835fffff,2007,Campo Grande,4.659065288868014
88a8a02835fffff,2013,Campo Grande,5.673055082339578
88a8a02835fffff,2019,Campo Grande,5.976671619613669
88a8a02835fffff,2023,Campo Grande,6.3
88a8a07563fffff,2007,Barra da Tijuca,5.18662109375
88a8a07563fffff,2013,Barra da Tijuca,5.830245535714286
88a8a07563fffff,2019,Barra da Tijuca,6.693248945147679
88a8a07563fffff,2023,Barra da Tijuca,6.7
88a8a02889fffff,2007,Paciência,4.397682709447415
88a8a02889fffff,2013,Paciência,5.211933007676204
88a8a02889fffff,2019,Paciência,5.692237442922374
88a8a02889fffff,2023,Paciência,6.4
88a8a02ab5fffff,2007,Santa Cruz,4.2447033898305095
88a8a02ab5fffff,2013,Santa Cruz,5.370419906687403
88a8a02ab5fffff,2019,Santa Cruz,5.620006371455878
88a8a02ab5fffff,2023,Santa Cruz,6.0
88a8a039b9fffff,2007,Ilha de Guaratiba,
88a8a039b9fffff,2013,Ilha de Guaratiba,
88a8a039b9fffff,2019,Ilha de Guaratiba,
88a8a039b9fffff,2023,Ilha de Guaratiba,
88a8a075b7fffff,2007,Jacarepaguá,4.471293161814489
88a8a075b7fffff,2013,Jacarepaguá,5.675222816399288
88a8a075b7fffff,2019,Jacarepaguá,6.095016891891893
88a8a075b7fffff,2023,Jacarepaguá,6.4
88a8a028ddfffff,2007,Santa Cruz,4.2447033898305095
88a8a028ddfffff,2013,Santa Cruz,5.370419906687403
88a8a028ddfffff,2019,Santa Cruz,5.620006371455878
88a8a028ddfffff,2023,Santa Cruz,6.0
88a8a02931fffff,2007,Campo Grande,4.659065288868014
88a8a02931fffff,2013,Campo Grande,5.673055082339578
88a8a02931fffff,2019,Campo Grande,5.976671619613669
88a8a02931fffff,2023,Campo Grande,6.3
88a8a02985fffff,2007,Campo Grande,4.659065288868014
88a8a02985fffff,2013,Campo Grande,5.673055082339578
88a8a02985fffff,2019,Campo Grande,5.976671619613669
88a8a02985fffff,2023,Campo Grande,6.3
88a8a03ab5fffff,2007,Guaratiba,4.2179236043095
88a8a03ab5fffff,2013,Guaratiba,5.046859296482412
88a8a03ab5fffff,2019,Guaratiba,5.556527249683144
88a8a03ab5fffff,2023,Guaratiba,5.9
88a8a076b3fffff,2007,Guaratiba,4.2179236043095
88a8a076b3fffff,2013,Guaratiba,5.046859296482412
88a8a076b3fffff,2019,Guaratiba,5.556527249683144
88a8a076b3fffff,2023,Guaratiba,5.9
88a8a02117fffff,2007,Santa Cruz,4.2447033898305095
88a8a02117fffff,2013,Santa Cruz,5.370419906687403
88a8a02117fffff,2019,Santa Cruz,5.620006371455878
88a8a02117fffff,2023,Santa Cruz,6.0
88a8a06e45fffff,2007,Vila da Penha,5.373770491803279
88a8a06e45fffff,2013,Vila da Penha,6.593617021276596
88a8a06e45fffff,2019,Vila da Penha,6.669491525423729
88a8a06e45fffff,2023,Vila da Penha,6.9
88a8a029d9fffff,2007,Campo Grande,4.659065288868014
88a8a029d9fffff,2013,Campo Grande,5.673055082339578
88a8a029d9fffff,2019,Campo Grande,5.976671619613669
88a8a029d9fffff,2023,Campo Grande,6.3
88a8a02a2dfffff,2007,Guaratiba,4.2179236043095
88a8a02a2dfffff,2013,Guaratiba,5.046859296482412
88a8a02a2dfffff,2019,Guaratiba,5.556527249683144
88a8a02a2dfffff,2023,Guaratiba,5.9
88a8a0662bfffff,2007,Bangu,4.583498233215548
88a8a0662bfffff,2013,Bangu,5.383494698017521
88a8a0662bfffff,2019,Bangu,5.793712772998015
88a8a0662bfffff,2023,Bangu,5.8
88a8a02a81fffff,2007,Santa Cruz,4.2447033898305095
88a8a02a81fffff,2013,Santa Cruz,5.370419906687403
88a8a02a81fffff,2019,Santa Cruz,5.620006371455878
88a8a02a81fffff,2023,Santa Cruz,6.0
88a8a06f41fffff,2007,Penha,4.487165178571429
88a8a06f41fffff,2013,Penha,4.93076923076923
88a8a06f41fffff,2019,Penha,5.623137254901961
88a8a06f41fffff,2023,Penha,5.9
88a8a02ad5fffff,2007,Santa Cruz,4.2447033898305095
88a8a02ad5fffff,2013,Santa Cruz,5.370419906687403
88a8a02ad5fffff,2019,Santa Cruz,5.620006371455878
88a8a02ad5fffff,2023,Santa Cruz,6.0
88a8a066d3fffff,2007,Campo Grande,4.659065288868014
88a8a066d3fffff,2013,Campo Grande,5.673055082339578
88a8a066d3fffff,2019,Campo Grande,5.976671619613669
88a8a066d3fffff,2023,Campo Grande,6.3
88a8a02b29fffff,2007,Guaratiba,4.2179236043095
88a8a02b29fffff,2013,Guaratiba,5.046859296482412
88a8a02b29fffff,2019,Guaratiba,5.556527249683144
88a8a02b29fffff,2023,Guaratiba,5.9
88a8a06727fffff,2007,Vila Militar,4.218367346938775
88a8a06727fffff,2013,Vila Militar,5.1
88a8a06727fffff,2019,Vila Militar,6.5
88a8a06727fffff,2023,Vila Militar,6.2
88a8a078abfffff,2007,Botafogo,4.536813186813187
88a8a078abfffff,2013,Botafogo,5.688028169014085
88a8a078abfffff,2019,Botafogo,5.928318584070796
88a8a078abfffff,2023,Botafogo,6.0
88a8a02a61fffff,2007,Guaratiba,4.2179236043095
88a8a02a61fffff,2013,Guaratiba,5.046859296482412
88a8a02a61fffff,2019,Guaratiba,5.556527249683144
88a8a02a61fffff,2023,Guaratiba,5.9
88a8a06009fffff,2007,Jacarepaguá,4.471293161814489
88a8a06009fffff,2013,Jacarepaguá,5.675222816399288
88a8a06009fffff,2019,Jacarepaguá,6.095016891891893
88a8a06009fffff,2023,Jacarepaguá,6.4
88a8a0605dfffff,2007,Jacarepaguá,4.471293161814489
88a8a0605dfffff,2013,Jacarepaguá,5.675222816399288
88a8a0605dfffff,2019,Jacarepaguá,6.095016891891893
88a8a0605dfffff,2023,Jacarepaguá,6.4
88a8a060b1fffff,2007,Rocha Miranda,4.656847545219639
88a8a060b1fffff,2013,Rocha Miranda,5.227272727272728
88a8a060b1fffff,2019,Rocha Miranda,5.5619565217391305
88a8a060b1fffff,2023,Rocha Miranda,5.7
88a8a06ecdfffff,2007,Pavuna,4.5800803673938
88a8a06ecdfffff,2013,Pavuna,5.306037473976406
88a8a06ecdfffff,2019,Pavuna,5.471647509578544
88a8a06ecdfffff,2023,Pavuna,5.7
88a8a06105fffff,2007,Maracanã,5.95065502183406
88a8a06105fffff,2013,Maracanã,7.085436893203883
88a8a06105fffff,2019,Maracanã,7.057142857142857
88a8a06105fffff,2023,Maracanã,7.2
88a8a06159fffff,2007,Grajaú,5.020477815699659
88a8a06159fffff,2013,Grajaú,5.090365448504984
88a8a06159fffff,2019,Grajaú,5.921487603305785
88a8a06159fffff,2023,Grajaú,5.8
88a8a061adfffff,2007,Bonsucesso,4.778740157480315
88a8a061adfffff,2013,Bonsucesso,5.57554347826087
88a8a061adfffff,2019,Bonsucesso,6.329824561403508
88a8a061adfffff,2023,Bonsucesso,6.6
88a8a06201fffff,2007,Itanhangá,4.3
88a8a06201fffff,2013,Itanhangá,5.311267605633803
88a8a06201fffff,2019,Itanhangá,5.72054054054054
88a8a06201fffff,2023,Itanhangá,5.5
88a8a06ac3fffff,2007,Caju,4.4035087719298245
88a8a06ac3fffff,2013,Caju,4.456597222222222
88a8a06ac3fffff,2019,Caju,6.158536585365853
88a8a06ac3fffff,2023,Caju,5.8
88a8a06255fffff,2007,Itanhangá,4.3
88a8a06255fffff,2013,Itanhangá,5.311267605633803
88a8a06255fffff,2019,Itanhangá,5.72054054054054
88a8a06255fffff,2023,Itanhangá,5.5
88a8a062a9fffff,2007,Pechincha,5.037327188940092
88a8a062a9fffff,2013,Pechincha,3.338235294117647
88a8a062a9fffff,2019,Pechincha,5.7
88a8a062a9fffff,2023,Pechincha,7.0
88a8a0773bfffff,2007,Barra da Tijuca,5.18662109375
88a8a0773bfffff,2013,Barra da Tijuca,5.830245535714286
88a8a0773bfffff,2019,Barra da Tijuca,6.693248945147679
88a8a0773bfffff,2023,Barra da Tijuca,6.7
88a8a02f6dfffff,2007,Santa Cruz,4.2447033898305095
88a8a02f6dfffff,2013,Santa Cruz,5.370419906687403
88a8a02f6dfffff,2019,Santa Cruz,5.620006371455878
88a8a02f6dfffff,2023,Santa Cruz,6.0
88a8a0742dfffff,2007,Camorim,
88a8a0742dfffff,2013,Camorim,
88a8a0742dfffff,2019,Camorim,
88a8a0742dfffff,2023,Camorim,
88a8a06351fffff,2007,Alto da Boa Vista,4.605042016806722
88a8a06351fffff,2013,Alto da Boa Vista,5.749557522123895
88a8a06351fffff,2019,Alto da Boa Vista,5.652032520325204
88a8a06351fffff,2023,Alto da Boa Vista,5.9
88a8a0660bfffff,2007,Senador Camará,4.404440649017934
88a8a0660bfffff,2013,Senador Camará,5.228953974895398
88a8a0660bfffff,2019,Senador Camará,5.511260827718961
88a8a0660bfffff,2023,Senador Camará,5.7
88a8a07481fffff,2007,Vargem Grande,4.474162679425837
88a8a07481fffff,2013,Vargem Grande,5.8
88a8a07481fffff,2019,Vargem Grande,5.618461538461539
88a8a07481fffff,2023,Vargem Grande,6.2
88a8a074d5fffff,2007,Vargem Grande,4.474162679425837
88a8a074d5fffff,2013,Vargem Grande,5.8
88a8a074d5fffff,2019,Vargem Grande,5.618461538461539
88a8a074d5fffff,2023,Vargem Grande,6.2
88a8a0392bfffff,2007,Grumari,
88a8a0392bfffff,2013,Grumari,
88a8a0392bfffff,2019,Grumari,
88a8a0392bfffff,2023,Grumari,
88a8a02a0dfffff,2007,Guaratiba,4.2179236043095
88a8a02a0dfffff,2013,Guaratiba,5.046859296482412
88a8a02a0dfffff,2019,Guaratiba,5.556527249683144
88a8a02a0dfffff,2023,Guaratiba,5.9
88a8a07529fffff,2007,Barra da Tijuca,5.18662109375
88a8a07529fffff,2013,Barra da Tijuca,5.830245535714286
88a8a07529fffff,2019,Barra da Tijuca,6.693248945147679
88a8a07529fffff,2023,Barra da Tijuca,6.7
88a8a0644dfffff,2007,Padre Miguel,4.804448105436573
88a8a0644dfffff,2013,Padre Miguel,5.714128440366972
88a8a0644dfffff,2019,Padre Miguel,5.70586011342155
88a8a0644dfffff,2023,Padre Miguel,5.9
88a8a039d3fffff,2007,Guaratiba,4.2179236043095
88a8a039d3fffff,2013,Guaratiba,5.046859296482412
88a8a039d3fffff,2019,Guaratiba,5.556527249683144
88a8a039d3fffff,2023,Guaratiba,5.9
88a8a075d1fffff,2007,Vargem Grande,4.474162679425837
88a8a075d1fffff,2013,Vargem Grande,5.8
88a8a075d1fffff,2019,Vargem Grande,5.618461538461539
88a8a075d1fffff,2023,Vargem Grande,6.2
88a8a0294bfffff,2007,Campo Grande,4.659065288868014
88a8a0294bfffff,2013,Campo Grande,5.673055082339578
88a8a0294bfffff,2019,Campo Grande,5.976671619613669
88a8a0294bfffff,2023,Campo Grande,6.3
88a8a06549fffff,2007,Vila Militar,4.218367346938775
88a8a06549fffff,2013,Vila Militar,5.1
88a8a06549fffff,2019,Vila Militar,6.5
88a8a06549fffff,2023,Vila Militar,6.2
88a8a06e0bfffff,2007,Irajá,4.703466076696165
88a8a06e0bfffff,2013,Irajá,5.436387434554974
88a8a06e0bfffff,2019,Irajá,6.068776824034335
88a8a06e0bfffff,2023,Irajá,6.2
88a8a02131fffff,2007,Sepetiba,3.7746509129967776
88a8a02131fffff,2013,Sepetiba,4.8939142461964025
88a8a02131fffff,2019,Sepetiba,5.473479948253558
88a8a02131fffff,2023,Sepetiba,5.7
88a8a076cdfffff,2007,Recreio dos Bandeirantes,4.602747252747253
88a8a076cdfffff,2013,Recreio dos Bandeirantes,5.290909090909091
88a8a076cdfffff,2019,Recreio dos Bandeirantes,5.86896551724138
88a8a076cdfffff,2023,Recreio dos Bandeirantes,6.1
88a8a02185fffff,2007,Santa Cruz,4.2447033898305095
88a8a02185fffff,2013,Santa Cruz,5.370419906687403
88a8a02185fffff,2019,Santa Cruz,5.620006371455878
88a8a02185fffff,2023,Santa Cruz,6.0
88a8a02a47fffff,2007,Guaratiba,4.2179236043095
88a8a02a47fffff,2013,Guaratiba,5.046859296482412
88a8a02a47fffff,2019,Guaratiba,5.556527249683144
88a8a02a47fffff,2023,Guaratiba,5.9
88a8a076e7fffff,2007,Vargem Grande,4.474162679425837
88a8a076e7fffff,2013,Vargem Grande,5.8
88a8a076e7fffff,2019,Vargem Grande,5.618461538461539
88a8a076e7fffff,2023,Vargem Grande,6.2
88a8a06645fffff,2007,Realengo,4.301232285890326
88a8a06645fffff,2013,Realengo,5.14009324009324
88a8a06645fffff,2019,Realengo,5.889386792452831
88a8a06645fffff,2023,Realengo,6.1
88a8a02a9bfffff,2007,Santa Cruz,4.2447033898305095
88a8a02a9bfffff,2013,Santa Cruz,5.370419906687403
88a8a02a9bfffff,2019,Santa Cruz,5.620006371455878
88a8a02a9bfffff,2023,Santa Cruz,6.0
88a8a06699fffff,2007,Campo Grande,4.659065288868014
88a8a06699fffff,2013,Campo Grande,5.673055082339578
88a8a06699fffff,2019,Campo Grande,5.976671619613669
88a8a06699fffff,2023,Campo Grande,6.3
88a8a06f5bfffff,2007,Brás de Pina,4.87202166064982
88a8a06f5bfffff,2013,Brás de Pina,5.331372549019608
88a8a06f5bfffff,2019,Brás de Pina,5.790155440414508
88a8a06f5bfffff,2023,Brás de Pina,6.3
88a8a066edfffff,2007,Senador Camará,4.404440649017934
88a8a066edfffff,2013,Senador Camará,5.228953974895398
88a8a066edfffff,2019,Senador Camará,5.511260827718961
88a8a066edfffff,2023,Senador Camará,5.7
88a8a02b43fffff,2007,Guaratiba,4.2179236043095
88a8a02b43fffff,2013,Guaratiba,5.046859296482412
88a8a02b43fffff,2019,Guaratiba,5.556527249683144
88a8a02b43fffff,2023,Guaratiba,5.9
88a8a06741fffff,2007,Taquara,4.865171102661597
88a8a06741fffff,2013,Taquara,5.635502392344497
88a8a06741fffff,2019,Taquara,6.141109709962168
88a8a06741fffff,2023,Taquara,6.2
88a8a029b9fffff,2007,Campo Grande,4.659065288868014
88a8a029b9fffff,2013,Campo Grande,5.673055082339578
88a8a029b9fffff,2019,Campo Grande,5.976671619613669
88a8a029b9fffff,2023,Campo Grande,6.3
88a8a078c5fffff,2007,Copacabana,5.423019801980198
88a8a078c5fffff,2013,Copacabana,6.490769230769231
88a8a078c5fffff,2019,Copacabana,6.396923076923076
88a8a078c5fffff,2023,Copacabana,6.4
88a8a06023fffff,2007,Méier,4.560416666666667
88a8a06023fffff,2013,Méier,5.069950738916257
88a8a06023fffff,2019,Méier,6.2405063291139244
88a8a06023fffff,2023,Méier,5.6
88a8a060cbfffff,2007,Praça Seca,4.354829931972789
88a8a060cbfffff,2013,Praça Seca,5.095320623916811
88a8a060cbfffff,2019,Praça Seca,5.918089430894309
88a8a060cbfffff,2023,Praça Seca,5.9
88a8a06e25fffff,2007,Parada de Lucas,3.964055299539171
88a8a06e25fffff,2013,Parada de Lucas,5.0
88a8a06e25fffff,2019,Parada de Lucas,
88a8a06e25fffff,2023,Parada de Lucas,5.2
88a8a061c7fffff,2007,Del Castilho,4.566492146596859
88a8a061c7fffff,2013,Del Castilho,4.802985074626866
88a8a061c7fffff,2019,Del Castilho,
88a8a061c7fffff,2023,Del Castilho,5.8
88a8a0621bfffff,2007,Jacarepaguá,4.471293161814489
88a8a0621bfffff,2013,Jacarepaguá,5.675222816399288
88a8a0621bfffff,2019,Jacarepaguá,6.095016891891893
88a8a0621bfffff,2023,Jacarepaguá,6.4
88a8a06addfffff,2007,Caju,4.4035087719298245
88a8a06addfffff,2013,Caju,4.456597222222222
88a8a06addfffff,2019,Caju,6.158536585365853
88a8a06addfffff,2023,Caju,5.8
88a8a062c3fffff,2007,Taquara,4.865171102661597
88a8a062c3fffff,2013,Taquara,5.635502392344497
88a8a062c3fffff,2019,Taquara,6.141109709962168
88a8a062c3fffff,2023,Taquara,6.2
88a8a06317fffff,2007,Alto da Boa Vista,4.605042016806722
88a8a06317fffff,2013,Alto da Boa Vista,5.749557522123895
88a8a06317fffff,2019,Alto da Boa Vista,5.652032520325204
88a8a06317fffff,2023,Alto da Boa Vista,5.9
88a8a07447fffff,2007,Recreio dos Bandeirantes,4.602747252747253
88a8a07447fffff,2013,Recreio dos Bandeirantes,5.290909090909091
88a8a07447fffff,2019,Recreio dos Bandeirantes,5.86896551724138
88a8a07447fffff,2023,Recreio dos Bandeirantes,6.1
88a8a0636bfffff,2007,Alto da Boa Vista,4.605042016806722
88a8a0636bfffff,2013,Alto da Boa Vista,5.749557522123895
88a8a0636bfffff,2019,Alto da Boa Vista,5.652032520325204
88a8a0636bfffff,2023,Alto da Boa Vista,5.9
88a8a07693fffff,2007,Guaratiba,4.2179236043095
88a8a07693fffff,2013,Guaratiba,5.046859296482412
88a8a07693fffff,2019,Guaratiba,5.556527249683144
88a8a07693fffff,2023,Guaratiba,5.9
88a8a0749bfffff,2007,Campo Grande,4.659065288868014
88a8a0749bfffff,2013,Campo Grande,5.673055082339578
88a8a0749bfffff,2019,Campo Grande,5.976671619613669
88a8a0749bfffff,2023,Campo Grande,6.3
88a8a02815fffff,2007,Cosmos,4.556749049429658
88a8a02815fffff,2013,Cosmos,5.233594515181194
88a8a02815fffff,2019,Cosmos,5.436989795918366
88a8a02815fffff,2023,Cosmos,6.0
88a8a07543fffff,2007,Barra da Tijuca,5.18662109375
88a8a07543fffff,2013,Barra da Tijuca,5.830245535714286
88a8a07543fffff,2019,Barra da Tijuca,6.693248945147679
88a8a07543fffff,2023,Barra da Tijuca,6.7
88a8a06563fffff,2007,Guadalupe,4.6788844621513945
88a8a06563fffff,2013,Guadalupe,5.400598802395209
88a8a06563fffff,2019,Guadalupe,5.712408759124089
88a8a06563fffff,2023,Guadalupe,6.1
88a8a02869fffff,2007,Campo Grande,4.659065288868014
88a8a02869fffff,2013,Campo Grande,5.673055082339578
88a8a02869fffff,2019,Campo Grande,5.976671619613669
88a8a02869fffff,2023,Campo Grande,6.3
88a8a06467fffff,2007,Parque Anchieta,4.8173393124065775
88a8a06467fffff,2013,Parque Anchieta,5.938927335640138
88a8a06467fffff,2019,Parque Anchieta,5.94066985645933
88a8a06467fffff,2023,Parque Anchieta,6.2
88a8a03999fffff,2007,Guaratiba,4.2179236043095
88a8a03999fffff,2013,Guaratiba,5.046859296482412
88a8a03999fffff,2019,Guaratiba,5.556527249683144
88a8a03999fffff,2023,Guaratiba,5.9
88a8a02965fffff,2007,Campo Grande,4.659065288868014
88a8a02965fffff,2013,Campo Grande,5.673055082339578
88a8a02965fffff,2019,Campo Grande,5.976671619613669
88a8a02965fffff,2023,Campo Grande,6.3
88a8a07597fffff,2007,Jacarepaguá,4.471293161814489
88a8a07597fffff,2013,Jacarepaguá,5.675222816399288
88a8a07597fffff,2019,Jacarepaguá,6.095016891891893
88a8a07597fffff,2023,Jacarepaguá,6.4
88a8a039edfffff,2007,Barra de Guaratiba,4.967058823529412
88a8a039edfffff,2013,Barra de Guaratiba,6.324390243902438
88a8a039edfffff,2019,Barra de Guaratiba,6.658035714285714
88a8a039edfffff,2023,Barra de Guaratiba,6.7
88a8a075ebfffff,2007,Jacarepaguá,4.471293161814489
88a8a075ebfffff,2013,Jacarepaguá,5.675222816399288
88a8a075ebfffff,2019,Jacarepaguá,6.095016891891893
88a8a075ebfffff,2023,Jacarepaguá,6.4
88a8a02911fffff,2007,Campo Grande,4.659065288868014
88a8a02911fffff,2013,Campo Grande,5.673055082339578
88a8a02911fffff,2019,Campo Grande,5.976671619613669
88a8a02911fffff,2023,Campo Grande,6.3
88a8a020a3fffff,2007,Santa Cruz,4.2447033898305095
88a8a020a3fffff,2013,Santa Cruz,5.370419906687403
88a8a020a3fffff,2019,Santa Cruz,5.620006371455878
88a8a020a3fffff,2023,Santa Cruz,6.0
88a8a06f27fffff,2007,Galeão,4.783
88a8a06f27fffff,2013,Galeão,5.45982905982906
88a8a06f27fffff,2019,Galeão,5.9875
88a8a06f27fffff,2023,Galeão,6.2
88a8a3d24dfffff,2007,Freguesia (Ilha do Governador),4.7
88a8a3d24dfffff,2013,Freguesia (Ilha do Governador),4.0
88a8a3d24dfffff,2019,Freguesia (Ilha do Governador),5.5
88a8a3d24dfffff,2023,Freguesia (Ilha do Governador),5.3
88a8a06f63fffff,2007,Galeão,4.783
88a8a06f63fffff,2013,Galeão,5.45982905982906
88a8a06f63fffff,2019,Galeão,5.9875
88a8a06f63fffff,2023,Galeão,6.2
88a8a0688dfffff,2007,Jardim Carioca,4.843478260869565
88a8a0688dfffff,2013,Jardim Carioca,5.5
88a8a0688dfffff,2019,Jardim Carioca,5.900000000000001
88a8a0688dfffff,2023,Jardim Carioca,5.8
88a8a068abfffff,2007,Tauá,4.872262773722627
88a8a068abfffff,2013,Tauá,5.8
88a8a068abfffff,2019,Tauá,6.3
88a8a068abfffff,2023,Tauá,6.0
88a8a06f01fffff,2007,Galeão,4.783
88a8a06f01fffff,2013,Galeão,5.45982905982906
88a8a06f01fffff,2019,Galeão,5.9875
88a8a06f01fffff,2023,Galeão,6.2
88a8a06f3dfffff,2007,Galeão,4.783
88a8a06f3dfffff,2013,Galeão,5.45982905982906
88a8a06f3dfffff,2019,Galeão,5.9875
88a8a06f3dfffff,2023,Galeão,6.2
88a8a0699bfffff,2007,Freguesia (Ilha do Governador),4.7
88a8a0699bfffff,2013,Freguesia (Ilha do Governador),4.0
88a8a0699bfffff,2019,Freguesia (Ilha do Governador),5.5
88a8a0699bfffff,2023,Freguesia (Ilha do Governador),5.3
88a8a06885fffff,2007,Tauá,4.872262773722627
88a8a06885fffff,2013,Tauá,5.8
88a8a06885fffff,2019,Tauá,6.3
88a8a06885fffff,2023,Tauá,6.0
88a8a068a3fffff,2007,Freguesia (Ilha do Governador),4.7
88a8a068a3fffff,2013,Freguesia (Ilha do Governador),4.0
88a8a068a3fffff,2019,Freguesia (Ilha do Governador),5.5
88a8a068a3fffff,2023,Freguesia (Ilha do Governador),5.3
88a8a0689bfffff,2007,Galeão,4.783
88a8a0689bfffff,2013,Galeão,5.45982905982906
88a8a0689bfffff,2019,Galeão,5.9875
88a8a0689bfffff,2023,Galeão,6.2
88a8a068d7fffff,2007,Jardim Guanabara,5.077540106951871
88a8a068d7fffff,2013,Jardim Guanabara,6.643661971830985
88a8a068d7fffff,2019,Jardim Guanabara,6.5248366013071895
88a8a068d7fffff,2023,Jardim Guanabara,6.6
88a8a06f2dfffff,2007,Galeão,4.783
88a8a06f2dfffff,2013,Galeão,5.45982905982906
88a8a06f2dfffff,2019,Galeão,5.9875
88a8a06f2dfffff,2023,Galeão,6.2
88a8a06f69fffff,2007,Galeão,4.783
88a8a06f69fffff,2013,Galeão,5.45982905982906
88a8a06f69fffff,2019,Galeão,5.9875
88a8a06f69fffff,2023,Galeão,6.2
88a8a06893fffff,2007,Galeão,4.783
88a8a06893fffff,2013,Galeão,5.45982905982906
88a8a06893fffff,2019,Galeão,5.9875
88a8a06893fffff,2023,Galeão,6.2
88a8a068edfffff,2007,Ribeira,
88a8a068edfffff,2013,Ribeira,
88a8a068edfffff,2019,Ribeira,
88a8a068edfffff,2023,Ribeira,
88a8a06f07fffff,2007,Galeão,4.783
88a8a06f07fffff,2013,Galeão,5.45982905982906
88a8a06f07fffff,2019,Galeão,5.9875
88a8a06f07fffff,2023,Galeão,6.2
88a8a06f25fffff,2007,Galeão,4.783
88a8a06f25fffff,2013,Galeão,5.45982905982906
88a8a06f25fffff,2019,Galeão,5.9875
88a8a06f25fffff,2023,Galeão,6.2
88a8a06f61fffff,2007,Galeão,4.783
88a8a06f61fffff,2013,Galeão,5.45982905982906
88a8a06f61fffff,2019,Galeão,5.9875
88a8a06f61fffff,2023,Galeão,6.2
88a8a0688bfffff,2007,Jardim Guanabara,5.077540106951871
88a8a0688bfffff,2013,Jardim Guanabara,6.643661971830985
88a8a0688bfffff,2019,Jardim Guanabara,6.5248366013071895
88a8a0688bfffff,2023,Jardim Guanabara,6.6
88a8a068c7fffff,2007,Jardim Guanabara,5.077540106951871
88a8a068c7fffff,2013,Jardim Guanabara,6.643661971830985
88a8a068c7fffff,2019,Jardim Guanabara,6.5248366013071895
88a8a068c7fffff,2023,Jardim Guanabara,6.6
88a8a06883fffff,2007,Moneró,4.926027397260274
88a8a06883fffff,2013,Moneró,5.788764044943821
88a8a06883fffff,2019,Moneró,6.15360824742268
88a8a06883fffff,2023,Moneró,6.7
88a8a068a1fffff,2007,Freguesia (Ilha do Governador),4.7
88a8a068a1fffff,2013,Freguesia (Ilha do Governador),4.0
88a8a068a1fffff,2019,Freguesia (Ilha do Governador),5.5
88a8a068a1fffff,2023,Freguesia (Ilha do Governador),5.3
88a8a06899fffff,2007,Galeão,4.783
88a8a06899fffff,2013,Galeão,5.45982905982906
88a8a06899fffff,2019,Galeão,5.9875
88a8a06899fffff,2023,Galeão,6.2
88a8a068d5fffff,2007,Jardim Guanabara,5.077540106951871
88a8a068d5fffff,2013,Jardim Guanabara,6.643661971830985
88a8a068d5fffff,2019,Jardim Guanabara,6.5248366013071895
88a8a068d5fffff,2023,Jardim Guanabara,6.6
88a8a06f0dfffff,2007,Galeão,4.783
88a8a06f0dfffff,2013,Galeão,5.45982905982906
88a8a06f0dfffff,2019,Galeão,5.9875
88a8a06f0dfffff,2023,Galeão,6.2
88a8a06f2bfffff,2007,Galeão,4.783
88a8a06f2bfffff,2013,Galeão,5.45982905982906
88a8a06f2bfffff,2019,Galeão,5.9875
88a8a06f2bfffff,2023,Galeão,6.2
88a8a06f67fffff,2007,Galeão,4.783
88a8a06f67fffff,2013,Galeão,5.45982905982906
88a8a06f67fffff,2019,Galeão,5.9875
88a8a06f67fffff,2023,Galeão,6.2
88a8a06891fffff,2007,Galeão,4.783
88a8a06891fffff,2013,Galeão,5.45982905982906
88a8a06891fffff,2019,Galeão,5.9875
88a8a06891fffff,2023,Galeão,6.2
88a8a068ebfffff,2007,Pitangueiras,5.2
88a8a068ebfffff,2013,Pitangueiras,6.5
88a8a068ebfffff,2019,Pitangueiras,6.6
88a8a068ebfffff,2023,Pitangueiras,6.4
88a8a06f05fffff,2007,Galeão,4.783
88a8a06f05fffff,2013,Galeão,5.45982905982906
88a8a06f05fffff,2019,Galeão,5.9875
88a8a06f05fffff,2023,Galeão,6.2
88a8a06f23fffff,2007,Galeão,4.783
88a8a06f23fffff,2013,Galeão,5.45982905982906
88a8a06f23fffff,2019,Galeão,5.9875
88a8a06f23fffff,2023,Galeão,6.2
88a8a3d249fffff,2007,Freguesia (Ilha do Governador),4.7
88a8a3d249fffff,2013,Freguesia (Ilha do Governador),4.0
88a8a3d249fffff,2019,Freguesia (Ilha do Governador),5.5
88a8a3d249fffff,2023,Freguesia (Ilha do Governador),5.3
88a8a06889fffff,2007,Jardim Guanabara,5.077540106951871
88a8a06889fffff,2013,Jardim Guanabara,6.643661971830985
88a8a06889fffff,2019,Jardim Guanabara,6.5248366013071895
88a8a06889fffff,2023,Jardim Guanabara,6.6
88a8a068a7fffff,2007,Freguesia (Ilha do Governador),4.7
88a8a068a7fffff,2013,Freguesia (Ilha do Governador),4.0
88a8a068a7fffff,2019,Freguesia (Ilha do Governador),5.5
88a8a068a7fffff,2023,Freguesia (Ilha do Governador),5.3
88a8a068c5fffff,2007,Cacuia,4.3
88a8a068c5fffff,2013,Cacuia,5.2
88a8a068c5fffff,2019,Cacuia,5.5
88a8a068c5fffff,2023,Cacuia,5.8
88a8a068e3fffff,2007,Praia da Bandeira,4.6
88a8a068e3fffff,2013,Praia da Bandeira,5.9
88a8a068e3fffff,2019,Praia da Bandeira,5.2
88a8a068e3fffff,2023,Praia da Bandeira,6.2
88a8a06881fffff,2007,Jardim Carioca,4.843478260869565
88a8a06881fffff,2013,Jardim Carioca,5.5
88a8a06881fffff,2019,Jardim Carioca,5.900000000000001
88a8a06881fffff,2023,Jardim Carioca,5.8
88a8a068bdfffff,2007,Tauá,4.872262773722627
88a8a068bdfffff,2013,Tauá,5.8
88a8a068bdfffff,2019,Tauá,6.3
88a8a068bdfffff,2023,Tauá,6.0
88a8a068dbfffff,2007,Galeão,4.783
88a8a068dbfffff,2013,Galeão,5.45982905982906
88a8a068dbfffff,2019,Galeão,5.9875
88a8a068dbfffff,2023,Galeão,6.2
88a8a068d3fffff,2007,Galeão,4.783
88a8a068d3fffff,2013,Galeão,5.45982905982906
88a8a068d3fffff,2019,Galeão,5.9875
88a8a068d3fffff,2023,Galeão,6.2
88a8a06f29fffff,2007,Galeão,4.783
88a8a06f29fffff,2013,Galeão,5.45982905982906
88a8a06f29fffff,2019,Galeão,5.9875
88a8a06f29fffff,2023,Galeão,6.2
88a8a06817fffff,2007,Ribeira,
88a8a06817fffff,2013,Ribeira,
88a8a06817fffff,2019,Ribeira,
88a8a06817fffff,2023,Ribeira,
88a8a068e9fffff,2007,Zumbi,4.9
88a8a068e9fffff,2013,Zumbi,5.9
88a8a068e9fffff,2019,Zumbi,5.9
88a8a068e9fffff,2023,Zumbi,6.0
88a8a06f21fffff,2007,Galeão,4.783
88a8a06f21fffff,2013,Galeão,5.45982905982906
88a8a06f21fffff,2019,Galeão,5.9875
88a8a06f21fffff,2023,Galeão,6.2
88a8a06887fffff,2007,Tauá,4.872262773722627
88a8a06887fffff,2013,Tauá,5.8
88a8a06887fffff,2019,Tauá,6.3
88a8a06887fffff,2023,Tauá,6.0
88a8a0689dfffff,2007,Portuguesa,4.815530303030304
88a8a0689dfffff,2013,Portuguesa,4.438888888888888
88a8a0689dfffff,2019,Portuguesa,5.866666666666666
88a8a0689dfffff,2023,Portuguesa,6.0
88a8a06f6bfffff,2007,Galeão,4.783
88a8a06f6bfffff,2013,Galeão,5.45982905982906
88a8a06f6bfffff,2019,Galeão,5.9875
88a8a06f6bfffff,2023,Galeão,6.2
88a8a068d1fffff,2007,Galeão,4.783
88a8a068d1fffff,2013,Galeão,5.45982905982906
88a8a068d1fffff,2019,Galeão,5.9875
88a8a068d1fffff,2023,Galeão,6.2
88a8a07a5dfffff,2007,Ipanema,4.507111111111112
88a8a07a5dfffff,2013,Ipanema,4.735099337748345
88a8a07a5dfffff,2019,Ipanema,5.184444444444444
88a8a07a5dfffff,2023,Ipanema,5.6
88a8a07aedfffff,2007,Ipanema,4.507111111111112
88a8a07aedfffff,2013,Ipanema,4.735099337748345
88a8a07aedfffff,2019,Ipanema,5.184444444444444
88a8a07aedfffff,2023,Ipanema,5.6
88a8a06a89fffff,2007,Cidade Universitária,4.5
88a8a06a89fffff,2013,Cidade Universitária,5.1
88a8a06a89fffff,2019,Cidade Universitária,5.9
88a8a06a89fffff,2023,Cidade Universitária,6.4
88a8a06ad7fffff,2007,Cidade Universitária,4.5
88a8a06ad7fffff,2013,Cidade Universitária,5.1
88a8a06ad7fffff,2019,Cidade Universitária,5.9
88a8a06ad7fffff,2023,Cidade Universitária,6.4
88a8a06a9dfffff,2007,Cidade Universitária,4.5
88a8a06a9dfffff,2013,Cidade Universitária,5.1
88a8a06a9dfffff,2019,Cidade Universitária,5.9
88a8a06a9dfffff,2023,Cidade Universitária,6.4
88a8a06a97fffff,2007,Cidade Universitária,4.5
88a8a06a97fffff,2013,Cidade Universitária,5.1
88a8a06a97fffff,2019,Cidade Universitária,5.9
88a8a06a97fffff,2023,Cidade Universitária,6.4
88a8a06a91fffff,2007,Cidade Universitária,4.5
88a8a06a91fffff,2013,Cidade Universitária,5.1
88a8a06a91fffff,2019,Cidade Universitária,5.9
88a8a06a91fffff,2023,Cidade Universitária,6.4
88a8a06a8bfffff,2007,Cidade Universitária,4.5
88a8a06a8bfffff,2013,Cidade Universitária,5.1
88a8a06a8bfffff,2019,Cidade Universitária,5.9
88a8a06a8bfffff,2023,Cidade Universitária,6.4
88a8a079ddfffff,2007,Leme,4.5
88a8a079ddfffff,2013,Leme,4.7
88a8a079ddfffff,2019,Leme,5.9
88a8a079ddfffff,2023,Leme,6.3
88a8a068e5fffff,2007,Ribeira,
88a8a068e5fffff,2013,Ribeira,
88a8a068e5fffff,2019,Ribeira,
88a8a068e5fffff,2023,Ribeira,
88a8a06995fffff,2007,Paquetá,5.400000000000001
88a8a06995fffff,2013,Paquetá,5.4
88a8a06995fffff,2019,Paquetá,6.2
88a8a06995fffff,2023,Paquetá,5.2
