hex_id,n_2km,n_5km,dist_min_km,acesso_qty,acesso_quality,bairro,rp,area_plane,codra
88a8a039e7fffff,1,6,1.759974897282234,0.719,4.5544,Guaratiba,Guaratiba,5,26
88a8a075e5fffff,2,44,1.2679801555571113,5.222,32.3457,Jacarepaguá,Jacarepaguá,4,16
88a8a0290bfffff,21,78,0.012660674065227522,17.0622,107.1967,Campo Grande,Campo Grande,5,18
88a8a06509fffff,26,104,0.6329235084406578,17.7698,106.8674,Deodoro,Bangu,5,33
88a8a0655dfffff,14,105,0.9059163316789343,13.2537,80.8786,Vila Militar,Bangu,5,33
88a8a0768dfffff,0,10,2.1005993092001733,1.3423,8.2514,Vargem Grande,Barra da Tijuca,4,24
88a8a076e1fffff,2,10,1.5584624838777212,1.5123,9.2722,Vargem Grande,Barra da Tijuca,4,24
88a8a02a07fffff,2,44,1.5904163750807616,3.783,22.7766,Guaratiba,Guaratiba,5,26
88a8a06605fffff,22,108,0.6714988613717622,18.9823,110.509,Bangu,Bangu,5,17
88a8a02199fffff,0,1,4.849475234429526,0.0394,0.2366,Santa Cruz,Santa Cruz,5,19
88a8a07735fffff,0,10,2.4957136171827,1.2225,8.1323,Barra da Tijuca,Barra da Tijuca,4,24
88a8a02a5bfffff,6,31,1.162701768009334,4.7598,28.3144,Guaratiba,Guaratiba,5,26
88a8a06659fffff,0,53,2.2046739377558837,4.089,24.0816,Campo Grande,Campo Grande,5,18
88a8a021edfffff,1,40,1.5774205074128138,4.6578,27.5079,Santa Cruz,Santa Cruz,5,19
88a8a066adfffff,11,81,0.17588975228955556,12.0882,69.2149,Bangu,Bangu,5,17
88a8a07591fffff,0,22,3.6767966506108976,1.1569,6.9328,Jacarepaguá,Jacarepaguá,4,16
88a8a02b03fffff,3,31,0.8923575321064853,3.9556,24.266,Guaratiba,Guaratiba,5,26
88a8a06701fffff,24,88,0.4467911994801826,16.6834,101.5924,Realengo,Bangu,5,33
88a8a02b57fffff,2,22,0.9008156265922824,3.063,18.4186,Guaratiba,Guaratiba,5,26
88a8a06461fffff,7,103,1.4697545499436167,11.8839,71.1153,Realengo,Bangu,5,33
88a8a03993fffff,5,16,0.5948439466372568,3.1888,19.3788,Guaratiba,Guaratiba,5,26
88a8a06755fffff,23,83,0.48398108294235015,16.1182,97.7621,Realengo,Bangu,5,33
88a8a07885fffff,17,64,0.05730322849280521,11.9777,75.0263,Botafogo,Zona Sul,2,4
88a8a02863fffff,14,92,0.6473034630433916,14.2278,87.1831,Inhoaíba,Campo Grande,5,18
88a8a078d9fffff,15,52,0.4570654519319193,11.7844,73.3582,Lagoa,Zona Sul,2,6
88a8a06037fffff,25,132,0.38466406738007436,23.6822,141.6852,Encantado,Méier,3,13
88a8a0608bfffff,21,115,0.21122941707833032,19.3089,116.8964,Oswaldo Cruz,Madureira,3,15
88a8a071bbfffff,4,23,1.2185973256848006,2.8948,18.1206,Barra da Tijuca,Barra da Tijuca,4,24
88a8a06133fffff,29,166,0.4759824142169089,26.106,151.5601,Manguinhos,Ramos,3,10
88a8a06187fffff,33,177,0.7282756904310614,27.4057,163.0114,Complexo do Alemão,Inhaúma,3,29
88a8a02e4bfffff,0,0,,0.0,0.0,Santa Cruz,Santa Cruz,5,19
88a8a06a49fffff,14,62,0.383384307661564,12.0654,76.0227,Catete,Zona Sul,2,4
88a8a061dbfffff,28,150,0.24540551419349874,25.3614,153.0138,Piedade,Méier,3,13
88a8a06283fffff,20,76,0.3535112538946099,15.1303,93.4618,Taquara,Jacarepaguá,4,16
88a8a02f47fffff,10,31,0.6722600050281291,5.8203,34.922,Santa Cruz,Santa Cruz,5,19
88a8a0753dfffff,4,46,0.5065964607636979,5.8216,35.5906,Barra Olímpica,Jacarepaguá,4,16
88a8a062d7fffff,15,63,0.6695082581727622,11.3614,70.2011,Jacarepaguá,Jacarepaguá,4,16
88a8a07407fffff,2,16,0.9437697110073956,2.1641,13.6245,Vargem Pequena,Barra da Tijuca,4,24
88a8a0632bfffff,4,63,1.2981402632525982,6.6957,40.4806,Alto da Boa Vista,Tijuca,2,8
88a8a0640dfffff,8,92,1.2950249163336869,10.7303,63.2645,Realengo,Bangu,5,33
88a8a0745bfffff,3,10,0.7194934255076864,2.0529,12.6001,Recreio dos Bandeirantes,Barra da Tijuca,4,24
88a8a038b1fffff,4,15,0.3234354351395487,3.6414,22.4788,Pedra de Guaratiba,Guaratiba,5,26
88a8a07503fffff,5,28,1.259965497076356,3.2836,20.5531,Barra Olímpica,Jacarepaguá,4,16
88a8a02829fffff,18,96,0.07239736918402535,17.777,109.0988,Inhoaíba,Campo Grande,5,18
88a8a03959fffff,2,3,0.6572589185847281,1.1973,7.7117,Barra de Guaratiba,Guaratiba,5,26
88a8a07557fffff,3,16,1.6184682954532643,2.3352,15.0087,Barra da Tijuca,Barra da Tijuca,4,24
88a8a039adfffff,1,6,1.9292094464475806,0.7671,4.7655,Guaratiba,Guaratiba,5,26
88a8a075abfffff,3,33,1.3762730517396087,2.9699,18.6291,Jacarepaguá,Jacarepaguá,4,16
88a8a028d1fffff,3,33,0.6862144850036443,4.0015,24.3648,Santa Cruz,Santa Cruz,5,19
88a8a02925fffff,7,85,1.2163823347485003,10.1172,59.866,Santíssimo,Campo Grande,5,18
88a8a06523fffff,24,101,0.25220155552506135,19.7781,112.8272,Pavuna,Pavuna,3,25
88a8a076a7fffff,5,9,0.16861117286835098,3.0549,18.9002,Vargem Grande,Barra da Tijuca,4,24
88a8a0210bfffff,5,17,0.7110496461611704,4.1809,24.0577,Sepetiba,Santa Cruz,5,19
88a8a06e39fffff,15,106,0.10040171622423016,16.4042,96.4607,Jardim América,Penha,3,31
88a8a029cdfffff,22,88,0.2612705426792006,17.8721,111.5929,Campo Grande,Campo Grande,5,18
88a8a074e9fffff,2,7,1.3709363993306767,1.4056,8.7072,Vargem Grande,Barra da Tijuca,4,24
88a8a02a21fffff,5,33,0.2954905579573401,4.5489,27.1124,Guaratiba,Guaratiba,5,26
88a8a021b3fffff,1,11,1.8091289099846637,1.4546,8.7277,Santa Cruz,Santa Cruz,5,19
88a8a02ac9fffff,9,63,1.0506762475723104,9.0516,53.8852,Santa Cruz,Santa Cruz,5,19
88a8a066c7fffff,6,73,0.3674303540056585,10.3045,61.8608,Santíssimo,Campo Grande,5,18
88a8a02b1dfffff,3,32,0.09167523511993739,4.4807,27.1584,Guaratiba,Guaratiba,5,26
88a8a0671bfffff,44,110,0.2004999676462115,25.3243,150.8655,Realengo,Bangu,5,33
88a8a06051fffff,4,74,1.7009631876922202,6.0008,36.5597,Freguesia (Jacarepaguá),Jacarepaguá,4,16
88a8a060a5fffff,27,165,0.44371783942150095,24.2462,145.0236,Cavalcanti,Madureira,3,15
88a8a07a97fffff,12,32,0.39754832785935756,7.828,46.7961,Vidigal,Zona Sul,2,6
88a8a0614dfffff,9,97,0.8259546856119678,12.7614,76.7896,Tijuca,Tijuca,2,8
88a8a061a1fffff,35,145,0.2582332347851089,27.8576,166.6519,Ramos,Ramos,3,10
88a8a02e65fffff,0,9,2.388884172264928,0.9137,5.4822,Santa Cruz,Santa Cruz,5,19
88a8a06249fffff,4,20,0.8051785440874468,3.5273,22.7916,Barra da Tijuca,Barra da Tijuca,4,24
88a8a02f0dfffff,4,32,1.2209517619651997,3.9885,23.9311,Santa Cruz,Santa Cruz,5,19
88a8a0629dfffff,16,69,0.03574481281797029,13.3101,82.3988,Taquara,Jacarepaguá,4,16
88a8a02f61fffff,2,41,0.2727980445136959,5.7111,34.3455,Santa Cruz,Santa Cruz,5,19
88a8a03823fffff,0,3,2.885989133335768,0.3226,2.0445,Guaratiba,Guaratiba,5,26
88a8a07421fffff,1,12,0.7851293372825987,2.1554,13.7743,Camorim,Barra da Tijuca,4,24
88a8a06345fffff,6,31,0.3426369101030265,7.2438,43.8171,Rocinha,Zona Sul,2,27
88a8a07495fffff,1,14,1.6702469110099611,1.1161,7.0238,Campo Grande,Campo Grande,5,18
88a8a038cbfffff,0,0,,0.0,0.0,Guaratiba,Guaratiba,5,26
88a8a074c9fffff,4,8,0.7684082489338375,2.3324,14.4306,Vargem Grande,Barra da Tijuca,4,24
88a8a0751dfffff,4,18,0.842498930922472,3.0875,19.6313,Barra Olímpica,Jacarepaguá,4,16
88a8a06365fffff,15,45,0.2184450939744387,11.4397,70.7547,Gávea,Zona Sul,2,6
88a8a02843fffff,10,73,1.1623760298783534,9.9904,61.0455,Cosmos,Campo Grande,5,18
88a8a06441fffff,27,125,0.21403986890118223,24.63,144.5379,Padre Miguel,Bangu,5,17
88a8a039c7fffff,0,6,3.64694683249892,0.3716,2.307,Guaratiba,Guaratiba,5,26
88a8a075c5fffff,3,17,1.577472041193337,1.9897,12.5854,Jacarepaguá,Jacarepaguá,4,16
88a8a028ebfffff,8,52,0.6961642790887862,7.2241,45.259,Paciência,Santa Cruz,5,19
88a8a0653dfffff,17,90,0.25260323665673184,17.0915,98.2005,Pavuna,Pavuna,3,25
88a8a076c1fffff,1,8,0.2943112639743541,1.523,9.3975,Recreio dos Bandeirantes,Barra da Tijuca,4,24
88a8a02125fffff,4,43,1.6470944240743153,5.2274,30.9981,Guaratiba,Guaratiba,5,26
88a8a06e53fffff,32,143,0.21604441162302224,26.6311,151.7671,Coelho Neto,Pavuna,3,25
88a8a029e7fffff,6,51,0.5620600958153802,7.4716,47.1186,Campo Grande,Campo Grande,5,18
88a8a02a3bfffff,1,60,0.9696763489939779,6.3352,38.6765,Santa Cruz,Santa Cruz,5,19
88a8a06639fffff,40,107,0.2825772346147089,26.9413,155.483,Bangu,Bangu,5,17
88a8a0668dfffff,7,66,1.2052369865347192,8.9341,52.7386,Bangu,Bangu,5,17
88a8a02ae3fffff,24,73,0.335707549459748,16.0033,97.5695,Santa Cruz,Santa Cruz,5,19
88a8a066e1fffff,23,93,0.3032660232514132,17.3123,99.5908,Bangu,Bangu,5,17
88a8a07441fffff,0,10,2.4754320925694766,1.2641,8.0745,Recreio dos Bandeirantes,Barra da Tijuca,4,24
88a8a02b37fffff,13,67,0.3052767436679445,11.5538,72.3723,Campo Grande,Campo Grande,5,18
88a8a06735fffff,7,105,0.3073068820425642,13.3437,82.1218,Vila Militar,Bangu,5,33
88a8a078b9fffff,11,96,0.48501463091324853,13.1887,81.5473,Cosme Velho,Zona Sul,2,4
88a8a06311fffff,2,28,1.3623850281284349,2.7726,16.2173,Alto da Boa Vista,Tijuca,2,8
88a8a06017fffff,11,98,0.7838793563003724,12.4148,75.5115,Piedade,Méier,3,13
88a8a0606bfffff,0,56,2.0665418835796174,4.4159,25.3886,Jacarepaguá,Jacarepaguá,4,16
88a8a0719bfffff,5,18,0.6136203882033527,3.3992,22.0337,Barra da Tijuca,Barra da Tijuca,4,24
88a8a06113fffff,35,170,0.1661464946675722,29.1561,169.1267,Cachambi,Méier,3,13
88a8a06167fffff,28,110,0.358522503772315,21.6762,131.1509,Tijuca,Tijuca,2,8
88a8a061bbfffff,22,160,0.6077465417080938,24.4979,148.246,Penha,Penha,3,11
88a8a06ad1fffff,29,121,0.09286433802401783,23.3082,135.0458,Maré,Ramos,3,30
88a8a06263fffff,7,32,0.8528902019179575,4.8166,28.9524,Itanhangá,Barra da Tijuca,4,24
88a8a062b7fffff,13,84,0.6462931733068696,12.1704,75.003,Praça Seca,Jacarepaguá,4,16
88a8a0630bfffff,3,34,0.6464506020701085,4.0643,24.2544,Alto da Boa Vista,Tijuca,2,8
88a8a0383dfffff,0,3,3.689029902424899,0.1899,1.2039,Guaratiba,Guaratiba,5,26
88a8a0743bfffff,2,8,1.0625098977526082,1.5262,9.4569,Vargem Pequena,Barra da Tijuca,4,24
88a8a074e3fffff,0,7,2.56763269914539,0.6249,3.8782,Vargem Grande,Barra da Tijuca,4,24
88a8a02809fffff,16,81,0.35369039161446875,13.3357,81.3146,Cosmos,Campo Grande,5,18
88a8a03939fffff,1,6,1.5097296429197322,0.9901,6.3886,Grumari,Barra da Tijuca,4,24
88a8a07537fffff,9,61,0.5041145061542482,9.5044,58.2476,Curicica,Jacarepaguá,4,16
88a8a0285dfffff,12,70,1.0043410336716698,10.2052,62.8208,Cosmos,Campo Grande,5,18
88a8a0645bfffff,19,93,0.0262532023677702,16.9559,97.1583,Vila Kennedy,Bangu,5,17
88a8a0398dfffff,0,6,2.9899246856753487,0.437,2.7009,Guaratiba,Guaratiba,5,26
88a8a062bdfffff,14,83,0.4388137504461364,13.3984,82.5405,Tanque,Jacarepaguá,4,16
88a8a0758bfffff,0,9,3.602500581167496,0.5127,3.2667,Jacarepaguá,Jacarepaguá,4,16
88a8a039e1fffff,0,6,2.036375019931432,0.6407,4.079,Guaratiba,Guaratiba,5,26
88a8a02905fffff,13,68,0.6322443045039412,10.2863,64.3569,Senador Vasconcelos,Campo Grande,5,18
88a8a06503fffff,19,87,0.17252566703058866,15.8593,93.6859,Anchieta,Pavuna,3,22
88a8a07633fffff,2,10,0.30888076844930645,2.1745,13.2946,Recreio dos Bandeirantes,Barra da Tijuca,4,24
88a8a02959fffff,17,80,0.1238496226059731,14.3396,89.608,Campo Grande,Campo Grande,5,18
88a8a06557fffff,17,73,0.31547561414971487,14.0819,85.2233,Parque Anchieta,Pavuna,3,22
88a8a07687fffff,1,11,1.3777806993079047,1.5104,9.2868,Vargem Grande,Barra da Tijuca,4,24
88a8a06e19fffff,28,123,0.5088309165929392,22.7326,129.8399,Parque Columbia,Pavuna,3,25
88a8a029adfffff,6,41,1.2374304429461422,5.1702,32.6339,Campo Grande,Campo Grande,5,18
88a8a076dbfffff,2,6,0.9963761566586518,1.1129,7.0452,Guaratiba,Guaratiba,5,26
88a8a02f2dfffff,1,25,0.7342523592931427,2.5877,15.6052,Santa Cruz,Santa Cruz,5,19
88a8a06e6dfffff,31,156,0.4558878938673541,25.4388,155.1422,Penha Circular,Penha,3,11
88a8a02a01fffff,2,33,1.5572851656080073,3.5927,21.5137,Guaratiba,Guaratiba,5,26
88a8a39349fffff,1,11,1.0474933921601597,1.2989,8.1455,Campo Grande,Campo Grande,5,18
88a8a02193fffff,0,2,4.2835253104179,0.1039,0.6233,Santa Cruz,Santa Cruz,5,19
88a8a02a55fffff,6,21,0.27158715164785907,5.1455,30.7494,Guaratiba,Guaratiba,5,26
88a8a06653fffff,4,74,1.4234992534182611,8.6289,50.5513,Senador Camará,Bangu,5,17
88a8a021e7fffff,4,47,0.9998871193444601,5.784,34.5242,Santa Cruz,Santa Cruz,5,19
88a8a06269fffff,3,24,0.7495169959993404,3.928,23.9993,Itanhangá,Barra da Tijuca,4,24
88a8a02aa9fffff,23,70,0.2999812567318252,15.9568,98.0757,Paciência,Santa Cruz,5,19
88a8a066a7fffff,1,34,1.410656851383889,3.7783,21.6306,Bangu,Bangu,5,17
88a8a02b51fffff,2,16,0.5544150783924885,2.5139,14.9558,Guaratiba,Guaratiba,5,26
88a8a078d3fffff,7,75,0.7207407567058841,9.7557,61.4454,Jardim Botânico,Zona Sul,2,6
88a8a06031fffff,21,115,0.22948636274613393,19.9317,119.4207,Encantado,Méier,3,13
88a8a06085fffff,27,133,0.15859968888334633,21.3257,126.9467,Madureira,Madureira,3,15
88a8a071b5fffff,1,22,0.3154526448527398,3.0889,19.0694,São Conrado,Zona Sul,2,6
88a8a060d9fffff,13,91,0.42333375652760086,12.0253,74.9296,Vila Valqueire,Jacarepaguá,4,16
88a8a0612dfffff,31,108,0.43384554306006196,19.8833,119.879,Praça da Bandeira,Tijuca,2,8
88a8a06181fffff,32,190,0.5918967159915202,29.969,177.4352,Inhaúma,Inhaúma,3,12
88a8a02e45fffff,0,1,4.67985946269508,0.0442,0.265,Santa Cruz,Santa Cruz,5,19
88a8a06a43fffff,20,63,0.13614531751217715,14.3564,88.7587,Santa Teresa,Centro,1,23
88a8a061d5fffff,31,169,0.5102413039136885,28.068,167.1504,Pilares,Méier,3,13
88a8a06229fffff,4,32,1.2343770210652045,4.2627,25.6585,Itanhangá,Barra da Tijuca,4,24
88a8a02f41fffff,9,33,0.24054540292398513,7.5675,45.4053,Santa Cruz,Santa Cruz,5,19
88a8a062d1fffff,10,59,0.7129849542518442,9.757,60.1108,Jacarepaguá,Jacarepaguá,4,16
88a8a07401fffff,2,14,1.2256183275826837,1.9671,12.4088,Vargem Pequena,Barra da Tijuca,4,24
88a8a06325fffff,5,81,1.3303889032966902,8.7565,54.201,Alto da Boa Vista,Tijuca,2,8
88a8a07455fffff,0,14,2.1576276208429457,1.7174,10.7136,Recreio dos Bandeirantes,Barra da Tijuca,4,24
88a8a06215fffff,17,53,0.2037048334787089,11.9264,72.6462,Anil,Jacarepaguá,4,16
88a8a074a9fffff,0,6,3.48147432013297,0.3541,2.1994,Vargem Grande,Barra da Tijuca,4,24
88a8a02823fffff,24,89,0.2462231031903635,17.9761,110.8026,Campo Grande,Campo Grande,5,18
88a8a03953fffff,3,3,0.3737488485900202,1.5744,9.925,Guaratiba,Guaratiba,5,26
88a8a07551fffff,0,13,2.1171234802530163,2.0752,13.5308,Barra da Tijuca,Barra da Tijuca,4,24
88a8a039a7fffff,0,7,2.627626385944966,0.7114,4.2931,Ilha de Guaratiba,Guaratiba,5,26
88a8a075a5fffff,9,55,0.9758970316912682,6.8858,42.9544,Jacarepaguá,Jacarepaguá,4,16
88a8a028cbfffff,5,68,1.0628897810737459,7.2903,44.9393,Santa Cruz,Santa Cruz,5,19
88a8a064c9fffff,0,23,2.265636844226197,1.9628,11.2527,Bangu,Bangu,5,17
88a8a0651dfffff,18,65,0.02166534248037851,13.9995,84.0535,Parque Anchieta,Pavuna,3,22
88a8a076a1fffff,4,11,0.9893337265670782,2.4547,15.1347,Vargem Grande,Barra da Tijuca,4,24
88a8a02105fffff,7,29,1.013151407824428,5.4036,31.4859,Sepetiba,Santa Cruz,5,19
88a8a029c7fffff,11,67,0.6337031153725045,9.9575,62.2166,Campo Grande,Campo Grande,5,18
88a8a02a1bfffff,2,59,1.56137424203138,6.2555,37.4414,Santa Cruz,Santa Cruz,5,19
88a8a06619fffff,18,81,0.8198840617560968,13.3028,77.0905,Senador Camará,Bangu,5,17
88a8a021adfffff,9,51,0.41465366886166627,8.1653,48.9046,Santa Cruz,Santa Cruz,5,19
88a8a0666dfffff,0,71,2.0653746623139235,5.8117,34.7255,Jacarepaguá,Jacarepaguá,4,16
88a8a02ac3fffff,17,69,0.7436189568222731,12.9589,77.7571,Santa Cruz,Santa Cruz,5,19
88a8a066c1fffff,9,80,0.5061116494855386,11.0868,67.3936,Santíssimo,Campo Grande,5,18
88a8a02b17fffff,6,58,0.27594784995663885,7.9089,48.5189,Guaratiba,Guaratiba,5,26
88a8a061c1fffff,37,159,0.3804243638846693,28.2118,166.0672,Cachambi,Méier,3,13
88a8a06715fffff,33,96,0.6011898130954608,21.0332,126.6075,Realengo,Bangu,5,33
88a8a02b6bfffff,1,11,0.6097949090118024,1.2681,7.5988,Guaratiba,Guaratiba,5,26
88a8a06769fffff,7,73,0.7763802811679336,8.9121,55.6503,Taquara,Jacarepaguá,4,16
88a8a07899fffff,4,90,1.3071302849419157,9.5213,59.2916,Alto da Boa Vista,Tijuca,2,8
88a8a0604bfffff,0,44,2.190055581397766,3.6437,22.034,Jacarepaguá,Jacarepaguá,4,16
88a8a07a91fffff,8,27,0.7298645961692622,5.5167,32.7351,Vidigal,Zona Sul,2,6
88a8a06147fffff,28,106,0.19804581611801073,21.0179,125.3019,Tijuca,Tijuca,2,8
88a8a06a09fffff,20,58,0.4788035863967469,11.2942,69.6254,Centro,Centro,1,2
88a8a0619bfffff,26,185,0.22559008359650531,25.1229,150.113,Vicente de Carvalho,Madureira,3,14
88a8a06a5dfffff,24,74,0.20556075182324338,17.2497,105.7601,Santa Teresa,Centro,1,23
88a8a06243fffff,7,30,1.6561313197505159,4.5973,28.5474,Itanhangá,Barra da Tijuca,4,24
88a8a02f07fffff,0,15,2.238592837230109,1.3613,8.1678,Santa Cruz,Santa Cruz,5,19
88a8a06297fffff,11,72,0.4876140390738221,10.5556,65.7211,Taquara,Jacarepaguá,4,16
88a8a02f5bfffff,0,9,2.333265868958567,1.004,6.0243,Santa Cruz,Santa Cruz,5,19
88a8a062ebfffff,26,70,0.38826968211829527,17.9479,109.2156,Freguesia (Jacarepaguá),Jacarepaguá,4,16
88a8a0741bfffff,3,9,0.5257859831863616,2.6857,16.614,Vargem Grande,Barra da Tijuca,4,24
88a8a038c5fffff,0,4,4.303738935565905,0.1976,1.2645,Guaratiba,Guaratiba,5,26
88a8a074c3fffff,1,9,1.966520823062862,1.1305,6.9914,Vargem Grande,Barra da Tijuca,4,24
88a8a03919fffff,3,4,0.9906545439791374,1.2788,8.1548,Guaratiba,Guaratiba,5,26
88a8a0616dfffff,18,100,0.6535310118818924,16.5574,99.9886,Rio Comprido,Centro,1,3
88a8a07517fffff,4,19,0.17406897426463105,4.1718,26.2943,Jacarepaguá,Jacarepaguá,4,16
88a8a0283dfffff,22,83,0.24358486065716323,16.3911,100.3211,Cosmos,Campo Grande,5,18
88a8a0756bfffff,3,15,0.8263054704642898,1.8992,12.4341,Barra da Tijuca,Barra da Tijuca,4,24
88a8a039c1fffff,0,6,3.62000389446848,0.361,2.2784,Guaratiba,Guaratiba,5,26
88a8a028e5fffff,10,57,0.2134169408868418,8.6497,53.588,Campo Grande,Campo Grande,5,18
88a8a07613fffff,1,7,1.565768763768223,0.948,5.8114,Recreio dos Bandeirantes,Barra da Tijuca,4,24
88a8a02939fffff,18,77,0.4526854686749513,13.8326,86.9519,Senador Vasconcelos,Campo Grande,5,18
88a8a0298dfffff,5,57,1.5206951722880286,6.7127,42.0504,Campo Grande,Campo Grande,5,18
88a8a076bbfffff,1,8,1.9161437858913302,1.0123,6.1744,Guaratiba,Guaratiba,5,26
88a8a06e4dfffff,23,179,0.4117447880637426,25.9337,155.4126,Irajá,Madureira,3,14
88a8a029e1fffff,10,64,0.0831414254275754,10.8413,68.2409,Campo Grande,Campo Grande,5,18
88a8a02a35fffff,3,62,1.590234237315963,5.9123,35.9976,Santa Cruz,Santa Cruz,5,19
88a8a06633fffff,38,103,0.25782080848895444,24.4505,140.8541,Bangu,Bangu,5,17
88a8a021c7fffff,0,17,3.365589113158121,0.9129,5.396,Santa Cruz,Santa Cruz,5,19
88a8a02a89fffff,23,66,0.21159143509174747,15.2952,92.1669,Santa Cruz,Santa Cruz,5,19
88a8a06687fffff,1,44,0.44830000554011756,4.8808,28.7702,Bangu,Bangu,5,17
88a8a06f49fffff,26,131,0.137776646787192,21.5531,129.626,Olaria,Ramos,3,10
88a8a02addfffff,18,63,0.08581664173229481,11.9524,71.4142,Santa Cruz,Santa Cruz,5,19
88a8a066dbfffff,8,48,0.9176991973768003,7.1069,44.8889,Campo Grande,Campo Grande,5,18
88a8a06119fffff,32,145,0.45689135562745675,24.3923,140.637,Engenho Novo,Méier,3,13
88a8a02b31fffff,10,56,0.39319889074635644,8.4064,52.4633,Campo Grande,Campo Grande,5,18
88a8a078b3fffff,18,96,0.4835178129725034,16.7602,101.5658,Rio Comprido,Centro,1,3
88a8a06011fffff,4,89,1.6470863481650493,8.6088,52.2762,Quintino Bocaiúva,Madureira,3,15
88a8a07ab7fffff,16,44,0.1466327167406071,10.5801,65.081,Leblon,Zona Sul,2,6
88a8a06065fffff,4,81,1.2600831029475734,9.2623,53.3507,Grajaú,Tijuca,2,9
88a8a07195fffff,3,20,0.35331134196999076,3.2382,20.8711,Barra da Tijuca,Barra da Tijuca,4,24
88a8a060b9fffff,29,148,0.15033793760981448,23.9848,143.1433,Turiaçu,Madureira,3,15
88a8a0610dfffff,31,120,0.34713395400293523,24.1205,144.6148,Maracanã,Tijuca,2,9
88a8a06161fffff,20,119,0.2691376679638292,20.8759,126.0005,Tijuca,Tijuca,2,8
88a8a061b5fffff,29,144,0.3961575231380109,23.9648,144.0445,Penha,Penha,3,11
88a8a06209fffff,7,37,0.7555282839024393,6.5986,40.3007,Itanhangá,Barra da Tijuca,4,24
88a8a06acbfffff,15,127,0.07691585690541268,18.6086,108.9044,Caju,Centro,1,1
88a8a0625dfffff,2,33,1.3300754035039644,4.1031,25.7331,Barra da Tijuca,Barra da Tijuca,4,24
88a8a02f21fffff,1,19,1.5039391571867378,1.5503,9.3177,Santa Cruz,Santa Cruz,5,19
88a8a062b1fffff,13,79,0.6362069726444494,12.1636,74.9842,Tanque,Jacarepaguá,4,16
88a8a06305fffff,2,48,1.8596001343400428,5.5906,34.0254,Alto da Boa Vista,Tijuca,2,8
88a8a03837fffff,0,6,4.303452785917998,0.275,1.699,Guaratiba,Guaratiba,5,26
88a8a07435fffff,1,13,1.9825655547924224,1.3142,8.3137,Vargem Pequena,Barra da Tijuca,4,24
88a8a06359fffff,1,24,1.0122142809265589,3.0517,18.3762,Alto da Boa Vista,Tijuca,2,8
88a8a060c5fffff,12,97,1.0269987770412017,12.766,77.2594,Quintino Bocaiúva,Madureira,3,15
88a8a07489fffff,0,7,2.440675209010098,0.715,4.4286,Vargem Grande,Barra da Tijuca,4,24
88a8a074ddfffff,0,7,2.1816875273304968,0.9079,5.5983,Vargem Grande,Barra da Tijuca,4,24
88a8a02803fffff,19,84,0.32786629352904817,15.6052,95.21,Cosmos,Campo Grande,5,18
88a8a03933fffff,1,6,0.9896455491395962,1.117,7.1843,Barra de Guaratiba,Guaratiba,5,26
88a8a07531fffff,7,45,0.7193513314469469,6.5148,39.9474,Barra Olímpica,Jacarepaguá,4,16
88a8a02857fffff,23,80,0.40847922232249734,15.4948,95.4195,Cosmos,Campo Grande,5,18
88a8a03987fffff,1,9,1.567968472119863,0.8747,5.2863,Guaratiba,Guaratiba,5,26
88a8a06455fffff,13,95,0.11853163766517472,15.6625,90.8094,Bangu,Bangu,5,17
88a8a07585fffff,0,23,2.2920444724183726,1.884,11.8586,Jacarepaguá,Jacarepaguá,4,16
88a8a028abfffff,3,17,1.4589908183966067,2.3688,14.9245,Paciência,Santa Cruz,5,19
88a8a075d9fffff,0,8,2.7111659206780847,0.6057,3.7709,Vargem Grande,Barra da Tijuca,4,24
88a8a02953fffff,26,87,0.4331004881789071,17.093,106.6969,Campo Grande,Campo Grande,5,18
88a8a06551fffff,16,91,0.5759139262129421,12.0565,73.2417,Ricardo de Albuquerque,Pavuna,3,22
88a8a07681fffff,1,11,1.8611214880279363,1.3629,8.364,Vargem Grande,Barra da Tijuca,4,24
88a8a06e13fffff,14,89,0.7117578610374861,14.0987,80.3728,Pavuna,Pavuna,3,25
88a8a029a7fffff,2,19,0.7211252324462666,2.3347,14.7046,Campo Grande,Campo Grande,5,18
88a8a076d5fffff,2,7,0.48243197776426183,1.564,9.6147,Guaratiba,Guaratiba,5,26
88a8a02139fffff,11,37,0.8462032596319362,6.5302,38.1105,Sepetiba,Santa Cruz,5,19
88a8a06e67fffff,34,114,0.4681495876168246,23.5917,142.971,Cordovil,Penha,3,31
88a8a0218dfffff,0,27,2.8519727869023215,1.6971,10.1117,Santa Cruz,Santa Cruz,5,19
88a8a0664dfffff,0,31,3.2218486960580517,1.9213,11.1694,Senador Camará,Bangu,5,17
88a8a021e1fffff,1,40,1.4968198966125066,3.9704,23.5767,Santa Cruz,Santa Cruz,5,19
88a8a02aa3fffff,11,77,0.41717913191530537,11.7824,72.6209,Paciência,Santa Cruz,5,19
88a8a066a1fffff,7,59,0.7870172673396545,6.9342,39.7762,Bangu,Bangu,5,17
88a8a02b4bfffff,1,13,1.5838501859373377,1.2584,7.4613,Guaratiba,Guaratiba,5,26
88a8a06749fffff,4,59,0.4570234078158658,6.9599,43.2489,Taquara,Jacarepaguá,4,16
88a8a078cdfffff,7,40,0.17671302562297514,7.9815,48.7773,Copacabana,Zona Sul,2,5
88a8a070b3fffff,4,18,0.9666041710369985,2.6185,17.0486,Barra da Tijuca,Barra da Tijuca,4,24
88a8a0602bfffff,18,106,0.5904074844848404,15.4311,89.3629,Lins de Vasconcelos,Méier,3,13
88a8a060d3fffff,12,104,0.37225960350139153,14.3669,89.8098,Vila Valqueire,Jacarepaguá,4,16
88a8a06127fffff,15,115,0.8757793025190818,15.8735,94.5181,Caju,Centro,1,1
88a8a06223fffff,1,31,1.7253830956840877,3.7947,22.8818,Jacarepaguá,Jacarepaguá,4,16
88a8a062cbfffff,12,67,0.16419514378413408,12.9396,79.0592,Jacarepaguá,Jacarepaguá,4,16
88a8a038a5fffff,3,13,1.1140339592655786,2.5144,15.6476,Guaratiba,Guaratiba,5,26
88a8a074a3fffff,0,12,3.8534937139441188,0.5663,3.3196,Campo Grande,Campo Grande,5,18
88a8a0281dfffff,16,76,0.259480958013647,15.0623,92.245,Cosmos,Campo Grande,5,18
88a8a0641bfffff,1,37,1.6899578035702165,3.816,21.817,Gericinó,Bangu,5,17
88a8a0754bfffff,1,13,1.8817277842024605,1.4784,9.7601,Barra da Tijuca,Barra da Tijuca,4,24
88a8a039a1fffff,0,6,2.8424151390150754,0.6444,3.9331,Ilha de Guaratiba,Guaratiba,5,26
88a8a0601dfffff,2,78,1.5727343070983535,6.9259,41.8596,Água Santa,Méier,3,13
88a8a028c5fffff,5,63,0.058049504124424625,8.4495,52.7388,Paciência,Santa Cruz,5,19
88a8a02919fffff,24,86,0.11005851731551733,18.6504,116.7426,Campo Grande,Campo Grande,5,18
88a8a0296dfffff,1,33,0.6214415292285528,3.0914,19.2184,Campo Grande,Campo Grande,5,18
88a8a0656bfffff,28,131,0.20622195324617726,23.9234,144.0569,Guadalupe,Pavuna,3,22
88a8a0769bfffff,0,7,2.0964977928360895,0.7905,4.791,Ilha de Guaratiba,Guaratiba,5,26
88a8a06e2dfffff,26,95,0.13946619743493718,19.9982,120.1789,Cordovil,Penha,3,31
88a8a029c1fffff,17,74,0.14689498954311883,13.8524,86.2966,Campo Grande,Campo Grande,5,18
88a8a02a15fffff,1,56,0.8306944749197481,5.2055,31.5133,Santa Cruz,Santa Cruz,5,19
88a8a06613fffff,20,89,0.22138394012535723,17.2068,99.9356,Senador Camará,Bangu,5,17
88a8a021a7fffff,9,36,0.9509893289982398,7.8526,47.1159,Santa Cruz,Santa Cruz,5,19
88a8a02a69fffff,3,20,0.8974116085738079,3.0394,18.2956,Guaratiba,Guaratiba,5,26
88a8a06667fffff,12,108,0.7526155190606845,14.6816,86.9215,Realengo,Bangu,5,33
88a8a02abdfffff,15,73,0.9531046906512898,11.985,73.15,Santa Cruz,Santa Cruz,5,19
88a8a066bbfffff,1,16,1.7206293156591588,1.5315,9.2463,Bangu,Bangu,5,17
88a8a02b11fffff,8,40,0.6521473125584164,5.6021,34.0123,Guaratiba,Guaratiba,5,26
88a8a02b65fffff,1,9,1.570920389491689,0.8421,5.0995,Guaratiba,Guaratiba,5,26
88a8a06763fffff,3,94,0.3477107804452961,10.9662,68.8433,Jardim Sulacap,Bangu,5,33
88a8a07893fffff,8,110,1.0564685450129112,13.0525,78.9058,Alto da Boa Vista,Tijuca,2,8
88a8a078e7fffff,9,42,0.6809417216433298,8.2078,52.3431,Copacabana,Zona Sul,2,5
88a8a06045fffff,0,50,2.882425512051874,3.0039,17.426,Jacarepaguá,Jacarepaguá,4,16
88a8a06099fffff,19,110,0.8839274357190772,16.6939,103.4143,Marechal Hermes,Madureira,3,15
88a8a060edfffff,22,116,0.33781292878807667,17.8048,108.3136,Quintino Bocaiúva,Madureira,3,15
88a8a06141fffff,20,97,0.024743084476045563,16.9905,101.1753,Tijuca,Tijuca,2,8
88a8a06a03fffff,7,52,0.3610300705436776,7.8138,47.3623,Centro,Centro,1,2
88a8a06195fffff,25,175,1.0349253829516678,24.3769,146.7893,Engenho da Rainha,Inhaúma,3,12
88a8a06a57fffff,21,80,0.3213663940723821,16.1831,97.9941,Centro,Centro,1,2
88a8a061e9fffff,40,182,0.24240152956491265,30.4257,176.6027,Maria da Graça,Inhaúma,3,12
88a8a0623dfffff,6,39,1.5644867487077951,5.9998,36.4186,Jacarepaguá,Jacarepaguá,4,16
88a8a02f01fffff,2,18,1.322716074223526,2.2789,13.6734,Santa Cruz,Santa Cruz,5,19
88a8a06291fffff,14,72,0.3375456676523781,11.1628,69.3698,Taquara,Jacarepaguá,4,16
88a8a02f55fffff,4,16,0.8233070501703432,2.8948,17.3685,Santa Cruz,Santa Cruz,5,19
88a8a062e5fffff,14,61,0.27551471048682324,11.6522,70.9781,Freguesia (Jacarepaguá),Jacarepaguá,4,16
88a8a03817fffff,0,2,4.66759010833054,0.082,0.5245,Guaratiba,Guaratiba,5,26
88a8a07415fffff,2,10,0.7027989795691107,2.1286,13.1775,Vargem Pequena,Barra da Tijuca,4,24
88a8a06339fffff,4,52,0.433301509578508,5.7511,34.0552,Alto da Boa Vista,Tijuca,2,8
88a8a07469fffff,4,9,0.9484615184203371,2.3978,15.8454,Barra da Tijuca,Barra da Tijuca,4,24
88a8a074bdfffff,0,10,2.998636177248118,0.5072,3.0329,Campo Grande,Campo Grande,5,18
88a8a03913fffff,0,5,2.34259993387257,0.6477,4.1604,Guaratiba,Guaratiba,5,26
88a8a07511fffff,4,19,0.09741014798127252,4.21,26.7971,Jacarepaguá,Jacarepaguá,4,16
88a8a02837fffff,15,73,0.5738851157459528,11.9642,73.543,Campo Grande,Campo Grande,5,18
88a8a07565fffff,3,30,1.8661562201199178,2.7119,17.2965,Barra da Tijuca,Barra da Tijuca,4,24
88a8a0288bfffff,3,20,1.5371317983304837,2.66,16.5577,Paciência,Santa Cruz,5,19
88a8a039bbfffff,2,15,0.3536170780210284,2.231,13.3857,Guaratiba,Guaratiba,5,26
88a8a075b9fffff,1,29,1.8929841360934703,2.1777,13.4575,Jacarepaguá,Jacarepaguá,4,16
88a8a02933fffff,12,67,0.7468129772933434,10.7382,67.7152,Campo Grande,Campo Grande,5,18
88a8a02987fffff,0,35,2.729614499820179,2.5702,16.1006,Campo Grande,Campo Grande,5,18
88a8a076b5fffff,2,7,0.5981384478518882,1.8096,11.163,Vargem Grande,Barra da Tijuca,4,24
88a8a06e47fffff,35,158,0.28430870455141705,28.3699,170.6493,Irajá,Madureira,3,14
88a8a029dbfffff,7,46,0.9453068449304919,5.7956,35.9484,Campo Grande,Campo Grande,5,18
88a8a0662dfffff,20,112,0.1858743632920193,20.9319,124.1486,Padre Miguel,Bangu,5,17
88a8a021c1fffff,0,10,3.2754901652588697,0.5207,3.0148,Santa Cruz,Santa Cruz,5,19
88a8a02a83fffff,21,72,0.4236877684852428,15.3622,92.6664,Santa Cruz,Santa Cruz,5,19
88a8a06681fffff,4,51,0.7494207821510492,6.2298,37.2044,Campo Grande,Campo Grande,5,18
88a8a06f43fffff,12,100,0.8676156217381854,13.1507,79.7096,Penha,Penha,3,11
88a8a02ad7fffff,21,64,0.23328137864605983,14.971,89.8888,Santa Cruz,Santa Cruz,5,19
88a8a066d5fffff,8,55,0.5059305945728504,7.4055,45.9897,Campo Grande,Campo Grande,5,18
88a8a02b2bfffff,1,31,1.981131622429867,3.1303,19.5215,Guaratiba,Guaratiba,5,26
88a8a06729fffff,5,102,0.5226119688419656,11.669,73.2787,Campo dos Afonsos,Bangu,5,33
88a8a078adfffff,12,45,0.18754716903311575,7.904,50.9338,Urca,Zona Sul,2,4
88a8a07093fffff,3,6,0.7193668579720869,1.9263,12.8788,Barra da Tijuca,Barra da Tijuca,4,24
88a8a0600bfffff,1,66,1.8614199296018605,5.3718,32.2013,Jacarepaguá,Jacarepaguá,4,16
88a8a060b3fffff,25,165,0.3152768325070414,26.8928,158.4968,Rocha Miranda,Madureira,3,15
88a8a06107fffff,32,141,0.08365793989828138,25.7226,152.8148,Mangueira,Centro,1,7
88a8a0615bfffff,14,101,0.5584637723248126,14.3905,82.7876,Grajaú,Tijuca,2,9
88a8a06a1dfffff,14,70,0.189112714769644,11.4956,69.3121,Gamboa,Centro,1,1
88a8a06203fffff,13,45,0.5799894168092173,9.9777,60.9463,Jacarepaguá,Jacarepaguá,4,16
88a8a06257fffff,9,50,1.1301244585328698,7.0537,43.0767,Jacarepaguá,Jacarepaguá,4,16
88a8a062abfffff,15,80,0.3008142379236428,13.3727,82.6517,Tanque,Jacarepaguá,4,16
88a8a03831fffff,0,3,4.529741063896389,0.1235,0.7764,Guaratiba,Guaratiba,5,26
88a8a06353fffff,4,27,0.7134432980811033,3.5152,20.9056,Alto da Boa Vista,Tijuca,2,8
88a8a07483fffff,0,9,2.5990700991835722,0.577,3.6146,Campo Grande,Campo Grande,5,18
88a8a074d7fffff,0,13,3.129546807773938,0.8252,5.1418,Campo Grande,Campo Grande,5,18
88a8a0752bfffff,2,45,1.321671201645128,4.4923,27.488,Barra da Tijuca,Barra da Tijuca,4,24
88a8a02851fffff,18,74,0.18989386649001097,13.9753,86.5862,Paciência,Santa Cruz,5,19
88a8a03981fffff,0,8,2.086035540846686,0.6809,4.158,Guaratiba,Guaratiba,5,26
88a8a039d5fffff,0,7,2.9548824246092944,0.5869,3.6174,Guaratiba,Guaratiba,5,26
88a8a075d3fffff,0,3,4.255666143545159,0.1535,0.9516,Jacarepaguá,Jacarepaguá,4,16
88a8a0294dfffff,6,38,1.45205258196396,4.9821,31.3141,Campo Grande,Campo Grande,5,18
88a8a0654bfffff,8,110,0.19611294890919265,14.6104,89.8502,Vila Militar,Bangu,5,33
88a8a06e0dfffff,36,141,0.3192837013633006,27.5436,165.719,Vista Alegre,Madureira,3,14
88a8a029a1fffff,2,30,1.6241172092353262,3.2169,20.2749,Campo Grande,Campo Grande,5,18
88a8a02133fffff,9,48,1.2869600801281238,7.1624,42.3912,Santa Cruz,Santa Cruz,5,19
88a8a06e61fffff,33,141,0.08255204832138732,26.7584,163.1193,Brás de Pina,Penha,3,11
88a8a02187fffff,0,22,2.6982905508568176,1.9722,11.8332,Santa Cruz,Santa Cruz,5,19
88a8a02a49fffff,7,18,0.27571230463688173,5.074,31.3611,Pedra de Guaratiba,Guaratiba,5,26
88a8a06647fffff,3,69,1.6494406606469558,7.1166,41.2149,Bangu,Bangu,5,17
88a8a02a9dfffff,20,67,0.5388257566750181,15.2588,91.7276,Santa Cruz,Santa Cruz,5,19
88a8a0673bfffff,17,106,0.11341857263149298,17.2332,103.8032,Realengo,Bangu,5,33
88a8a0669bfffff,2,17,0.6802782814756317,2.5912,16.33,Campo Grande,Campo Grande,5,18
88a8a06f5dfffff,17,121,0.1489123273940657,18.0012,109.4395,Penha,Penha,3,11
88a8a02b45fffff,1,8,0.9351783635316517,1.0001,5.9713,Guaratiba,Guaratiba,5,26
88a8a02b3dfffff,4,41,1.078548157137125,5.2882,33.0012,Campo Grande,Campo Grande,5,18
88a8a06743fffff,11,73,0.9447728690245175,10.9178,66.7663,Jardim Sulacap,Bangu,5,33
88a8a078c7fffff,16,47,0.7496018260259665,9.6319,60.4326,Copacabana,Zona Sul,2,5
88a8a06025fffff,29,137,0.411961956805047,22.2254,127.5604,Engenho Novo,Méier,3,13
88a8a060cdfffff,8,96,0.6665719491146865,10.6289,64.6608,Praça Seca,Jacarepaguá,4,16
88a8a06121fffff,20,120,0.3834713142264396,19.9984,120.2473,Imperial de São Cristóvão,Centro,1,7
88a8a061c9fffff,33,136,0.15839384578050578,25.6534,150.1086,Todos os Santos,Méier,3,13
88a8a0621dfffff,15,54,0.7328487205670239,9.9239,60.453,Anil,Jacarepaguá,4,16
88a8a062c5fffff,24,66,0.11525219486585306,17.765,107.0983,Cidade de Deus,Jacarepaguá,4,34
88a8a06319fffff,4,23,0.9152149827624648,2.992,17.7037,Alto da Boa Vista,Tijuca,2,8
88a8a07449fffff,0,10,2.0997736394845044,1.0602,6.7065,Recreio dos Bandeirantes,Barra da Tijuca,4,24
88a8a0636dfffff,17,38,0.5659999462232128,9.6876,59.0352,Gávea,Zona Sul,2,6
88a8a0749dfffff,0,16,2.335318177085577,1.0066,6.3058,Campo Grande,Campo Grande,5,18
88a8a02817fffff,11,71,1.2056302212739258,10.7364,66.1883,Paciência,Santa Cruz,5,19
88a8a07545fffff,3,13,0.1388416974436869,2.1638,14.4124,Barra da Tijuca,Barra da Tijuca,4,24
88a8a0286bfffff,13,80,1.3852362489889012,10.7005,65.4236,Inhoaíba,Campo Grande,5,18
88a8a066e7fffff,15,93,0.1855955088153639,16.6406,95.2438,Vila Kennedy,Bangu,5,17
88a8a06469fffff,19,107,0.9221110816548218,16.8884,100.8904,Realengo,Bangu,5,33
88a8a0399bfffff,4,16,1.2026429206822684,3.0584,18.8247,Guaratiba,Guaratiba,5,26
88a8a07599fffff,0,5,4.37491605054124,0.2155,1.3251,Jacarepaguá,Jacarepaguá,4,16
88a8a02ae9fffff,11,71,1.0475849881244543,10.4055,63.1662,Santa Cruz,Santa Cruz,5,19
88a8a075edfffff,5,37,0.7474508608985353,4.467,27.8064,Jacarepaguá,Jacarepaguá,4,16
88a8a02913fffff,25,82,0.32894942624329293,17.5634,110.1049,Campo Grande,Campo Grande,5,18
88a8a020a5fffff,0,0,,0.0,0.0,Santa Cruz,Santa Cruz,5,19
88a8a06f55fffff,10,87,0.4280308585337301,11.9894,73.2603,Penha,Penha,3,11
88a8a02967fffff,2,65,1.733997010689474,5.9351,36.2441,Campo Grande,Campo Grande,5,18
88a8a06565fffff,32,150,0.05333817662888808,26.8353,157.3939,Honório Gurgel,Madureira,3,15
88a8a07695fffff,0,9,2.2101924212755053,1.0461,6.3833,Guaratiba,Guaratiba,5,26
88a8a076e9fffff,1,9,1.9654087374291251,1.2131,7.4351,Recreio dos Bandeirantes,Barra da Tijuca,4,24
88a8a0660dfffff,12,92,0.8640257231201722,12.5248,72.7923,Bangu,Bangu,5,17
88a8a021a1fffff,6,41,0.8743787822688736,6.4784,38.8306,Santa Cruz,Santa Cruz,5,19
88a8a02a63fffff,2,22,0.9538315945863409,3.1624,18.8549,Guaratiba,Guaratiba,5,26
88a8a06661fffff,4,90,1.6174263535081292,9.0471,53.5246,Realengo,Bangu,5,33
88a8a02ab7fffff,5,65,0.9030590774713331,7.3831,45.0602,Santa Cruz,Santa Cruz,5,19
88a8a066b5fffff,0,23,2.126370207654999,1.8529,10.7705,Bangu,Bangu,5,17
88a8a02b0bfffff,1,22,0.8482761819181044,2.8355,17.1829,Guaratiba,Guaratiba,5,26
88a8a06693fffff,1,10,0.9522317160910195,1.5916,9.9788,Campo Grande,Campo Grande,5,18
88a8a06709fffff,22,83,0.5217390464651612,14.4996,88.448,Realengo,Bangu,5,33
88a8a0675dfffff,12,82,1.1169966680812495,11.4042,69.3004,Realengo,Bangu,5,33
88a8a0788dfffff,14,55,0.9524707734889181,10.4829,65.9434,Botafogo,Zona Sul,2,4
88a8a02a95fffff,17,63,0.24857655119081518,13.2622,79.8529,Santa Cruz,Santa Cruz,5,19
88a8a078e1fffff,10,40,0.2772998652615099,8.1468,51.628,Copacabana,Zona Sul,2,5
88a8a06093fffff,24,128,0.1349647513403155,22.009,135.7711,Marechal Hermes,Madureira,3,15
88a8a060e7fffff,26,135,0.41137117363041165,23.0059,138.592,Cascadura,Madureira,3,15
88a8a0613bfffff,32,174,0.42893841207608613,27.4063,159.0148,Rocha,Méier,3,13
88a8a06a51fffff,26,89,0.06567734531613757,19.53,118.4507,Cidade Nova,Centro,1,3
88a8a061e3fffff,38,172,0.2792026755371033,31.9254,187.3468,Higienópolis,Inhaúma,3,12
88a8a06237fffff,4,49,1.2891732410187464,5.9469,36.1854,Jacarepaguá,Jacarepaguá,4,16
88a8a0628bfffff,19,70,0.6236831682933153,14.5069,89.3711,Taquara,Jacarepaguá,4,16
88a8a06333fffff,8,70,1.4728717703710021,8.3218,48.22,Andaraí,Tijuca,2,9
88a8a07463fffff,5,12,1.2098703742072878,2.3503,15.2583,Recreio dos Bandeirantes,Barra da Tijuca,4,24
88a8a074b7fffff,0,38,2.537147214304343,2.53,14.76,Senador Camará,Bangu,5,17
88a8a021d3fffff,0,0,,0.0,0.0,Santa Cruz,Santa Cruz,5,19
88a8a0750bfffff,2,19,1.7600840640220865,2.326,14.8675,Barra da Tijuca,Barra da Tijuca,4,24
88a8a02831fffff,15,77,0.29403296948210306,14.2303,87.136,Cosmos,Campo Grande,5,18
88a8a02885fffff,4,20,0.8763824430947551,3.6152,22.8023,Paciência,Santa Cruz,5,19
88a8a039b5fffff,2,9,1.9220903999917223,1.0205,6.0825,Ilha de Guaratiba,Guaratiba,5,26
88a8a075b3fffff,2,67,1.7846752581081036,6.4859,39.1473,Jacarepaguá,Jacarepaguá,4,16
88a8a028d9fffff,6,47,0.5405618205826,5.5097,33.455,Santa Cruz,Santa Cruz,5,19
88a8a0292dfffff,0,72,2.1320906986585144,7.2549,43.5621,Campo Grande,Campo Grande,5,18
88a8a02a41fffff,9,20,0.3701021154425044,4.8893,29.6955,Guaratiba,Guaratiba,5,26
88a8a0652bfffff,24,108,0.3954619193579262,20.9939,120.7876,Costa Barros,Pavuna,3,25
88a8a02981fffff,0,47,2.0229706278304045,4.1414,25.9016,Campo Grande,Campo Grande,5,18
88a8a02113fffff,1,21,1.6974230141440934,2.0025,11.6685,Santa Cruz,Santa Cruz,5,19
88a8a06e41fffff,26,173,0.3222472275426984,27.2586,163.3451,Irajá,Madureira,3,14
88a8a029d5fffff,2,56,1.5141299216370387,5.9625,37.0243,Campo Grande,Campo Grande,5,18
88a8a02167fffff,3,31,0.23957957839333502,5.3477,31.6071,Guaratiba,Guaratiba,5,26
88a8a02a29fffff,4,24,0.07861461028965079,3.8137,22.6456,Guaratiba,Guaratiba,5,26
88a8a06627fffff,36,123,0.36310004826405107,26.6469,157.0226,Padre Miguel,Bangu,5,17
88a8a021bbfffff,0,11,2.4514664862969524,1.0453,6.2717,Santa Cruz,Santa Cruz,5,19
88a8a02ad1fffff,16,63,0.6527816207721031,12.1138,72.5153,Santa Cruz,Santa Cruz,5,19
88a8a02b25fffff,0,26,2.43283292825655,2.0332,12.7473,Guaratiba,Guaratiba,5,26
88a8a06723fffff,9,106,1.0151583547861256,12.7503,79.0827,Vila Militar,Bangu,5,33
88a8a078a7fffff,12,55,0.5290353294044569,9.3503,59.6521,Flamengo,Zona Sul,2,4
88a8a06005fffff,6,77,1.0110773447364332,9.2728,53.6907,Lins de Vasconcelos,Méier,3,13
88a8a06059fffff,6,57,0.8464935245476612,7.3735,44.9545,Freguesia (Jacarepaguá),Jacarepaguá,4,16
88a8a060adfffff,28,152,0.39425051961660684,24.5369,147.1395,Cavalcanti,Madureira,3,15
88a8a06101fffff,30,133,0.2143964032955226,25.3287,150.1736,Maracanã,Tijuca,2,9
88a8a06155fffff,26,110,0.06649802207847903,21.7191,126.9885,Andaraí,Tijuca,2,9
88a8a061a9fffff,36,160,0.6032573191694165,29.275,173.0968,Complexo do Alemão,Inhaúma,3,29
88a8a029edfffff,15,73,0.5885954372020102,12.8121,80.6764,Campo Grande,Campo Grande,5,18
88a8a02e6dfffff,0,9,2.7651181329375376,0.7168,4.3005,Santa Cruz,Santa Cruz,5,19
88a8a06a6bfffff,3,41,1.5454960223669374,5.0988,31.8802,Centro,Centro,1,2
88a8a06251fffff,2,45,1.8984397953590109,4.8037,29.6162,Barra da Tijuca,Barra da Tijuca,4,24
88a8a06e59fffff,29,163,0.0589474909463293,27.8371,162.1761,Rocha Miranda,Madureira,3,15
88a8a062a5fffff,2,87,1.821976350589839,8.0457,49.3238,Freguesia (Jacarepaguá),Jacarepaguá,4,16
88a8a02f69fffff,9,46,0.68350973743494,7.7289,46.4387,Santa Cruz,Santa Cruz,5,19
88a8a07429fffff,1,11,0.4498410872630601,2.4093,15.485,Vargem Pequena,Barra da Tijuca,4,24
88a8a0634dfffff,7,27,0.3607645070332261,5.6147,34.0135,São Conrado,Zona Sul,2,6
88a8a074d1fffff,0,9,3.028423825424956,0.7151,4.4173,Guaratiba,Guaratiba,5,26
88a8a03927fffff,1,7,1.291208664494433,0.8284,5.1418,Grumari,Barra da Tijuca,4,24
88a8a07525fffff,2,55,1.4726770752525171,6.8524,41.4839,Barra Olímpica,Jacarepaguá,4,16
88a8a0212bfffff,13,39,1.4098892788949695,6.386,37.4354,Sepetiba,Santa Cruz,5,19
88a8a076c7fffff,1,9,1.188481115138789,1.3276,8.1651,Recreio dos Bandeirantes,Barra da Tijuca,4,24
88a8a0284bfffff,5,61,1.775599814054302,7.3759,45.0793,Santa Cruz,Santa Cruz,5,19
88a8a06449fffff,36,127,0.20258496540694718,28.1725,164.9372,Bangu,Bangu,5,17
88a8a075cdfffff,3,15,1.5518510495723,1.9968,12.699,Camorim,Barra da Tijuca,4,24
88a8a02947fffff,13,55,0.11856822276830062,10.4949,66.031,Campo Grande,Campo Grande,5,18
88a8a06545fffff,27,128,0.3677791927604942,21.5589,132.1517,Deodoro,Bangu,5,33
88a8a06e07fffff,26,113,0.29882728365170286,20.7245,122.9512,Jardim América,Penha,3,31
88a8a076c9fffff,1,7,0.6591277217226819,1.2014,7.4616,Recreio dos Bandeirantes,Barra da Tijuca,4,24
88a8a0212dfffff,4,38,0.7880846112368003,5.2996,31.3423,Guaratiba,Guaratiba,5,26
88a8a06e5bfffff,34,150,0.544506476138045,26.5825,153.2148,Coelho Neto,Pavuna,3,25
88a8a02181fffff,0,19,3.1376575193596263,1.2217,7.3193,Santa Cruz,Santa Cruz,5,19
88a8a06e05fffff,34,120,0.38290100546026296,24.117,144.4393,Parada de Lucas,Penha,3,31
88a8a02a43fffff,7,21,0.49407794552799433,5.2773,31.7344,Guaratiba,Guaratiba,5,26
88a8a06641fffff,0,47,2.524438728020317,3.6778,21.2529,Senador Camará,Bangu,5,17
88a8a021d5fffff,0,2,4.674048023524364,0.0852,0.5112,Santa Cruz,Santa Cruz,5,19
88a8a02a97fffff,12,58,0.7531361880744312,10.3087,61.9913,Santa Cruz,Santa Cruz,5,19
88a8a06695fffff,2,25,1.3130674396608015,2.6468,16.2184,Campo Grande,Campo Grande,5,18
88a8a06f57fffff,11,80,0.5537529699879616,10.8711,66.2596,Penha Circular,Penha,3,11
88a8a02aebfffff,17,68,0.24316720795589472,14.7556,89.4037,Santa Cruz,Santa Cruz,5,19
88a8a066e9fffff,26,92,0.4709126191762542,17.6888,102.2439,Senador Camará,Bangu,5,17
88a8a0673dfffff,11,107,0.6820192645130283,14.1493,86.5106,Vila Militar,Bangu,5,33
88a8a078c1fffff,10,46,0.1847481919887397,9.7877,60.5141,Lagoa,Zona Sul,2,6
88a8a070a7fffff,3,18,0.3498097421555039,3.5215,23.0027,Barra da Tijuca,Barra da Tijuca,4,24
88a8a06543fffff,18,108,0.7018944189667216,15.9987,97.6057,Deodoro,Bangu,5,33
88a8a060c7fffff,17,100,0.3470810957223704,15.28,92.1314,Praça Seca,Jacarepaguá,4,16
88a8a0611bfffff,34,148,0.22359365179268947,26.471,152.7259,Engenho Novo,Méier,3,13
88a8a061c3fffff,38,155,0.46493133491899863,28.0375,165.8899,Inhaúma,Inhaúma,3,12
88a8a02945fffff,9,42,1.0492170872052722,6.3327,39.8439,Campo Grande,Campo Grande,5,18
88a8a06217fffff,21,57,0.260195980459963,14.4916,87.8701,Anil,Jacarepaguá,4,16
88a8a06ad9fffff,26,142,0.2577035720089369,24.4319,141.8763,Maré,Ramos,3,30
88a8a0626bfffff,4,29,0.36267674156285096,4.8141,29.0286,Itanhangá,Barra da Tijuca,4,24
88a8a06313fffff,0,38,2.2627963396506954,2.6546,15.3941,Alto da Boa Vista,Tijuca,2,8
88a8a07443fffff,0,13,2.1972864421412175,1.4996,9.4401,Recreio dos Bandeirantes,Barra da Tijuca,4,24
88a8a06367fffff,12,51,0.943847078836289,8.806,54.7773,Jardim Botânico,Zona Sul,2,6
88a8a07497fffff,1,25,0.7596277638662605,2.5084,15.7551,Campo Grande,Campo Grande,5,18
88a8a038edfffff,0,4,3.853826310853296,0.2454,1.5705,Guaratiba,Guaratiba,5,26
88a8a074ebfffff,1,7,1.6558364902930525,1.0547,6.5339,Vargem Grande,Barra da Tijuca,4,24
88a8a02811fffff,12,76,0.8636005906026628,11.994,73.8513,Paciência,Santa Cruz,5,19
88a8a02865fffff,17,87,0.8192969714228889,13.2259,82.1038,Campo Grande,Campo Grande,5,18
88a8a03995fffff,2,12,0.6544844894923496,1.9737,11.9098,Guaratiba,Guaratiba,5,26
88a8a06463fffff,1,92,1.5656715551549574,9.1539,54.5037,Realengo,Bangu,5,33
88a8a07593fffff,0,35,3.300925186876987,2.2653,13.3326,Jacarepaguá,Jacarepaguá,4,16
88a8a039e9fffff,0,7,2.6209387894167078,0.646,4.1332,Guaratiba,Guaratiba,5,26
88a8a075e7fffff,1,41,1.8402777866478581,4.1341,25.7339,Jacarepaguá,Jacarepaguá,4,16
88a8a0290dfffff,16,59,0.2148296232783179,11.0015,69.136,Campo Grande,Campo Grande,5,18
88a8a0650bfffff,18,92,0.18910954087435294,17.1762,103.0761,Parque Anchieta,Pavuna,3,22
88a8a0763bfffff,2,6,0.9557970346486463,1.3467,8.2221,Recreio dos Bandeirantes,Barra da Tijuca,4,24
88a8a02961fffff,3,51,0.8504077981638243,5.1826,32.1763,Campo Grande,Campo Grande,5,18
88a8a06e21fffff,19,83,0.3963667023634963,17.1089,101.5795,Vigário Geral,Penha,3,31
88a8a029b5fffff,1,12,1.9878405978235651,0.9813,6.1525,Campo Grande,Campo Grande,5,18
88a8a076e3fffff,1,10,1.4715072284703046,1.5379,9.4467,Vargem Grande,Barra da Tijuca,4,24
88a8a02147fffff,3,18,1.6222357402504133,2.6143,15.1559,Sepetiba,Santa Cruz,5,19
88a8a02a09fffff,6,23,0.7781019497281737,4.207,25.1739,Guaratiba,Guaratiba,5,26
88a8a06607fffff,30,114,0.16813619677222935,25.0922,145.4268,Bangu,Bangu,5,17
88a8a0219bfffff,0,1,4.9514864432312935,0.0368,0.2211,Santa Cruz,Santa Cruz,5,19
88a8a07737fffff,4,13,1.7727605734643836,1.8066,11.9459,Barra da Tijuca,Barra da Tijuca,4,24
88a8a06ec9fffff,21,89,0.2175458785978116,15.7704,89.6887,Pavuna,Pavuna,3,25
88a8a02a5dfffff,7,18,0.3395682582952607,5.4321,32.6633,Guaratiba,Guaratiba,5,26
88a8a0665bfffff,0,65,2.222938776189507,5.7656,34.283,Campo Grande,Campo Grande,5,18
88a8a075cbfffff,0,7,2.8222413251019067,0.8242,5.1946,Camorim,Barra da Tijuca,4,24
88a8a06f1dfffff,2,64,1.1691526595982975,6.4253,39.0007,Cordovil,Penha,3,31
88a8a02ab1fffff,7,67,0.5291291259742454,9.8417,59.8003,Santa Cruz,Santa Cruz,5,19
88a8a02b05fffff,0,20,2.0832957775024386,2.0241,12.4836,Guaratiba,Guaratiba,5,26
88a8a039cdfffff,0,4,2.704251021894421,0.4593,2.9453,Guaratiba,Guaratiba,5,26
88a8a06703fffff,30,93,0.1809119468232098,21.1154,127.539,Realengo,Bangu,5,33
88a8a02b59fffff,1,13,0.3867067074019636,2.2109,13.092,Guaratiba,Guaratiba,5,26
88a8a06757fffff,32,93,0.27372954006725325,22.1577,133.7569,Realengo,Bangu,5,33
88a8a07887fffff,15,83,0.5146926312813317,12.6352,78.8287,Botafogo,Zona Sul,2,4
88a8a078dbfffff,14,57,0.24667555011887474,10.8412,68.3838,Jardim Botânico,Zona Sul,2,6
88a8a06039fffff,12,98,0.15586174141606918,14.1847,84.7801,Água Santa,Méier,3,13
88a8a0608dfffff,19,123,0.18252996496405607,19.0261,113.9248,Cascadura,Madureira,3,15
88a8a071bdfffff,1,19,0.938636969749367,2.3315,14.5458,Joá,Barra da Tijuca,4,24
88a8a060e1fffff,22,113,0.37840189178411743,19.2775,116.7277,Quintino Bocaiúva,Madureira,3,15
88a8a06135fffff,23,150,0.1921291313936131,21.5444,126.9846,Vasco da Gama,Centro,1,7
88a8a06189fffff,35,178,0.2395648108266166,30.5379,180.7154,Inhaúma,Inhaúma,3,12
88a8a02e4dfffff,0,0,,0.0,0.0,Santa Cruz,Santa Cruz,5,19
88a8a06a4bfffff,21,70,0.3735365452692778,14.5586,90.4168,Catete,Zona Sul,2,4
88a8a061ddfffff,34,147,0.4019701121113207,26.2234,156.3061,Pilares,Méier,3,13
88a8a06231fffff,7,47,0.7289009532624108,7.7042,46.9037,Jacarepaguá,Jacarepaguá,4,16
88a8a06285fffff,18,69,0.46251026263557177,15.4599,95.3392,Pechincha,Jacarepaguá,4,16
88a8a02f49fffff,8,34,0.5851066216384246,6.9425,41.6548,Santa Cruz,Santa Cruz,5,19
88a8a062d9fffff,8,57,0.4095937935127201,8.2482,50.7584,Jacarepaguá,Jacarepaguá,4,16
88a8a07409fffff,1,13,1.930208961788651,1.6724,10.564,Recreio dos Bandeirantes,Barra da Tijuca,4,24
88a8a06447fffff,22,119,0.5961941012560664,17.5943,103.4877,Realengo,Bangu,5,33
88a8a0632dfffff,10,68,0.7112832350813958,8.6947,54.355,Alto da Boa Vista,Tijuca,2,8
88a8a0745dfffff,2,14,1.4039776723768762,1.7248,10.7022,Recreio dos Bandeirantes,Barra da Tijuca,4,24
88a8a038b3fffff,3,19,0.7746021253191979,3.6116,21.9184,Guaratiba,Guaratiba,5,26
88a8a02849fffff,4,53,0.839510806442904,6.1646,37.3305,Guaratiba,Guaratiba,5,26
88a8a074b1fffff,0,20,2.2058546306969977,1.1611,6.9582,Campo Grande,Campo Grande,5,18
88a8a03907fffff,1,6,1.5632595290007358,0.871,5.6195,Grumari,Barra da Tijuca,4,24
88a8a07505fffff,1,36,1.7417124042892715,2.9389,18.1919,Barra da Tijuca,Barra da Tijuca,4,24
88a8a0282bfffff,25,90,0.5368861629690925,17.4204,106.7286,Inhoaíba,Campo Grande,5,18
88a8a07559fffff,4,13,1.3337037145474002,2.3451,15.4564,Barra da Tijuca,Barra da Tijuca,4,24
88a8a075adfffff,2,48,1.1670826915910957,5.3722,33.4119,Jacarepaguá,Jacarepaguá,4,16
88a8a028d3fffff,3,26,0.2390247897572709,2.9318,17.7793,Santa Cruz,Santa Cruz,5,19
88a8a02927fffff,9,94,0.6601015507512404,11.0951,66.7779,Santíssimo,Campo Grande,5,18
88a8a06525fffff,32,124,0.443974059015196,24.1211,137.2545,Pavuna,Pavuna,3,25
88a8a076a9fffff,3,12,0.9770341034874724,2.0108,12.3752,Vargem Grande,Barra da Tijuca,4,24
88a8a0210dfffff,7,20,1.046895955231846,4.0531,23.5137,Sepetiba,Santa Cruz,5,19
88a8a07523fffff,5,62,1.2528724972479977,7.3138,44.4814,Barra Olímpica,Jacarepaguá,4,16
88a8a02a23fffff,5,49,0.9366609210153671,5.0928,30.6669,Guaratiba,Guaratiba,5,26
88a8a06621fffff,30,122,0.34579959500150476,24.3102,142.9995,Bangu,Bangu,5,17
88a8a021b5fffff,5,27,0.9195956090976269,4.3346,26.0078,Santa Cruz,Santa Cruz,5,19
88a8a03925fffff,0,6,2.1563123636938673,0.5116,3.1783,Grumari,Barra da Tijuca,4,24
88a8a02acbfffff,14,65,0.9767889648653404,10.7664,64.2218,Santa Cruz,Santa Cruz,5,19
88a8a066c9fffff,10,86,0.5031806570251736,10.8902,66.7541,Santíssimo,Campo Grande,5,18
88a8a0671dfffff,37,94,0.180988776610425,24.4614,147.6145,Realengo,Bangu,5,33
88a8a06053fffff,2,76,1.8488112319466206,6.7981,41.5871,Freguesia (Jacarepaguá),Jacarepaguá,4,16
88a8a07183fffff,3,12,1.0477496551099128,2.159,14.0615,Joá,Barra da Tijuca,4,24
88a8a060a7fffff,22,171,0.5031545773708566,24.5035,145.9474,Vicente de Carvalho,Madureira,3,14
88a8a061a3fffff,32,140,0.12617745826785157,25.8361,155.0004,Olaria,Ramos,3,10
88a8a02e67fffff,0,6,3.145887900336006,0.4751,2.8505,Santa Cruz,Santa Cruz,5,19
88a8a0624bfffff,3,26,0.7534006659090444,3.8133,24.312,Barra da Tijuca,Barra da Tijuca,4,24
88a8a02f63fffff,1,33,1.1699172781342042,3.8463,23.0949,Santa Cruz,Santa Cruz,5,19
88a8a03825fffff,2,3,1.2792626859688123,0.9137,5.7808,Guaratiba,Guaratiba,5,26
88a8a07423fffff,1,11,1.6508371810750275,1.6159,10.2884,Vargem Pequena,Barra da Tijuca,4,24
88a8a06347fffff,6,32,1.0474391004323773,5.2577,31.8922,Alto da Boa Vista,Tijuca,2,8
88a8a038cdfffff,0,0,,0.0,0.0,Guaratiba,Guaratiba,5,26
88a8a074cbfffff,3,8,1.4493056628631085,1.4922,9.2211,Vargem Grande,Barra da Tijuca,4,24
88a8a03921fffff,0,4,2.1170852259523376,0.4834,3.0486,Grumari,Barra da Tijuca,4,24
88a8a02845fffff,5,66,1.199766865323727,8.1107,49.384,Campo Grande,Campo Grande,5,18
88a8a06443fffff,26,114,0.31969006913808773,20.1136,117.3218,Bangu,Bangu,5,17
88a8a02899fffff,1,14,1.104429695969768,1.6197,9.9023,Santa Cruz,Santa Cruz,5,19
88a8a039c9fffff,0,3,3.1432977439796974,0.2817,1.7888,Guaratiba,Guaratiba,5,26
88a8a075c7fffff,0,16,2.505917701773654,1.2979,8.2002,Jacarepaguá,Jacarepaguá,4,16
88a8a028edfffff,12,68,0.319858385115711,10.3845,64.2124,Paciência,Santa Cruz,5,19
88a8a0761bfffff,1,7,1.6474435201399775,0.752,4.6365,Grumari,Barra da Tijuca,4,24
88a8a02941fffff,10,51,0.9382898370473511,8.5193,53.5379,Campo Grande,Campo Grande,5,18
88a8a06e01fffff,36,130,0.3633275382852952,24.9216,148.3221,Irajá,Madureira,3,14
88a8a076c3fffff,3,9,1.1824555306819138,1.4469,8.9627,Recreio dos Bandeirantes,Barra da Tijuca,4,24
88a8a02127fffff,6,56,1.679490295666491,6.8234,40.5338,Santa Cruz,Santa Cruz,5,19
88a8a06e55fffff,33,158,0.5875799827826043,26.8831,157.3093,Irajá,Madureira,3,14
88a8a029e9fffff,19,76,0.35593772786867206,14.1162,88.6416,Campo Grande,Campo Grande,5,18
88a8a07717fffff,4,7,1.1246213303679244,1.9828,13.1846,Barra da Tijuca,Barra da Tijuca,4,24
88a8a02a3dfffff,4,50,1.5399238683475298,4.5151,27.2972,Guaratiba,Guaratiba,5,26
88a8a0663bfffff,38,104,0.3072616784112298,25.9553,149.3493,Senador Camará,Bangu,5,17
88a8a02a91fffff,19,61,0.2877395286302876,12.725,76.4445,Santa Cruz,Santa Cruz,5,19
88a8a06f51fffff,18,97,0.20865856541497657,16.337,99.9213,Brás de Pina,Penha,3,11
88a8a02ae5fffff,15,65,0.6400353480736977,11.448,70.6997,Santa Cruz,Santa Cruz,5,19
88a8a066e3fffff,14,78,0.7193017064619777,12.0185,69.4613,Bangu,Bangu,5,17
88a8a02b39fffff,6,45,0.8870060887832903,5.7985,35.9444,Guaratiba,Guaratiba,5,26
88a8a06737fffff,4,107,0.9553967828255279,12.7158,77.7145,Vila Militar,Bangu,5,33
88a8a078bbfffff,10,99,0.18360009953687814,14.3258,87.3388,Rio Comprido,Centro,1,3
88a8a0634bfffff,3,26,0.997272994179993,3.5002,21.2528,São Conrado,Zona Sul,2,6
88a8a06019fffff,0,87,2.425067048890321,6.9143,42.2187,Freguesia (Jacarepaguá),Jacarepaguá,4,16
88a8a0606dfffff,1,61,1.9799483616529807,5.7485,33.0941,Grajaú,Tijuca,2,9
88a8a0719dfffff,3,11,0.31140565829530414,3.1145,20.5178,Barra da Tijuca,Barra da Tijuca,4,24
88a8a060c1fffff,11,99,0.5552560345541524,13.3758,81.0302,Praça Seca,Jacarepaguá,4,16
88a8a07ab3fffff,16,40,0.39155875511774674,10.8724,66.792,Leblon,Zona Sul,2,6
88a8a06115fffff,29,168,0.10268916303836431,27.8883,161.9649,Rocha,Méier,3,13
88a8a06169fffff,20,117,0.7182896111804706,16.9252,102.1148,Tijuca,Tijuca,2,8
88a8a02e2dfffff,0,7,3.2298812610806595,0.5197,3.118,Santa Cruz,Santa Cruz,5,19
88a8a061bdfffff,26,158,0.32128247387071834,26.4068,158.0274,Olaria,Ramos,3,10
88a8a06211fffff,15,56,0.4008803977150094,11.8365,71.5406,Gardênia Azul,Jacarepaguá,4,16
88a8a06ad3fffff,31,127,0.08677324219072897,26.7979,156.3377,Maré,Ramos,3,30
88a8a06265fffff,4,25,1.1969636715886103,3.2775,19.7167,Itanhangá,Barra da Tijuca,4,24
88a8a02f29fffff,2,23,1.6908031990255818,2.3512,14.1222,Santa Cruz,Santa Cruz,5,19
88a8a062b9fffff,18,75,0.305876533912163,13.9702,86.3152,Tanque,Jacarepaguá,4,16
88a8a0630dfffff,5,38,1.4549079000326381,5.2822,32.1312,Alto da Boa Vista,Tijuca,2,8
88a8a07427fffff,2,13,1.645132846300237,1.9656,12.5365,Camorim,Barra da Tijuca,4,24
88a8a0743dfffff,2,14,1.254035636541582,1.7625,11.1209,Vargem Pequena,Barra da Tijuca,4,24
88a8a06361fffff,17,40,0.7007339241763081,8.7853,53.8847,Alto da Boa Vista,Tijuca,2,8
88a8a07491fffff,1,23,1.5636397093566672,1.9202,12.0737,Campo Grande,Campo Grande,5,18
88a8a074e5fffff,0,6,2.635038686034597,0.6584,4.0823,Vargem Grande,Barra da Tijuca,4,24
88a8a0280bfffff,19,80,0.14847295885497452,15.8242,96.6009,Cosmos,Campo Grande,5,18
88a8a0393bfffff,2,6,1.901916440457695,0.9558,6.16,Barra de Guaratiba,Guaratiba,5,26
88a8a06409fffff,13,99,0.5971705552170703,13.4997,78.8691,Realengo,Bangu,5,33
88a8a07539fffff,5,33,0.46281480589676915,4.5741,28.1705,Barra Olímpica,Jacarepaguá,4,16
88a8a0645dfffff,27,107,0.6359405798615672,20.4118,118.2737,Bangu,Bangu,5,17
88a8a0758dfffff,0,16,2.770010697535482,1.3286,8.3898,Jacarepaguá,Jacarepaguá,4,16
88a8a039e3fffff,0,6,2.65284209487884,0.5107,3.2028,Guaratiba,Guaratiba,5,26
88a8a075e1fffff,1,31,1.4662813695184498,3.2982,20.6247,Jacarepaguá,Jacarepaguá,4,16
88a8a02907fffff,14,77,0.3086247275530081,12.9232,80.984,Senador Vasconcelos,Campo Grande,5,18
88a8a06505fffff,25,111,0.29524770807631645,21.0533,123.2878,Guadalupe,Pavuna,3,22
88a8a07635fffff,2,9,1.2151555914700434,1.2408,7.6989,Recreio dos Bandeirantes,Barra da Tijuca,4,24
88a8a02f67fffff,2,36,1.165760406441175,3.84,23.1171,Santa Cruz,Santa Cruz,5,19
88a8a0295bfffff,18,89,0.643747770391385,15.4185,95.9209,Campo Grande,Campo Grande,5,18
88a8a06559fffff,8,104,1.487909164156843,11.3925,69.2654,Vila Militar,Bangu,5,33
88a8a07689fffff,2,10,1.3692008447034067,1.376,8.4494,Recreio dos Bandeirantes,Barra da Tijuca,4,24
88a8a06e1bfffff,25,102,0.23686569279387978,20.1019,114.3829,Pavuna,Pavuna,3,25
88a8a076ddfffff,3,6,0.8375682900950435,1.498,9.4247,Barra de Guaratiba,Guaratiba,5,26
88a8a02a03fffff,2,43,1.7653136005218881,3.9568,23.8631,Guaratiba,Guaratiba,5,26
88a8a06601fffff,24,99,0.2924460626826274,18.4475,106.7228,Bangu,Bangu,5,17
88a8a062a3fffff,12,88,0.877364268012943,11.551,70.942,Tanque,Jacarepaguá,4,16
88a8a02195fffff,0,11,3.228339654341634,0.6956,4.1736,Santa Cruz,Santa Cruz,5,19
88a8a07731fffff,4,10,1.6856227021873738,1.5956,10.6194,Barra da Tijuca,Barra da Tijuca,4,24
88a8a02a57fffff,4,38,0.5939605959159968,4.8468,28.8982,Guaratiba,Guaratiba,5,26
88a8a06655fffff,6,70,1.3479786344063032,8.8211,50.9601,Senador Camará,Bangu,5,17
88a8a021e9fffff,0,27,2.22837260715811,2.6296,15.471,Santa Cruz,Santa Cruz,5,19
88a8a02aabfffff,17,72,0.06765389752018282,14.6651,89.8453,Santa Cruz,Santa Cruz,5,19
88a8a066a9fffff,11,69,0.7675696654936174,10.0188,57.5835,Bangu,Bangu,5,17
88a8a02b53fffff,6,19,1.3547649206850576,3.033,18.0829,Guaratiba,Guaratiba,5,26
88a8a06751fffff,23,91,0.18450876736212538,16.5468,99.8487,Realengo,Bangu,5,33
88a8a07881fffff,12,72,0.21738724692884898,11.6573,73.0772,Humaitá,Zona Sul,2,4
88a8a078d5fffff,12,60,0.7155869237129058,10.0459,63.4243,Lagoa,Zona Sul,2,6
88a8a070bbfffff,4,13,1.0742863213673783,2.3219,15.3995,Barra da Tijuca,Barra da Tijuca,4,24
88a8a06033fffff,24,118,0.3843452274754398,20.5967,124.7383,Piedade,Méier,3,13
88a8a06087fffff,24,144,0.5927359468596041,22.5668,134.2165,Madureira,Madureira,3,15
88a8a071b7fffff,2,21,1.2334380091865829,2.7876,16.9946,São Conrado,Zona Sul,2,6
88a8a060dbfffff,8,99,0.5609248430340249,12.1807,76.553,Jardim Sulacap,Bangu,5,33
88a8a06183fffff,29,195,0.8465636850553457,26.7224,159.4951,Inhaúma,Inhaúma,3,12
88a8a02e47fffff,0,0,,0.0,0.0,Santa Cruz,Santa Cruz,5,19
88a8a061d7fffff,28,181,0.1795512150957562,27.6441,165.4403,Tomás Coelho,Inhaúma,3,12
88a8a06a99fffff,27,110,0.1439444424649506,24.3617,141.8396,Maré,Ramos,3,30
88a8a0622bfffff,6,34,1.5811972017963811,4.8989,29.6109,Jacarepaguá,Jacarepaguá,4,16
88a8a02f43fffff,7,28,0.4995440560707319,5.3333,31.9997,Santa Cruz,Santa Cruz,5,19
88a8a062d3fffff,7,53,0.21842439600339864,8.1761,50.7329,Jacarepaguá,Jacarepaguá,4,16
88a8a07403fffff,2,14,0.3500478903866637,2.4636,15.3773,Vargem Pequena,Barra da Tijuca,4,24
88a8a06327fffff,5,84,0.6708601329160858,9.6493,58.475,Alto da Boa Vista,Tijuca,2,8
88a8a07457fffff,2,14,1.85396582324363,1.9567,12.1495,Recreio dos Bandeirantes,Barra da Tijuca,4,24
88a8a074abfffff,0,4,3.8562173391670815,0.2229,1.3894,Vargem Grande,Barra da Tijuca,4,24
88a8a03901fffff,1,5,1.1765162131953242,0.9371,6.0914,Grumari,Barra da Tijuca,4,24
88a8a02825fffff,25,95,0.5691320249737277,18.6335,116.0199,Campo Grande,Campo Grande,5,18
88a8a03955fffff,3,3,1.1738052978758093,1.2974,8.3531,Grumari,Barra da Tijuca,4,24
88a8a07553fffff,3,14,1.4668701866747065,2.3831,15.3628,Barra Olímpica,Jacarepaguá,4,16
88a8a039a9fffff,0,6,2.6044105097265215,0.5876,3.6202,Guaratiba,Guaratiba,5,26
88a8a075a7fffff,5,63,0.06807437056762564,7.0231,43.8802,Jacarepaguá,Jacarepaguá,4,16
88a8a028cdfffff,3,75,0.9702339480245377,9.1783,56.9511,Paciência,Santa Cruz,5,19
88a8a064cbfffff,0,15,3.03372854708394,0.9688,5.5185,Bangu,Bangu,5,17
88a8a02921fffff,4,81,1.3461298864140905,8.7705,53.3741,Senador Vasconcelos,Campo Grande,5,18
88a8a076a3fffff,4,12,0.49576274689923727,2.5413,15.6838,Vargem Grande,Barra da Tijuca,4,24
88a8a02107fffff,11,33,0.8594441534056896,6.366,37.0272,Sepetiba,Santa Cruz,5,19
88a8a029c9fffff,21,84,0.2398525980821346,16.8951,104.7799,Campo Grande,Campo Grande,5,18
88a8a02a1dfffff,3,48,1.454334178622051,4.5892,27.5775,Guaratiba,Guaratiba,5,26
88a8a0661bfffff,14,88,0.30292287778287885,14.0701,82.4107,Santíssimo,Campo Grande,5,18
88a8a02ac5fffff,12,72,0.6048637395907879,11.5121,69.4323,Santa Cruz,Santa Cruz,5,19
88a8a066c3fffff,8,70,0.3526337042823582,9.0649,55.7985,Santíssimo,Campo Grande,5,18
88a8a02b19fffff,5,32,1.028185488940782,4.1625,25.043,Guaratiba,Guaratiba,5,26
88a8a06717fffff,26,103,0.17293953769451278,19.9701,119.8791,Realengo,Bangu,5,33
88a8a02b6dfffff,1,7,1.1003077003866366,0.9132,5.4815,Guaratiba,Guaratiba,5,26
88a8a0676bfffff,5,83,1.2154341098488766,9.4245,58.7192,Jardim Sulacap,Bangu,5,33
88a8a0789bfffff,5,91,1.4769712137303557,9.9947,61.0511,Alto da Boa Vista,Tijuca,2,8
88a8a0604dfffff,0,36,2.0236127352459796,2.4421,14.4771,Alto da Boa Vista,Tijuca,2,8
88a8a060a1fffff,27,167,0.5308997113691368,23.7703,141.3785,Cavalcanti,Madureira,3,15
88a8a07a93fffff,8,28,0.5313455944560953,7.1007,42.7265,Rocinha,Zona Sul,2,27
88a8a02e6bfffff,0,2,4.266784074201791,0.1008,0.6048,Santa Cruz,Santa Cruz,5,19
88a8a06149fffff,12,89,0.281676986759003,12.2528,73.2321,Tijuca,Tijuca,2,8
88a8a06a0bfffff,18,62,0.4583245177938257,12.1642,74.2596,Centro,Centro,1,2
88a8a0619dfffff,20,187,0.3767252762475434,26.1291,156.5668,Engenho da Rainha,Inhaúma,3,12
88a8a02e61fffff,0,6,3.3223217276377395,0.4075,2.4449,Santa Cruz,Santa Cruz,5,19
88a8a06245fffff,3,23,1.101006476370495,3.9183,24.2687,Itanhangá,Barra da Tijuca,4,24
88a8a02f09fffff,6,26,0.4069863379362529,3.9305,23.5832,Santa Cruz,Santa Cruz,5,19
88a8a06299fffff,10,59,0.538481620243925,9.7019,60.2733,Jacarepaguá,Jacarepaguá,4,16
88a8a061a7fffff,34,122,0.07791269829208039,23.8613,143.3933,Ramos,Ramos,3,10
88a8a02f5dfffff,5,20,0.7449231565749362,3.4627,20.7762,Santa Cruz,Santa Cruz,5,19
88a8a062edfffff,21,58,0.641095192555806,13.6476,82.9459,Freguesia (Jacarepaguá),Jacarepaguá,4,16
88a8a0741dfffff,2,14,1.0620457409121355,2.1721,13.5086,Vargem Pequena,Barra da Tijuca,4,24
88a8a06341fffff,7,31,1.0331831902192956,4.8984,29.6946,São Conrado,Zona Sul,2,6
88a8a074c5fffff,3,7,0.7532406147639807,1.7852,11.0594,Vargem Grande,Barra da Tijuca,4,24
88a8a0391bfffff,1,4,1.808890074690842,0.7801,4.9869,Guaratiba,Guaratiba,5,26
88a8a07519fffff,3,16,0.9055101658219765,2.8477,18.195,Barra Olímpica,Jacarepaguá,4,16
88a8a0756dfffff,4,18,0.9541894719592792,2.4271,15.9352,Barra da Tijuca,Barra da Tijuca,4,24
88a8a039c3fffff,0,7,3.627286670022193,0.3818,2.3719,Guaratiba,Guaratiba,5,26
88a8a075c1fffff,0,9,2.3246096946863015,1.1295,7.1387,Camorim,Barra da Tijuca,4,24
88a8a028e7fffff,6,43,0.5644845577931932,6.1335,38.3231,Paciência,Santa Cruz,5,19
88a8a07615fffff,2,4,1.845362116062415,0.773,4.7154,Recreio dos Bandeirantes,Barra da Tijuca,4,24
88a8a0293bfffff,19,77,0.2613278824808857,14.059,88.4893,Campo Grande,Campo Grande,5,18
88a8a06539fffff,15,78,0.4647218015529361,13.7265,79.7549,Anchieta,Pavuna,3,22
88a8a076bdfffff,2,10,0.5390004775779798,1.8444,11.3718,Vargem Grande,Barra da Tijuca,4,24
88a8a02121fffff,8,42,1.2038209139661709,5.888,34.7145,Santa Cruz,Santa Cruz,5,19
88a8a029e3fffff,5,55,0.8558039390505692,7.1982,45.267,Campo Grande,Campo Grande,5,18
88a8a02a37fffff,5,60,1.5581341911340791,7.5019,46.1253,Paciência,Santa Cruz,5,19
88a8a06635fffff,39,118,0.433027354218074,27.2216,158.3117,Bangu,Bangu,5,17
88a8a06153fffff,23,128,0.3633171703613183,20.4124,117.4324,Engenho Novo,Méier,3,13
88a8a02a8bfffff,23,69,0.24625544506736477,16.1662,97.2961,Santa Cruz,Santa Cruz,5,19
88a8a06689fffff,6,62,0.5835723384881649,7.7856,47.3139,Campo Grande,Campo Grande,5,18
88a8a06f4bfffff,22,128,0.31945298977834524,19.3067,116.5386,Penha,Penha,3,11
88a8a066ddfffff,8,65,1.0056626699475624,8.3896,52.4466,Santíssimo,Campo Grande,5,18
88a8a02b33fffff,12,69,0.5220817142730514,11.2907,70.3944,Campo Grande,Campo Grande,5,18
88a8a06731fffff,13,107,0.6970263652617618,14.2933,86.8819,Vila Militar,Bangu,5,33
88a8a078b5fffff,16,73,0.5112816008980005,14.015,87.4297,Laranjeiras,Zona Sul,2,4
88a8a06013fffff,7,93,1.330544544017218,10.463,63.6155,Quintino Bocaiúva,Madureira,3,15
88a8a06067fffff,6,84,1.1525286193976545,10.3963,59.4914,Jacarepaguá,Jacarepaguá,4,16
88a8a07197fffff,5,21,0.9492539295499245,3.3773,21.2723,Itanhangá,Barra da Tijuca,4,24
88a8a060bbfffff,33,148,0.47117357337848037,24.4033,145.8872,Rocha Miranda,Madureira,3,15
88a8a06163fffff,32,120,0.25508335774795465,23.7768,144.1938,Maracanã,Tijuca,2,9
88a8a061b7fffff,26,137,0.24881356643747626,22.5373,136.3725,Penha,Penha,3,11
88a8a0620bfffff,9,43,0.3342146848249641,8.7424,53.4263,Jacarepaguá,Jacarepaguá,4,16
88a8a062b3fffff,9,84,1.0661345774765256,10.8814,67.6935,Tanque,Jacarepaguá,4,16
88a8a06307fffff,2,53,0.9735311009011743,5.5499,33.2852,Alto da Boa Vista,Tijuca,2,8
88a8a07437fffff,0,9,2.1827948759714713,0.8772,5.4849,Vargem Pequena,Barra da Tijuca,4,24
88a8a0635bfffff,4,28,0.8295442171022864,3.4635,20.7073,Alto da Boa Vista,Tijuca,2,8
88a8a0748bfffff,0,9,3.196080817371334,0.6229,3.8744,Campo Grande,Campo Grande,5,18
88a8a02805fffff,17,90,0.15277269711276484,16.4035,100.1293,Inhoaíba,Campo Grande,5,18
88a8a03935fffff,2,5,1.4760632443826234,1.0102,6.3742,Recreio dos Bandeirantes,Barra da Tijuca,4,24
88a8a07533fffff,7,46,0.8781163070588778,6.2494,38.4886,Jacarepaguá,Jacarepaguá,4,16
88a8a02859fffff,13,61,0.6369677748169695,10.6588,66.0309,Paciência,Santa Cruz,5,19
88a8a06457fffff,7,82,0.7172285854829261,10.8706,62.7046,Gericinó,Bangu,5,17
88a8a03989fffff,0,6,2.813881078362082,0.4503,2.7828,Guaratiba,Guaratiba,5,26
88a8a07587fffff,0,28,2.0221698601654694,1.9273,12.0564,Jacarepaguá,Jacarepaguá,4,16
88a8a028adfffff,4,31,1.2942161493466402,3.84,23.9928,Campo Grande,Campo Grande,5,18
88a8a039ddfffff,0,6,3.8534544084501556,0.389,2.4208,Guaratiba,Guaratiba,5,26
88a8a075dbfffff,0,5,3.418831603270423,0.3608,2.2367,Vargem Grande,Barra da Tijuca,4,24
88a8a02901fffff,17,74,0.49080118376952936,14.2614,89.5832,Senador Vasconcelos,Campo Grande,5,18
88a8a02955fffff,21,75,0.3145726684367695,15.6938,98.5357,Campo Grande,Campo Grande,5,18
88a8a06553fffff,14,70,0.10358350391827022,10.1689,61.536,Parque Anchieta,Pavuna,3,22
88a8a07683fffff,1,9,1.823725354224197,1.2002,7.3538,Guaratiba,Guaratiba,5,26
88a8a06e15fffff,17,116,0.8435232863030822,16.471,95.8367,Pavuna,Pavuna,3,25
88a8a029a9fffff,3,44,1.4407197596839127,4.8327,30.4409,Campo Grande,Campo Grande,5,18
88a8a076d7fffff,2,7,0.5062916764362018,1.4086,8.6278,Guaratiba,Guaratiba,5,26
88a8a0213bfffff,8,40,1.269102968129708,5.663,33.2303,Sepetiba,Santa Cruz,5,19
88a8a06e69fffff,29,161,0.04235030844500947,27.0988,165.0608,Vila da Penha,Madureira,3,14
88a8a02a51fffff,5,35,0.3214937552550275,5.4542,32.5261,Guaratiba,Guaratiba,5,26
88a8a060abfffff,23,155,0.19849811659516214,23.5302,139.3166,Madureira,Madureira,3,15
88a8a021e3fffff,1,36,1.9356860172333943,3.2638,19.4787,Santa Cruz,Santa Cruz,5,19
88a8a02aa5fffff,19,76,0.504603787731923,13.411,83.2314,Paciência,Santa Cruz,5,19
88a8a066a3fffff,1,38,1.7215670451372187,3.6372,20.9806,Bangu,Bangu,5,17
88a8a02b4dfffff,1,7,1.7470651206534624,0.7888,4.7284,Guaratiba,Guaratiba,5,26
88a8a0674bfffff,5,63,0.6725838461785073,8.0609,49.5795,Realengo,Bangu,5,33
88a8a070b5fffff,4,21,0.26195822164720184,3.5243,23.0046,Barra da Tijuca,Barra da Tijuca,4,24
88a8a0602dfffff,18,116,0.7503098533763937,16.3025,93.3345,Engenho Novo,Méier,3,13
88a8a06081fffff,21,123,0.25512628177493096,20.3259,121.6946,Madureira,Madureira,3,15
88a8a071b1fffff,2,18,1.2282723428084088,2.4755,15.4401,São Conrado,Zona Sul,2,6
88a8a060d5fffff,19,104,0.5331275564202866,16.1397,98.4016,Vila Valqueire,Jacarepaguá,4,16
88a8a06129fffff,31,121,0.2393354140064567,22.7718,138.1828,Imperial de São Cristóvão,Centro,1,7
88a8a02e41fffff,0,0,,0.0,0.0,Santa Cruz,Santa Cruz,5,19
88a8a061d1fffff,33,156,0.4568790247759998,25.8805,155.2595,Pilares,Méier,3,13
88a8a06225fffff,4,24,0.4917837251452135,3.0547,18.1761,Alto da Boa Vista,Tijuca,2,8
88a8a062cdfffff,18,61,0.8210117869385557,12.8429,77.3413,Barra Olímpica,Jacarepaguá,4,16
88a8a06321fffff,3,73,1.3127660155273706,7.8522,48.1141,Alto da Boa Vista,Tijuca,2,8
88a8a07451fffff,3,12,1.5645830470502236,1.827,11.2705,Recreio dos Bandeirantes,Barra da Tijuca,4,24
88a8a038a7fffff,5,14,0.2763117873818604,4.1738,26.0327,Guaratiba,Guaratiba,5,26
88a8a074a5fffff,0,5,4.80229833016139,0.1861,1.109,Jacarepaguá,Jacarepaguá,4,16
88a8a06057fffff,0,76,2.432331528848079,5.5491,33.7478,Jacarepaguá,Jacarepaguá,4,16
88a8a0754dfffff,3,10,1.0154838329385922,1.4979,10.0079,Barra da Tijuca,Barra da Tijuca,4,24
88a8a039a3fffff,0,7,2.4286620052516255,0.7372,4.4327,Ilha de Guaratiba,Guaratiba,5,26
88a8a075a1fffff,5,46,0.9836871953180032,4.7278,29.588,Jacarepaguá,Jacarepaguá,4,16
88a8a028c7fffff,7,50,0.5384036627227148,6.3893,40.0018,Santa Cruz,Santa Cruz,5,19
88a8a0291bfffff,24,87,0.17776406981864487,19.2042,120.0957,Campo Grande,Campo Grande,5,18
88a8a06519fffff,15,54,0.3948252453879324,10.2612,61.736,Anchieta,Pavuna,3,22
88a8a020adfffff,0,0,,0.0,0.0,Santa Cruz,Santa Cruz,5,19
88a8a0656dfffff,34,148,0.1663494670622749,25.7939,154.0204,Marechal Hermes,Madureira,3,15
88a8a0769dfffff,1,8,1.32684272925874,1.1067,6.7605,Guaratiba,Guaratiba,5,26
88a8a02101fffff,5,20,0.11114764113950944,5.7671,33.271,Sepetiba,Santa Cruz,5,19
88a8a029c3fffff,9,65,0.5943933996344521,9.3522,58.1192,Campo Grande,Campo Grande,5,18
88a8a02a17fffff,1,66,0.13026014685476464,7.5481,45.7752,Santa Cruz,Santa Cruz,5,19
88a8a06615fffff,38,99,0.04520298650323782,25.0582,143.9348,Senador Camará,Bangu,5,17
88a8a021a9fffff,3,40,1.2490198004110513,4.7662,28.5288,Santa Cruz,Santa Cruz,5,19
88a8a02a6bfffff,3,21,1.3171049313689065,3.2829,19.7091,Guaratiba,Guaratiba,5,26
88a8a06669fffff,0,64,2.5187220249469586,4.9593,29.2859,Realengo,Bangu,5,33
88a8a066bdfffff,1,34,1.2331904463629104,3.1872,18.6446,Bangu,Bangu,5,17
88a8a02b13fffff,8,58,0.7890686449788646,7.0513,42.8805,Guaratiba,Guaratiba,5,26
88a8a06711fffff,34,102,0.2821034419159919,23.7678,142.6491,Realengo,Bangu,5,33
88a8a06003fffff,6,81,0.9513210267116149,8.7229,52.1863,Água Santa,Méier,3,13
88a8a02b67fffff,1,16,1.5982104784308413,1.1263,6.9203,Guaratiba,Guaratiba,5,26
88a8a06765fffff,7,91,0.8357328201733689,10.4601,65.7176,Jardim Sulacap,Bangu,5,33
88a8a07895fffff,6,106,0.49716274893929935,12.1714,74.8608,Santa Teresa,Centro,1,23
88a8a06047fffff,0,54,2.6444245613128867,3.441,19.9929,Jacarepaguá,Jacarepaguá,4,16
88a8a0609bfffff,18,116,0.5205182004201245,17.5099,108.802,Marechal Hermes,Madureira,3,15
88a8a06143fffff,25,103,0.5592347932264095,19.7149,116.3724,Andaraí,Tijuca,2,9
88a8a06197fffff,24,174,0.506423191388163,25.1043,151.8838,Penha Circular,Penha,3,11
88a8a06a59fffff,23,90,0.3646782979639951,18.5191,112.1704,Catumbi,Centro,1,3
88a8a061ebfffff,39,184,0.5962465426680165,31.973,187.0415,Del Castilho,Inhaúma,3,12
88a8a06293fffff,9,77,0.47174885457190147,9.3485,58.2335,Taquara,Jacarepaguá,4,16
88a8a02f57fffff,1,10,1.6889973443575648,1.4461,8.6764,Santa Cruz,Santa Cruz,5,19
88a8a062e7fffff,11,74,0.49516985078296244,12.4473,76.3083,Freguesia (Jacarepaguá),Jacarepaguá,4,16
88a8a07417fffff,4,8,1.5759221978944573,1.6859,10.4433,Vargem Grande,Barra da Tijuca,4,24
88a8a0633bfffff,3,51,1.0855595759888848,5.4101,31.5288,Tijuca,Tijuca,2,8
88a8a0746bfffff,4,10,1.4927900979566908,2.0478,13.3827,Recreio dos Bandeirantes,Barra da Tijuca,4,24
88a8a038c1fffff,0,2,4.70353721828927,0.084,0.5378,Guaratiba,Guaratiba,5,26
88a8a03915fffff,1,6,1.1033340906444318,1.1052,7.1484,Guaratiba,Guaratiba,5,26
88a8a07513fffff,4,20,0.6700886973255706,3.2042,20.3498,Jacarepaguá,Jacarepaguá,4,16
88a8a02839fffff,21,77,0.8091098777226586,14.4929,88.5864,Cosmos,Campo Grande,5,18
88a8a07567fffff,0,41,2.4040030585269694,3.096,19.2571,Barra da Tijuca,Barra da Tijuca,4,24
88a8a0288dfffff,6,33,0.43356849386461954,5.1131,32.1568,Paciência,Santa Cruz,5,19
88a8a039bdfffff,1,8,1.496440112673631,0.9345,5.5927,Ilha de Guaratiba,Guaratiba,5,26
88a8a075bbfffff,0,48,2.1376704272342812,3.5591,21.5672,Jacarepaguá,Jacarepaguá,4,16
88a8a028e1fffff,10,59,0.8004988689059578,8.0656,50.2879,Paciência,Santa Cruz,5,19
88a8a02935fffff,7,78,0.4804933493348989,10.4372,65.127,Santíssimo,Campo Grande,5,18
88a8a02989fffff,2,57,1.17613746764451,6.3432,39.5574,Campo Grande,Campo Grande,5,18
88a8a076b7fffff,1,7,1.4904508145714828,1.148,7.0546,Vargem Grande,Barra da Tijuca,4,24
88a8a06e49fffff,26,169,0.1597242975233478,25.9732,154.8448,Irajá,Madureira,3,14
88a8a029ddfffff,9,69,1.4640087293598758,8.8544,54.7128,Campo Grande,Campo Grande,5,18
88a8a02a31fffff,1,56,1.9235517091703802,5.7425,35.1029,Santa Cruz,Santa Cruz,5,19
88a8a021c3fffff,0,4,4.181973947253644,0.2046,1.2092,Santa Cruz,Santa Cruz,5,19
88a8a02a85fffff,22,77,0.14246848323369068,16.2733,99.0014,Santa Cruz,Santa Cruz,5,19
88a8a06683fffff,2,37,0.5146972568142459,4.3044,26.0208,Campo Grande,Campo Grande,5,18
88a8a02ad9fffff,14,59,0.7053685355569433,9.4526,56.3349,Santa Cruz,Santa Cruz,5,19
88a8a066d7fffff,5,41,0.4962193576260211,5.9391,37.1402,Campo Grande,Campo Grande,5,18
88a8a02b2dfffff,0,21,2.506612190008874,1.4413,8.9766,Guaratiba,Guaratiba,5,26
88a8a0672bfffff,12,101,0.9471044858238832,12.5581,77.7002,Vila Militar,Bangu,5,33
88a8a0600dfffff,2,67,1.7799717664504762,5.5886,32.4301,Jacarepaguá,Jacarepaguá,4,16
88a8a06061fffff,1,70,1.8403708390764706,6.4943,37.2822,Jacarepaguá,Jacarepaguá,4,16
88a8a07191fffff,4,19,0.6256103494514308,3.6274,23.4863,Barra da Tijuca,Barra da Tijuca,4,24
88a8a060b5fffff,27,167,0.5824045359265261,25.3312,149.9297,Irajá,Madureira,3,14
88a8a06109fffff,34,122,0.11219239014572968,23.6664,139.7882,Vila Isabel,Tijuca,2,9
88a8a0615dfffff,21,102,0.1727024314082953,17.4411,102.1903,Andaraí,Tijuca,2,9
88a8a061b1fffff,23,158,0.27354763020963746,25.65,154.4055,Penha,Penha,3,11
88a8a06205fffff,9,38,1.0391512841563395,5.9891,36.2948,Jacarepaguá,Jacarepaguá,4,16
88a8a06259fffff,2,33,1.4669164476562186,3.3814,21.312,Barra da Tijuca,Barra da Tijuca,4,24
88a8a062adfffff,6,75,1.2602340906264915,9.233,56.7272,Freguesia (Jacarepaguá),Jacarepaguá,4,16
88a8a06301fffff,4,41,1.5681273968167548,4.5443,27.4607,Alto da Boa Vista,Tijuca,2,8
88a8a03833fffff,0,5,3.9709615632985464,0.2613,1.653,Guaratiba,Guaratiba,5,26
88a8a07431fffff,2,14,1.2693423436030145,1.4859,9.326,Vargem Pequena,Barra da Tijuca,4,24
88a8a06355fffff,3,28,1.0731472386598557,3.675,21.9944,Alto da Boa Vista,Tijuca,2,8
88a8a07485fffff,0,7,3.162789126069565,0.4561,2.8342,Vargem Grande,Barra da Tijuca,4,24
88a8a074d9fffff,0,9,2.41602233669738,0.8426,5.161,Guaratiba,Guaratiba,5,26
88a8a0752dfffff,0,49,2.3832097149366183,4.4685,27.3091,Barra da Tijuca,Barra da Tijuca,4,24
88a8a02853fffff,20,82,0.4596687157429312,15.3627,95.4037,Paciência,Santa Cruz,5,19
88a8a03983fffff,1,10,1.2305788033386953,1.1889,7.1914,Guaratiba,Guaratiba,5,26
88a8a06451fffff,21,95,0.38008958536834386,15.9261,91.7734,Bangu,Bangu,5,17
88a8a07581fffff,0,12,2.886169184475918,0.9233,5.8633,Jacarepaguá,Jacarepaguá,4,16
88a8a039d7fffff,0,9,2.278451321864514,1.0802,6.6463,Guaratiba,Guaratiba,5,26
88a8a075d5fffff,0,10,4.012745351733071,0.5426,3.439,Vargem Grande,Barra da Tijuca,4,24
88a8a0654dfffff,20,123,0.4738615765688621,18.0671,111.9433,Deodoro,Bangu,5,33
88a8a029a3fffff,1,21,1.554505508543511,1.8728,11.7714,Campo Grande,Campo Grande,5,18
88a8a076d1fffff,2,6,0.6530170792644577,1.5285,9.5551,Guaratiba,Guaratiba,5,26
88a8a02135fffff,8,51,0.15309495654155345,10.0947,59.6811,Santa Cruz,Santa Cruz,5,19
88a8a06e63fffff,36,126,0.1552040648308077,26.8399,162.2578,Cordovil,Penha,3,31
88a8a02189fffff,0,11,3.751313352891942,0.5568,3.3257,Santa Cruz,Santa Cruz,5,19
88a8a02a4bfffff,10,19,0.4209388347767866,5.2681,32.0501,Guaratiba,Guaratiba,5,26
88a8a06649fffff,0,26,3.420889875144233,1.5635,9.0696,Senador Camará,Bangu,5,17
88a8a0669dfffff,5,33,1.0919313262668042,4.053,25.1132,Campo Grande,Campo Grande,5,18
88a8a02b47fffff,1,13,1.4417260824597644,1.2247,7.3521,Guaratiba,Guaratiba,5,26
88a8a06745fffff,4,75,1.0531010988297727,8.5445,53.1092,Taquara,Jacarepaguá,4,16
88a8a078c9fffff,9,41,0.31073608416829746,8.3327,50.5885,Ipanema,Zona Sul,2,6
88a8a06027fffff,27,141,0.16639687309215895,25.3277,146.3144,Méier,Méier,3,13
88a8a06123fffff,23,135,0.5111545836896754,20.3653,121.3067,Vasco da Gama,Centro,1,7
88a8a061cbfffff,31,142,0.33656328810552255,26.176,154.6497,Engenho de Dentro,Méier,3,13
88a8a062c7fffff,26,68,0.5259952689931443,18.0078,109.468,Cidade de Deus,Jacarepaguá,4,34
88a8a0631bfffff,3,26,1.4076326678782043,2.4149,14.2987,Alto da Boa Vista,Tijuca,2,8
88a8a0744bfffff,2,12,1.5215357616298975,1.4076,8.7949,Recreio dos Bandeirantes,Barra da Tijuca,4,24
88a8a02819fffff,18,76,0.49795236756706585,13.6991,84.6328,Paciência,Santa Cruz,5,19
88a8a07547fffff,1,17,0.8026078430055759,1.8654,12.2563,Barra da Tijuca,Barra da Tijuca,4,24
88a8a0286dfffff,10,75,0.13404885363334917,10.7162,66.3166,Campo Grande,Campo Grande,5,18
88a8a0399dfffff,2,11,1.542458859681105,1.5034,9.151,Guaratiba,Guaratiba,5,26
88a8a0646bfffff,13,110,0.6549000284017367,14.2063,84.3873,Realengo,Bangu,5,33
88a8a0759bfffff,0,22,4.017532776092344,1.0072,5.9136,Jacarepaguá,Jacarepaguá,4,16
88a8a028c1fffff,5,65,0.9693087774541791,7.4202,46.1232,Paciência,Santa Cruz,5,19
88a8a02915fffff,25,83,0.6435786178628913,16.6921,104.8985,Campo Grande,Campo Grande,5,18
88a8a020a7fffff,0,0,,0.0,0.0,Santa Cruz,Santa Cruz,5,19
88a8a06721fffff,7,110,1.305393762178011,12.2741,76.757,Campo dos Afonsos,Bangu,5,33
88a8a02969fffff,3,36,0.342717031852653,4.5904,28.7925,Campo Grande,Campo Grande,5,18
88a8a06567fffff,34,142,0.45559376399256873,25.5229,148.5401,Barros Filho,Pavuna,3,25
88a8a07697fffff,1,7,1.2762975755393857,0.9096,5.4878,Guaratiba,Guaratiba,5,26
88a8a02b23fffff,3,36,1.1669756469700987,4.5414,28.4782,Campo Grande,Campo Grande,5,18
88a8a06e29fffff,31,105,0.26769135855382103,22.4804,134.6515,Parada de Lucas,Penha,3,31
88a8a029bdfffff,0,18,2.48033185555295,1.4206,8.9121,Campo Grande,Campo Grande,5,18
88a8a076ebfffff,1,10,1.8062174875316004,1.3249,8.1351,Vargem Grande,Barra da Tijuca,4,24
88a8a02a11fffff,1,57,0.8036827097175967,5.7772,34.8131,Guaratiba,Guaratiba,5,26
88a8a021a3fffff,8,33,1.3576701919081524,5.2348,31.4088,Santa Cruz,Santa Cruz,5,19
88a8a02a65fffff,3,19,1.2662026075424477,2.4611,14.6503,Guaratiba,Guaratiba,5,26
88a8a06663fffff,15,104,1.3358495942926436,13.3999,78.5861,Bangu,Bangu,5,17
88a8a02ab9fffff,15,67,0.41810166200655224,12.7299,77.0632,Santa Cruz,Santa Cruz,5,19
88a8a02b0dfffff,1,16,1.539967781730119,1.5332,9.3201,Guaratiba,Guaratiba,5,26
88a8a0670bfffff,27,84,0.23965704868922444,20.5998,124.8141,Realengo,Bangu,5,33
88a8a02b61fffff,1,10,0.7081988268290187,1.1112,6.6717,Guaratiba,Guaratiba,5,26
88a8a078e3fffff,14,52,0.3996027873241767,10.3934,65.6195,Copacabana,Zona Sul,2,5
88a8a06041fffff,0,46,2.8213141329335674,2.8235,16.7628,Jacarepaguá,Jacarepaguá,4,16
88a8a06095fffff,25,133,0.47582263383021234,22.355,135.1945,Bento Ribeiro,Madureira,3,15
88a8a060e9fffff,13,107,0.621975675793559,14.6048,88.6473,Quintino Bocaiúva,Madureira,3,15
88a8a066cdfffff,14,85,0.2733159014729167,13.0458,77.9279,Santíssimo,Campo Grande,5,18
88a8a0613dfffff,25,153,0.4827789955144016,24.4121,144.5147,Imperial de São Cristóvão,Centro,1,7
88a8a06191fffff,20,181,0.6226165596996331,24.6611,148.1534,Vila Kosmos,Madureira,3,14
88a8a06a53fffff,23,90,0.18477127287931472,18.2458,109.4259,Cidade Nova,Centro,1,3
88a8a061e5fffff,25,167,0.39507912546313195,28.5363,165.9167,Manguinhos,Ramos,3,10
88a8a06239fffff,16,47,0.7760446213589673,9.1353,55.6802,Jacarepaguá,Jacarepaguá,4,16
88a8a0628dfffff,28,70,0.20474434351058055,17.7751,109.0282,Pechincha,Jacarepaguá,4,16
88a8a02f51fffff,2,12,1.6818341875630332,1.8068,10.8408,Santa Cruz,Santa Cruz,5,19
88a8a062e1fffff,23,70,0.31274881167992236,15.2901,93.1457,Freguesia (Jacarepaguá),Jacarepaguá,4,16
88a8a03813fffff,0,1,4.856146585501743,0.0393,0.2513,Guaratiba,Guaratiba,5,26
88a8a07411fffff,4,10,1.453013622132689,2.1332,13.1973,Vargem Pequena,Barra da Tijuca,4,24
88a8a06335fffff,10,77,0.23901183644020788,10.4343,61.9098,Tijuca,Tijuca,2,8
88a8a07465fffff,5,12,0.5389568784962114,3.3824,22.3606,Barra da Tijuca,Barra da Tijuca,4,24
88a8a074b9fffff,0,11,2.229790401251132,0.6744,4.1984,Campo Grande,Campo Grande,5,18
88a8a0750dfffff,1,24,1.4499168491324916,2.0624,13.2121,Barra da Tijuca,Barra da Tijuca,4,24
88a8a02833fffff,9,69,0.2342303762745657,11.5046,70.7355,Campo Grande,Campo Grande,5,18
88a8a07561fffff,3,22,1.551523440560039,2.1657,14.0154,Barra da Tijuca,Barra da Tijuca,4,24
88a8a02887fffff,3,16,1.8081328406990587,2.1185,13.352,Paciência,Santa Cruz,5,19
88a8a039b7fffff,2,13,1.081468300694026,1.6065,9.5248,Guaratiba,Guaratiba,5,26
88a8a075b5fffff,3,51,0.2708585245171739,5.8203,36.0493,Jacarepaguá,Jacarepaguá,4,16
88a8a028dbfffff,4,38,0.7566857988957869,4.0079,24.2506,Santa Cruz,Santa Cruz,5,19
88a8a0652dfffff,31,139,0.4294791599490369,25.4015,145.4137,Barros Filho,Pavuna,3,25
88a8a02983fffff,0,37,2.2458221437828696,2.4814,15.4647,Campo Grande,Campo Grande,5,18
88a8a076b1fffff,1,7,1.1657004939355924,1.2646,7.7564,Guaratiba,Guaratiba,5,26
88a8a02115fffff,7,27,0.7335269103893011,4.5471,26.4053,Sepetiba,Santa Cruz,5,19
88a8a06e43fffff,34,168,0.32506128783350646,27.7927,165.0597,Colégio,Madureira,3,14
88a8a029d7fffff,0,41,2.37175677043133,3.6786,22.8702,Campo Grande,Campo Grande,5,18
88a8a02a2bfffff,4,35,0.7283527393902929,3.9569,23.6582,Guaratiba,Guaratiba,5,26
88a8a06629fffff,18,118,0.6112946764453658,19.4689,114.3548,Bangu,Bangu,5,17
88a8a021bdfffff,2,29,1.7959275977585405,3.1386,18.8318,Santa Cruz,Santa Cruz,5,19
88a8a02ad3fffff,14,59,0.3564527338707492,12.125,72.6829,Santa Cruz,Santa Cruz,5,19
88a8a066d1fffff,8,50,0.29267245560498306,7.3609,46.2966,Campo Grande,Campo Grande,5,18
88a8a02b27fffff,1,33,1.5006281161069974,3.6725,23.0523,Campo Grande,Campo Grande,5,18
88a8a06725fffff,14,113,0.7242688728558513,14.0519,87.7918,Campo dos Afonsos,Bangu,5,33
88a8a078a9fffff,16,52,0.30889670632583344,10.3895,65.6348,Botafogo,Zona Sul,2,4
88a8a06007fffff,12,90,0.48256639949903013,11.693,68.7699,Engenho de Dentro,Méier,3,13
88a8a021b9fffff,0,18,2.4756602637713727,1.5595,9.3571,Santa Cruz,Santa Cruz,5,19
88a8a0605bfffff,6,67,1.0007703190421764,8.4889,51.9003,Freguesia (Jacarepaguá),Jacarepaguá,4,16
88a8a06103fffff,30,142,0.5700439926785601,25.6087,150.0738,São Francisco Xavier,Méier,3,13
88a8a06157fffff,26,132,0.16544766794563104,23.4732,135.7784,Vila Isabel,Tijuca,2,9
88a8a06625fffff,38,113,0.2569182796584087,24.0747,143.1223,Padre Miguel,Bangu,5,17
88a8a06a19fffff,16,81,0.30774864044951794,14.0395,83.9934,Santo Cristo,Centro,1,1
88a8a061abfffff,35,156,0.4607041897007222,27.7752,165.2026,Complexo do Alemão,Inhaúma,3,29
88a8a06ac1fffff,7,107,0.14974172803895822,14.0987,82.7517,Caju,Centro,1,1
88a8a02a27fffff,5,49,0.03020912661330044,6.2367,37.4158,Guaratiba,Guaratiba,5,26
88a8a06253fffff,1,53,1.9962653854526033,5.6916,34.7024,Barra Olímpica,Jacarepaguá,4,16
88a8a062a7fffff,8,95,1.0541932560673326,9.7403,59.6548,Tanque,Jacarepaguá,4,16
88a8a02f6bfffff,8,35,0.9816435717373296,5.6376,33.8425,Santa Cruz,Santa Cruz,5,19
88a8a0742bfffff,3,13,1.2313096665018708,1.9545,12.4439,Vargem Pequena,Barra da Tijuca,4,24
88a8a074d3fffff,0,16,3.163856370513448,1.0394,6.4784,Guaratiba,Guaratiba,5,26
88a8a07527fffff,9,67,1.450228810407423,8.881,53.7587,Barra Olímpica,Jacarepaguá,4,16
88a8a0284dfffff,4,54,0.3736315193253617,6.7813,41.0064,Guaratiba,Guaratiba,5,26
88a8a0644bfffff,35,118,0.33241558989884534,25.1403,146.4122,Bangu,Bangu,5,17
88a8a039d1fffff,0,8,2.9448517640559424,0.7586,4.7059,Guaratiba,Guaratiba,5,26
88a8a02949fffff,6,43,0.5813245191555212,6.501,40.8207,Campo Grande,Campo Grande,5,18
88a8a06547fffff,25,121,0.45221246148000266,19.8979,120.9063,Deodoro,Bangu,5,33
88a8a02165fffff,6,25,1.1410885907448731,4.0483,24.1589,Guaratiba,Guaratiba,5,26
88a8a06e09fffff,28,145,0.1155451014385132,27.3896,163.0531,Irajá,Madureira,3,14
88a8a076cbfffff,3,5,0.9755682758382304,1.267,7.9287,Recreio dos Bandeirantes,Barra da Tijuca,4,24
88a8a06e5dfffff,30,166,0.44706834969338505,27.086,158.7771,Colégio,Madureira,3,14
88a8a02183fffff,0,16,3.367266227028462,0.9845,5.9067,Santa Cruz,Santa Cruz,5,19
88a8a02a45fffff,5,18,0.8342185839434543,3.694,22.3755,Guaratiba,Guaratiba,5,26
88a8a06643fffff,0,57,2.02937836077062,5.9163,34.1329,Senador Camará,Bangu,5,17
88a8a021d7fffff,0,2,4.92671746400149,0.0736,0.4417,Santa Cruz,Santa Cruz,5,19
88a8a029d3fffff,1,35,1.8494322825113352,3.6329,22.589,Campo Grande,Campo Grande,5,18
88a8a02a99fffff,18,60,0.057423338959259,13.6596,81.9713,Santa Cruz,Santa Cruz,5,19
88a8a06697fffff,1,14,1.8896493886377859,1.5185,9.3947,Campo Grande,Campo Grande,5,18
88a8a06f59fffff,29,126,0.20935055838013103,21.4041,130.7685,Penha Circular,Penha,3,11
88a8a02aedfffff,8,69,1.0312827943677605,9.1509,55.9835,Santa Cruz,Santa Cruz,5,19
88a8a066ebfffff,16,81,0.9357478952212307,12.8446,74.9328,Bangu,Bangu,5,17
88a8a02b41fffff,1,9,1.8603435658545735,0.9373,5.5906,Guaratiba,Guaratiba,5,26
88a8a078c3fffff,12,51,0.7924336595556606,9.7696,61.1069,Lagoa,Zona Sul,2,6
88a8a06021fffff,20,127,0.2684954334818691,19.712,113.0794,Lins de Vasconcelos,Méier,3,13
88a8a060c9fffff,9,89,0.4229027682083979,11.6627,71.0355,Praça Seca,Jacarepaguá,4,16
88a8a07abbfffff,15,33,0.8473731626885971,8.0572,48.6446,Vidigal,Zona Sul,2,6
88a8a0611dfffff,32,148,0.5245499707921284,25.4861,148.0676,Riachuelo,Méier,3,13
88a8a02111fffff,2,19,0.7661714828244978,2.7765,16.0559,Santa Cruz,Santa Cruz,5,19
88a8a076adfffff,3,11,0.30435928268536305,2.4334,14.9535,Vargem Pequena,Barra da Tijuca,4,24
88a8a061c5fffff,39,179,0.14329407685160578,30.5174,178.7837,Cachambi,Méier,3,13
88a8a06219fffff,8,56,1.1628902907733083,8.4095,50.9344,Jacarepaguá,Jacarepaguá,4,16
88a8a06adbfffff,40,140,0.5765771597353624,26.4341,154.3319,Bonsucesso,Ramos,3,10
88a8a0626dfffff,3,23,1.0428742211799538,3.2969,20.1419,Itanhangá,Barra da Tijuca,4,24
88a8a062c1fffff,22,68,0.4100002545054263,15.4257,93.3745,Jacarepaguá,Jacarepaguá,4,16
88a8a06315fffff,4,43,1.366025384316741,4.0569,23.8721,Alto da Boa Vista,Tijuca,2,8
88a8a07445fffff,2,10,1.8891592324881956,1.5935,10.3856,Recreio dos Bandeirantes,Barra da Tijuca,4,24
88a8a06369fffff,12,36,0.06520602868944676,8.7165,52.793,Gávea,Zona Sul,2,6
88a8a07499fffff,0,20,2.447351922731989,1.4122,8.8608,Campo Grande,Campo Grande,5,18
88a8a074edfffff,1,8,1.9685756515785993,1.1602,7.1882,Vargem Grande,Barra da Tijuca,4,24
88a8a02813fffff,6,65,0.981223416685079,9.4079,58.3138,Paciência,Santa Cruz,5,19
88a8a07541fffff,1,14,0.928329722417311,1.634,10.8191,Barra da Tijuca,Barra da Tijuca,4,24
88a8a02867fffff,15,92,0.07809561154571537,15.4127,95.1446,Campo Grande,Campo Grande,5,18
88a8a03997fffff,2,18,0.3834190195641097,2.8005,16.863,Guaratiba,Guaratiba,5,26
88a8a06465fffff,6,101,1.5457135776417747,10.9391,65.8837,Realengo,Bangu,5,33
88a8a07595fffff,0,25,2.7626333008975292,1.5248,9.2695,Jacarepaguá,Jacarepaguá,4,16
88a8a039ebfffff,0,7,2.9942670781715455,0.4991,3.1559,Guaratiba,Guaratiba,5,26
88a8a075e9fffff,4,23,0.9088660875903334,3.0865,19.4389,Jacarepaguá,Jacarepaguá,4,16
88a8a0650dfffff,25,114,0.2609304834261527,21.0668,125.7846,Guadalupe,Pavuna,3,22
88a8a0763dfffff,2,3,1.5205922356603236,0.7781,4.7462,Recreio dos Bandeirantes,Barra da Tijuca,4,24
88a8a020a1fffff,0,0,,0.0,0.0,Santa Cruz,Santa Cruz,5,19
88a8a02963fffff,8,62,1.0046326382028157,7.6108,47.433,Campo Grande,Campo Grande,5,18
88a8a06529fffff,30,122,0.30303847842440307,23.7174,136.9365,Costa Barros,Pavuna,3,25
88a8a06561fffff,31,143,0.1254058871871779,26.1015,155.3404,Guadalupe,Pavuna,3,22
88a8a07691fffff,1,7,1.9292752935967716,0.8782,5.3277,Guaratiba,Guaratiba,5,26
88a8a06e23fffff,16,80,0.11582259549165619,13.52,79.9128,Vigário Geral,Penha,3,31
88a8a0292bfffff,6,77,0.8777499531241051,9.7921,60.8332,Senador Vasconcelos,Campo Grande,5,18
88a8a076e5fffff,3,11,1.2211293934156178,1.8865,11.5468,Recreio dos Bandeirantes,Barra da Tijuca,4,24
88a8a02a0bfffff,4,34,1.0071981711620024,4.1924,25.0732,Guaratiba,Guaratiba,5,26
88a8a06609fffff,12,77,1.1237476317870374,10.8823,62.8693,Senador Camará,Bangu,5,17
88a8a0219dfffff,0,5,4.063243850066523,0.257,1.542,Santa Cruz,Santa Cruz,5,19
88a8a0665dfffff,0,54,2.155855211726492,4.8235,27.9317,Senador Camará,Bangu,5,17
88a8a02ab3fffff,6,61,1.1303910276577056,7.5497,45.6962,Santa Cruz,Santa Cruz,5,19
88a8a066b1fffff,1,19,1.6796158291374501,1.6714,9.8702,Bangu,Bangu,5,17
88a8a02b07fffff,3,31,1.7939728834675586,3.5069,21.7208,Guaratiba,Guaratiba,5,26
88a8a06705fffff,15,90,0.4850198848567468,12.7483,78.8135,Vila Militar,Bangu,5,33
88a8a02b5bfffff,3,17,0.9390259230009982,2.6276,15.585,Guaratiba,Guaratiba,5,26
88a8a06759fffff,9,87,1.0455622098770199,10.9706,66.1323,Realengo,Bangu,5,33
88a8a07889fffff,11,57,0.43779029403293285,10.2855,64.8171,Lagoa,Zona Sul,2,6
88a8a078ddfffff,17,50,1.0150901238401895,10.2043,63.7447,Lagoa,Zona Sul,2,6
88a8a0603bfffff,17,106,0.12817289541451887,16.0798,97.5512,Piedade,Méier,3,13
88a8a060e3fffff,25,125,0.3551550752071094,20.4746,122.8652,Cascadura,Madureira,3,15
88a8a06137fffff,24,149,0.7652550681944856,22.3304,130.2376,Caju,Centro,1,1
88a8a0618bfffff,27,184,0.1244791614927386,28.7691,171.3093,Inhaúma,Inhaúma,3,12
88a8a06233fffff,12,52,0.46713980763602525,9.7408,59.3456,Anil,Jacarepaguá,4,16
88a8a06287fffff,20,76,0.33034073189016444,15.4092,95.11,Taquara,Jacarepaguá,4,16
88a8a028d7fffff,3,20,1.1886829772896474,2.5624,15.7231,Santa Cruz,Santa Cruz,5,19
88a8a02f4bfffff,8,27,0.19262339694921346,5.6849,34.1097,Santa Cruz,Santa Cruz,5,19
88a8a062dbfffff,3,50,1.0911091508387605,6.5264,40.3654,Jacarepaguá,Jacarepaguá,4,16
88a8a0740bfffff,2,14,1.2455759692724513,1.9469,12.1683,Recreio dos Bandeirantes,Barra da Tijuca,4,24
88a8a038b5fffff,9,17,0.4762455969151198,4.6443,28.7017,Pedra de Guaratiba,Guaratiba,5,26
88a8a074b3fffff,1,44,1.5788288262631045,2.7118,16.2544,Campo Grande,Campo Grande,5,18
88a8a07507fffff,1,37,0.8651674042196174,3.7871,23.3069,Barra Olímpica,Jacarepaguá,4,16
88a8a0282dfffff,18,93,0.2977225180657917,17.3962,107.7646,Campo Grande,Campo Grande,5,18
88a8a0395dfffff,2,3,0.9253617771511744,1.1247,7.2502,Barra de Guaratiba,Guaratiba,5,26
88a8a0755bfffff,5,13,1.2851160393155596,2.5906,16.8988,Barra da Tijuca,Barra da Tijuca,4,24
88a8a02881fffff,3,19,1.071695204291758,2.9951,18.8382,Paciência,Santa Cruz,5,19
88a8a039b1fffff,2,13,0.9959006070990618,1.5387,9.1943,Guaratiba,Guaratiba,5,26
88a8a075b1fffff,2,50,1.1842141044667898,4.4531,27.2876,Jacarepaguá,Jacarepaguá,4,16
88a8a028d5fffff,4,31,0.6227552542241331,3.9619,24.4265,Paciência,Santa Cruz,5,19
88a8a02929fffff,4,70,1.4254799248673822,7.7162,47.5475,Campo Grande,Campo Grande,5,18
88a8a06527fffff,29,106,0.2744964378180498,20.947,119.128,Pavuna,Pavuna,3,25
88a8a039b3fffff,3,17,1.2231477212359056,2.0788,12.3887,Guaratiba,Guaratiba,5,26
88a8a076abfffff,3,12,0.9867116124600133,2.0053,12.3576,Vargem Grande,Barra da Tijuca,4,24
88a8a06e3dfffff,14,95,0.09660870766586782,15.4353,91.1789,Vigário Geral,Penha,3,31
88a8a029d1fffff,1,52,1.530989421835473,5.7203,35.4302,Campo Grande,Campo Grande,5,18
88a8a02883fffff,1,13,1.9660134962096458,1.7417,10.9302,Paciência,Santa Cruz,5,19
88a8a02a25fffff,6,31,0.9499649484672045,4.2384,25.328,Guaratiba,Guaratiba,5,26
88a8a06623fffff,36,127,0.19588551766118528,27.1267,158.5166,Bangu,Bangu,5,17
88a8a021b7fffff,4,21,0.8582799334926244,3.1586,18.9515,Santa Cruz,Santa Cruz,5,19
88a8a02acdfffff,8,65,1.0549089249181534,8.5073,50.9722,Santa Cruz,Santa Cruz,5,19
88a8a066cbfffff,9,80,0.5077026135028682,10.0185,62.1761,Santíssimo,Campo Grande,5,18
88a8a02b21fffff,0,26,2.017884616871405,2.5185,15.7567,Guaratiba,Guaratiba,5,26
88a8a078a3fffff,15,66,0.21956579145584387,12.5598,79.3754,Botafogo,Zona Sul,2,4
88a8a06001fffff,3,66,1.3852528411665517,6.7076,39.4022,Jacarepaguá,Jacarepaguá,4,16
88a8a06055fffff,0,60,2.4716830179981875,4.2054,25.4687,Jacarepaguá,Jacarepaguá,4,16
88a8a060a9fffff,27,137,0.39858960509444813,22.3715,133.5806,Engenheiro Leal,Madureira,3,15
88a8a06151fffff,16,109,0.3178681147101773,19.0399,110.2476,Grajaú,Tijuca,2,9
88a8a0755dfffff,0,13,2.259131155138807,1.7652,11.5879,Barra da Tijuca,Barra da Tijuca,4,24
88a8a061a5fffff,35,125,0.3129376236856341,26.1252,155.2433,Ramos,Ramos,3,10
88a8a02e69fffff,0,5,3.7222711293017823,0.2774,1.6642,Santa Cruz,Santa Cruz,5,19
88a8a0624dfffff,3,20,0.7526015687077945,3.5908,22.9323,Barra da Tijuca,Barra da Tijuca,4,24
88a8a0642dfffff,4,72,1.0217047977681726,7.3346,44.1801,Parque Anchieta,Pavuna,3,22
88a8a062a1fffff,7,85,0.8863597621706887,10.3446,63.7067,Pechincha,Jacarepaguá,4,16
88a8a02f65fffff,3,46,1.011218404827938,5.4769,33.0357,Santa Cruz,Santa Cruz,5,19
88a8a03827fffff,0,4,2.209812253378468,0.5478,3.4872,Guaratiba,Guaratiba,5,26
88a8a07425fffff,4,14,1.2464387652407463,2.3942,15.3372,Camorim,Barra da Tijuca,4,24
88a8a06349fffff,4,29,0.7265453881303218,3.9814,24.3434,São Conrado,Zona Sul,2,6
88a8a074cdfffff,4,9,0.26268977758185913,2.8204,17.4628,Vargem Grande,Barra da Tijuca,4,24
88a8a03923fffff,1,5,1.5670081468228139,0.7729,4.8559,Grumari,Barra da Tijuca,4,24
88a8a07521fffff,0,59,2.140686510038579,5.789,35.2264,Barra Olímpica,Jacarepaguá,4,16
88a8a02847fffff,8,73,0.8464388309258165,10.1058,61.6109,Inhoaíba,Campo Grande,5,18
88a8a06445fffff,27,115,0.23180221565331963,20.8687,123.6133,Realengo,Bangu,5,33
88a8a039cbfffff,0,7,4.077747577750135,0.3263,2.0396,Guaratiba,Guaratiba,5,26
88a8a075c9fffff,0,12,2.368676442045468,1.4083,8.9615,Camorim,Barra da Tijuca,4,24
88a8a02943fffff,16,64,0.02934585707760966,13.0666,82.1095,Campo Grande,Campo Grande,5,18
88a8a06541fffff,19,122,0.3095674231382788,17.904,110.1967,Deodoro,Bangu,5,33
88a8a06e03fffff,20,125,0.7291076091184663,21.0959,123.9833,Irajá,Madureira,3,14
88a8a07509fffff,1,18,1.737624631373651,1.8792,12.1382,Barra da Tijuca,Barra da Tijuca,4,24
88a8a076c5fffff,1,8,1.028076936079338,1.2127,7.4453,Recreio dos Bandeirantes,Barra da Tijuca,4,24
88a8a02129fffff,4,34,0.4858198193589284,5.6645,33.2886,Guaratiba,Guaratiba,5,26
88a8a06e57fffff,27,143,0.22028277458968454,25.6399,147.5345,Acari,Pavuna,3,25
88a8a0390bfffff,3,5,0.49511789201301204,1.4489,9.4068,Barra de Guaratiba,Guaratiba,5,26
88a8a029ebfffff,11,69,0.9025121805375486,10.3335,64.8203,Campo Grande,Campo Grande,5,18
88a8a0663dfffff,43,118,0.2776650987586521,27.1457,157.6108,Bangu,Bangu,5,17
88a8a02a93fffff,11,51,0.6842198038943014,9.9013,59.4668,Santa Cruz,Santa Cruz,5,19
88a8a06691fffff,3,19,1.4982949049622714,2.5232,15.7998,Campo Grande,Campo Grande,5,18
88a8a06f53fffff,16,90,0.6512852293509178,15.2,92.0625,Cordovil,Penha,3,31
88a8a02ae7fffff,22,67,0.45739634550331254,14.6301,90.284,Santa Cruz,Santa Cruz,5,19
88a8a066e5fffff,23,94,0.016753257230359562,20.5221,117.6635,Vila Kennedy,Bangu,5,17
88a8a02b3bfffff,11,59,0.32897320405395125,8.5158,52.8062,Campo Grande,Campo Grande,5,18
88a8a06739fffff,26,110,0.3839750663000865,18.038,108.8679,Magalhães Bastos,Bangu,5,33
88a8a078bdfffff,15,77,0.13570001005729437,13.5527,84.7269,Laranjeiras,Zona Sul,2,4
88a8a0601bfffff,1,92,1.5274071785770234,8.4081,51.3713,Freguesia (Jacarepaguá),Jacarepaguá,4,16
88a8a060c3fffff,19,95,0.31426163796006185,15.1648,91.8635,Praça Seca,Jacarepaguá,4,16
88a8a07ab5fffff,11,42,0.649029035032484,8.0447,48.9939,Ipanema,Zona Sul,2,6
88a8a06117fffff,30,178,0.48054724013653877,28.6804,165.9082,Jacaré,Méier,3,13
88a8a0616bfffff,28,112,0.36307501283894045,21.0758,126.9169,Tijuca,Tijuca,2,8
88a8a074b5fffff,0,22,3.1251952276472057,1.2623,7.3554,Senador Camará,Bangu,5,17
88a8a06213fffff,21,60,0.42081686619497977,14.4507,86.9453,Gardênia Azul,Jacarepaguá,4,16
88a8a06267fffff,4,26,1.0948537682473791,3.717,22.271,Itanhangá,Barra da Tijuca,4,24
88a8a02f2bfffff,0,18,2.3536342019046694,1.4623,8.7737,Santa Cruz,Santa Cruz,5,19
88a8a038b7fffff,8,17,0.6009611983702883,4.5562,27.79,Guaratiba,Guaratiba,5,26
88a8a062bbfffff,12,78,0.5343961239884498,11.6735,72.4084,Tanque,Jacarepaguá,4,16
88a8a06363fffff,8,43,1.5118182753900935,6.7135,41.2284,Alto da Boa Vista,Tijuca,2,8
88a8a07493fffff,3,28,1.0904439074017898,3.5239,22.1711,Campo Grande,Campo Grande,5,18
88a8a038e9fffff,0,4,3.971133197366141,0.2354,1.5064,Guaratiba,Guaratiba,5,26
88a8a074e7fffff,0,5,3.109101693120724,0.4528,2.8072,Vargem Grande,Barra da Tijuca,4,24
88a8a0280dfffff,15,83,0.608546734778219,13.3749,81.5644,Inhoaíba,Campo Grande,5,18
88a8a0393dfffff,0,6,2.253624897740401,0.8682,5.5465,Grumari,Barra da Tijuca,4,24
88a8a0753bfffff,7,37,0.8479312556005493,4.9671,30.7884,Jacarepaguá,Jacarepaguá,4,16
88a8a02861fffff,12,84,0.9202989302278842,11.8735,73.1073,Campo Grande,Campo Grande,5,18
88a8a03991fffff,2,15,0.7005153698715533,2.4655,14.9878,Guaratiba,Guaratiba,5,26
88a8a039e5fffff,1,6,1.0784773387465059,0.982,6.2835,Guaratiba,Guaratiba,5,26
88a8a075e3fffff,0,25,2.3437671971942797,2.3685,14.8698,Jacarepaguá,Jacarepaguá,4,16
88a8a02909fffff,19,69,0.16127368198761804,14.5495,91.4977,Campo Grande,Campo Grande,5,18
88a8a06507fffff,25,99,0.4456512767084346,17.9883,104.7853,Anchieta,Pavuna,3,22
88a8a07637fffff,2,13,0.5817168171948791,1.9543,12.0435,Recreio dos Bandeirantes,Barra da Tijuca,4,24
88a8a07461fffff,5,11,0.6704317131202847,3.1335,20.6698,Recreio dos Bandeirantes,Barra da Tijuca,4,24
88a8a0295dfffff,17,69,0.4419880371726558,13.6953,85.916,Campo Grande,Campo Grande,5,18
88a8a0655bfffff,7,90,1.0201483530935658,9.6014,58.0816,Vila Militar,Bangu,5,33
88a8a0768bfffff,1,8,0.9706268101403159,1.3093,8.0145,Guaratiba,Guaratiba,5,26
88a8a06331fffff,6,70,0.576722047963707,8.1898,48.1695,Tijuca,Tijuca,2,8
88a8a06e1dfffff,25,131,0.21350713425521373,21.9656,127.2757,Acari,Pavuna,3,25
88a8a029b1fffff,0,10,2.5232857077167083,0.7438,4.6301,Campo Grande,Campo Grande,5,18
88a8a02a05fffff,2,25,0.9182502834752454,3.2909,19.6416,Guaratiba,Guaratiba,5,26
88a8a06603fffff,34,101,0.1625093527171357,23.2116,133.756,Senador Camará,Bangu,5,17
88a8a3934dfffff,1,11,0.2868406097301815,1.8026,11.3317,Campo Grande,Campo Grande,5,18
88a8a02197fffff,0,6,3.3557410687926623,0.4034,2.4204,Santa Cruz,Santa Cruz,5,19
88a8a07733fffff,4,9,0.8432080486258929,2.5522,16.9615,Barra da Tijuca,Barra da Tijuca,4,24
88a8a02a59fffff,8,27,1.054716318742413,4.6728,28.0454,Guaratiba,Guaratiba,5,26
88a8a06657fffff,9,78,0.6528826115877151,11.6168,67.1122,Senador Camará,Bangu,5,17
88a8a021ebfffff,0,32,2.421966665625315,2.2483,13.3181,Santa Cruz,Santa Cruz,5,19
88a8a06f19fffff,11,75,1.1675776132295648,9.6175,57.9505,Cordovil,Penha,3,31
88a8a02aadfffff,21,72,0.09284380799148191,15.5895,96.8382,Paciência,Santa Cruz,5,19
88a8a066abfffff,7,53,1.4058943797317651,5.7832,33.5057,Bangu,Bangu,5,17
88a8a02b01fffff,1,23,1.569794349329431,2.4613,15.0534,Guaratiba,Guaratiba,5,26
88a8a02b55fffff,2,19,1.2527059847364066,2.2194,13.3098,Guaratiba,Guaratiba,5,26
88a8a0740dfffff,0,13,2.030927851432147,1.8562,11.9026,Recreio dos Bandeirantes,Barra da Tijuca,4,24
88a8a06753fffff,25,104,0.4730346493283131,21.1749,126.9289,Realengo,Bangu,5,33
88a8a07883fffff,10,90,0.6858042716548924,11.6112,72.3641,Humaitá,Zona Sul,2,4
88a8a078d7fffff,8,77,0.4850343530632943,10.0322,63.2439,Alto da Boa Vista,Tijuca,2,8
88a8a062ddfffff,11,62,0.3474705216918999,11.7823,72.2126,Curicica,Jacarepaguá,4,16
88a8a079d3fffff,3,36,0.5978321568585198,5.2135,34.0811,Urca,Zona Sul,2,4
88a8a06035fffff,28,125,0.3252422053590189,22.95,135.4298,Engenho de Dentro,Méier,3,13
88a8a06089fffff,20,111,0.4706421199535663,17.6492,106.32,Campinho,Madureira,3,15
88a8a071b9fffff,4,18,1.2899160166526598,2.3775,15.1219,Joá,Barra da Tijuca,4,24
88a8a060ddfffff,16,90,0.5856655599757522,13.7508,84.4382,Vila Valqueire,Jacarepaguá,4,16
88a8a06131fffff,29,167,0.24794506937687685,25.2754,147.9044,Benfica,Centro,1,7
88a8a06185fffff,36,174,0.215641305219408,30.6742,180.9568,Complexo do Alemão,Inhaúma,3,29
88a8a02e49fffff,0,0,,0.0,0.0,Santa Cruz,Santa Cruz,5,19
88a8a061d9fffff,33,138,0.23575679559987808,24.1111,145.469,Piedade,Méier,3,13
88a8a06a9bfffff,30,107,0.11663184223585231,20.6716,122.5815,Maré,Ramos,3,30
88a8a0622dfffff,2,27,0.4242492255273772,3.5955,21.4903,Alto da Boa Vista,Tijuca,2,8
88a8a02f4dfffff,12,38,0.26045309662405547,9.189,55.1341,Santa Cruz,Santa Cruz,5,19
88a8a06281fffff,23,71,0.3712672560991602,16.8931,104.0261,Taquara,Jacarepaguá,4,16
88a8a02f45fffff,9,40,0.21191503974871365,8.0121,48.0875,Santa Cruz,Santa Cruz,5,19
88a8a062d5fffff,18,66,0.6044746433322349,13.2008,81.0371,Curicica,Jacarepaguá,4,16
88a8a07405fffff,3,15,1.4081000984590508,2.0816,13.283,Vargem Pequena,Barra da Tijuca,4,24
88a8a06329fffff,4,56,1.5136669871759028,6.9307,42.7518,Alto da Boa Vista,Tijuca,2,8
88a8a07459fffff,3,10,0.974852650510753,1.9256,11.7957,Recreio dos Bandeirantes,Barra da Tijuca,4,24
88a8a074adfffff,0,4,4.009436431101927,0.227,1.4073,Vargem Grande,Barra da Tijuca,4,24
88a8a06289fffff,26,69,0.3612898059271422,16.6354,101.9277,Taquara,Jacarepaguá,4,16
88a8a03903fffff,1,6,0.6526279194451259,1.2579,8.1714,Barra de Guaratiba,Guaratiba,5,26
88a8a07501fffff,1,27,1.7078382896778617,2.5229,15.8384,Barra da Tijuca,Barra da Tijuca,4,24
88a8a02827fffff,27,91,0.28279017641516135,19.0339,118.3286,Campo Grande,Campo Grande,5,18
88a8a03957fffff,3,4,0.6637407796002597,1.6672,10.6561,Guaratiba,Guaratiba,5,26
88a8a07555fffff,0,16,2.4027685666003142,1.9104,12.3679,Barra da Tijuca,Barra da Tijuca,4,24
88a8a039abfffff,0,6,2.2887277870803464,0.6453,3.9067,Guaratiba,Guaratiba,5,26
88a8a075a9fffff,1,33,1.8996015432601325,3.2086,20.0898,Jacarepaguá,Jacarepaguá,4,16
88a8a064cdfffff,0,24,2.245363919971501,2.0397,11.6236,Bangu,Bangu,5,17
88a8a02923fffff,7,84,0.4710294652214421,10.087,62.241,Senador Vasconcelos,Campo Grande,5,18
88a8a06521fffff,34,122,0.29669689594908566,23.3695,133.3907,Costa Barros,Pavuna,3,25
88a8a020b5fffff,0,0,,0.0,0.0,Santa Cruz,Santa Cruz,5,19
88a8a076a5fffff,4,9,1.0103794093792453,2.4853,15.343,Vargem Pequena,Barra da Tijuca,4,24
88a8a02109fffff,4,16,0.8320297398368088,3.5378,20.39,Sepetiba,Santa Cruz,5,19
88a8a029cbfffff,16,73,0.6969228658591866,12.5971,77.8865,Campo Grande,Campo Grande,5,18
88a8a0661dfffff,27,89,0.25588632711834586,18.6203,107.1008,Senador Camará,Bangu,5,17
88a8a021b1fffff,2,21,1.6108362342738045,2.3614,14.1687,Santa Cruz,Santa Cruz,5,19
88a8a02ac7fffff,15,67,0.2112991029446836,14.7361,88.8462,Santa Cruz,Santa Cruz,5,19
88a8a066c5fffff,16,83,0.5966399010611907,13.4433,79.3596,Senador Camará,Bangu,5,17
88a8a02b1bfffff,6,43,0.5828372687142298,5.5887,33.6844,Guaratiba,Guaratiba,5,26
88a8a06235fffff,1,40,1.6682269849461466,4.6825,28.4342,Jacarepaguá,Jacarepaguá,4,16
88a8a06719fffff,38,103,0.42914904322195063,24.4087,146.494,Realengo,Bangu,5,33
88a8a0676dfffff,9,79,1.191556061661184,9.7595,61.043,Jardim Sulacap,Bangu,5,33
88a8a0789dfffff,7,95,1.1687501711963226,10.4079,64.9,Santa Teresa,Centro,1,23
88a8a07999fffff,2,37,0.3290013787826589,4.5802,30.032,Urca,Zona Sul,2,4
88a8a060a3fffff,23,167,0.18599248028929846,24.6156,145.7109,Vaz Lobo,Madureira,3,15
88a8a0614bfffff,17,93,0.5310617163314473,14.937,88.2495,Tijuca,Tijuca,2,8
88a8a06a0dfffff,6,41,1.3427742114651824,6.3862,39.4794,Centro,Centro,1,2
88a8a02e63fffff,0,4,4.023167244104682,0.2033,1.2195,Santa Cruz,Santa Cruz,5,19
88a8a06247fffff,7,27,1.3181056250234635,4.7121,28.8843,Itanhangá,Barra da Tijuca,4,24
88a8a02f0bfffff,2,13,1.1757826979724708,1.9784,11.8702,Santa Cruz,Santa Cruz,5,19
88a8a0629bfffff,10,68,0.6358391467997258,8.5118,53.053,Jacarepaguá,Jacarepaguá,4,16
88a8a06343fffff,7,32,1.8589137212520115,4.0248,24.3181,Alto da Boa Vista,Tijuca,2,8
88a8a038c9fffff,0,0,,0.0,0.0,Guaratiba,Guaratiba,5,26
88a8a074c7fffff,1,8,1.5446775474491625,1.1823,7.3281,Vargem Grande,Barra da Tijuca,4,24
88a8a0391dfffff,2,5,0.49273224520215864,1.4698,9.5212,Guaratiba,Guaratiba,5,26
88a8a0751bfffff,4,15,0.8683449819819653,2.7322,17.4102,Camorim,Barra da Tijuca,4,24
88a8a02841fffff,4,62,1.3011413010343669,7.6389,46.481,Guaratiba,Guaratiba,5,26
88a8a039c5fffff,0,6,3.2765596022416177,0.4653,2.9655,Guaratiba,Guaratiba,5,26
88a8a075c3fffff,0,10,3.186106817047719,0.7746,4.9115,Camorim,Barra da Tijuca,4,24
88a8a061e1fffff,35,179,0.25461776748404374,31.4259,183.1309,Higienópolis,Inhaúma,3,12
88a8a028e9fffff,11,64,0.9512452844636227,8.7913,54.6599,Paciência,Santa Cruz,5,19
88a8a07617fffff,2,8,1.792418475538723,1.062,6.4984,Recreio dos Bandeirantes,Barra da Tijuca,4,24
88a8a0293dfffff,10,77,0.5494416373242752,11.1352,69.6775,Senador Vasconcelos,Campo Grande,5,18
88a8a02123fffff,6,53,0.8821625932815529,7.8246,46.1907,Santa Cruz,Santa Cruz,5,19
88a8a06e51fffff,32,156,0.46339708543518016,27.0188,155.9856,Coelho Neto,Pavuna,3,25
88a8a029e5fffff,12,60,0.42815714654973314,9.6699,61.0082,Campo Grande,Campo Grande,5,18
88a8a07713fffff,4,9,1.72577441349538,1.5073,9.9219,Barra da Tijuca,Barra da Tijuca,4,24
88a8a02a39fffff,1,51,1.6032666015795227,4.5319,27.5118,Guaratiba,Guaratiba,5,26
88a8a06637fffff,31,112,0.1235032839358088,24.8319,143.7969,Bangu,Bangu,5,17
88a8a02a8dfffff,23,70,0.6244995580542614,16.1473,97.7276,Santa Cruz,Santa Cruz,5,19
88a8a0668bfffff,6,44,0.6354396145746478,5.7427,35.2467,Campo Grande,Campo Grande,5,18
88a8a06f4dfffff,18,108,0.2289684951285946,17.7747,106.51,Ramos,Ramos,3,10
88a8a02ae1fffff,21,75,0.4841618100051,12.9741,79.268,Santa Cruz,Santa Cruz,5,19
88a8a02b35fffff,10,48,0.6361924132003478,7.7157,48.3638,Campo Grande,Campo Grande,5,18
88a8a06733fffff,9,106,0.9493206274346297,12.9711,78.4918,Realengo,Bangu,5,33
88a8a078b7fffff,25,84,0.633002926373381,15.983,98.0322,Santa Teresa,Centro,1,23
88a8a06015fffff,8,88,0.8424394003404859,10.5358,63.8184,Água Santa,Méier,3,13
88a8a06069fffff,0,49,2.669120489805284,3.8215,21.8697,Jacarepaguá,Jacarepaguá,4,16
88a8a07199fffff,5,12,0.7100636685765532,2.8699,18.8295,Barra da Tijuca,Barra da Tijuca,4,24
88a8a0618dfffff,30,188,0.08105378868442706,33.4666,196.9072,Inhaúma,Inhaúma,3,12
88a8a060bdfffff,25,165,0.330098881658993,24.6841,146.311,Turiaçu,Madureira,3,15
88a8a06111fffff,27,159,0.10546165447331618,27.307,157.8466,Sampaio,Méier,3,13
88a8a06165fffff,25,105,0.2176895202830087,19.8346,119.3591,Estácio,Centro,1,3
88a8a061b9fffff,20,183,0.2202830632763632,26.2038,157.0815,Olaria,Ramos,3,10
88a8a0620dfffff,9,34,1.0090916562001557,5.9116,35.8491,Itanhangá,Barra da Tijuca,4,24
88a8a06261fffff,2,26,0.24297987430666265,4.2473,25.4096,Itanhangá,Barra da Tijuca,4,24
88a8a02f25fffff,1,15,0.9065570370571765,1.5603,9.4222,Santa Cruz,Santa Cruz,5,19
88a8a062b5fffff,14,88,0.19152927360081204,12.536,76.7035,Praça Seca,Jacarepaguá,4,16
88a8a06309fffff,3,31,1.5202307406482538,4.1175,24.8391,Alto da Boa Vista,Tijuca,2,8
88a8a0383bfffff,0,2,4.671713112542934,0.0824,0.5275,Guaratiba,Guaratiba,5,26
88a8a07439fffff,2,13,0.3663126972705915,2.2368,13.9812,Vargem Pequena,Barra da Tijuca,4,24
88a8a0635dfffff,4,23,1.1586797328122853,3.1658,19.0349,São Conrado,Zona Sul,2,6
88a8a0748dfffff,0,7,2.314355425148667,0.7113,4.4154,Vargem Grande,Barra da Tijuca,4,24
88a8a074e1fffff,0,7,2.2214025949913334,0.8606,5.3319,Vargem Grande,Barra da Tijuca,4,24
88a8a02807fffff,27,87,0.4762064593842337,16.2951,99.4326,Inhoaíba,Campo Grande,5,18
88a8a03937fffff,3,5,0.8871861896048686,1.2546,7.9884,Barra de Guaratiba,Guaratiba,5,26
88a8a07535fffff,10,58,0.32795149773340365,8.9338,54.5495,Jacarepaguá,Jacarepaguá,4,16
88a8a0285bfffff,18,69,0.28085267121621355,14.5617,90.5629,Paciência,Santa Cruz,5,19
88a8a06459fffff,25,102,0.558072819063137,20.5994,118.6835,Bangu,Bangu,5,17
88a8a06139fffff,26,162,0.41074494585353344,26.6319,156.0206,Benfica,Centro,1,7
88a8a0398bfffff,0,8,2.0703252376501218,0.8407,5.132,Guaratiba,Guaratiba,5,26
88a8a07589fffff,0,13,3.419113976676232,0.8395,5.3269,Jacarepaguá,Jacarepaguá,4,16
88a8a075ddfffff,0,8,3.097537379995443,0.5924,3.7232,Vargem Grande,Barra da Tijuca,4,24
88a8a02903fffff,22,81,0.4234354359775312,16.2381,101.99,Campo Grande,Campo Grande,5,18
88a8a06501fffff,24,96,0.35165055749376856,18.2311,108.0791,Ricardo de Albuquerque,Pavuna,3,22
88a8a07631fffff,2,5,0.6164115768485102,1.5248,9.3048,Recreio dos Bandeirantes,Barra da Tijuca,4,24
88a8a02957fffff,22,82,0.22549012087430734,17.2099,107.8821,Campo Grande,Campo Grande,5,18
88a8a06555fffff,17,88,0.42138844033210954,15.0754,91.3779,Ricardo de Albuquerque,Pavuna,3,22
88a8a07685fffff,2,11,1.837433911585036,1.5636,9.6118,Vargem Grande,Barra da Tijuca,4,24
88a8a06e17fffff,11,93,1.4095770068350733,11.99,68.9409,Pavuna,Pavuna,3,25
88a8a029abfffff,0,30,2.3271274863231666,2.749,17.3184,Campo Grande,Campo Grande,5,18
88a8a076d9fffff,2,4,0.12097895752818705,1.5441,9.9478,Guaratiba,Guaratiba,5,26
88a8a0213dfffff,10,46,0.5029783101763825,8.2867,48.6016,Sepetiba,Santa Cruz,5,19
88a8a06e6bfffff,34,145,0.305348602846856,27.8166,168.656,Vista Alegre,Madureira,3,14
88a8a02191fffff,0,3,4.0683735495446856,0.1623,0.9736,Santa Cruz,Santa Cruz,5,19
88a8a02a53fffff,7,39,0.8500788727480287,4.9449,29.3921,Guaratiba,Guaratiba,5,26
88a8a06651fffff,2,63,1.568490806009152,6.7434,39.2606,Senador Camará,Bangu,5,17
88a8a021e5fffff,5,49,0.6715399972711029,6.5359,38.8931,Santa Cruz,Santa Cruz,5,19
88a8a02aa7fffff,12,77,1.1015814103342867,11.1083,68.8026,Paciência,Santa Cruz,5,19
88a8a060e5fffff,26,128,0.2616560588979488,22.3221,135.4269,Quintino Bocaiúva,Madureira,3,15
88a8a066a5fffff,6,61,0.7765325734648938,7.2466,41.4893,Bangu,Bangu,5,17
88a8a0674dfffff,7,66,0.30644234699665374,7.9254,49.3481,Taquara,Jacarepaguá,4,16
88a8a078d1fffff,16,62,0.2900205388008478,10.7411,67.9078,Lagoa,Zona Sul,2,6
88a8a070b7fffff,2,26,0.6897061567919746,3.5081,22.6153,Barra da Tijuca,Barra da Tijuca,4,24
88a8a06083fffff,24,127,0.2749465042102374,21.7456,130.7628,Oswaldo Cruz,Madureira,3,15
88a8a071b3fffff,3,23,1.8483907712664482,2.8354,17.3399,Itanhangá,Barra da Tijuca,4,24
88a8a060d7fffff,19,106,0.28166824368542787,16.6597,102.5792,Vila Valqueire,Jacarepaguá,4,16
88a8a0612bfffff,27,132,0.14769518688110655,23.5274,141.3308,Imperial de São Cristóvão,Centro,1,7
88a8a06a41fffff,14,58,0.205044568997091,11.4835,72.0046,Glória,Zona Sul,2,4
88a8a061d3fffff,27,166,0.1475578906542644,25.9195,155.6903,Tomás Coelho,Inhaúma,3,12
88a8a06227fffff,1,29,1.2490309190496383,2.8164,16.8611,Jacarepaguá,Jacarepaguá,4,16
88a8a06323fffff,7,72,0.7466475920136996,8.6189,51.835,Alto da Boa Vista,Tijuca,2,8
88a8a07453fffff,2,9,1.0328853107162703,2.0544,12.6505,Vargem Pequena,Barra da Tijuca,4,24
88a8a074a7fffff,0,16,4.062762903391492,0.7256,4.2301,Senador Camará,Bangu,5,17
88a8a02821fffff,26,97,0.634477325696618,18.4712,114.1002,Inhoaíba,Campo Grande,5,18
88a8a03951fffff,3,3,0.27412386250167015,1.7889,11.4587,Barra de Guaratiba,Guaratiba,5,26
88a8a039a5fffff,0,7,2.034039351462759,0.7969,4.8856,Ilha de Guaratiba,Guaratiba,5,26
88a8a075a3fffff,4,52,0.4609133001056765,5.1823,32.3506,Jacarepaguá,Jacarepaguá,4,16
88a8a028c9fffff,7,71,0.6456483047644559,9.0173,55.7951,Paciência,Santa Cruz,5,19
88a8a06091fffff,22,117,0.11353169416255392,20.927,128.6807,Marechal Hermes,Madureira,3,15
88a8a0291dfffff,26,83,0.4028960104036718,17.8668,112.1705,Campo Grande,Campo Grande,5,18
88a8a02103fffff,7,20,0.25959858594188867,5.4383,31.3955,Sepetiba,Santa Cruz,5,19
88a8a029c5fffff,18,75,0.6078086713532237,14.0317,87.8401,Campo Grande,Campo Grande,5,18
88a8a02a19fffff,2,50,1.3296541890626916,5.0508,30.1643,Guaratiba,Guaratiba,5,26
88a8a06617fffff,31,98,0.21657511647651245,22.7801,130.8169,Senador Camará,Bangu,5,17
88a8a021abfffff,1,30,1.7636224679809125,3.7037,22.2221,Santa Cruz,Santa Cruz,5,19
88a8a02a6dfffff,3,18,1.2155344728251956,2.4819,14.8581,Guaratiba,Guaratiba,5,26
88a8a0666bfffff,3,85,1.77797654035458,8.2078,48.0023,Realengo,Bangu,5,33
88a8a02ac1fffff,15,71,0.486501985965061,11.345,68.0404,Santa Cruz,Santa Cruz,5,19
88a8a02b15fffff,5,41,0.5927174215543147,5.931,36.4063,Campo Grande,Campo Grande,5,18
88a8a06713fffff,30,107,0.25992656258563357,22.3777,133.4809,Realengo,Bangu,5,33
88a8a02b69fffff,1,7,0.3527723046434307,1.1614,6.9218,Guaratiba,Guaratiba,5,26
88a8a06767fffff,6,103,0.1748368000643848,11.2651,71.3154,Jardim Sulacap,Bangu,5,33
88a8a07897fffff,10,113,1.1132713687907627,13.5666,82.5013,Rio Comprido,Centro,1,3
88a8a078ebfffff,13,45,0.40925507312095577,9.4033,59.2666,Copacabana,Zona Sul,2,5
88a8a06049fffff,0,35,2.151571685497534,3.0019,18.0768,Jacarepaguá,Jacarepaguá,4,16
88a8a0609dfffff,23,113,0.5860240533206122,19.2967,117.8124,Bento Ribeiro,Madureira,3,15
88a8a06145fffff,19,105,0.37234898828633145,16.9434,101.6011,Tijuca,Tijuca,2,8
88a8a06a07fffff,2,33,1.3182130149766473,4.3102,26.2147,Centro,Centro,1,2
88a8a0603dfffff,24,112,0.4755703482833537,17.9878,105.8838,Engenho de Dentro,Méier,3,13
88a8a06199fffff,22,174,0.3288080139230936,25.1264,150.5742,Tomás Coelho,Inhaúma,3,12
88a8a02e5dfffff,0,0,,0.0,0.0,Santa Cruz,Santa Cruz,5,19
88a8a06a5bfffff,25,100,0.18532503723284396,20.1441,121.2965,Estácio,Centro,1,3
88a8a079dbfffff,8,36,0.3730197946233677,5.8145,37.4952,Urca,Zona Sul,2,4
88a8a061edfffff,28,178,0.04625531518142602,29.7816,172.2098,Jacarezinho,Méier,3,28
88a8a06241fffff,4,27,1.5800877710349002,3.9692,24.9266,Barra da Tijuca,Barra da Tijuca,4,24
88a8a02f05fffff,1,22,1.9885130957092338,2.3511,14.1067,Santa Cruz,Santa Cruz,5,19
88a8a06295fffff,14,72,0.41214518971874936,12.9406,80.2157,Taquara,Jacarepaguá,4,16
88a8a02f59fffff,1,12,1.4874202542405082,1.8048,10.829,Santa Cruz,Santa Cruz,5,19
88a8a062e9fffff,28,64,0.10971259831568206,16.7328,101.2689,Freguesia (Jacarepaguá),Jacarepaguá,4,16
88a8a07419fffff,5,10,1.4054474571854523,2.1684,13.3935,Vargem Pequena,Barra da Tijuca,4,24
88a8a0633dfffff,4,64,0.36548395061176064,7.543,44.9441,Alto da Boa Vista,Tijuca,2,8
88a8a0746dfffff,4,11,0.2576805808216941,3.7033,24.6253,Barra da Tijuca,Barra da Tijuca,4,24
88a8a074c1fffff,4,8,1.0450529185449653,1.8015,11.1477,Vargem Grande,Barra da Tijuca,4,24
88a8a03917fffff,1,6,1.938767799176119,0.8388,5.4026,Guaratiba,Guaratiba,5,26
88a8a07515fffff,5,24,0.6901281223589814,4.0229,25.2984,Jacarepaguá,Jacarepaguá,4,16
88a8a0283bfffff,13,75,0.2988923357909883,12.6154,77.3987,Cosmos,Campo Grande,5,18
88a8a07569fffff,3,7,0.7902713070236231,2.0438,13.6502,Barra da Tijuca,Barra da Tijuca,4,24
88a8a075bdfffff,3,42,1.1716224040388659,3.5546,22.0911,Jacarepaguá,Jacarepaguá,4,16
88a8a028e3fffff,9,36,0.13032450268080165,6.3178,39.7332,Paciência,Santa Cruz,5,19
88a8a07611fffff,0,6,2.3656276847585893,0.7097,4.3446,Recreio dos Bandeirantes,Barra da Tijuca,4,24
88a8a02937fffff,8,67,0.41525774433406815,9.6761,60.8749,Campo Grande,Campo Grande,5,18
88a8a0298bfffff,0,42,2.0299681989732794,3.767,23.4682,Campo Grande,Campo Grande,5,18
88a8a076b9fffff,1,9,1.4736144569434482,1.2629,7.7506,Guaratiba,Guaratiba,5,26
88a8a0211dfffff,5,17,0.21534080002275863,3.7991,21.8766,Sepetiba,Santa Cruz,5,19
88a8a06e4bfffff,28,174,0.6035554094167681,26.6015,157.6922,Colégio,Madureira,3,14
88a8a02a33fffff,4,59,1.214273369863256,8.015,49.3518,Santa Cruz,Santa Cruz,5,19
88a8a06631fffff,40,111,0.29455146557839285,26.9547,155.8646,Bangu,Bangu,5,17
88a8a021c5fffff,0,22,2.6323768765232174,1.4848,8.7105,Santa Cruz,Santa Cruz,5,19
88a8a02a87fffff,19,76,0.4644677551600033,14.5948,88.618,Santa Cruz,Santa Cruz,5,19
88a8a06685fffff,7,61,1.2062953162589538,7.6177,44.4397,Bangu,Bangu,5,17
88a8a02adbfffff,11,56,0.29804221046553003,9.1614,54.7535,Santa Cruz,Santa Cruz,5,19
88a8a066d9fffff,9,59,1.1226424212463608,8.4834,53.5293,Campo Grande,Campo Grande,5,18
88a8a0672dfffff,8,104,0.6011957145553954,12.1253,76.3394,Campo dos Afonsos,Bangu,5,33
88a8a078b1fffff,15,90,0.43132280226701153,14.707,90.4913,Laranjeiras,Zona Sul,2,4
88a8a07097fffff,3,7,0.11943145750624695,2.5857,17.3241,Barra da Tijuca,Barra da Tijuca,4,24
88a8a06063fffff,4,72,1.1527485903293546,7.5661,43.4148,Jacarepaguá,Jacarepaguá,4,16
88a8a07193fffff,7,20,1.3047544551619554,3.5446,22.4122,Barra da Tijuca,Barra da Tijuca,4,24
88a8a060b7fffff,26,165,0.266134260022326,26.9435,158.463,Colégio,Madureira,3,14
88a8a0610bfffff,34,126,0.36899407845712723,23.8615,139.5589,Vila Isabel,Tijuca,2,9
88a8a061b3fffff,30,145,0.42427268043498145,24.0547,146.4231,Penha Circular,Penha,3,11
88a8a06207fffff,10,43,0.7686145274100094,7.5922,46.2243,Jacarepaguá,Jacarepaguá,4,16
88a8a06ac9fffff,15,125,0.8393274692895017,16.7189,98.7656,Caju,Centro,1,1
88a8a0625bfffff,0,42,2.359268562622111,3.7671,23.3401,Barra da Tijuca,Barra da Tijuca,4,24
88a8a06303fffff,4,41,1.1664702766955857,4.3268,25.8267,Alto da Boa Vista,Tijuca,2,8
88a8a03835fffff,0,3,3.779183057725313,0.1809,1.1476,Guaratiba,Guaratiba,5,26
88a8a07433fffff,1,7,1.8442841039910365,0.9264,5.7508,Vargem Grande,Barra da Tijuca,4,24
88a8a06357fffff,4,21,0.34567621769979273,3.678,21.8322,Alto da Boa Vista,Tijuca,2,8
88a8a07487fffff,0,5,3.1454766035638504,0.3298,2.0612,Campo Grande,Campo Grande,5,18
88a8a074dbfffff,0,12,2.323949217495928,0.8418,5.1911,Guaratiba,Guaratiba,5,26
88a8a02801fffff,19,82,0.2205527351074396,15.7693,96.0554,Inhoaíba,Campo Grande,5,18
88a8a03931fffff,1,6,1.595620649194383,1.02,6.5351,Barra de Guaratiba,Guaratiba,5,26
88a8a02855fffff,19,77,0.5748475542980321,13.3199,81.7366,Cosmos,Campo Grande,5,18
88a8a03985fffff,0,5,2.5004358805034976,0.5098,3.1086,Guaratiba,Guaratiba,5,26
88a8a06453fffff,14,83,0.9409002851927517,11.4793,65.8693,Gericinó,Bangu,5,17
88a8a07583fffff,0,17,2.728019811474579,1.0416,6.4912,Jacarepaguá,Jacarepaguá,4,16
88a8a028a9fffff,3,26,0.7649775729349381,4.0515,25.4734,Paciência,Santa Cruz,5,19
88a8a039d9fffff,0,6,3.374037713532918,0.4563,2.862,Guaratiba,Guaratiba,5,26
88a8a075d7fffff,0,5,4.334642640881715,0.2343,1.4813,Jacarepaguá,Jacarepaguá,4,16
88a8a02951fffff,21,83,0.49851857756681606,15.6676,98.0388,Campo Grande,Campo Grande,5,18
88a8a06e11fffff,24,108,0.69412030399824,17.5335,100.5948,Parque Columbia,Pavuna,3,25
88a8a029a5fffff,4,29,0.9468400055793114,3.7411,23.616,Campo Grande,Campo Grande,5,18
88a8a076d3fffff,2,6,1.1858703479597947,1.0697,6.626,Ilha de Guaratiba,Guaratiba,5,26
88a8a02137fffff,9,57,0.8341346017065395,9.726,57.7153,Santa Cruz,Santa Cruz,5,19
88a8a06e65fffff,33,135,0.2574405530165121,24.0299,146.7443,Brás de Pina,Penha,3,11
88a8a0218bfffff,0,7,4.091620418473018,0.3645,2.1873,Santa Cruz,Santa Cruz,5,19
88a8a02a4dfffff,7,16,0.9500365554651554,4.0123,24.6486,Guaratiba,Guaratiba,5,26
88a8a0664bfffff,0,43,2.930637164432903,3.0793,17.7925,Senador Camará,Bangu,5,17
88a8a02aa1fffff,15,79,0.3778386043530801,14.1581,87.5416,Paciência,Santa Cruz,5,19
88a8a02b49fffff,0,7,2.4974142867368574,0.7868,4.7028,Ilha de Guaratiba,Guaratiba,5,26
88a8a06747fffff,7,72,1.3737447216631864,9.9047,61.0725,Jardim Sulacap,Bangu,5,33
88a8a078cbfffff,12,48,0.7500725756414459,9.5771,58.9614,Lagoa,Zona Sul,2,6
88a8a070b1fffff,2,20,0.254308636728496,3.0544,20.0561,Barra da Tijuca,Barra da Tijuca,4,24
88a8a06029fffff,10,88,0.2567529184652879,12.5487,71.7966,Lins de Vasconcelos,Méier,3,13
88a8a060d1fffff,15,101,0.03573248918194297,14.5639,90.4853,Vila Valqueire,Jacarepaguá,4,16
88a8a06125fffff,18,99,0.2664135690961116,16.5095,98.5523,Santo Cristo,Centro,1,1
88a8a061cdfffff,32,157,0.3152818354174857,28.3163,165.4729,Méier,Méier,3,13
88a8a06221fffff,1,30,0.838525346166642,3.5989,21.5693,Jacarepaguá,Jacarepaguá,4,16
88a8a062c9fffff,13,67,0.8408955320905532,10.9972,66.7248,Barra Olímpica,Jacarepaguá,4,16
88a8a0631dfffff,3,30,0.5242970015157387,3.683,21.8402,Alto da Boa Vista,Tijuca,2,8
88a8a0744dfffff,0,10,2.55495109625825,1.1481,7.4279,Recreio dos Bandeirantes,Barra da Tijuca,4,24
88a8a038a3fffff,6,16,0.49569848394040766,4.3341,27.057,Pedra de Guaratiba,Guaratiba,5,26
88a8a074a1fffff,0,3,4.396138539414963,0.1356,0.8301,Vargem Grande,Barra da Tijuca,4,24
88a8a0788bfffff,8,74,0.5005635155576292,10.4747,65.9049,Jardim Botânico,Zona Sul,2,6
88a8a0281bfffff,10,73,1.3317862761551027,10.9702,67.9305,Paciência,Santa Cruz,5,19
88a8a06419fffff,6,61,1.557681964561199,6.8583,39.3924,Gericinó,Bangu,5,17
88a8a07549fffff,1,11,1.6597128072252831,1.2107,8.0417,Barra da Tijuca,Barra da Tijuca,4,24
88a8a0675bfffff,13,102,0.4856914873353244,15.8383,94.7299,Realengo,Bangu,5,33
88a8a0646dfffff,10,102,0.6602553543073001,14.5703,87.5553,Realengo,Bangu,5,33
88a8a0759dfffff,0,9,3.517403511848176,0.4875,3.02,Jacarepaguá,Jacarepaguá,4,16
88a8a028c3fffff,5,46,0.7929745270098464,5.5101,34.1908,Santa Cruz,Santa Cruz,5,19
88a8a02b5dfffff,1,15,0.7293105904616075,1.8998,11.3033,Guaratiba,Guaratiba,5,26
88a8a064c1fffff,0,16,2.9973051498407295,1.0508,5.9679,Bangu,Bangu,5,17
88a8a02917fffff,22,81,0.242453792455438,16.6694,104.7577,Campo Grande,Campo Grande,5,18
88a8a06515fffff,15,69,0.19780870848291174,11.5845,68.1776,Anchieta,Pavuna,3,22
88a8a0296bfffff,9,51,0.46984509579142353,7.4537,46.8076,Campo Grande,Campo Grande,5,18
88a8a06569fffff,34,144,0.15547852916538027,24.5756,149.1562,Marechal Hermes,Madureira,3,15
88a8a07699fffff,1,7,1.4251323057186374,0.9664,5.9046,Ilha de Guaratiba,Guaratiba,5,26
88a8a06e2bfffff,28,108,0.11184690948208828,19.6289,116.5789,Vigário Geral,Penha,3,31
88a8a076edfffff,2,9,1.2308505744887708,1.4916,9.1113,Vargem Grande,Barra da Tijuca,4,24
88a8a02a13fffff,9,66,0.964368049461628,7.9975,48.2433,Santa Cruz,Santa Cruz,5,19
88a8a06611fffff,25,92,0.18681689736645807,19.2872,111.0746,Senador Camará,Bangu,5,17
88a8a021a5fffff,14,52,0.27687166296751536,10.2134,61.2311,Santa Cruz,Santa Cruz,5,19
88a8a02a67fffff,3,22,1.0147365272868385,2.9852,17.7509,Guaratiba,Guaratiba,5,26
88a8a06665fffff,7,92,1.1914261832707764,10.1255,60.4735,Realengo,Bangu,5,33
88a8a02abbfffff,9,64,0.6395460411602325,10.3599,62.5291,Santa Cruz,Santa Cruz,5,19
88a8a066b9fffff,1,26,0.8382473799718657,2.79,16.6817,Bangu,Bangu,5,17
88a8a06707fffff,18,98,0.3341928567911691,16.1442,98.2189,Vila Militar,Bangu,5,33
88a8a0670dfffff,12,84,1.119462712756628,11.827,72.9977,Jardim Sulacap,Bangu,5,33
88a8a02b63fffff,1,17,1.2428087001683719,1.423,8.6896,Guaratiba,Guaratiba,5,26
88a8a06761fffff,4,94,0.9514497348183335,9.8731,62.08,Jardim Sulacap,Bangu,5,33
88a8a02b09fffff,1,20,1.784182995766302,1.911,11.5501,Guaratiba,Guaratiba,5,26
88a8a07891fffff,3,105,1.4484910503910713,10.9255,67.0877,Santa Teresa,Centro,1,23
88a8a06043fffff,0,50,2.687249498653651,3.3111,19.8698,Jacarepaguá,Jacarepaguá,4,16
88a8a06097fffff,29,137,0.2572907413270769,23.6655,143.911,Marechal Hermes,Madureira,3,15
88a8a060ebfffff,14,109,0.22020692190838753,16.7574,101.105,Cascadura,Madureira,3,15
88a8a06a01fffff,9,45,1.1364328731529132,7.3894,45.2633,Centro,Centro,1,2
88a8a06193fffff,22,182,0.40927356121354314,25.904,155.962,Vila da Penha,Madureira,3,14
88a8a06a55fffff,24,69,0.41053107465863437,16.0939,98.5339,Centro,Centro,1,2
88a8a061e7fffff,37,157,0.46873882498239766,29.1753,171.1293,Bonsucesso,Ramos,3,10
88a8a0623bfffff,14,53,0.3432409813356512,11.7342,71.4548,Anil,Jacarepaguá,4,16
88a8a02f53fffff,0,9,2.481971997659576,0.9366,5.6195,Santa Cruz,Santa Cruz,5,19
88a8a062e3fffff,25,71,0.3815023247235304,15.4672,95.0723,Pechincha,Jacarepaguá,4,16
88a8a07413fffff,3,9,0.7075042176722924,2.2003,13.6215,Vargem Grande,Barra da Tijuca,4,24
88a8a06337fffff,14,81,0.7094011407153902,11.6929,68.5051,Andaraí,Tijuca,2,9
88a8a07467fffff,5,11,0.7996014577212867,2.82,18.397,Recreio dos Bandeirantes,Barra da Tijuca,4,24
88a8a074bbfffff,1,16,1.3425971420898113,1.3736,8.558,Campo Grande,Campo Grande,5,18
88a8a03911fffff,2,6,1.4107476316526195,1.031,6.6229,Guaratiba,Guaratiba,5,26
88a8a02835fffff,19,83,0.11105850406367607,15.8045,97.1478,Campo Grande,Campo Grande,5,18
88a8a07563fffff,1,31,1.7384420893611987,2.3984,15.1195,Barra da Tijuca,Barra da Tijuca,4,24
88a8a02889fffff,7,31,0.6726007078883784,4.2381,26.488,Paciência,Santa Cruz,5,19
88a8a02ab5fffff,8,73,0.5787890412379452,9.4041,57.7267,Santa Cruz,Santa Cruz,5,19
88a8a039b9fffff,2,9,0.6450013757472183,1.4238,8.5555,Ilha de Guaratiba,Guaratiba,5,26
88a8a075b7fffff,3,69,0.9484072561374469,7.5253,45.9083,Jacarepaguá,Jacarepaguá,4,16
88a8a028ddfffff,3,45,0.30158790944914593,5.618,34.4236,Santa Cruz,Santa Cruz,5,19
88a8a02931fffff,12,73,0.5173099101207911,11.4155,71.761,Campo Grande,Campo Grande,5,18
88a8a02985fffff,2,45,1.792644698380621,4.4159,27.7194,Campo Grande,Campo Grande,5,18
88a8a03ab5fffff,0,0,,0.0,0.0,Guaratiba,Guaratiba,5,26
88a8a076b3fffff,0,7,2.03307012393943,0.9236,5.6235,Guaratiba,Guaratiba,5,26
88a8a02117fffff,1,31,1.3692802525994163,3.5768,20.917,Santa Cruz,Santa Cruz,5,19
88a8a06e45fffff,35,165,0.3538859311724864,27.0709,163.5927,Vila da Penha,Madureira,3,14
88a8a029d9fffff,9,63,0.7843832966049352,8.5949,53.0063,Campo Grande,Campo Grande,5,18
88a8a02a2dfffff,5,20,0.977986432306679,3.297,19.5479,Guaratiba,Guaratiba,5,26
88a8a0662bfffff,30,123,0.04751501598943084,24.6425,143.7036,Bangu,Bangu,5,17
88a8a02a81fffff,24,72,0.03935599096035118,16.048,96.9983,Santa Cruz,Santa Cruz,5,19
88a8a06f41fffff,13,108,0.7364243686284216,15.0144,90.4838,Penha,Penha,3,11
88a8a02ad5fffff,21,66,0.6232298285515863,13.9308,83.6556,Santa Cruz,Santa Cruz,5,19
88a8a066d3fffff,6,37,0.34199787192340037,5.6999,36.0001,Campo Grande,Campo Grande,5,18
88a8a02b29fffff,0,23,2.0959943884856402,1.8386,11.3962,Guaratiba,Guaratiba,5,26
88a8a06727fffff,12,117,1.0309729839090909,14.3185,89.2014,Vila Militar,Bangu,5,33
88a8a078abfffff,14,66,0.2709302981028209,12.1722,76.4959,Botafogo,Zona Sul,2,4
88a8a02a61fffff,2,21,1.6519376552729677,2.8121,16.8116,Guaratiba,Guaratiba,5,26
88a8a06009fffff,0,55,2.2986673175232104,4.0913,24.1813,Jacarepaguá,Jacarepaguá,4,16
88a8a0605dfffff,1,55,1.746316002888247,4.6386,28.1515,Jacarepaguá,Jacarepaguá,4,16
88a8a060b1fffff,26,157,0.41656181467050013,25.2179,149.2784,Rocha Miranda,Madureira,3,15
88a8a06ecdfffff,19,89,0.10675680893121454,16.5818,94.2337,Pavuna,Pavuna,3,25
88a8a06105fffff,31,124,0.32057894157985295,24.8003,149.6413,Maracanã,Tijuca,2,9
88a8a06159fffff,14,86,0.7462816495474324,12.887,74.7718,Grajaú,Tijuca,2,9
88a8a061adfffff,46,144,0.3282064946999726,27.8522,164.7184,Bonsucesso,Ramos,3,10
88a8a06201fffff,8,42,0.22773670675054786,8.9477,54.4273,Itanhangá,Barra da Tijuca,4,24
88a8a06ac3fffff,12,108,0.5797732420912912,14.9256,86.9725,Caju,Centro,1,1
88a8a06255fffff,7,41,1.2477226778999488,5.8231,35.7739,Itanhangá,Barra da Tijuca,4,24
88a8a062a9fffff,12,73,0.5586872258617592,12.522,77.3425,Pechincha,Jacarepaguá,4,16
88a8a0773bfffff,4,6,1.1359512627919244,1.9956,13.3123,Barra da Tijuca,Barra da Tijuca,4,24
88a8a02f6dfffff,6,58,0.7320000352370017,7.8069,47.0353,Santa Cruz,Santa Cruz,5,19
88a8a0742dfffff,1,13,0.5085622276207455,2.5972,16.7269,Camorim,Barra da Tijuca,4,24
88a8a06351fffff,4,23,0.22527141570687073,3.5312,21.0678,Alto da Boa Vista,Tijuca,2,8
88a8a0660bfffff,22,86,0.682300742608692,15.2876,88.0542,Senador Camará,Bangu,5,17
88a8a07481fffff,0,5,3.1181994077741995,0.441,2.7438,Vargem Grande,Barra da Tijuca,4,24
88a8a074d5fffff,0,7,2.897338908210691,0.688,4.2572,Vargem Grande,Barra da Tijuca,4,24
88a8a0392bfffff,0,6,2.479788494902327,0.6681,4.262,Grumari,Barra da Tijuca,4,24
88a8a02a0dfffff,3,20,1.4598967126993159,3.3301,19.9248,Guaratiba,Guaratiba,5,26
88a8a07529fffff,0,46,2.2332996935342577,3.6885,22.6891,Barra da Tijuca,Barra da Tijuca,4,24
88a8a0644dfffff,32,120,0.21330103850212073,26.404,155.8932,Padre Miguel,Bangu,5,17
88a8a039d3fffff,0,12,2.0201814780557985,1.4628,9.0791,Guaratiba,Guaratiba,5,26
88a8a075d1fffff,0,6,3.602290935145584,0.3272,2.0443,Vargem Grande,Barra da Tijuca,4,24
88a8a0294bfffff,14,55,0.4209475425187992,10.2788,64.5577,Campo Grande,Campo Grande,5,18
88a8a06549fffff,11,115,0.7765111054690923,14.706,91.1082,Vila Militar,Bangu,5,33
88a8a06e0bfffff,30,140,0.15377663332374472,25.6409,150.3028,Irajá,Madureira,3,14
88a8a02131fffff,8,47,0.43613564437474567,8.412,49.4832,Sepetiba,Santa Cruz,5,19
88a8a076cdfffff,1,7,0.7248191030909455,1.1275,6.9505,Recreio dos Bandeirantes,Barra da Tijuca,4,24
88a8a02185fffff,0,33,2.1873303761295486,2.6758,16.0056,Santa Cruz,Santa Cruz,5,19
88a8a02a47fffff,5,23,0.5448609604004169,4.2712,25.6855,Guaratiba,Guaratiba,5,26
88a8a076e7fffff,1,11,0.650782600925452,1.984,12.1619,Vargem Grande,Barra da Tijuca,4,24
88a8a06645fffff,0,50,2.43554395484036,4.1036,23.883,Realengo,Bangu,5,33
88a8a02a9bfffff,16,55,0.6248625776349727,10.8207,64.9717,Santa Cruz,Santa Cruz,5,19
88a8a06699fffff,5,25,0.603087302726061,3.9256,24.7617,Campo Grande,Campo Grande,5,18
88a8a06f5bfffff,29,111,0.22075956470210029,20.6459,125.646,Brás de Pina,Penha,3,11
88a8a066edfffff,35,98,0.3979201605627761,22.0104,126.4861,Senador Camará,Bangu,5,17
88a8a02b43fffff,1,15,1.6584496101088748,1.4757,8.8051,Guaratiba,Guaratiba,5,26
88a8a06741fffff,5,69,1.239540476713465,8.3289,51.4721,Taquara,Jacarepaguá,4,16
88a8a029b9fffff,0,17,2.2057742587048277,1.2068,7.534,Campo Grande,Campo Grande,5,18
88a8a078c5fffff,11,45,0.2027329837323655,8.6974,54.2838,Copacabana,Zona Sul,2,5
88a8a06023fffff,27,128,0.32030021872924597,21.7519,126.4148,Méier,Méier,3,13
88a8a060cbfffff,11,91,0.22631495512841143,13.8184,84.0907,Praça Seca,Jacarepaguá,4,16
88a8a06e25fffff,14,85,0.520555564074235,13.8656,82.815,Parada de Lucas,Penha,3,31
88a8a061c7fffff,41,181,0.3567191721057607,31.143,183.1425,Del Castilho,Inhaúma,3,12
88a8a0621bfffff,15,56,0.5782933675005802,10.2619,61.7118,Jacarepaguá,Jacarepaguá,4,16
88a8a06addfffff,21,123,0.48954563449979044,19.833,115.261,Caju,Centro,1,1
88a8a062c3fffff,23,66,0.27810105300320215,15.1909,92.667,Taquara,Jacarepaguá,4,16
88a8a06317fffff,1,41,1.9525133562146837,3.6301,20.9679,Alto da Boa Vista,Tijuca,2,8
88a8a07447fffff,0,11,2.417356455432506,1.5469,9.9324,Recreio dos Bandeirantes,Barra da Tijuca,4,24
88a8a0636bfffff,9,31,0.6189419157245498,6.8299,41.5888,Alto da Boa Vista,Tijuca,2,8
88a8a07693fffff,1,7,1.1926951996951942,0.8929,5.3512,Guaratiba,Guaratiba,5,26
88a8a0749bfffff,1,30,1.984331067913516,2.8011,17.6115,Campo Grande,Campo Grande,5,18
88a8a02815fffff,17,76,0.5844069617748483,13.3311,81.6527,Cosmos,Campo Grande,5,18
88a8a07543fffff,1,14,1.562808832927744,1.6237,10.6368,Barra da Tijuca,Barra da Tijuca,4,24
88a8a06563fffff,24,127,0.12844497741839,24.1151,142.3774,Guadalupe,Pavuna,3,22
88a8a02869fffff,6,71,1.0343535041233445,9.0092,55.2214,Campo Grande,Campo Grande,5,18
88a8a06467fffff,2,86,1.7195240266617369,8.5395,51.2915,Parque Anchieta,Pavuna,3,22
88a8a03999fffff,3,14,1.5837282829403008,1.9784,12.167,Guaratiba,Guaratiba,5,26
88a8a02965fffff,1,51,1.3685383584399973,4.0736,24.6669,Campo Grande,Campo Grande,5,18
88a8a07597fffff,0,42,2.964800481099835,2.79,16.6918,Jacarepaguá,Jacarepaguá,4,16
88a8a039edfffff,1,6,1.734026690035677,0.8261,5.3176,Barra de Guaratiba,Guaratiba,5,26
88a8a075ebfffff,1,21,1.8367008143425607,2.0703,13.0543,Jacarepaguá,Jacarepaguá,4,16
88a8a02911fffff,25,84,0.2985882478780935,18.5798,116.5561,Campo Grande,Campo Grande,5,18
88a8a020a3fffff,0,0,,0.0,0.0,Santa Cruz,Santa Cruz,5,19
88a8a06f27fffff,2,19,1.2976938045019302,2.6311,16.4962,Galeão,Ilha do Governador,3,20
88a8a3d24dfffff,1,22,1.951458636312148,2.5425,15.1883,Freguesia (Ilha do Governador),Ilha do Governador,3,20
88a8a06f63fffff,3,60,0.8833722086335808,5.0308,30.7337,Galeão,Ilha do Governador,3,20
88a8a0688dfffff,16,31,0.6531598391856498,10.157,62.4265,Jardim Carioca,Ilha do Governador,3,20
88a8a068abfffff,14,29,0.2703592260833264,10.2196,61.6642,Tauá,Ilha do Governador,3,20
88a8a06f01fffff,1,57,1.5572714841730022,4.8615,29.7233,Galeão,Ilha do Governador,3,20
88a8a06f3dfffff,0,24,2.124519163046062,1.598,9.8792,Galeão,Ilha do Governador,3,20
88a8a0699bfffff,1,21,1.7829531863131047,2.4596,14.7065,Freguesia (Ilha do Governador),Ilha do Governador,3,20
88a8a06885fffff,19,31,0.5337049834835261,10.6031,64.6166,Tauá,Ilha do Governador,3,20
88a8a068a3fffff,8,29,0.6089621003666689,7.2987,43.838,Freguesia (Ilha do Governador),Ilha do Governador,3,20
88a8a0689bfffff,3,29,0.9241496759539285,4.2487,26.4406,Galeão,Ilha do Governador,3,20
88a8a068d7fffff,15,32,0.4384759848901266,8.4337,52.967,Jardim Guanabara,Ilha do Governador,3,20
88a8a06f2dfffff,3,28,0.8027297653250307,4.2319,26.4213,Galeão,Ilha do Governador,3,20
88a8a06f69fffff,3,74,1.553779885824886,8.3722,50.1277,Galeão,Ilha do Governador,3,20
88a8a06893fffff,2,30,0.5251574077170643,3.9127,24.253,Galeão,Ilha do Governador,3,20
88a8a068edfffff,4,27,0.7870318368307626,3.7313,22.78,Ribeira,Ilha do Governador,3,20
88a8a06f07fffff,1,39,1.9056175945113367,2.7941,17.1622,Galeão,Ilha do Governador,3,20
88a8a06f25fffff,5,30,1.5677806290762313,4.2604,26.6075,Galeão,Ilha do Governador,3,20
88a8a06f61fffff,3,64,1.4096075687981882,5.9203,35.9346,Galeão,Ilha do Governador,3,20
88a8a0688bfffff,14,32,0.5243835692300675,10.6156,66.3401,Jardim Guanabara,Ilha do Governador,3,20
88a8a068c7fffff,12,31,0.48503464980143074,8.2444,51.0708,Jardim Guanabara,Ilha do Governador,3,20
88a8a06883fffff,18,32,0.07871682424893711,10.9925,68.2212,Moneró,Ilha do Governador,3,20
88a8a068a1fffff,10,28,0.15977759209218337,7.1925,43.2681,Freguesia (Ilha do Governador),Ilha do Governador,3,20
88a8a06899fffff,11,31,0.8594635032068426,6.2893,39.2551,Galeão,Ilha do Governador,3,20
88a8a068d5fffff,13,32,0.3781925637296387,8.9294,56.2912,Jardim Guanabara,Ilha do Governador,3,20
88a8a06f0dfffff,1,71,1.7112252349456605,6.1606,37.4246,Galeão,Ilha do Governador,3,20
88a8a06f2bfffff,1,29,1.1882265697037118,2.4198,15.0534,Galeão,Ilha do Governador,3,20
88a8a06f67fffff,3,54,0.6884639213678694,5.185,31.9229,Galeão,Ilha do Governador,3,20
88a8a06891fffff,8,31,0.9327303284648113,5.9992,37.2311,Galeão,Ilha do Governador,3,20
88a8a068ebfffff,11,30,0.2812245878621115,8.26,50.6258,Pitangueiras,Ilha do Governador,3,20
88a8a06f05fffff,1,47,1.152542262037226,3.6882,22.7031,Galeão,Ilha do Governador,3,20
88a8a06f23fffff,1,19,1.783069657151878,1.8085,11.326,Galeão,Ilha do Governador,3,20
88a8a3d249fffff,6,27,1.3609604552921202,4.1415,24.8528,Freguesia (Ilha do Governador),Ilha do Governador,3,20
88a8a06889fffff,19,32,0.20341623275733378,10.2506,64.0167,Jardim Guanabara,Ilha do Governador,3,20
88a8a068a7fffff,8,27,1.0364513230335424,4.5702,27.4272,Freguesia (Ilha do Governador),Ilha do Governador,3,20
88a8a068c5fffff,8,30,0.8418818757013317,5.8261,35.92,Cacuia,Ilha do Governador,3,20
88a8a068e3fffff,14,30,0.2041571582757943,8.9256,54.4659,Praia da Bandeira,Ilha do Governador,3,20
88a8a06881fffff,23,32,0.1653401500083726,11.3078,69.7194,Jardim Carioca,Ilha do Governador,3,20
88a8a068bdfffff,14,29,0.29462135930708594,8.648,52.2489,Tauá,Ilha do Governador,3,20
88a8a068dbfffff,5,44,0.14966706802472457,5.9157,36.7856,Galeão,Ilha do Governador,3,20
88a8a068d3fffff,8,31,0.982436853299195,5.7727,36.177,Galeão,Ilha do Governador,3,20
88a8a06f29fffff,3,37,0.25587188620174145,3.7898,23.5721,Galeão,Ilha do Governador,3,20
88a8a06817fffff,2,25,1.0370728091373733,2.922,17.9051,Ribeira,Ilha do Governador,3,20
88a8a068e9fffff,6,28,0.2816253397599895,5.3869,32.999,Zumbi,Ilha do Governador,3,20
88a8a06f21fffff,3,25,1.0169853941724893,2.9607,18.5139,Galeão,Ilha do Governador,3,20
88a8a06887fffff,18,31,0.6411323610312172,10.4358,63.7405,Tauá,Ilha do Governador,3,20
88a8a0689dfffff,12,32,0.11384281627353417,9.3935,58.3763,Portuguesa,Ilha do Governador,3,20
88a8a06f6bfffff,2,75,1.657023899062288,7.2968,44.0856,Galeão,Ilha do Governador,3,20
88a8a068d1fffff,10,35,0.6187857897129933,6.7102,42.1862,Galeão,Ilha do Governador,3,20
88a8a07a5dfffff,0,0,,0.0,0.0,Ipanema,Zona Sul,2,6
88a8a07aedfffff,0,4,4.473605586819335,0.1617,0.9341,Ipanema,Zona Sul,2,6
88a8a06a89fffff,11,82,0.6463465429588966,11.0639,64.3163,Cidade Universitária,Ilha do Governador,3,20
88a8a06ad7fffff,26,108,0.3239981199488063,21.55,124.6891,Cidade Universitária,Ilha do Governador,3,20
88a8a06a9dfffff,20,83,0.8304712491248485,15.5136,90.0308,Cidade Universitária,Ilha do Governador,3,20
88a8a06a97fffff,7,77,1.5457847200552972,9.4744,56.0702,Cidade Universitária,Ilha do Governador,3,20
88a8a06a91fffff,21,95,0.7630050543698254,15.6558,91.7591,Cidade Universitária,Ilha do Governador,3,20
88a8a06a8bfffff,19,83,0.7013151552163763,13.2342,76.775,Cidade Universitária,Ilha do Governador,3,20
88a8a079ddfffff,1,18,1.7412582317513763,1.8686,12.207,Leme,Zona Sul,2,5
88a8a068e5fffff,3,27,1.3590962652469822,3.8154,23.2161,Ribeira,Ilha do Governador,3,20
88a8a06995fffff,0,9,3.5940292378325904,0.5222,3.0486,Paquetá,Centro,1,21
