ra,bairro,component,year,value
I Portuária,Caju,aprovacao,2007,98.4319298245614
I Portuária,Caju,aprovacao,2009,91.15974025974026
I Portuária,Caju,aprovacao,2011,93.5263157894737
I Portuária,Caju,aprovacao,2013,87.11145833333333
I Portuária,Caju,aprovacao,2015,88.15483870967742
I Portuária,Caju,aprovacao,2017,94.68708487084871
I Portuária,Caju,aprovacao,2019,97.84268292682926
I Portuária,Caju,aprovacao,2021,100.0
I Portuária,Caju,aprovacao,2023,95.4
I Portuária,Caju,saeb,2007,4.488315789473685
I Portuária,Caju,saeb,2009,5.33064935064935
I Portuária,Caju,saeb,2011,5.404309210526315
I Portuária,Caju,saeb,2013,5.319201388888889
I Portuária,Caju,saeb,2015,5.789548387096774
I Portuária,Caju,saeb,2017,6.091771217712177
I Portuária,Caju,saeb,2019,6.482804878048781
I Portuária,Caju,saeb,2021,6.378428
I Portuária,Caju,saeb,2023,6.0
I Portuária,Caju,ideb,2007,4.4035087719298245
I Portuária,Caju,ideb,2009,4.798701298701299
I Portuária,Caju,ideb,2011,4.931907894736842
I Portuária,Caju,ideb,2013,4.456597222222222
I Portuária,Caju,ideb,2015,5.110322580645161
I Portuária,Caju,ideb,2017,5.56789667896679
I Portuária,Caju,ideb,2019,6.158536585365853
I Portuária,Caju,ideb,2021,6.4
I Portuária,Caju,ideb,2023,5.8
I Portuária,Gamboa,aprovacao,2007,96.0
I Portuária,Gamboa,aprovacao,2009,70.1
I Portuária,Gamboa,aprovacao,2011,88.7
I Portuária,Gamboa,aprovacao,2013,83.3
I Portuária,Gamboa,aprovacao,2015,87.9
I Portuária,Gamboa,aprovacao,2017,89.59999999999998
I Portuária,Gamboa,aprovacao,2019,98.5
I Portuária,Gamboa,aprovacao,2023,99.5
I Portuária,Gamboa,saeb,2007,4.09
I Portuária,Gamboa,saeb,2009,5.52
I Portuária,Gamboa,saeb,2011,5.06
I Portuária,Gamboa,saeb,2013,5.66
I Portuária,Gamboa,saeb,2015,6.21
I Portuária,Gamboa,saeb,2017,6.18
I Portuária,Gamboa,saeb,2019,5.87
I Portuária,Gamboa,saeb,2023,5.7
I Portuária,Gamboa,ideb,2007,4.0
I Portuária,Gamboa,ideb,2009,3.7999999999999994
I Portuária,Gamboa,ideb,2011,4.3
I Portuária,Gamboa,ideb,2013,4.3
I Portuária,Gamboa,ideb,2015,5.6
I Portuária,Gamboa,ideb,2017,5.2
I Portuária,Gamboa,ideb,2019,5.5
I Portuária,Gamboa,ideb,2023,5.7
I Portuária,Santo Cristo,aprovacao,2007,97.712
I Portuária,Santo Cristo,aprovacao,2009,89.42903225806452
I Portuária,Santo Cristo,aprovacao,2011,91.80268456375838
I Portuária,Santo Cristo,aprovacao,2013,86.32125
I Portuária,Santo Cristo,aprovacao,2015,78.73882978723405
I Portuária,Santo Cristo,aprovacao,2017,96.47844311377246
I Portuária,Santo Cristo,aprovacao,2019,98.71225806451613
I Portuária,Santo Cristo,aprovacao,2021,99.81741379310344
I Portuária,Santo Cristo,aprovacao,2023,96.8
I Portuária,Santo Cristo,saeb,2007,4.7554
I Portuária,Santo Cristo,saeb,2009,5.610645161290323
I Portuária,Santo Cristo,saeb,2011,6.19986577181208
I Portuária,Santo Cristo,saeb,2013,6.237875
I Portuária,Santo Cristo,saeb,2015,6.022393617021277
I Portuária,Santo Cristo,saeb,2017,5.904790419161676
I Portuária,Santo Cristo,saeb,2019,5.375935483870968
I Portuária,Santo Cristo,saeb,2021,5.16869807586207
I Portuária,Santo Cristo,saeb,2023,5.1
I Portuária,Santo Cristo,ideb,2007,4.278499999999999
I Portuária,Santo Cristo,ideb,2009,5.070967741935483
I Portuária,Santo Cristo,ideb,2011,5.532885906040269
I Portuária,Santo Cristo,ideb,2013,5.166875
I Portuária,Santo Cristo,ideb,2015,5.207446808510638
I Portuária,Santo Cristo,ideb,2017,5.573652694610778
I Portuária,Santo Cristo,ideb,2019,5.128387096774193
I Portuária,Santo Cristo,ideb,2021,5.139137931034482
I Portuária,Santo Cristo,ideb,2023,4.9
I Portuária,Saúde,aprovacao,2007,96.4
I Portuária,Saúde,aprovacao,2009,78.6
I Portuária,Saúde,saeb,2007,4.64
I Portuária,Saúde,saeb,2009,5.35
I Portuária,Saúde,ideb,2007,4.0
I Portuária,Saúde,ideb,2009,4.2
II Centro,Centro,aprovacao,2007,95.3546875
II Centro,Centro,aprovacao,2009,91.21541218637992
II Centro,Centro,aprovacao,2011,88.40152671755726
II Centro,Centro,aprovacao,2013,88.94533333333334
II Centro,Centro,aprovacao,2015,87.79533678756476
II Centro,Centro,aprovacao,2017,91.04650205761317
II Centro,Centro,aprovacao,2019,90.78042328042328
II Centro,Centro,aprovacao,2023,97.8
II Centro,Centro,saeb,2007,5.050260416666667
II Centro,Centro,saeb,2009,5.561792114695342
II Centro,Centro,saeb,2011,5.940267175572519
II Centro,Centro,saeb,2013,5.908088888888889
II Centro,Centro,saeb,2015,6.112849740932642
II Centro,Centro,saeb,2017,6.206666666666668
II Centro,Centro,saeb,2019,6.177142857142857
II Centro,Centro,saeb,2023,6.4
II Centro,Centro,ideb,2007,4.491666666666667
II Centro,Centro,ideb,2009,5.010035842293907
II Centro,Centro,ideb,2011,5.2477099236641225
II Centro,Centro,ideb,2013,5.1626666666666665
II Centro,Centro,ideb,2015,5.427461139896373
II Centro,Centro,ideb,2017,5.8613168724279845
II Centro,Centro,ideb,2019,5.708465608465609
II Centro,Centro,ideb,2023,6.3
III Rio Comprido,Catumbi,aprovacao,2007,93.0
III Rio Comprido,Catumbi,aprovacao,2009,72.4
III Rio Comprido,Catumbi,aprovacao,2011,73.1
III Rio Comprido,Catumbi,aprovacao,2013,87.0
III Rio Comprido,Catumbi,aprovacao,2015,90.4
III Rio Comprido,Catumbi,aprovacao,2017,100.0
III Rio Comprido,Catumbi,aprovacao,2019,97.72857142857143
III Rio Comprido,Catumbi,aprovacao,2021,100.0
III Rio Comprido,Catumbi,aprovacao,2023,98.4
III Rio Comprido,Catumbi,saeb,2007,3.5400000000000005
III Rio Comprido,Catumbi,saeb,2009,4.96
III Rio Comprido,Catumbi,saeb,2011,5.19
III Rio Comprido,Catumbi,saeb,2013,5.45
III Rio Comprido,Catumbi,saeb,2015,5.66
III Rio Comprido,Catumbi,saeb,2017,6.08
III Rio Comprido,Catumbi,saeb,2019,6.004285714285714
III Rio Comprido,Catumbi,saeb,2021,6.132518
III Rio Comprido,Catumbi,saeb,2023,7.1
III Rio Comprido,Catumbi,ideb,2007,3.0
III Rio Comprido,Catumbi,ideb,2009,3.8
III Rio Comprido,Catumbi,ideb,2011,3.9000000000000004
III Rio Comprido,Catumbi,ideb,2013,4.4
III Rio Comprido,Catumbi,ideb,2015,4.5
III Rio Comprido,Catumbi,ideb,2017,5.9
III Rio Comprido,Catumbi,ideb,2019,5.714285714285714
III Rio Comprido,Catumbi,ideb,2021,6.099999999999999
III Rio Comprido,Catumbi,ideb,2023,6.9
III Rio Comprido,Estácio,aprovacao,2007,89.1
III Rio Comprido,Estácio,aprovacao,2009,91.7
III Rio Comprido,Estácio,aprovacao,2011,100.0
III Rio Comprido,Estácio,aprovacao,2013,96.6
III Rio Comprido,Estácio,aprovacao,2015,100.0
III Rio Comprido,Estácio,aprovacao,2017,82.6
III Rio Comprido,Estácio,aprovacao,2019,100.0
III Rio Comprido,Estácio,aprovacao,2021,99.7
III Rio Comprido,Estácio,aprovacao,2023,99.0
III Rio Comprido,Estácio,saeb,2007,4.22
III Rio Comprido,Estácio,saeb,2009,4.85
III Rio Comprido,Estácio,saeb,2011,5.35
III Rio Comprido,Estácio,saeb,2013,5.4
III Rio Comprido,Estácio,saeb,2015,6.4
III Rio Comprido,Estácio,saeb,2017,6.34
III Rio Comprido,Estácio,saeb,2019,5.5
III Rio Comprido,Estácio,saeb,2021,4.568068
III Rio Comprido,Estácio,saeb,2023,5.6
III Rio Comprido,Estácio,ideb,2007,3.5
III Rio Comprido,Estácio,ideb,2009,4.1
III Rio Comprido,Estácio,ideb,2011,4.8
III Rio Comprido,Estácio,ideb,2013,5.0
III Rio Comprido,Estácio,ideb,2015,5.9
III Rio Comprido,Estácio,ideb,2017,5.2
III Rio Comprido,Estácio,ideb,2019,5.5
III Rio Comprido,Estácio,ideb,2021,4.6
III Rio Comprido,Estácio,ideb,2023,5.5
III Rio Comprido,Rio Comprido,aprovacao,2007,97.15236907730673
III Rio Comprido,Rio Comprido,aprovacao,2009,86.24258555133079
III Rio Comprido,Rio Comprido,aprovacao,2011,88.21080402010048
III Rio Comprido,Rio Comprido,aprovacao,2013,93.50112359550563
III Rio Comprido,Rio Comprido,aprovacao,2015,94.0719512195122
III Rio Comprido,Rio Comprido,aprovacao,2017,85.39537037037036
III Rio Comprido,Rio Comprido,aprovacao,2019,95.12991071428571
III Rio Comprido,Rio Comprido,aprovacao,2021,100.0
III Rio Comprido,Rio Comprido,aprovacao,2023,98.2
III Rio Comprido,Rio Comprido,saeb,2007,4.563865336658354
III Rio Comprido,Rio Comprido,saeb,2009,5.519049429657795
III Rio Comprido,Rio Comprido,saeb,2011,5.824572864321608
III Rio Comprido,Rio Comprido,saeb,2013,5.91314606741573
III Rio Comprido,Rio Comprido,saeb,2015,5.788739837398375
III Rio Comprido,Rio Comprido,saeb,2017,5.820324074074074
III Rio Comprido,Rio Comprido,saeb,2019,5.8775892857142855
III Rio Comprido,Rio Comprido,saeb,2021,5.5483460000000004
III Rio Comprido,Rio Comprido,saeb,2023,5.7
III Rio Comprido,Rio Comprido,ideb,2007,4.254364089775561
III Rio Comprido,Rio Comprido,ideb,2009,4.623574144486692
III Rio Comprido,Rio Comprido,ideb,2011,4.8728643216080405
III Rio Comprido,Rio Comprido,ideb,2013,4.913483146067416
III Rio Comprido,Rio Comprido,ideb,2015,4.967073170731708
III Rio Comprido,Rio Comprido,ideb,2017,5.073148148148148
III Rio Comprido,Rio Comprido,ideb,2019,5.579464285714286
III Rio Comprido,Rio Comprido,ideb,2021,5.5
III Rio Comprido,Rio Comprido,ideb,2023,5.6
VII São Cristóvão,Benfica,aprovacao,2007,96.07011278195489
VII São Cristóvão,Benfica,aprovacao,2009,90.42314049586777
VII São Cristóvão,Benfica,aprovacao,2011,86.00410367170626
VII São Cristóvão,Benfica,aprovacao,2013,92.57358490566037
VII São Cristóvão,Benfica,aprovacao,2015,92.43904109589042
VII São Cristóvão,Benfica,aprovacao,2017,93.37765667574932
VII São Cristóvão,Benfica,aprovacao,2019,87.56458923512749
VII São Cristóvão,Benfica,aprovacao,2021,99.59719999999999
VII São Cristóvão,Benfica,aprovacao,2023,97.7
VII São Cristóvão,Benfica,saeb,2007,4.4425
VII São Cristóvão,Benfica,saeb,2009,5.553305785123967
VII São Cristóvão,Benfica,saeb,2011,5.633909287257019
VII São Cristóvão,Benfica,saeb,2013,5.253542976939204
VII São Cristóvão,Benfica,saeb,2015,5.670456621004566
VII São Cristóvão,Benfica,saeb,2017,5.7156403269754765
VII São Cristóvão,Benfica,saeb,2019,5.850396600566572
VII São Cristóvão,Benfica,saeb,2021,5.093251907999999
VII São Cristóvão,Benfica,saeb,2023,6.0
VII São Cristóvão,Benfica,ideb,2007,4.098684210526316
VII São Cristóvão,Benfica,ideb,2009,4.721212121212121
VII São Cristóvão,Benfica,ideb,2011,4.673866090712743
VII São Cristóvão,Benfica,ideb,2013,4.718448637316562
VII São Cristóvão,Benfica,ideb,2015,4.972602739726027
VII São Cristóvão,Benfica,ideb,2017,5.398092643051771
VII São Cristóvão,Benfica,ideb,2019,5.441926345609065
VII São Cristóvão,Benfica,ideb,2021,5.064933333333333
VII São Cristóvão,Benfica,ideb,2023,5.9
VII São Cristóvão,Imperial de São Cristóvão,aprovacao,2007,97.72219178082192
VII São Cristóvão,Imperial de São Cristóvão,aprovacao,2009,90.10749279538905
VII São Cristóvão,Imperial de São Cristóvão,aprovacao,2011,88.81428571428572
VII São Cristóvão,Imperial de São Cristóvão,aprovacao,2013,93.655938697318
VII São Cristóvão,Imperial de São Cristóvão,aprovacao,2015,94.17169811320754
VII São Cristóvão,Imperial de São Cristóvão,aprovacao,2017,96.48184818481849
VII São Cristóvão,Imperial de São Cristóvão,aprovacao,2019,94.80634441087612
VII São Cristóvão,Imperial de São Cristóvão,aprovacao,2021,99.0777596075225
VII São Cristóvão,Imperial de São Cristóvão,aprovacao,2023,96.9
VII São Cristóvão,Imperial de São Cristóvão,saeb,2007,5.3606849315068485
VII São Cristóvão,Imperial de São Cristóvão,saeb,2009,5.8275792507204605
VII São Cristóvão,Imperial de São Cristóvão,saeb,2011,6.148904761904761
VII São Cristóvão,Imperial de São Cristóvão,saeb,2013,6.1257088122605365
VII São Cristóvão,Imperial de São Cristóvão,saeb,2015,6.079496855345911
VII São Cristóvão,Imperial de São Cristóvão,saeb,2017,6.435214521452145
VII São Cristóvão,Imperial de São Cristóvão,saeb,2019,6.223413897280966
VII São Cristóvão,Imperial de São Cristóvão,saeb,2021,5.396147598528208
VII São Cristóvão,Imperial de São Cristóvão,saeb,2023,6.4
VII São Cristóvão,Imperial de São Cristóvão,ideb,2007,5.111506849315068
VII São Cristóvão,Imperial de São Cristóvão,ideb,2009,5.196541786743516
VII São Cristóvão,Imperial de São Cristóvão,ideb,2011,5.314761904761904
VII São Cristóvão,Imperial de São Cristóvão,ideb,2013,5.681226053639847
VII São Cristóvão,Imperial de São Cristóvão,ideb,2015,5.7062893081761015
VII São Cristóvão,Imperial de São Cristóvão,ideb,2017,6.141254125412542
VII São Cristóvão,Imperial de São Cristóvão,ideb,2019,6.024773413897281
VII São Cristóvão,Imperial de São Cristóvão,ideb,2021,5.354210956663941
VII São Cristóvão,Imperial de São Cristóvão,ideb,2023,6.2
VII São Cristóvão,Vasco da Gama,aprovacao,2007,99.1
VII São Cristóvão,Vasco da Gama,aprovacao,2009,95.0
VII São Cristóvão,Vasco da Gama,aprovacao,2011,100.0
VII São Cristóvão,Vasco da Gama,aprovacao,2013,100.0
VII São Cristóvão,Vasco da Gama,aprovacao,2015,100.0
VII São Cristóvão,Vasco da Gama,aprovacao,2017,99.0
VII São Cristóvão,Vasco da Gama,aprovacao,2019,99.0
VII São Cristóvão,Vasco da Gama,aprovacao,2023,96.1
VII São Cristóvão,Vasco da Gama,saeb,2007,5.12
VII São Cristóvão,Vasco da Gama,saeb,2009,6.45
VII São Cristóvão,Vasco da Gama,saeb,2011,6.779999999999999
VII São Cristóvão,Vasco da Gama,saeb,2013,6.54
VII São Cristóvão,Vasco da Gama,saeb,2015,7.0
VII São Cristóvão,Vasco da Gama,saeb,2017,6.77
VII São Cristóvão,Vasco da Gama,saeb,2019,7.12
VII São Cristóvão,Vasco da Gama,saeb,2023,6.5
VII São Cristóvão,Vasco da Gama,ideb,2007,5.0
VII São Cristóvão,Vasco da Gama,ideb,2009,6.1
VII São Cristóvão,Vasco da Gama,ideb,2011,6.5
VII São Cristóvão,Vasco da Gama,ideb,2013,6.4
VII São Cristóvão,Vasco da Gama,ideb,2015,6.7
VII São Cristóvão,Vasco da Gama,ideb,2017,6.5
VII São Cristóvão,Vasco da Gama,ideb,2019,6.9
VII São Cristóvão,Vasco da Gama,ideb,2023,6.2
XXI  Paquetá,Paquetá,aprovacao,2007,93.5
XXI  Paquetá,Paquetá,aprovacao,2009,92.7
XXI  Paquetá,Paquetá,aprovacao,2011,92.0
XXI  Paquetá,Paquetá,aprovacao,2013,94.7
XXI  Paquetá,Paquetá,aprovacao,2015,97.9
XXI  Paquetá,Paquetá,aprovacao,2017,94.4
XXI  Paquetá,Paquetá,aprovacao,2019,97.3
XXI  Paquetá,Paquetá,aprovacao,2023,95.0
XXI  Paquetá,Paquetá,saeb,2007,5.580000000000001
XXI  Paquetá,Paquetá,saeb,2009,6.23
XXI  Paquetá,Paquetá,saeb,2011,6.610000000000001
XXI  Paquetá,Paquetá,saeb,2013,5.62
XXI  Paquetá,Paquetá,saeb,2015,6.75
XXI  Paquetá,Paquetá,saeb,2017,7.38
XXI  Paquetá,Paquetá,saeb,2019,6.46
XXI  Paquetá,Paquetá,saeb,2023,5.5
XXI  Paquetá,Paquetá,ideb,2007,5.400000000000001
XXI  Paquetá,Paquetá,ideb,2009,5.7
XXI  Paquetá,Paquetá,ideb,2011,6.0
XXI  Paquetá,Paquetá,ideb,2013,5.4
XXI  Paquetá,Paquetá,ideb,2015,6.4
XXI  Paquetá,Paquetá,ideb,2017,7.0
XXI  Paquetá,Paquetá,ideb,2019,6.2
XXI  Paquetá,Paquetá,ideb,2023,5.2
XXIII Santa Teresa,Santa Teresa,aprovacao,2007,98.16037735849056
XXIII Santa Teresa,Santa Teresa,aprovacao,2009,94.51229508196721
XXIII Santa Teresa,Santa Teresa,aprovacao,2011,97.16226993865031
XXIII Santa Teresa,Santa Teresa,aprovacao,2013,95.56849315068493
XXIII Santa Teresa,Santa Teresa,aprovacao,2015,93.74405286343611
XXIII Santa Teresa,Santa Teresa,aprovacao,2017,93.68977777777778
XXIII Santa Teresa,Santa Teresa,aprovacao,2019,99.19615384615385
XXIII Santa Teresa,Santa Teresa,aprovacao,2021,97.2468330134357
XXIII Santa Teresa,Santa Teresa,aprovacao,2023,98.9
XXIII Santa Teresa,Santa Teresa,saeb,2007,5.337578616352201
XXIII Santa Teresa,Santa Teresa,saeb,2009,6.278647540983607
XXIII Santa Teresa,Santa Teresa,saeb,2011,6.489325153374233
XXIII Santa Teresa,Santa Teresa,saeb,2013,6.392739726027397
XXIII Santa Teresa,Santa Teresa,saeb,2015,6.311497797356829
XXIII Santa Teresa,Santa Teresa,saeb,2017,6.491288888888889
XXIII Santa Teresa,Santa Teresa,saeb,2019,6.660153846153846
XXIII Santa Teresa,Santa Teresa,saeb,2021,5.822915754318617
XXIII Santa Teresa,Santa Teresa,saeb,2023,6.0
XXIII Santa Teresa,Santa Teresa,ideb,2007,5.007547169811321
XXIII Santa Teresa,Santa Teresa,ideb,2009,5.702868852459017
XXIII Santa Teresa,Santa Teresa,ideb,2011,6.048159509202454
XXIII Santa Teresa,Santa Teresa,ideb,2013,5.916438356164384
XXIII Santa Teresa,Santa Teresa,ideb,2015,5.800000000000001
XXIII Santa Teresa,Santa Teresa,ideb,2017,6.141777777777778
XXIII Santa Teresa,Santa Teresa,ideb,2019,6.474615384615385
XXIII Santa Teresa,Santa Teresa,ideb,2021,5.673704414587332
XXIII Santa Teresa,Santa Teresa,ideb,2023,5.9
IV Botafogo,Botafogo,aprovacao,2007,94.91483516483517
IV Botafogo,Botafogo,aprovacao,2009,87.64320987654321
IV Botafogo,Botafogo,aprovacao,2011,97.17872340425532
IV Botafogo,Botafogo,aprovacao,2013,95.66619718309859
IV Botafogo,Botafogo,aprovacao,2015,93.04916666666666
IV Botafogo,Botafogo,aprovacao,2017,98.08627450980391
IV Botafogo,Botafogo,aprovacao,2019,95.52212389380531
IV Botafogo,Botafogo,aprovacao,2023,98.3
IV Botafogo,Botafogo,saeb,2007,4.943021978021978
IV Botafogo,Botafogo,saeb,2009,5.737222222222223
IV Botafogo,Botafogo,saeb,2011,6.34063829787234
IV Botafogo,Botafogo,saeb,2013,6.276549295774648
IV Botafogo,Botafogo,saeb,2015,6.241333333333333
IV Botafogo,Botafogo,saeb,2017,6.576470588235295
IV Botafogo,Botafogo,saeb,2019,6.327079646017699
IV Botafogo,Botafogo,saeb,2023,6.1
IV Botafogo,Botafogo,ideb,2007,4.536813186813187
IV Botafogo,Botafogo,ideb,2009,4.901851851851851
IV Botafogo,Botafogo,ideb,2011,5.725531914893618
IV Botafogo,Botafogo,ideb,2013,5.688028169014085
IV Botafogo,Botafogo,ideb,2015,5.5
IV Botafogo,Botafogo,ideb,2017,6.14313725490196
IV Botafogo,Botafogo,ideb,2019,5.928318584070796
IV Botafogo,Botafogo,ideb,2023,6.0
IV Botafogo,Catete,aprovacao,2007,100.0
IV Botafogo,Catete,aprovacao,2009,96.4
IV Botafogo,Catete,aprovacao,2011,96.3
IV Botafogo,Catete,aprovacao,2013,98.5
IV Botafogo,Catete,aprovacao,2015,97.7
IV Botafogo,Catete,aprovacao,2017,91.4
IV Botafogo,Catete,aprovacao,2019,83.3
IV Botafogo,Catete,aprovacao,2023,97.3
IV Botafogo,Catete,saeb,2007,4.7
IV Botafogo,Catete,saeb,2009,6.06
IV Botafogo,Catete,saeb,2011,5.77
IV Botafogo,Catete,saeb,2013,4.85
IV Botafogo,Catete,saeb,2015,6.22
IV Botafogo,Catete,saeb,2017,5.61
IV Botafogo,Catete,saeb,2019,6.04
IV Botafogo,Catete,saeb,2023,6.4
IV Botafogo,Catete,ideb,2007,4.3
IV Botafogo,Catete,ideb,2009,5.5
IV Botafogo,Catete,ideb,2011,5.1
IV Botafogo,Catete,ideb,2013,4.2
IV Botafogo,Catete,ideb,2015,5.7
IV Botafogo,Catete,ideb,2017,5.2
IV Botafogo,Catete,ideb,2019,5.3
IV Botafogo,Catete,ideb,2023,6.3
IV Botafogo,Flamengo,aprovacao,2007,97.93962264150943
IV Botafogo,Flamengo,aprovacao,2009,93.9959349593496
IV Botafogo,Flamengo,aprovacao,2011,97.53614457831326
IV Botafogo,Flamengo,aprovacao,2013,93.29428571428573
IV Botafogo,Flamengo,aprovacao,2015,100.0
IV Botafogo,Flamengo,aprovacao,2017,94.81680672268908
IV Botafogo,Flamengo,aprovacao,2019,99.15384615384616
IV Botafogo,Flamengo,aprovacao,2021,100.0
IV Botafogo,Flamengo,aprovacao,2023,97.2
IV Botafogo,Flamengo,saeb,2007,5.103018867924528
IV Botafogo,Flamengo,saeb,2009,6.352764227642277
IV Botafogo,Flamengo,saeb,2011,6.6173493975903614
IV Botafogo,Flamengo,saeb,2013,6.983714285714285
IV Botafogo,Flamengo,saeb,2015,6.643272727272727
IV Botafogo,Flamengo,saeb,2017,6.926638655462185
IV Botafogo,Flamengo,saeb,2019,6.8765811965811965
IV Botafogo,Flamengo,saeb,2021,6.358082997375327
IV Botafogo,Flamengo,saeb,2023,6.9
IV Botafogo,Flamengo,ideb,2007,4.686163522012579
IV Botafogo,Flamengo,ideb,2009,5.714634146341464
IV Botafogo,Flamengo,ideb,2011,6.163855421686748
IV Botafogo,Flamengo,ideb,2013,6.068571428571429
IV Botafogo,Flamengo,ideb,2015,6.1036363636363635
IV Botafogo,Flamengo,ideb,2017,6.3428571428571425
IV Botafogo,Flamengo,ideb,2019,6.555555555555555
IV Botafogo,Flamengo,ideb,2021,6.335958005249344
IV Botafogo,Flamengo,ideb,2023,6.8
IV Botafogo,Glória,aprovacao,2009,95.0
IV Botafogo,Glória,aprovacao,2023,99.6
IV Botafogo,Glória,saeb,2009,5.82
IV Botafogo,Glória,saeb,2023,6.4
IV Botafogo,Glória,ideb,2009,5.3
IV Botafogo,Glória,ideb,2023,6.4
IV Botafogo,Humaitá,aprovacao,2007,100.0
IV Botafogo,Humaitá,aprovacao,2009,83.3
IV Botafogo,Humaitá,aprovacao,2011,98.5
IV Botafogo,Humaitá,aprovacao,2013,92.2
IV Botafogo,Humaitá,aprovacao,2015,78.6
IV Botafogo,Humaitá,aprovacao,2017,86.2
IV Botafogo,Humaitá,aprovacao,2019,96.6
IV Botafogo,Humaitá,aprovacao,2023,95.1
IV Botafogo,Humaitá,saeb,2007,4.93
IV Botafogo,Humaitá,saeb,2009,6.52
IV Botafogo,Humaitá,saeb,2011,7.29
IV Botafogo,Humaitá,saeb,2013,6.8
IV Botafogo,Humaitá,saeb,2015,6.7
IV Botafogo,Humaitá,saeb,2017,7.16
IV Botafogo,Humaitá,saeb,2019,6.36
IV Botafogo,Humaitá,saeb,2023,6.7
IV Botafogo,Humaitá,ideb,2007,4.8
IV Botafogo,Humaitá,ideb,2009,5.7
IV Botafogo,Humaitá,ideb,2011,6.6
IV Botafogo,Humaitá,ideb,2013,6.4
IV Botafogo,Humaitá,ideb,2015,5.7
IV Botafogo,Humaitá,ideb,2017,6.5
IV Botafogo,Humaitá,ideb,2019,6.0
IV Botafogo,Humaitá,ideb,2023,6.3
IV Botafogo,Laranjeiras,aprovacao,2007,99.50253807106598
IV Botafogo,Laranjeiras,aprovacao,2009,95.23396226415093
IV Botafogo,Laranjeiras,aprovacao,2011,92.60330188679247
IV Botafogo,Laranjeiras,aprovacao,2013,95.69288702928871
IV Botafogo,Laranjeiras,aprovacao,2015,94.21948051948051
IV Botafogo,Laranjeiras,aprovacao,2017,92.4488888888889
IV Botafogo,Laranjeiras,aprovacao,2019,96.64835164835165
IV Botafogo,Laranjeiras,aprovacao,2021,100.0
IV Botafogo,Laranjeiras,aprovacao,2023,99.3
IV Botafogo,Laranjeiras,saeb,2007,5.385228426395939
IV Botafogo,Laranjeiras,saeb,2009,6.311509433962264
IV Botafogo,Laranjeiras,saeb,2011,6.563066037735848
IV Botafogo,Laranjeiras,saeb,2013,6.380000000000001
IV Botafogo,Laranjeiras,saeb,2015,6.326753246753246
IV Botafogo,Laranjeiras,saeb,2017,6.51
IV Botafogo,Laranjeiras,saeb,2019,6.355934065934066
IV Botafogo,Laranjeiras,saeb,2021,6.176846
IV Botafogo,Laranjeiras,saeb,2023,6.5
IV Botafogo,Laranjeiras,ideb,2007,5.221827411167513
IV Botafogo,Laranjeiras,ideb,2009,5.890566037735849
IV Botafogo,Laranjeiras,ideb,2011,6.022641509433962
IV Botafogo,Laranjeiras,ideb,2013,5.948953974895398
IV Botafogo,Laranjeiras,ideb,2015,5.845454545454546
IV Botafogo,Laranjeiras,ideb,2017,6.086666666666667
IV Botafogo,Laranjeiras,ideb,2019,6.105494505494506
IV Botafogo,Laranjeiras,ideb,2021,6.2
IV Botafogo,Laranjeiras,ideb,2023,6.5
IV Botafogo,Urca,aprovacao,2007,99.28933333333335
IV Botafogo,Urca,aprovacao,2009,93.28571428571429
IV Botafogo,Urca,aprovacao,2011,97.20283687943262
IV Botafogo,Urca,aprovacao,2013,88.6
IV Botafogo,Urca,aprovacao,2015,95.52093023255814
IV Botafogo,Urca,aprovacao,2017,93.8578947368421
IV Botafogo,Urca,aprovacao,2019,98.42538461538462
IV Botafogo,Urca,aprovacao,2021,100.0
IV Botafogo,Urca,aprovacao,2023,98.5
IV Botafogo,Urca,saeb,2007,6.0336
IV Botafogo,Urca,saeb,2009,6.798571428571429
IV Botafogo,Urca,saeb,2011,6.8731914893617025
IV Botafogo,Urca,saeb,2013,6.840000000000001
IV Botafogo,Urca,saeb,2015,7.0627906976744175
IV Botafogo,Urca,saeb,2017,6.994912280701755
IV Botafogo,Urca,saeb,2019,6.757692307692308
IV Botafogo,Urca,saeb,2021,7.007465244575936
IV Botafogo,Urca,saeb,2023,7.3
IV Botafogo,Urca,ideb,2007,5.882666666666667
IV Botafogo,Urca,ideb,2009,6.428571428571429
IV Botafogo,Urca,ideb,2011,6.70709219858156
IV Botafogo,Urca,ideb,2013,6.45
IV Botafogo,Urca,ideb,2015,6.674418604651163
IV Botafogo,Urca,ideb,2017,6.782456140350877
IV Botafogo,Urca,ideb,2019,6.678461538461539
IV Botafogo,Urca,ideb,2021,6.989546351084813
IV Botafogo,Urca,ideb,2023,7.2
V Copacabana,Copacabana,aprovacao,2007,97.93663366336634
V Copacabana,Copacabana,aprovacao,2009,92.64542772861358
V Copacabana,Copacabana,aprovacao,2011,96.65065789473685
V Copacabana,Copacabana,aprovacao,2013,96.87661538461539
V Copacabana,Copacabana,aprovacao,2015,94.65903614457831
V Copacabana,Copacabana,aprovacao,2017,92.85205479452053
V Copacabana,Copacabana,aprovacao,2019,97.36717948717948
V Copacabana,Copacabana,aprovacao,2021,98.3571072319202
V Copacabana,Copacabana,aprovacao,2023,96.7
V Copacabana,Copacabana,saeb,2007,5.768811881188118
V Copacabana,Copacabana,saeb,2009,6.39725663716814
V Copacabana,Copacabana,saeb,2011,6.864835526315789
V Copacabana,Copacabana,saeb,2013,6.845569230769231
V Copacabana,Copacabana,saeb,2015,6.933373493975903
V Copacabana,Copacabana,saeb,2017,6.704383561643835
V Copacabana,Copacabana,saeb,2019,6.61071794871795
V Copacabana,Copacabana,saeb,2021,6.664982695760599
V Copacabana,Copacabana,saeb,2023,6.6
V Copacabana,Copacabana,ideb,2007,5.423019801980198
V Copacabana,Copacabana,ideb,2009,5.963126843657817
V Copacabana,Copacabana,ideb,2011,6.495394736842105
V Copacabana,Copacabana,ideb,2013,6.490769230769231
V Copacabana,Copacabana,ideb,2015,6.422489959839358
V Copacabana,Copacabana,ideb,2017,6.182191780821918
V Copacabana,Copacabana,ideb,2019,6.396923076923076
V Copacabana,Copacabana,ideb,2021,6.519451371571073
V Copacabana,Copacabana,ideb,2023,6.4
V Copacabana,Leme,aprovacao,2007,95.40000000000002
V Copacabana,Leme,aprovacao,2009,86.0
V Copacabana,Leme,aprovacao,2011,93.7
V Copacabana,Leme,aprovacao,2013,90.5
V Copacabana,Leme,aprovacao,2017,100.0
V Copacabana,Leme,aprovacao,2019,100.0
V Copacabana,Leme,aprovacao,2021,96.7
V Copacabana,Leme,aprovacao,2023,97.0
V Copacabana,Leme,saeb,2007,4.97
V Copacabana,Leme,saeb,2009,6.07
V Copacabana,Leme,saeb,2011,5.87
V Copacabana,Leme,saeb,2013,5.48
V Copacabana,Leme,saeb,2017,6.02
V Copacabana,Leme,saeb,2019,6.36
V Copacabana,Leme,saeb,2021,6.086205
V Copacabana,Leme,saeb,2023,6.5
V Copacabana,Leme,ideb,2007,4.5
V Copacabana,Leme,ideb,2009,5.2
V Copacabana,Leme,ideb,2011,4.9
V Copacabana,Leme,ideb,2013,4.7
V Copacabana,Leme,ideb,2017,5.8
V Copacabana,Leme,ideb,2019,5.9
V Copacabana,Leme,ideb,2021,5.9
V Copacabana,Leme,ideb,2023,6.3
VI Lagoa,Gávea,aprovacao,2007,96.09350649350648
VI Lagoa,Gávea,aprovacao,2009,88.26631205673759
VI Lagoa,Gávea,aprovacao,2011,91.85110497237568
VI Lagoa,Gávea,aprovacao,2013,90.66315789473684
VI Lagoa,Gávea,aprovacao,2015,93.45641025641025
VI Lagoa,Gávea,aprovacao,2017,95.64355828220859
VI Lagoa,Gávea,aprovacao,2019,96.0576923076923
VI Lagoa,Gávea,aprovacao,2021,100.0
VI Lagoa,Gávea,aprovacao,2023,98.9
VI Lagoa,Gávea,saeb,2007,5.517619047619047
VI Lagoa,Gávea,saeb,2009,6.090283687943263
VI Lagoa,Gávea,saeb,2011,6.115690607734807
VI Lagoa,Gávea,saeb,2013,6.20904605263158
VI Lagoa,Gávea,saeb,2015,6.762871794871795
VI Lagoa,Gávea,saeb,2017,6.719018404907976
VI Lagoa,Gávea,saeb,2019,6.2700000000000005
VI Lagoa,Gávea,saeb,2021,6.287036
VI Lagoa,Gávea,saeb,2023,6.2
VI Lagoa,Gávea,ideb,2007,5.081385281385282
VI Lagoa,Gávea,ideb,2009,5.4787234042553195
VI Lagoa,Gávea,ideb,2011,4.765193370165746
VI Lagoa,Gávea,ideb,2013,5.462171052631579
VI Lagoa,Gávea,ideb,2015,6.0
VI Lagoa,Gávea,ideb,2017,6.300000000000001
VI Lagoa,Gávea,ideb,2019,6.071153846153846
VI Lagoa,Gávea,ideb,2021,6.3
VI Lagoa,Gávea,ideb,2023,6.1
VI Lagoa,Ipanema,aprovacao,2007,96.91111111111111
VI Lagoa,Ipanema,aprovacao,2009,84.63793103448276
VI Lagoa,Ipanema,aprovacao,2011,83.33625730994152
VI Lagoa,Ipanema,aprovacao,2013,77.17019867549669
VI Lagoa,Ipanema,aprovacao,2015,85.96000000000001
VI Lagoa,Ipanema,aprovacao,2017,89.86559139784946
VI Lagoa,Ipanema,aprovacao,2019,83.30888888888889
VI Lagoa,Ipanema,aprovacao,2021,97.40000000000002
VI Lagoa,Ipanema,aprovacao,2023,96.3
VI Lagoa,Ipanema,saeb,2007,4.885644444444444
VI Lagoa,Ipanema,saeb,2009,5.994224137931035
VI Lagoa,Ipanema,saeb,2011,5.8087719298245615
VI Lagoa,Ipanema,saeb,2013,5.837086092715231
VI Lagoa,Ipanema,saeb,2015,6.210437499999999
VI Lagoa,Ipanema,saeb,2017,5.659677419354839
VI Lagoa,Ipanema,saeb,2019,5.826962962962964
VI Lagoa,Ipanema,saeb,2021,6.218128
VI Lagoa,Ipanema,saeb,2023,5.8
VI Lagoa,Ipanema,ideb,2007,4.5071111111111115
VI Lagoa,Ipanema,ideb,2009,4.968103448275863
VI Lagoa,Ipanema,ideb,2011,5.0888888888888895
VI Lagoa,Ipanema,ideb,2013,4.735099337748345
VI Lagoa,Ipanema,ideb,2015,5.448125
VI Lagoa,Ipanema,ideb,2017,5.031182795698925
VI Lagoa,Ipanema,ideb,2019,5.184444444444444
VI Lagoa,Ipanema,ideb,2021,6.0
VI Lagoa,Ipanema,ideb,2023,5.6
VI Lagoa,Jardim Botânico,aprovacao,2007,90.61538461538461
VI Lagoa,Jardim Botânico,aprovacao,2009,87.19016393442624
VI Lagoa,Jardim Botânico,aprovacao,2011,90.71969696969697
VI Lagoa,Jardim Botânico,aprovacao,2013,97.42931034482758
VI Lagoa,Jardim Botânico,aprovacao,2015,92.73333333333333
VI Lagoa,Jardim Botânico,aprovacao,2017,98.02857142857142
VI Lagoa,Jardim Botânico,aprovacao,2019,94.44732142857141
VI Lagoa,Jardim Botânico,aprovacao,2023,99.4
VI Lagoa,Jardim Botânico,saeb,2007,5.466153846153846
VI Lagoa,Jardim Botânico,saeb,2009,6.474426229508197
VI Lagoa,Jardim Botânico,saeb,2011,6.417878787878788
VI Lagoa,Jardim Botânico,saeb,2013,6.42646551724138
VI Lagoa,Jardim Botânico,saeb,2015,6.133333333333333
VI Lagoa,Jardim Botânico,saeb,2017,6.630285714285715
VI Lagoa,Jardim Botânico,saeb,2019,6.5512500000000005
VI Lagoa,Jardim Botânico,saeb,2023,7.2
VI Lagoa,Jardim Botânico,ideb,2007,4.984615384615385
VI Lagoa,Jardim Botânico,ideb,2009,5.69016393442623
VI Lagoa,Jardim Botânico,ideb,2011,5.799999999999999
VI Lagoa,Jardim Botânico,ideb,2013,6.104310344827585
VI Lagoa,Jardim Botânico,ideb,2015,5.6000000000000005
VI Lagoa,Jardim Botânico,ideb,2017,6.434285714285714
VI Lagoa,Jardim Botânico,ideb,2019,6.158928571428572
VI Lagoa,Jardim Botânico,ideb,2023,7.1
VI Lagoa,Lagoa,aprovacao,2007,96.67105263157895
VI Lagoa,Lagoa,aprovacao,2009,93.86363636363636
VI Lagoa,Lagoa,aprovacao,2011,89.69606741573034
VI Lagoa,Lagoa,aprovacao,2013,94.45461538461538
VI Lagoa,Lagoa,aprovacao,2015,93.91832061068702
VI Lagoa,Lagoa,aprovacao,2017,97.03636363636363
VI Lagoa,Lagoa,aprovacao,2019,100.0
VI Lagoa,Lagoa,aprovacao,2021,100.0
VI Lagoa,Lagoa,aprovacao,2023,99.0
VI Lagoa,Lagoa,saeb,2007,5.569736842105263
VI Lagoa,Lagoa,saeb,2009,5.995454545454545
VI Lagoa,Lagoa,saeb,2011,6.498988764044944
VI Lagoa,Lagoa,saeb,2013,6.37823076923077
VI Lagoa,Lagoa,saeb,2015,6.1293893129771
VI Lagoa,Lagoa,saeb,2017,6.393939393939394
VI Lagoa,Lagoa,saeb,2019,6.142777777777778
VI Lagoa,Lagoa,saeb,2021,6.39955
VI Lagoa,Lagoa,saeb,2023,7.0
VI Lagoa,Lagoa,ideb,2007,5.265789473684211
VI Lagoa,Lagoa,ideb,2009,5.666666666666667
VI Lagoa,Lagoa,ideb,2011,5.798314606741573
VI Lagoa,Lagoa,ideb,2013,5.7
VI Lagoa,Lagoa,ideb,2015,5.420610687022901
VI Lagoa,Lagoa,ideb,2017,5.989393939393938
VI Lagoa,Lagoa,ideb,2019,5.844444444444444
VI Lagoa,Lagoa,ideb,2021,6.4
VI Lagoa,Lagoa,ideb,2023,6.9
VI Lagoa,Leblon,aprovacao,2007,97.81868512110726
VI Lagoa,Leblon,aprovacao,2009,91.34326241134752
VI Lagoa,Leblon,aprovacao,2011,91.1970802919708
VI Lagoa,Leblon,aprovacao,2013,97.67621776504298
VI Lagoa,Leblon,aprovacao,2015,94.56166007905138
VI Lagoa,Leblon,aprovacao,2017,97.49049429657795
VI Lagoa,Leblon,aprovacao,2019,97.53846153846153
VI Lagoa,Leblon,aprovacao,2021,100.0
VI Lagoa,Leblon,aprovacao,2023,98.8
VI Lagoa,Leblon,saeb,2007,5.507958477508651
VI Lagoa,Leblon,saeb,2009,6.617517730496454
VI Lagoa,Leblon,saeb,2011,7.076715328467153
VI Lagoa,Leblon,saeb,2013,6.543896848137535
VI Lagoa,Leblon,saeb,2015,6.729841897233202
VI Lagoa,Leblon,saeb,2017,6.446730038022814
VI Lagoa,Leblon,saeb,2019,6.268681318681319
VI Lagoa,Leblon,saeb,2021,5.909339888392857
VI Lagoa,Leblon,saeb,2023,6.3
VI Lagoa,Leblon,ideb,2007,5.096539792387544
VI Lagoa,Leblon,ideb,2009,5.977304964539007
VI Lagoa,Leblon,ideb,2011,6.5299270072992694
VI Lagoa,Leblon,ideb,2013,6.092263610315186
VI Lagoa,Leblon,ideb,2015,6.249802371541502
VI Lagoa,Leblon,ideb,2017,6.066920152091255
VI Lagoa,Leblon,ideb,2019,6.039926739926741
VI Lagoa,Leblon,ideb,2021,5.936607142857143
VI Lagoa,Leblon,ideb,2023,6.2
VI Lagoa,São Conrado,aprovacao,2007,98.6
VI Lagoa,São Conrado,aprovacao,2009,88.0
VI Lagoa,São Conrado,aprovacao,2011,91.7
VI Lagoa,São Conrado,aprovacao,2013,93.2
VI Lagoa,São Conrado,aprovacao,2015,88.0
VI Lagoa,São Conrado,aprovacao,2017,100.0
VI Lagoa,São Conrado,aprovacao,2019,98.4
VI Lagoa,São Conrado,aprovacao,2023,100.0
VI Lagoa,São Conrado,saeb,2007,4.97
VI Lagoa,São Conrado,saeb,2009,6.19
VI Lagoa,São Conrado,saeb,2011,6.99
VI Lagoa,São Conrado,saeb,2013,6.21
VI Lagoa,São Conrado,saeb,2015,6.74
VI Lagoa,São Conrado,saeb,2017,6.65
VI Lagoa,São Conrado,saeb,2019,6.37
VI Lagoa,São Conrado,saeb,2023,6.5
VI Lagoa,São Conrado,ideb,2007,4.9
VI Lagoa,São Conrado,ideb,2009,5.6
VI Lagoa,São Conrado,ideb,2011,6.3
VI Lagoa,São Conrado,ideb,2013,5.8
VI Lagoa,São Conrado,ideb,2015,6.2
VI Lagoa,São Conrado,ideb,2017,6.5
VI Lagoa,São Conrado,ideb,2019,6.2
VI Lagoa,São Conrado,ideb,2023,6.5
VI Lagoa,Vidigal,aprovacao,2007,99.30810810810812
VI Lagoa,Vidigal,aprovacao,2009,85.29230769230769
VI Lagoa,Vidigal,aprovacao,2011,93.25555555555556
VI Lagoa,Vidigal,aprovacao,2013,95.49583333333334
VI Lagoa,Vidigal,aprovacao,2015,88.855421686747
VI Lagoa,Vidigal,aprovacao,2017,96.88936170212766
VI Lagoa,Vidigal,aprovacao,2019,95.35211267605634
VI Lagoa,Vidigal,aprovacao,2023,93.6
VI Lagoa,Vidigal,saeb,2007,4.4164864864864875
VI Lagoa,Vidigal,saeb,2009,6.064615384615386
VI Lagoa,Vidigal,saeb,2011,5.7881481481481485
VI Lagoa,Vidigal,saeb,2013,5.235416666666667
VI Lagoa,Vidigal,saeb,2015,5.7057831325301205
VI Lagoa,Vidigal,saeb,2017,6.093829787234043
VI Lagoa,Vidigal,saeb,2019,5.7853521126760565
VI Lagoa,Vidigal,saeb,2023,5.5
VI Lagoa,Vidigal,ideb,2007,4.0864864864864865
VI Lagoa,Vidigal,ideb,2009,5.257692307692308
VI Lagoa,Vidigal,ideb,2011,5.282222222222222
VI Lagoa,Vidigal,ideb,2013,4.004166666666666
VI Lagoa,Vidigal,ideb,2015,4.986746987951807
VI Lagoa,Vidigal,ideb,2017,5.36595744680851
VI Lagoa,Vidigal,ideb,2019,5.346478873239437
VI Lagoa,Vidigal,ideb,2023,5.2
XXVII Rocinha,Rocinha,aprovacao,2007,96.95747126436781
XXVII Rocinha,Rocinha,aprovacao,2009,97.73888888888888
XXVII Rocinha,Rocinha,aprovacao,2011,89.4148148148148
XXVII Rocinha,Rocinha,aprovacao,2013,85.12270742358078
XXVII Rocinha,Rocinha,aprovacao,2015,95.88819188191883
XXVII Rocinha,Rocinha,aprovacao,2017,97.3801652892562
XXVII Rocinha,Rocinha,aprovacao,2019,96.44265734265734
XXVII Rocinha,Rocinha,aprovacao,2021,100.0
XXVII Rocinha,Rocinha,aprovacao,2023,95.8
XXVII Rocinha,Rocinha,saeb,2007,4.544896551724138
XXVII Rocinha,Rocinha,saeb,2009,5.606875
XXVII Rocinha,Rocinha,saeb,2011,5.665185185185185
XXVII Rocinha,Rocinha,saeb,2013,5.0992576419213975
XXVII Rocinha,Rocinha,saeb,2015,5.7763099630996315
XXVII Rocinha,Rocinha,saeb,2017,6.428099173553719
XXVII Rocinha,Rocinha,saeb,2019,5.949230769230769
XXVII Rocinha,Rocinha,saeb,2021,5.166687
XXVII Rocinha,Rocinha,saeb,2023,6.1
XXVII Rocinha,Rocinha,ideb,2007,4.126436781609195
XXVII Rocinha,Rocinha,ideb,2009,5.445833333333333
XXVII Rocinha,Rocinha,ideb,2011,4.993518518518518
XXVII Rocinha,Rocinha,ideb,2013,4.131004366812227
XXVII Rocinha,Rocinha,ideb,2015,5.2
XXVII Rocinha,Rocinha,ideb,2017,6.072727272727272
XXVII Rocinha,Rocinha,ideb,2019,5.56993006993007
XXVII Rocinha,Rocinha,ideb,2021,5.2
XXVII Rocinha,Rocinha,ideb,2023,5.9
VIII Tijuca,Alto da Boa Vista,aprovacao,2007,97.40420168067227
VIII Tijuca,Alto da Boa Vista,aprovacao,2009,90.19285714285715
VIII Tijuca,Alto da Boa Vista,aprovacao,2011,94.27951219512195
VIII Tijuca,Alto da Boa Vista,aprovacao,2013,91.23893805309734
VIII Tijuca,Alto da Boa Vista,aprovacao,2015,98.70769230769231
VIII Tijuca,Alto da Boa Vista,aprovacao,2017,92.42448979591836
VIII Tijuca,Alto da Boa Vista,aprovacao,2019,89.02276422764228
VIII Tijuca,Alto da Boa Vista,aprovacao,2021,98.0709349593496
VIII Tijuca,Alto da Boa Vista,aprovacao,2023,97.9
VIII Tijuca,Alto da Boa Vista,saeb,2007,4.800378151260504
VIII Tijuca,Alto da Boa Vista,saeb,2009,5.7325
VIII Tijuca,Alto da Boa Vista,saeb,2011,5.988536585365854
VIII Tijuca,Alto da Boa Vista,saeb,2013,6.4200884955752215
VIII Tijuca,Alto da Boa Vista,saeb,2015,6.352051282051282
VIII Tijuca,Alto da Boa Vista,saeb,2017,6.3355782312925175
VIII Tijuca,Alto da Boa Vista,saeb,2019,6.116422764227643
VIII Tijuca,Alto da Boa Vista,saeb,2021,5.715827900406505
VIII Tijuca,Alto da Boa Vista,saeb,2023,6.0
VIII Tijuca,Alto da Boa Vista,ideb,2007,4.605042016806722
VIII Tijuca,Alto da Boa Vista,ideb,2009,5.07797619047619
VIII Tijuca,Alto da Boa Vista,ideb,2011,5.506341463414634
VIII Tijuca,Alto da Boa Vista,ideb,2013,5.749557522123895
VIII Tijuca,Alto da Boa Vista,ideb,2015,5.597435897435897
VIII Tijuca,Alto da Boa Vista,ideb,2017,5.959183673469388
VIII Tijuca,Alto da Boa Vista,ideb,2019,5.6520325203252035
VIII Tijuca,Alto da Boa Vista,ideb,2021,5.597967479674796
VIII Tijuca,Alto da Boa Vista,ideb,2023,5.9
VIII Tijuca,Praça da Bandeira,aprovacao,2007,94.35058139534884
VIII Tijuca,Praça da Bandeira,aprovacao,2009,87.13286713286713
VIII Tijuca,Praça da Bandeira,aprovacao,2011,87.51499999999999
VIII Tijuca,Praça da Bandeira,aprovacao,2013,83.15929203539822
VIII Tijuca,Praça da Bandeira,aprovacao,2015,96.44235294117645
VIII Tijuca,Praça da Bandeira,aprovacao,2017,100.0
VIII Tijuca,Praça da Bandeira,aprovacao,2019,96.32972972972973
VIII Tijuca,Praça da Bandeira,aprovacao,2021,98.1896449704142
VIII Tijuca,Praça da Bandeira,aprovacao,2023,99.4
VIII Tijuca,Praça da Bandeira,saeb,2007,4.905348837209303
VIII Tijuca,Praça da Bandeira,saeb,2009,5.548321678321679
VIII Tijuca,Praça da Bandeira,saeb,2011,5.9110000000000005
VIII Tijuca,Praça da Bandeira,saeb,2013,6.143185840707965
VIII Tijuca,Praça da Bandeira,saeb,2015,6.345294117647057
VIII Tijuca,Praça da Bandeira,saeb,2017,7.158461538461538
VIII Tijuca,Praça da Bandeira,saeb,2019,5.869189189189189
VIII Tijuca,Praça da Bandeira,saeb,2021,5.917164334319527
VIII Tijuca,Praça da Bandeira,saeb,2023,6.2
VIII Tijuca,Praça da Bandeira,ideb,2007,4.573255813953489
VIII Tijuca,Praça da Bandeira,ideb,2009,5.037062937062937
VIII Tijuca,Praça da Bandeira,ideb,2011,5.28
VIII Tijuca,Praça da Bandeira,ideb,2013,5.131858407079646
VIII Tijuca,Praça da Bandeira,ideb,2015,5.5858823529411765
VIII Tijuca,Praça da Bandeira,ideb,2017,6.774358974358974
VIII Tijuca,Praça da Bandeira,ideb,2019,5.651351351351351
VIII Tijuca,Praça da Bandeira,ideb,2021,5.836982248520711
VIII Tijuca,Praça da Bandeira,ideb,2023,6.2
VIII Tijuca,Tijuca,aprovacao,2007,95.95398230088496
VIII Tijuca,Tijuca,aprovacao,2009,87.12719449225474
VIII Tijuca,Tijuca,aprovacao,2011,93.19763033175356
VIII Tijuca,Tijuca,aprovacao,2013,92.03390313390312
VIII Tijuca,Tijuca,aprovacao,2015,92.12768924302789
VIII Tijuca,Tijuca,aprovacao,2017,97.46756272401434
VIII Tijuca,Tijuca,aprovacao,2019,97.2978927203065
VIII Tijuca,Tijuca,aprovacao,2021,99.12441920495611
VIII Tijuca,Tijuca,aprovacao,2023,97.9
VIII Tijuca,Tijuca,saeb,2007,4.995764854614412
VIII Tijuca,Tijuca,saeb,2009,5.775645438898451
VIII Tijuca,Tijuca,saeb,2011,6.176745655608215
VIII Tijuca,Tijuca,saeb,2013,6.075598290598291
VIII Tijuca,Tijuca,saeb,2015,6.3629880478087655
VIII Tijuca,Tijuca,saeb,2017,6.358512544802867
VIII Tijuca,Tijuca,saeb,2019,5.92852490421456
VIII Tijuca,Tijuca,saeb,2021,5.525656044914816
VIII Tijuca,Tijuca,saeb,2023,6.1
VIII Tijuca,Tijuca,ideb,2007,4.602781289506954
VIII Tijuca,Tijuca,ideb,2009,5.1413080895008605
VIII Tijuca,Tijuca,ideb,2011,5.535387045813586
VIII Tijuca,Tijuca,ideb,2013,5.272364672364673
VIII Tijuca,Tijuca,ideb,2015,5.842629482071712
VIII Tijuca,Tijuca,ideb,2017,5.992652329749105
VIII Tijuca,Tijuca,ideb,2019,5.694444444444445
VIII Tijuca,Tijuca,ideb,2021,5.49674754775426
VIII Tijuca,Tijuca,ideb,2023,5.9
IX Vila Isabel,Andaraí,aprovacao,2007,98.58895027624308
IX Vila Isabel,Andaraí,aprovacao,2009,90.46936026936028
IX Vila Isabel,Andaraí,aprovacao,2011,94.61433566433566
IX Vila Isabel,Andaraí,aprovacao,2013,89.75569105691056
IX Vila Isabel,Andaraí,aprovacao,2015,91.18757062146894
IX Vila Isabel,Andaraí,aprovacao,2017,89.35966386554621
IX Vila Isabel,Andaraí,aprovacao,2019,97.81923076923076
IX Vila Isabel,Andaraí,aprovacao,2021,99.00980592441267
IX Vila Isabel,Andaraí,aprovacao,2023,96.6
IX Vila Isabel,Andaraí,saeb,2007,5.122486187845304
IX Vila Isabel,Andaraí,saeb,2009,5.805959595959596
IX Vila Isabel,Andaraí,saeb,2011,6.2491958041958044
IX Vila Isabel,Andaraí,saeb,2013,6.147764227642276
IX Vila Isabel,Andaraí,saeb,2015,6.347966101694915
IX Vila Isabel,Andaraí,saeb,2017,6.310252100840335
IX Vila Isabel,Andaraí,saeb,2019,6.225494505494505
IX Vila Isabel,Andaraí,saeb,2021,5.659419964249234
IX Vila Isabel,Andaraí,saeb,2023,6.2
IX Vila Isabel,Andaraí,ideb,2007,4.791988950276243
IX Vila Isabel,Andaraí,ideb,2009,5.118181818181818
IX Vila Isabel,Andaraí,ideb,2011,5.713636363636363
IX Vila Isabel,Andaraí,ideb,2013,5.453252032520325
IX Vila Isabel,Andaraí,ideb,2015,5.701129943502826
IX Vila Isabel,Andaraí,ideb,2017,5.616386554621849
IX Vila Isabel,Andaraí,ideb,2019,5.85934065934066
IX Vila Isabel,Andaraí,ideb,2021,5.643105209397344
IX Vila Isabel,Andaraí,ideb,2023,6.0
IX Vila Isabel,Grajaú,aprovacao,2007,98.97610921501706
IX Vila Isabel,Grajaú,aprovacao,2009,86.81838235294117
IX Vila Isabel,Grajaú,aprovacao,2011,94.16304347826087
IX Vila Isabel,Grajaú,aprovacao,2013,94.92857142857143
IX Vila Isabel,Grajaú,aprovacao,2015,95.31583333333333
IX Vila Isabel,Grajaú,aprovacao,2017,94.97351598173516
IX Vila Isabel,Grajaú,aprovacao,2019,95.2
IX Vila Isabel,Grajaú,aprovacao,2021,98.9
IX Vila Isabel,Grajaú,aprovacao,2023,95.7
IX Vila Isabel,Grajaú,saeb,2007,5.269829351535836
IX Vila Isabel,Grajaú,saeb,2009,5.832095588235294
IX Vila Isabel,Grajaú,saeb,2011,6.207717391304348
IX Vila Isabel,Grajaú,saeb,2013,5.974285714285714
IX Vila Isabel,Grajaú,saeb,2015,6.313541666666667
IX Vila Isabel,Grajaú,saeb,2017,6.359452054794521
IX Vila Isabel,Grajaú,saeb,2019,6.194090909090909
IX Vila Isabel,Grajaú,saeb,2021,5.718632
IX Vila Isabel,Grajaú,saeb,2023,5.9
IX Vila Isabel,Grajaú,ideb,2007,5.020477815699659
IX Vila Isabel,Grajaú,ideb,2009,5.219852941176471
IX Vila Isabel,Grajaú,ideb,2011,5.377173913043478
IX Vila Isabel,Grajaú,ideb,2013,5.090365448504984
IX Vila Isabel,Grajaú,ideb,2015,5.795
IX Vila Isabel,Grajaú,ideb,2017,5.703196347031963
IX Vila Isabel,Grajaú,ideb,2019,5.921487603305785
IX Vila Isabel,Grajaú,ideb,2021,5.7
IX Vila Isabel,Grajaú,ideb,2023,5.8
IX Vila Isabel,Maracanã,aprovacao,2007,97.09432314410482
IX Vila Isabel,Maracanã,aprovacao,2009,97.02195121951219
IX Vila Isabel,Maracanã,aprovacao,2011,97.91623036649214
IX Vila Isabel,Maracanã,aprovacao,2013,97.04854368932038
IX Vila Isabel,Maracanã,aprovacao,2015,98.41935483870968
IX Vila Isabel,Maracanã,aprovacao,2017,99.48367346938775
IX Vila Isabel,Maracanã,aprovacao,2019,96.58714285714285
IX Vila Isabel,Maracanã,aprovacao,2021,98.34615384615384
IX Vila Isabel,Maracanã,aprovacao,2023,98.4
IX Vila Isabel,Maracanã,saeb,2007,6.356855895196506
IX Vila Isabel,Maracanã,saeb,2009,6.9929756097560976
IX Vila Isabel,Maracanã,saeb,2011,7.408429319371729
IX Vila Isabel,Maracanã,saeb,2013,7.482718446601942
IX Vila Isabel,Maracanã,saeb,2015,7.709354838709678
IX Vila Isabel,Maracanã,saeb,2017,7.413979591836734
IX Vila Isabel,Maracanã,saeb,2019,7.391142857142857
IX Vila Isabel,Maracanã,saeb,2021,6.564365166666666
IX Vila Isabel,Maracanã,saeb,2023,7.3
IX Vila Isabel,Maracanã,ideb,2007,5.95065502183406
IX Vila Isabel,Maracanã,ideb,2009,6.611219512195123
IX Vila Isabel,Maracanã,ideb,2011,7.114659685863874
IX Vila Isabel,Maracanã,ideb,2013,7.085436893203883
IX Vila Isabel,Maracanã,ideb,2015,7.490860215053763
IX Vila Isabel,Maracanã,ideb,2017,7.278061224489796
IX Vila Isabel,Maracanã,ideb,2019,7.057142857142857
IX Vila Isabel,Maracanã,ideb,2021,6.424358974358976
IX Vila Isabel,Maracanã,ideb,2023,7.2
IX Vila Isabel,Vila Isabel,aprovacao,2007,97.27810077519379
IX Vila Isabel,Vila Isabel,aprovacao,2009,89.15321100917431
IX Vila Isabel,Vila Isabel,aprovacao,2011,94.15461165048544
IX Vila Isabel,Vila Isabel,aprovacao,2013,93.06727688787184
IX Vila Isabel,Vila Isabel,aprovacao,2015,90.60550458715596
IX Vila Isabel,Vila Isabel,aprovacao,2017,92.4210332103321
IX Vila Isabel,Vila Isabel,aprovacao,2019,95.96008064516128
IX Vila Isabel,Vila Isabel,aprovacao,2021,99.55720524017467
IX Vila Isabel,Vila Isabel,aprovacao,2023,98.5
IX Vila Isabel,Vila Isabel,saeb,2007,4.4795930232558145
IX Vila Isabel,Vila Isabel,saeb,2009,5.4825382262996945
IX Vila Isabel,Vila Isabel,saeb,2011,5.7645388349514555
IX Vila Isabel,Vila Isabel,saeb,2013,5.551533180778031
IX Vila Isabel,Vila Isabel,saeb,2015,5.8873088685015285
IX Vila Isabel,Vila Isabel,saeb,2017,5.744317343173432
IX Vila Isabel,Vila Isabel,saeb,2019,5.540282258064516
IX Vila Isabel,Vila Isabel,saeb,2021,4.907699298689956
IX Vila Isabel,Vila Isabel,saeb,2023,5.6
IX Vila Isabel,Vila Isabel,ideb,2007,4.147868217054264
IX Vila Isabel,Vila Isabel,ideb,2009,4.8999999999999995
IX Vila Isabel,Vila Isabel,ideb,2011,5.336893203883495
IX Vila Isabel,Vila Isabel,ideb,2013,5.047139588100686
IX Vila Isabel,Vila Isabel,ideb,2015,5.097247706422018
IX Vila Isabel,Vila Isabel,ideb,2017,5.259409594095942
IX Vila Isabel,Vila Isabel,ideb,2019,5.214112903225806
IX Vila Isabel,Vila Isabel,ideb,2021,4.890917030567686
IX Vila Isabel,Vila Isabel,ideb,2023,5.5
X Ramos,Bonsucesso,aprovacao,2007,97.55748031496063
X Ramos,Bonsucesso,aprovacao,2009,90.46701030927834
X Ramos,Bonsucesso,aprovacao,2011,87.33232758620689
X Ramos,Bonsucesso,aprovacao,2013,91.66739130434782
X Ramos,Bonsucesso,aprovacao,2015,90.98152173913043
X Ramos,Bonsucesso,aprovacao,2017,93.27182320441989
X Ramos,Bonsucesso,aprovacao,2019,94.58830409356726
X Ramos,Bonsucesso,aprovacao,2021,100.0
X Ramos,Bonsucesso,aprovacao,2023,100.0
X Ramos,Bonsucesso,saeb,2007,5.096850393700787
X Ramos,Bonsucesso,saeb,2009,6.180103092783505
X Ramos,Bonsucesso,saeb,2011,6.017112068965516
X Ramos,Bonsucesso,saeb,2013,6.3862499999999995
X Ramos,Bonsucesso,saeb,2015,6.471413043478261
X Ramos,Bonsucesso,saeb,2017,6.320773480662983
X Ramos,Bonsucesso,saeb,2019,6.621695906432748
X Ramos,Bonsucesso,saeb,2021,5.981153
X Ramos,Bonsucesso,saeb,2023,6.6
X Ramos,Bonsucesso,ideb,2007,4.778740157480315
X Ramos,Bonsucesso,ideb,2009,5.490721649484536
X Ramos,Bonsucesso,ideb,2011,5.338362068965517
X Ramos,Bonsucesso,ideb,2013,5.57554347826087
X Ramos,Bonsucesso,ideb,2015,6.063043478260869
X Ramos,Bonsucesso,ideb,2017,5.933149171270719
X Ramos,Bonsucesso,ideb,2019,6.329824561403508
X Ramos,Bonsucesso,ideb,2021,6.0
X Ramos,Bonsucesso,ideb,2023,6.6
X Ramos,Manguinhos,aprovacao,2007,84.86610644257703
X Ramos,Manguinhos,aprovacao,2009,91.35866261398176
X Ramos,Manguinhos,aprovacao,2011,88.07013333333335
X Ramos,Manguinhos,aprovacao,2013,87.18796296296297
X Ramos,Manguinhos,aprovacao,2015,88.73305084745763
X Ramos,Manguinhos,aprovacao,2017,91.78476190476191
X Ramos,Manguinhos,aprovacao,2019,96.07021276595745
X Ramos,Manguinhos,aprovacao,2021,98.5206329113924
X Ramos,Manguinhos,aprovacao,2023,98.9
X Ramos,Manguinhos,saeb,2007,4.791624649859943
X Ramos,Manguinhos,saeb,2009,5.0464437689969595
X Ramos,Manguinhos,saeb,2011,5.13536
X Ramos,Manguinhos,saeb,2013,5.231203703703703
X Ramos,Manguinhos,saeb,2015,5.734194915254237
X Ramos,Manguinhos,saeb,2017,5.3651904761904765
X Ramos,Manguinhos,saeb,2019,5.44613475177305
X Ramos,Manguinhos,saeb,2021,5.180022181012658
X Ramos,Manguinhos,saeb,2023,5.7
X Ramos,Manguinhos,ideb,2007,4.315966386554622
X Ramos,Manguinhos,ideb,2009,4.355623100303951
X Ramos,Manguinhos,ideb,2011,4.449066666666667
X Ramos,Manguinhos,ideb,2013,4.309567901234567
X Ramos,Manguinhos,ideb,2015,5.061016949152543
X Ramos,Manguinhos,ideb,2017,4.792380952380952
X Ramos,Manguinhos,ideb,2019,5.237943262411347
X Ramos,Manguinhos,ideb,2021,5.095949367088608
X Ramos,Manguinhos,ideb,2023,5.6
X Ramos,Olaria,aprovacao,2007,95.08684834123225
X Ramos,Olaria,aprovacao,2009,90.40840064620356
X Ramos,Olaria,aprovacao,2011,95.13577586206897
X Ramos,Olaria,aprovacao,2013,91.6110576923077
X Ramos,Olaria,aprovacao,2015,94.04925650557621
X Ramos,Olaria,aprovacao,2017,91.70543657331136
X Ramos,Olaria,aprovacao,2019,95.3039312039312
X Ramos,Olaria,aprovacao,2021,99.21931558935361
X Ramos,Olaria,aprovacao,2023,98.8
X Ramos,Olaria,saeb,2007,4.765627962085308
X Ramos,Olaria,saeb,2009,5.701970920840065
X Ramos,Olaria,saeb,2011,5.869755747126437
X Ramos,Olaria,saeb,2013,5.962083333333334
X Ramos,Olaria,saeb,2015,6.353531598513011
X Ramos,Olaria,saeb,2017,6.3066556836902805
X Ramos,Olaria,saeb,2019,5.814054054054054
X Ramos,Olaria,saeb,2021,5.593047326996198
X Ramos,Olaria,saeb,2023,6.1
X Ramos,Olaria,ideb,2007,4.447274881516588
X Ramos,Olaria,ideb,2009,5.124555735056544
X Ramos,Olaria,ideb,2011,5.446839080459771
X Ramos,Olaria,ideb,2013,5.308333333333334
X Ramos,Olaria,ideb,2015,5.941078066914499
X Ramos,Olaria,ideb,2017,5.700329489291597
X Ramos,Olaria,ideb,2019,5.48083538083538
X Ramos,Olaria,ideb,2021,5.578555133079847
X Ramos,Olaria,ideb,2023,6.0
X Ramos,Ramos,aprovacao,2007,96.34263494967978
X Ramos,Ramos,aprovacao,2009,84.24435196195006
X Ramos,Ramos,aprovacao,2011,90.36389496717723
X Ramos,Ramos,aprovacao,2013,90.24111543450064
X Ramos,Ramos,aprovacao,2015,91.91512345679013
X Ramos,Ramos,aprovacao,2017,94.33426573426574
X Ramos,Ramos,aprovacao,2019,93.97
X Ramos,Ramos,aprovacao,2021,99.3468848996832
X Ramos,Ramos,aprovacao,2023,98.9
X Ramos,Ramos,saeb,2007,5.051097895699908
X Ramos,Ramos,saeb,2009,5.662699167657552
X Ramos,Ramos,saeb,2011,6.095448577680524
X Ramos,Ramos,saeb,2013,5.9588067444876796
X Ramos,Ramos,saeb,2015,6.26837962962963
X Ramos,Ramos,saeb,2017,6.373286713286713
X Ramos,Ramos,saeb,2019,6.188877551020409
X Ramos,Ramos,saeb,2021,5.682056250263991
X Ramos,Ramos,saeb,2023,6.8
X Ramos,Ramos,ideb,2007,4.7232387923147305
X Ramos,Ramos,ideb,2009,4.878121284185493
X Ramos,Ramos,ideb,2011,5.326039387308534
X Ramos,Ramos,ideb,2013,5.210505836575876
X Ramos,Ramos,ideb,2015,5.591203703703704
X Ramos,Ramos,ideb,2017,5.892540792540792
X Ramos,Ramos,ideb,2019,5.7463265306122455
X Ramos,Ramos,ideb,2021,5.666631467793031
X Ramos,Ramos,ideb,2023,6.7
XXX Maré,Maré,aprovacao,2007,93.64277891854894
XXX Maré,Maré,aprovacao,2009,90.6815305371597
XXX Maré,Maré,aprovacao,2011,87.37
XXX Maré,Maré,aprovacao,2013,88.44671417260491
XXX Maré,Maré,aprovacao,2015,86.768416596105
XXX Maré,Maré,aprovacao,2017,88.36581259150806
XXX Maré,Maré,aprovacao,2019,93.68864954432478
XXX Maré,Maré,aprovacao,2021,99.33488618316568
XXX Maré,Maré,aprovacao,2023,98.7
XXX Maré,Maré,saeb,2007,4.778733744010951
XXX Maré,Maré,saeb,2009,5.382737306843266
XXX Maré,Maré,saeb,2011,5.650262068965518
XXX Maré,Maré,saeb,2013,5.336555819477435
XXX Maré,Maré,saeb,2015,5.782845046570704
XXX Maré,Maré,saeb,2017,5.774428989751098
XXX Maré,Maré,saeb,2019,5.675940347970174
XXX Maré,Maré,saeb,2021,5.141488117257809
XXX Maré,Maré,saeb,2023,5.6
XXX Maré,Maré,ideb,2007,4.2244353182751535
XXX Maré,Maré,ideb,2009,4.653568800588668
XXX Maré,Maré,ideb,2011,4.773999999999999
XXX Maré,Maré,ideb,2013,4.373396674584322
XXX Maré,Maré,ideb,2015,5.05012701100762
XXX Maré,Maré,ideb,2017,5.162298682284041
XXX Maré,Maré,ideb,2019,5.359320629660314
XXX Maré,Maré,ideb,2021,5.111752249867655
XXX Maré,Maré,ideb,2023,5.6
XIII Méier,Água Santa,aprovacao,2007,98.9
XIII Méier,Água Santa,aprovacao,2009,86.8
XIII Méier,Água Santa,aprovacao,2011,88.5
XIII Méier,Água Santa,aprovacao,2013,98.6
XIII Méier,Água Santa,saeb,2007,4.66
XIII Méier,Água Santa,saeb,2009,6.25
XIII Méier,Água Santa,saeb,2011,6.05
XIII Méier,Água Santa,saeb,2013,6.44
XIII Méier,Água Santa,ideb,2007,4.4
XIII Méier,Água Santa,ideb,2009,5.4
XIII Méier,Água Santa,ideb,2011,5.6
XIII Méier,Água Santa,ideb,2013,5.9
XIII Méier,Cachambi,aprovacao,2007,99.50833333333333
XIII Méier,Cachambi,aprovacao,2009,95.88717948717948
XIII Méier,Cachambi,aprovacao,2011,93.8233502538071
XIII Méier,Cachambi,aprovacao,2013,96.46060606060607
XIII Méier,Cachambi,aprovacao,2015,93.8502262443439
XIII Méier,Cachambi,aprovacao,2017,96.94414414414413
XIII Méier,Cachambi,aprovacao,2019,95.5439024390244
XIII Méier,Cachambi,aprovacao,2021,100.0
XIII Méier,Cachambi,aprovacao,2023,97.5
XIII Méier,Cachambi,saeb,2007,5.6967592592592595
XIII Méier,Cachambi,saeb,2009,6.177589743589743
XIII Méier,Cachambi,saeb,2011,6.55989847715736
XIII Méier,Cachambi,saeb,2013,6.423232323232323
XIII Méier,Cachambi,saeb,2015,6.6118099547511315
XIII Méier,Cachambi,saeb,2017,6.575765765765767
XIII Méier,Cachambi,saeb,2019,6.381414634146342
XIII Méier,Cachambi,saeb,2021,6.452436
XIII Méier,Cachambi,saeb,2023,6.7
XIII Méier,Cachambi,ideb,2007,5.560648148148148
XIII Méier,Cachambi,ideb,2009,5.707179487179488
XIII Méier,Cachambi,ideb,2011,5.9477157360406085
XIII Méier,Cachambi,ideb,2013,6.054545454545456
XIII Méier,Cachambi,ideb,2015,6.164705882352941
XIII Méier,Cachambi,ideb,2017,6.312162162162162
XIII Méier,Cachambi,ideb,2019,6.076585365853659
XIII Méier,Cachambi,ideb,2021,6.5
XIII Méier,Cachambi,ideb,2023,6.5
XIII Méier,Encantado,aprovacao,2007,96.4
XIII Méier,Encantado,aprovacao,2009,96.7
XIII Méier,Encantado,aprovacao,2011,100.0
XIII Méier,Encantado,aprovacao,2013,100.0
XIII Méier,Encantado,aprovacao,2015,97.6
XIII Méier,Encantado,aprovacao,2017,100.0
XIII Méier,Encantado,aprovacao,2019,98.09999999999998
XIII Méier,Encantado,aprovacao,2021,93.6
XIII Méier,Encantado,aprovacao,2023,97.4
XIII Méier,Encantado,saeb,2007,5.69
XIII Méier,Encantado,saeb,2009,6.39
XIII Méier,Encantado,saeb,2011,7.410000000000001
XIII Méier,Encantado,saeb,2013,7.4399999999999995
XIII Méier,Encantado,saeb,2015,7.61
XIII Méier,Encantado,saeb,2017,7.39
XIII Méier,Encantado,saeb,2019,7.09
XIII Méier,Encantado,saeb,2021,5.449456
XIII Méier,Encantado,saeb,2023,6.9
XIII Méier,Encantado,ideb,2007,5.0
XIII Méier,Encantado,ideb,2009,6.0
XIII Méier,Encantado,ideb,2011,6.6
XIII Méier,Encantado,ideb,2013,6.8
XIII Méier,Encantado,ideb,2015,7.200000000000001
XIII Méier,Encantado,ideb,2017,6.6
XIII Méier,Encantado,ideb,2019,6.900000000000001
XIII Méier,Encantado,ideb,2021,5.1
XIII Méier,Encantado,ideb,2023,6.8
XIII Méier,Engenho de Dentro,aprovacao,2007,96.54543650793651
XIII Méier,Engenho de Dentro,aprovacao,2009,91.41473087818697
XIII Méier,Engenho de Dentro,aprovacao,2011,93.5676712328767
XIII Méier,Engenho de Dentro,aprovacao,2013,92.07787610619468
XIII Méier,Engenho de Dentro,aprovacao,2015,97.1324250681199
XIII Méier,Engenho de Dentro,aprovacao,2017,95.65082872928177
XIII Méier,Engenho de Dentro,aprovacao,2019,98.45772870662461
XIII Méier,Engenho de Dentro,aprovacao,2021,99.67403482210446
XIII Méier,Engenho de Dentro,aprovacao,2023,96.7
XIII Méier,Engenho de Dentro,saeb,2007,5.317440476190476
XIII Méier,Engenho de Dentro,saeb,2009,6.074504249291784
XIII Méier,Engenho de Dentro,saeb,2011,6.267835616438357
XIII Méier,Engenho de Dentro,saeb,2013,6.2663716814159285
XIII Méier,Engenho de Dentro,saeb,2015,6.221852861035423
XIII Méier,Engenho de Dentro,saeb,2017,6.395662983425415
XIII Méier,Engenho de Dentro,saeb,2019,6.429716088328076
XIII Méier,Engenho de Dentro,saeb,2021,5.359391685087055
XIII Méier,Engenho de Dentro,saeb,2023,6.0
XIII Méier,Engenho de Dentro,ideb,2007,4.827579365079365
XIII Méier,Engenho de Dentro,ideb,2009,5.390084985835694
XIII Méier,Engenho de Dentro,ideb,2011,5.750958904109589
XIII Méier,Engenho de Dentro,ideb,2013,5.741297935103245
XIII Méier,Engenho de Dentro,ideb,2015,5.933242506811989
XIII Méier,Engenho de Dentro,ideb,2017,5.94060773480663
XIII Méier,Engenho de Dentro,ideb,2019,6.245741324921136
XIII Méier,Engenho de Dentro,ideb,2021,5.355866767600302
XIII Méier,Engenho de Dentro,ideb,2023,5.7
XIII Méier,Engenho Novo,aprovacao,2007,97.65813953488372
XIII Méier,Engenho Novo,aprovacao,2009,84.20630630630629
XIII Méier,Engenho Novo,aprovacao,2011,94.8125
XIII Méier,Engenho Novo,aprovacao,2013,98.91250000000001
XIII Méier,Engenho Novo,aprovacao,2015,92.42978723404255
XIII Méier,Engenho Novo,aprovacao,2017,93.24170854271358
XIII Méier,Engenho Novo,aprovacao,2019,97.56557377049181
XIII Méier,Engenho Novo,aprovacao,2021,99.34733333333334
XIII Méier,Engenho Novo,aprovacao,2023,97.6
XIII Méier,Engenho Novo,saeb,2007,4.826821705426356
XIII Méier,Engenho Novo,saeb,2009,5.626126126126126
XIII Méier,Engenho Novo,saeb,2011,6.2828124999999995
XIII Méier,Engenho Novo,saeb,2013,6.229021739130434
XIII Méier,Engenho Novo,saeb,2015,6.339946808510638
XIII Méier,Engenho Novo,saeb,2017,6.172060301507538
XIII Méier,Engenho Novo,saeb,2019,6.001967213114754
XIII Méier,Engenho Novo,saeb,2021,4.88838784952381
XIII Méier,Engenho Novo,saeb,2023,5.6
XIII Méier,Engenho Novo,ideb,2007,4.514341085271317
XIII Méier,Engenho Novo,ideb,2009,4.726576576576576
XIII Méier,Engenho Novo,ideb,2011,5.494270833333334
XIII Méier,Engenho Novo,ideb,2013,5.510869565217392
XIII Méier,Engenho Novo,ideb,2015,5.800531914893617
XIII Méier,Engenho Novo,ideb,2017,5.5879396984924625
XIII Méier,Engenho Novo,ideb,2019,5.768852459016393
XIII Méier,Engenho Novo,ideb,2021,4.845428571428572
XIII Méier,Engenho Novo,ideb,2023,5.5
XIII Méier,Jacaré,aprovacao,2007,93.5066037735849
XIII Méier,Jacaré,aprovacao,2009,79.49038461538461
XIII Méier,Jacaré,aprovacao,2011,93.56727272727272
XIII Méier,Jacaré,aprovacao,2013,97.25401069518716
XIII Méier,Jacaré,aprovacao,2015,93.86932515337423
XIII Méier,Jacaré,aprovacao,2017,91.17073170731707
XIII Méier,Jacaré,aprovacao,2019,95.76964285714286
XIII Méier,Jacaré,aprovacao,2021,99.85751014884981
XIII Méier,Jacaré,aprovacao,2023,97.3
XIII Méier,Jacaré,saeb,2007,4.975188679245282
XIII Méier,Jacaré,saeb,2009,5.113910256410256
XIII Méier,Jacaré,saeb,2011,5.722636363636363
XIII Méier,Jacaré,saeb,2013,5.590213903743315
XIII Méier,Jacaré,saeb,2015,5.873496932515337
XIII Méier,Jacaré,saeb,2017,5.6498536585365855
XIII Méier,Jacaré,saeb,2019,5.739166666666667
XIII Méier,Jacaré,saeb,2021,4.847466963464141
XIII Méier,Jacaré,saeb,2023,5.2
XIII Méier,Jacaré,ideb,2007,4.212264150943396
XIII Méier,Jacaré,ideb,2009,4.225641025641026
XIII Méier,Jacaré,ideb,2011,5.220909090909091
XIII Méier,Jacaré,ideb,2013,5.448128342245989
XIII Méier,Jacaré,ideb,2015,5.319018404907975
XIII Méier,Jacaré,ideb,2017,5.3687804878048775
XIII Méier,Jacaré,ideb,2019,5.451785714285714
XIII Méier,Jacaré,ideb,2021,4.815020297699594
XIII Méier,Jacaré,ideb,2023,5.1
XIII Méier,Lins de Vasconcelos,aprovacao,2007,93.27193548387096
XIII Méier,Lins de Vasconcelos,aprovacao,2009,73.01
XIII Méier,Lins de Vasconcelos,aprovacao,2011,94.51012658227849
XIII Méier,Lins de Vasconcelos,aprovacao,2013,93.7919191919192
XIII Méier,Lins de Vasconcelos,aprovacao,2015,88.30505050505052
XIII Méier,Lins de Vasconcelos,aprovacao,2017,93.41614349775784
XIII Méier,Lins de Vasconcelos,aprovacao,2019,97.15971223021582
XIII Méier,Lins de Vasconcelos,aprovacao,2021,100.0
XIII Méier,Lins de Vasconcelos,aprovacao,2023,98.5
XIII Méier,Lins de Vasconcelos,saeb,2007,4.460935483870968
XIII Méier,Lins de Vasconcelos,saeb,2009,4.921600000000001
XIII Méier,Lins de Vasconcelos,saeb,2011,5.582025316455696
XIII Méier,Lins de Vasconcelos,saeb,2013,5.21959595959596
XIII Méier,Lins de Vasconcelos,saeb,2015,5.580303030303031
XIII Méier,Lins de Vasconcelos,saeb,2017,5.396771300448431
XIII Méier,Lins de Vasconcelos,saeb,2019,5.264892086330935
XIII Méier,Lins de Vasconcelos,saeb,2021,4.513491
XIII Méier,Lins de Vasconcelos,saeb,2023,5.3
XIII Méier,Lins de Vasconcelos,ideb,2007,3.9512903225806455
XIII Méier,Lins de Vasconcelos,ideb,2009,3.766
XIII Méier,Lins de Vasconcelos,ideb,2011,4.917721518987341
XIII Méier,Lins de Vasconcelos,ideb,2013,4.738383838383839
XIII Méier,Lins de Vasconcelos,ideb,2015,4.821212121212121
XIII Méier,Lins de Vasconcelos,ideb,2017,4.8618834080717495
XIII Méier,Lins de Vasconcelos,ideb,2019,5.158992805755396
XIII Méier,Lins de Vasconcelos,ideb,2021,4.5
XIII Méier,Lins de Vasconcelos,ideb,2023,5.3
XIII Méier,Méier,aprovacao,2007,96.47232142857143
XIII Méier,Méier,aprovacao,2009,93.74486301369863
XIII Méier,Méier,aprovacao,2011,97.43395638629283
XIII Méier,Méier,aprovacao,2013,88.28472906403941
XIII Méier,Méier,aprovacao,2015,95.424
XIII Méier,Méier,aprovacao,2017,97.0
XIII Méier,Méier,aprovacao,2019,95.73417721518987
XIII Méier,Méier,aprovacao,2021,99.1
XIII Méier,Méier,aprovacao,2023,98.6
XIII Méier,Méier,saeb,2007,4.847321428571429
XIII Méier,Méier,saeb,2009,5.632842465753425
XIII Méier,Méier,saeb,2011,5.862367601246105
XIII Méier,Méier,saeb,2013,5.7007389162561575
XIII Méier,Méier,saeb,2015,6.239066666666668
XIII Méier,Méier,saeb,2017,6.72
XIII Méier,Méier,saeb,2019,6.42253164556962
XIII Méier,Méier,saeb,2021,5.445414
XIII Méier,Méier,saeb,2023,5.7
XIII Méier,Méier,ideb,2007,4.560416666666667
XIII Méier,Méier,ideb,2009,4.899657534246575
XIII Méier,Méier,ideb,2011,5.438629283489097
XIII Méier,Méier,ideb,2013,5.069950738916257
XIII Méier,Méier,ideb,2015,5.793333333333333
XIII Méier,Méier,ideb,2017,6.2
XIII Méier,Méier,ideb,2019,6.2405063291139244
XIII Méier,Méier,ideb,2021,5.4
XIII Méier,Méier,ideb,2023,5.6
XIII Méier,Piedade,aprovacao,2007,95.85488215488216
XIII Méier,Piedade,aprovacao,2009,88.93574297188755
XIII Méier,Piedade,aprovacao,2011,94.82222222222222
XIII Méier,Piedade,aprovacao,2013,96.28995215311004
XIII Méier,Piedade,aprovacao,2015,92.91505016722408
XIII Méier,Piedade,aprovacao,2017,93.22877697841727
XIII Méier,Piedade,aprovacao,2019,96.93463203463205
XIII Méier,Piedade,aprovacao,2021,100.0
XIII Méier,Piedade,aprovacao,2023,95.9
XIII Méier,Piedade,saeb,2007,5.169663299663299
XIII Méier,Piedade,saeb,2009,5.837510040160643
XIII Méier,Piedade,saeb,2011,6.308962962962963
XIII Méier,Piedade,saeb,2013,6.596937799043062
XIII Méier,Piedade,saeb,2015,6.311806020066889
XIII Méier,Piedade,saeb,2017,6.281294964028778
XIII Méier,Piedade,saeb,2019,6.291601731601732
XIII Méier,Piedade,saeb,2021,5.939889737541527
XIII Méier,Piedade,saeb,2023,6.7
XIII Méier,Piedade,ideb,2007,4.6410774410774405
XIII Méier,Piedade,ideb,2009,5.114457831325301
XIII Méier,Piedade,ideb,2011,5.677407407407408
XIII Méier,Piedade,ideb,2013,6.219138755980862
XIII Méier,Piedade,ideb,2015,5.779264214046822
XIII Méier,Piedade,ideb,2017,5.656474820143885
XIII Méier,Piedade,ideb,2019,5.826406926406926
XIII Méier,Piedade,ideb,2021,5.949501661129569
XIII Méier,Piedade,ideb,2023,6.5
XIII Méier,Pilares,aprovacao,2007,98.29715447154472
XIII Méier,Pilares,aprovacao,2009,96.40647482014388
XIII Méier,Pilares,aprovacao,2011,96.72910052910052
XIII Méier,Pilares,aprovacao,2013,98.58571428571429
XIII Méier,Pilares,aprovacao,2015,96.06206896551726
XIII Méier,Pilares,aprovacao,2017,94.85567010309278
XIII Méier,Pilares,aprovacao,2019,98.11834319526628
XIII Méier,Pilares,aprovacao,2021,98.8
XIII Méier,Pilares,aprovacao,2023,95.9
XIII Méier,Pilares,saeb,2007,5.158536585365853
XIII Méier,Pilares,saeb,2009,6.30820143884892
XIII Méier,Pilares,saeb,2011,6.368624338624339
XIII Méier,Pilares,saeb,2013,6.362857142857142
XIII Méier,Pilares,saeb,2015,6.196206896551724
XIII Méier,Pilares,saeb,2017,6.6710309278350515
XIII Méier,Pilares,saeb,2019,6.380887573964497
XIII Méier,Pilares,saeb,2021,4.650291
XIII Méier,Pilares,saeb,2023,6.2
XIII Méier,Pilares,ideb,2007,4.797967479674797
XIII Méier,Pilares,ideb,2009,5.979136690647482
XIII Méier,Pilares,ideb,2011,5.953968253968254
XIII Méier,Pilares,ideb,2013,5.857142857142857
XIII Méier,Pilares,ideb,2015,5.810344827586207
XIII Méier,Pilares,ideb,2017,6.225773195876289
XIII Méier,Pilares,ideb,2019,5.993491124260355
XIII Méier,Pilares,ideb,2021,4.6
XIII Méier,Pilares,ideb,2023,5.9
XIII Méier,Riachuelo,aprovacao,2007,95.2752808988764
XIII Méier,Riachuelo,aprovacao,2009,86.662
XIII Méier,Riachuelo,aprovacao,2011,93.56
XIII Méier,Riachuelo,aprovacao,2013,92.74285714285715
XIII Méier,Riachuelo,aprovacao,2015,96.4
XIII Méier,Riachuelo,aprovacao,2017,98.2
XIII Méier,Riachuelo,aprovacao,2019,95.2
XIII Méier,Riachuelo,aprovacao,2021,99.1
XIII Méier,Riachuelo,aprovacao,2023,99.1
XIII Méier,Riachuelo,saeb,2007,4.82932584269663
XIII Méier,Riachuelo,saeb,2009,5.435
XIII Méier,Riachuelo,saeb,2011,6.048064516129031
XIII Méier,Riachuelo,saeb,2013,5.3914285714285715
XIII Méier,Riachuelo,saeb,2015,6.35
XIII Méier,Riachuelo,saeb,2017,6.38
XIII Méier,Riachuelo,saeb,2019,6.06
XIII Méier,Riachuelo,saeb,2021,5.174965
XIII Méier,Riachuelo,saeb,2023,6.8
XIII Méier,Riachuelo,ideb,2007,4.1370786516853935
XIII Méier,Riachuelo,ideb,2009,4.198
XIII Méier,Riachuelo,ideb,2011,5.289677419354838
XIII Méier,Riachuelo,ideb,2013,4.717142857142858
XIII Méier,Riachuelo,ideb,2015,6.0
XIII Méier,Riachuelo,ideb,2017,6.0
XIII Méier,Riachuelo,ideb,2019,5.7
XIII Méier,Riachuelo,ideb,2021,5.1
XIII Méier,Riachuelo,ideb,2023,6.7
XIII Méier,Rocha,aprovacao,2007,97.09154929577464
XIII Méier,Rocha,aprovacao,2009,94.21714285714285
XIII Méier,Rocha,aprovacao,2011,97.69621212121213
XIII Méier,Rocha,aprovacao,2013,97.20068027210884
XIII Méier,Rocha,aprovacao,2015,97.36000000000001
XIII Méier,Rocha,aprovacao,2017,93.42972972972973
XIII Méier,Rocha,aprovacao,2019,95.59781420765029
XIII Méier,Rocha,aprovacao,2021,99.7933014354067
XIII Méier,Rocha,aprovacao,2023,98.3
XIII Méier,Rocha,saeb,2007,5.27112676056338
XIII Méier,Rocha,saeb,2009,5.612142857142857
XIII Méier,Rocha,saeb,2011,6.199393939393939
XIII Méier,Rocha,saeb,2013,5.671972789115646
XIII Méier,Rocha,saeb,2015,5.840842105263158
XIII Méier,Rocha,saeb,2017,5.771243243243243
XIII Méier,Rocha,saeb,2019,5.70344262295082
XIII Méier,Rocha,saeb,2021,5.022195201913876
XIII Méier,Rocha,saeb,2023,5.8
XIII Méier,Rocha,ideb,2007,4.9845070422535205
XIII Méier,Rocha,ideb,2009,5.097142857142857
XIII Méier,Rocha,ideb,2011,5.618939393939394
XIII Méier,Rocha,ideb,2013,5.229931972789116
XIII Méier,Rocha,ideb,2015,5.280526315789474
XIII Méier,Rocha,ideb,2017,5.281621621621622
XIII Méier,Rocha,ideb,2019,5.445355191256831
XIII Méier,Rocha,ideb,2021,5.02267942583732
XIII Méier,Rocha,ideb,2023,5.7
XIII Méier,Sampaio,aprovacao,2007,100.0
XIII Méier,Sampaio,aprovacao,2009,88.5
XIII Méier,Sampaio,aprovacao,2011,100.0
XIII Méier,Sampaio,aprovacao,2013,100.0
XIII Méier,Sampaio,aprovacao,2015,96.9
XIII Méier,Sampaio,aprovacao,2019,91.5
XIII Méier,Sampaio,aprovacao,2021,98.8
XIII Méier,Sampaio,aprovacao,2023,97.9
XIII Méier,Sampaio,saeb,2007,4.37
XIII Méier,Sampaio,saeb,2009,5.29
XIII Méier,Sampaio,saeb,2011,6.34
XIII Méier,Sampaio,saeb,2013,5.99
XIII Méier,Sampaio,saeb,2015,6.38
XIII Méier,Sampaio,saeb,2019,5.69
XIII Méier,Sampaio,saeb,2021,4.431813
XIII Méier,Sampaio,saeb,2023,4.9
XIII Méier,Sampaio,ideb,2007,3.9
XIII Méier,Sampaio,ideb,2009,4.7
XIII Méier,Sampaio,ideb,2011,5.9
XIII Méier,Sampaio,ideb,2013,5.4
XIII Méier,Sampaio,ideb,2015,5.7
XIII Méier,Sampaio,ideb,2019,5.4
XIII Méier,Sampaio,ideb,2021,4.4
XIII Méier,Sampaio,ideb,2023,4.8
XIII Méier,Todos os Santos,aprovacao,2007,97.1
XIII Méier,Todos os Santos,aprovacao,2009,97.2
XIII Méier,Todos os Santos,aprovacao,2011,85.7
XIII Méier,Todos os Santos,aprovacao,2013,100.0
XIII Méier,Todos os Santos,aprovacao,2015,92.6
XIII Méier,Todos os Santos,aprovacao,2017,96.8
XIII Méier,Todos os Santos,saeb,2007,5.29
XIII Méier,Todos os Santos,saeb,2009,5.91
XIII Méier,Todos os Santos,saeb,2011,6.9
XIII Méier,Todos os Santos,saeb,2013,5.91
XIII Méier,Todos os Santos,saeb,2015,6.0
XIII Méier,Todos os Santos,saeb,2017,6.79
XIII Méier,Todos os Santos,ideb,2007,5.2
XIII Méier,Todos os Santos,ideb,2009,5.4
XIII Méier,Todos os Santos,ideb,2011,6.6
XIII Méier,Todos os Santos,ideb,2013,5.7
XIII Méier,Todos os Santos,ideb,2015,5.6
XIII Méier,Todos os Santos,ideb,2017,6.2
XXVIII Jacarezinho,Jacarezinho,aprovacao,2007,92.0
XXVIII Jacarezinho,Jacarezinho,aprovacao,2015,87.6
XXVIII Jacarezinho,Jacarezinho,aprovacao,2017,92.6
XXVIII Jacarezinho,Jacarezinho,aprovacao,2019,89.1
XXVIII Jacarezinho,Jacarezinho,aprovacao,2023,99.3
XXVIII Jacarezinho,Jacarezinho,saeb,2007,4.22
XXVIII Jacarezinho,Jacarezinho,saeb,2015,5.65
XXVIII Jacarezinho,Jacarezinho,saeb,2017,5.470000000000001
XXVIII Jacarezinho,Jacarezinho,saeb,2019,5.69
XXVIII Jacarezinho,Jacarezinho,saeb,2023,5.2
XXVIII Jacarezinho,Jacarezinho,ideb,2007,3.5999999999999996
XXVIII Jacarezinho,Jacarezinho,ideb,2015,4.7
XXVIII Jacarezinho,Jacarezinho,ideb,2017,4.8
XXVIII Jacarezinho,Jacarezinho,ideb,2019,5.3
XXVIII Jacarezinho,Jacarezinho,ideb,2023,5.2
XIV Irajá,Colégio,aprovacao,2007,97.67098445595855
XIV Irajá,Colégio,aprovacao,2009,93.86734006734007
XIV Irajá,Colégio,aprovacao,2011,95.11266233766233
XIV Irajá,Colégio,aprovacao,2013,94.28934911242604
XIV Irajá,Colégio,aprovacao,2015,94.30428015564203
XIV Irajá,Colégio,aprovacao,2017,94.48009049773755
XIV Irajá,Colégio,aprovacao,2019,99.52394366197183
XIV Irajá,Colégio,aprovacao,2021,98.81787148594378
XIV Irajá,Colégio,aprovacao,2023,99.7
XIV Irajá,Colégio,saeb,2007,4.856735751295337
XIV Irajá,Colégio,saeb,2009,6.075117845117845
XIV Irajá,Colégio,saeb,2011,6.038116883116884
XIV Irajá,Colégio,saeb,2013,5.954437869822485
XIV Irajá,Colégio,saeb,2015,6.495291828793774
XIV Irajá,Colégio,saeb,2017,6.233257918552037
XIV Irajá,Colégio,saeb,2019,6.212347417840376
XIV Irajá,Colégio,saeb,2021,5.543736889558233
XIV Irajá,Colégio,saeb,2023,6.0
XIV Irajá,Colégio,ideb,2007,4.632901554404145
XIV Irajá,Colégio,ideb,2009,5.653198653198653
XIV Irajá,Colégio,ideb,2011,5.6009740259740255
XIV Irajá,Colégio,ideb,2013,5.427810650887574
XIV Irajá,Colégio,ideb,2015,5.8856031128404664
XIV Irajá,Colégio,ideb,2017,5.680542986425339
XIV Irajá,Colégio,ideb,2019,6.0107981220657285
XIV Irajá,Colégio,ideb,2021,5.484337349397591
XIV Irajá,Colégio,ideb,2023,6.0
XIV Irajá,Irajá,aprovacao,2007,97.16799410029498
XIV Irajá,Irajá,aprovacao,2009,91.35811889973381
XIV Irajá,Irajá,aprovacao,2011,92.3839765100671
XIV Irajá,Irajá,aprovacao,2013,94.46448516579407
XIV Irajá,Irajá,aprovacao,2015,95.33763102725368
XIV Irajá,Irajá,aprovacao,2017,94.77338403041826
XIV Irajá,Irajá,aprovacao,2019,96.24431330472103
XIV Irajá,Irajá,aprovacao,2021,99.25951670644392
XIV Irajá,Irajá,aprovacao,2023,99.2
XIV Irajá,Irajá,saeb,2007,4.991061946902655
XIV Irajá,Irajá,saeb,2009,5.757559893522627
XIV Irajá,Irajá,saeb,2011,6.108640939597315
XIV Irajá,Irajá,saeb,2013,6.042076788830717
XIV Irajá,Irajá,saeb,2015,6.307452830188678
XIV Irajá,Irajá,saeb,2017,6.280874524714829
XIV Irajá,Irajá,saeb,2019,6.29871244635193
XIV Irajá,Irajá,saeb,2021,5.624499090990454
XIV Irajá,Irajá,saeb,2023,6.2
XIV Irajá,Irajá,ideb,2007,4.703466076696165
XIV Irajá,Irajá,ideb,2009,5.2510204081632645
XIV Irajá,Irajá,ideb,2011,5.513590604026846
XIV Irajá,Irajá,ideb,2013,5.436387434554974
XIV Irajá,Irajá,ideb,2015,5.879874213836478
XIV Irajá,Irajá,ideb,2017,5.8782319391634985
XIV Irajá,Irajá,ideb,2019,6.068776824034335
XIV Irajá,Irajá,ideb,2021,5.576581145584726
XIV Irajá,Irajá,ideb,2023,6.2
XIV Irajá,Vicente de Carvalho,aprovacao,2007,98.7
XIV Irajá,Vicente de Carvalho,aprovacao,2009,98.1
XIV Irajá,Vicente de Carvalho,aprovacao,2011,98.5
XIV Irajá,Vicente de Carvalho,aprovacao,2013,98.6
XIV Irajá,Vicente de Carvalho,aprovacao,2015,100.0
XIV Irajá,Vicente de Carvalho,aprovacao,2017,93.76
XIV Irajá,Vicente de Carvalho,aprovacao,2019,97.0774647887324
XIV Irajá,Vicente de Carvalho,aprovacao,2021,100.0
XIV Irajá,Vicente de Carvalho,aprovacao,2023,99.7
XIV Irajá,Vicente de Carvalho,saeb,2007,4.5
XIV Irajá,Vicente de Carvalho,saeb,2009,5.53
XIV Irajá,Vicente de Carvalho,saeb,2011,5.2
XIV Irajá,Vicente de Carvalho,saeb,2013,5.7
XIV Irajá,Vicente de Carvalho,saeb,2015,5.67
XIV Irajá,Vicente de Carvalho,saeb,2017,5.315266666666666
XIV Irajá,Vicente de Carvalho,saeb,2019,6.10281690140845
XIV Irajá,Vicente de Carvalho,saeb,2021,5.249964000000001
XIV Irajá,Vicente de Carvalho,saeb,2023,5.5
XIV Irajá,Vicente de Carvalho,ideb,2007,4.3
XIV Irajá,Vicente de Carvalho,ideb,2009,5.2
XIV Irajá,Vicente de Carvalho,ideb,2011,4.9
XIV Irajá,Vicente de Carvalho,ideb,2013,5.2
XIV Irajá,Vicente de Carvalho,ideb,2015,5.6
XIV Irajá,Vicente de Carvalho,ideb,2017,5.194
XIV Irajá,Vicente de Carvalho,ideb,2019,5.973239436619719
XIV Irajá,Vicente de Carvalho,ideb,2021,5.2
XIV Irajá,Vicente de Carvalho,ideb,2023,5.5
XIV Irajá,Vila Kosmos,aprovacao,2007,99.51034482758621
XIV Irajá,Vila Kosmos,aprovacao,2009,90.86330935251799
XIV Irajá,Vila Kosmos,aprovacao,2011,93.65454545454546
XIV Irajá,Vila Kosmos,aprovacao,2013,93.14509803921568
XIV Irajá,Vila Kosmos,aprovacao,2015,98.46220472440946
XIV Irajá,Vila Kosmos,aprovacao,2017,99.1
XIV Irajá,Vila Kosmos,aprovacao,2019,97.9
XIV Irajá,Vila Kosmos,aprovacao,2021,100.0
XIV Irajá,Vila Kosmos,aprovacao,2023,100.0
XIV Irajá,Vila Kosmos,saeb,2007,4.4228879310344835
XIV Irajá,Vila Kosmos,saeb,2009,5.599280575539568
XIV Irajá,Vila Kosmos,saeb,2011,6.131761363636364
XIV Irajá,Vila Kosmos,saeb,2013,5.985294117647059
XIV Irajá,Vila Kosmos,saeb,2015,6.088976377952756
XIV Irajá,Vila Kosmos,saeb,2017,5.69
XIV Irajá,Vila Kosmos,saeb,2019,5.86
XIV Irajá,Vila Kosmos,saeb,2021,5.744117
XIV Irajá,Vila Kosmos,saeb,2023,5.5
XIV Irajá,Vila Kosmos,ideb,2007,4.110775862068965
XIV Irajá,Vila Kosmos,ideb,2009,4.9474820143884894
XIV Irajá,Vila Kosmos,ideb,2011,5.452840909090909
XIV Irajá,Vila Kosmos,ideb,2013,5.2627450980392165
XIV Irajá,Vila Kosmos,ideb,2015,5.8196850393700785
XIV Irajá,Vila Kosmos,ideb,2017,5.5
XIV Irajá,Vila Kosmos,ideb,2019,5.6
XIV Irajá,Vila Kosmos,ideb,2021,5.7
XIV Irajá,Vila Kosmos,ideb,2023,5.5
XIV Irajá,Vila da Penha,aprovacao,2007,99.05573770491803
XIV Irajá,Vila da Penha,aprovacao,2009,98.18518518518519
XIV Irajá,Vila da Penha,aprovacao,2011,100.0
XIV Irajá,Vila da Penha,aprovacao,2013,100.0
XIV Irajá,Vila da Penha,aprovacao,2015,99.40225988700566
XIV Irajá,Vila da Penha,aprovacao,2017,99.46774193548387
XIV Irajá,Vila da Penha,aprovacao,2019,99.44406779661016
XIV Irajá,Vila da Penha,aprovacao,2021,99.6
XIV Irajá,Vila da Penha,aprovacao,2023,100.0
XIV Irajá,Vila da Penha,saeb,2007,5.572622950819672
XIV Irajá,Vila da Penha,saeb,2009,6.203333333333333
XIV Irajá,Vila da Penha,saeb,2011,6.907394957983193
XIV Irajá,Vila da Penha,saeb,2013,6.901914893617021
XIV Irajá,Vila da Penha,saeb,2015,7.111073446327684
XIV Irajá,Vila da Penha,saeb,2017,7.086075268817204
XIV Irajá,Vila da Penha,saeb,2019,6.754237288135593
XIV Irajá,Vila da Penha,saeb,2021,6.717582
XIV Irajá,Vila da Penha,saeb,2023,6.9
XIV Irajá,Vila da Penha,ideb,2007,5.3737704918032785
XIV Irajá,Vila da Penha,ideb,2009,5.988888888888888
XIV Irajá,Vila da Penha,ideb,2011,6.536974789915966
XIV Irajá,Vila da Penha,ideb,2013,6.593617021276596
XIV Irajá,Vila da Penha,ideb,2015,6.918079096045198
XIV Irajá,Vila da Penha,ideb,2017,6.970430107526882
XIV Irajá,Vila da Penha,ideb,2019,6.669491525423729
XIV Irajá,Vila da Penha,ideb,2021,6.7
XIV Irajá,Vila da Penha,ideb,2023,6.9
XIV Irajá,Vista Alegre,aprovacao,2007,90.0
XIV Irajá,Vista Alegre,aprovacao,2009,91.4
XIV Irajá,Vista Alegre,aprovacao,2011,88.0
XIV Irajá,Vista Alegre,aprovacao,2013,86.1
XIV Irajá,Vista Alegre,aprovacao,2015,91.2
XIV Irajá,Vista Alegre,aprovacao,2017,92.3
XIV Irajá,Vista Alegre,aprovacao,2019,90.6
XIV Irajá,Vista Alegre,saeb,2007,5.14
XIV Irajá,Vista Alegre,saeb,2009,5.12
XIV Irajá,Vista Alegre,saeb,2011,6.409999999999999
XIV Irajá,Vista Alegre,saeb,2013,6.91
XIV Irajá,Vista Alegre,saeb,2015,6.17
XIV Irajá,Vista Alegre,saeb,2017,7.22
XIV Irajá,Vista Alegre,saeb,2019,6.89
XIV Irajá,Vista Alegre,ideb,2007,4.7
XIV Irajá,Vista Alegre,ideb,2009,4.7
XIV Irajá,Vista Alegre,ideb,2011,5.9
XIV Irajá,Vista Alegre,ideb,2013,6.1
XIV Irajá,Vista Alegre,ideb,2015,5.2
XIV Irajá,Vista Alegre,ideb,2017,6.5
XIV Irajá,Vista Alegre,ideb,2019,6.2
XV Madureira,Bento Ribeiro,aprovacao,2007,97.6183908045977
XV Madureira,Bento Ribeiro,aprovacao,2009,84.61911764705883
XV Madureira,Bento Ribeiro,aprovacao,2011,85.62835820895523
XV Madureira,Bento Ribeiro,aprovacao,2013,94.33088235294117
XV Madureira,Bento Ribeiro,aprovacao,2015,98.03333333333333
XV Madureira,Bento Ribeiro,aprovacao,2017,94.51818181818182
XV Madureira,Bento Ribeiro,aprovacao,2019,99.1741935483871
XV Madureira,Bento Ribeiro,aprovacao,2021,99.37335285505124
XV Madureira,Bento Ribeiro,aprovacao,2023,99.0
XV Madureira,Bento Ribeiro,saeb,2007,4.758965517241379
XV Madureira,Bento Ribeiro,saeb,2009,5.497794117647059
XV Madureira,Bento Ribeiro,saeb,2011,5.805671641791045
XV Madureira,Bento Ribeiro,saeb,2013,5.842132352941176
XV Madureira,Bento Ribeiro,saeb,2015,6.1
XV Madureira,Bento Ribeiro,saeb,2017,6.3527272727272734
XV Madureira,Bento Ribeiro,saeb,2019,6.219032258064517
XV Madureira,Bento Ribeiro,saeb,2021,5.694542989751098
XV Madureira,Bento Ribeiro,saeb,2023,6.1
XV Madureira,Bento Ribeiro,ideb,2007,4.5137931034482754
XV Madureira,Bento Ribeiro,ideb,2009,4.839705882352941
XV Madureira,Bento Ribeiro,ideb,2011,5.141791044776119
XV Madureira,Bento Ribeiro,ideb,2013,5.470588235294118
XV Madureira,Bento Ribeiro,ideb,2015,5.966666666666667
XV Madureira,Bento Ribeiro,ideb,2017,6.067676767676768
XV Madureira,Bento Ribeiro,ideb,2019,6.04516129032258
XV Madureira,Bento Ribeiro,ideb,2021,5.674670571010249
XV Madureira,Bento Ribeiro,ideb,2023,6.0
XV Madureira,Campinho,aprovacao,2007,100.0
XV Madureira,Campinho,aprovacao,2009,90.9
XV Madureira,Campinho,aprovacao,2011,95.7
XV Madureira,Campinho,aprovacao,2013,100.0
XV Madureira,Campinho,aprovacao,2015,91.9
XV Madureira,Campinho,aprovacao,2017,100.0
XV Madureira,Campinho,aprovacao,2019,100.0
XV Madureira,Campinho,aprovacao,2021,97.8
XV Madureira,Campinho,aprovacao,2023,97.5
XV Madureira,Campinho,saeb,2007,5.04
XV Madureira,Campinho,saeb,2009,6.46
XV Madureira,Campinho,saeb,2011,6.45
XV Madureira,Campinho,saeb,2013,6.37
XV Madureira,Campinho,saeb,2015,6.37
XV Madureira,Campinho,saeb,2017,6.49
XV Madureira,Campinho,saeb,2019,6.370000000000001
XV Madureira,Campinho,saeb,2021,5.446274
XV Madureira,Campinho,saeb,2023,5.9
XV Madureira,Campinho,ideb,2007,4.8
XV Madureira,Campinho,ideb,2009,5.8
XV Madureira,Campinho,ideb,2011,5.7
XV Madureira,Campinho,ideb,2013,5.6
XV Madureira,Campinho,ideb,2015,5.7
XV Madureira,Campinho,ideb,2017,6.0
XV Madureira,Campinho,ideb,2019,6.1
XV Madureira,Campinho,ideb,2021,5.3
XV Madureira,Campinho,ideb,2023,5.7
XV Madureira,Cascadura,aprovacao,2007,97.80424242424243
XV Madureira,Cascadura,aprovacao,2009,92.86577777777778
XV Madureira,Cascadura,aprovacao,2011,97.84598540145987
XV Madureira,Cascadura,aprovacao,2013,93.32707581227436
XV Madureira,Cascadura,aprovacao,2015,96.88640350877192
XV Madureira,Cascadura,aprovacao,2017,98.95088967971529
XV Madureira,Cascadura,aprovacao,2019,98.99802955665024
XV Madureira,Cascadura,aprovacao,2021,98.04505494505493
XV Madureira,Cascadura,aprovacao,2023,98.7
XV Madureira,Cascadura,saeb,2007,4.767090909090909
XV Madureira,Cascadura,saeb,2009,5.563555555555555
XV Madureira,Cascadura,saeb,2011,6.151350364963503
XV Madureira,Cascadura,saeb,2013,5.585342960288808
XV Madureira,Cascadura,saeb,2015,5.9343859649122805
XV Madureira,Cascadura,saeb,2017,5.926370106761565
XV Madureira,Cascadura,saeb,2019,6.136945812807881
XV Madureira,Cascadura,saeb,2021,5.296399099746407
XV Madureira,Cascadura,saeb,2023,6.2
XV Madureira,Cascadura,ideb,2007,4.344242424242424
XV Madureira,Cascadura,ideb,2009,4.8662222222222224
XV Madureira,Cascadura,ideb,2011,5.70985401459854
XV Madureira,Cascadura,ideb,2013,5.0790613718411555
XV Madureira,Cascadura,ideb,2015,5.672368421052631
XV Madureira,Cascadura,ideb,2017,5.74661921708185
XV Madureira,Cascadura,ideb,2019,5.957142857142858
XV Madureira,Cascadura,ideb,2021,5.184108199492815
XV Madureira,Cascadura,ideb,2023,6.2
XV Madureira,Cavalcanti,aprovacao,2007,97.61994535519126
XV Madureira,Cavalcanti,aprovacao,2009,96.35412186379929
XV Madureira,Cavalcanti,aprovacao,2011,91.67925170068027
XV Madureira,Cavalcanti,aprovacao,2013,97.06151315789474
XV Madureira,Cavalcanti,aprovacao,2015,97.28082706766918
XV Madureira,Cavalcanti,aprovacao,2017,99.52272727272727
XV Madureira,Cavalcanti,aprovacao,2019,97.9983606557377
XV Madureira,Cavalcanti,aprovacao,2021,98.91992516370439
XV Madureira,Cavalcanti,aprovacao,2023,98.1
XV Madureira,Cavalcanti,saeb,2007,5.1146448087431695
XV Madureira,Cavalcanti,saeb,2009,5.756308243727599
XV Madureira,Cavalcanti,saeb,2011,5.975510204081632
XV Madureira,Cavalcanti,saeb,2013,6.07578947368421
XV Madureira,Cavalcanti,saeb,2015,6.307744360902255
XV Madureira,Cavalcanti,saeb,2017,6.361000000000001
XV Madureira,Cavalcanti,saeb,2019,6.118032786885246
XV Madureira,Cavalcanti,saeb,2021,5.57900746585594
XV Madureira,Cavalcanti,saeb,2023,6.1
XV Madureira,Cavalcanti,ideb,2007,4.811748633879781
XV Madureira,Cavalcanti,ideb,2009,5.286738351254479
XV Madureira,Cavalcanti,ideb,2011,5.40748299319728
XV Madureira,Cavalcanti,ideb,2013,5.564144736842105
XV Madureira,Cavalcanti,ideb,2015,5.91015037593985
XV Madureira,Cavalcanti,ideb,2017,6.2299999999999995
XV Madureira,Cavalcanti,ideb,2019,5.803278688524591
XV Madureira,Cavalcanti,ideb,2021,5.52422825070159
XV Madureira,Cavalcanti,ideb,2023,6.0
XV Madureira,Engenheiro Leal,aprovacao,2007,98.35901639344263
XV Madureira,Engenheiro Leal,aprovacao,2009,98.66621621621621
XV Madureira,Engenheiro Leal,aprovacao,2011,96.27484662576687
XV Madureira,Engenheiro Leal,aprovacao,2013,94.22884615384616
XV Madureira,Engenheiro Leal,aprovacao,2015,100.0
XV Madureira,Engenheiro Leal,aprovacao,2017,98.385
XV Madureira,Engenheiro Leal,aprovacao,2019,99.04854368932038
XV Madureira,Engenheiro Leal,aprovacao,2021,99.3
XV Madureira,Engenheiro Leal,aprovacao,2023,97.7
XV Madureira,Engenheiro Leal,saeb,2007,4.800874316939891
XV Madureira,Engenheiro Leal,saeb,2009,6.114324324324324
XV Madureira,Engenheiro Leal,saeb,2011,6.2395705521472395
XV Madureira,Engenheiro Leal,saeb,2013,6.1184615384615375
XV Madureira,Engenheiro Leal,saeb,2015,6.2091729323308265
XV Madureira,Engenheiro Leal,saeb,2017,6.4935
XV Madureira,Engenheiro Leal,saeb,2019,6.0629126213592235
XV Madureira,Engenheiro Leal,saeb,2021,4.470416
XV Madureira,Engenheiro Leal,saeb,2023,5.9
XV Madureira,Engenheiro Leal,ideb,2007,4.5109289617486334
XV Madureira,Engenheiro Leal,ideb,2009,5.8175675675675675
XV Madureira,Engenheiro Leal,ideb,2011,5.93803680981595
XV Madureira,Engenheiro Leal,ideb,2013,5.6
XV Madureira,Engenheiro Leal,ideb,2015,5.933082706766918
XV Madureira,Engenheiro Leal,ideb,2017,6.105
XV Madureira,Engenheiro Leal,ideb,2019,5.647572815533981
XV Madureira,Engenheiro Leal,ideb,2021,4.4
XV Madureira,Engenheiro Leal,ideb,2023,5.8
XV Madureira,Honório Gurgel,aprovacao,2007,98.75020920502092
XV Madureira,Honório Gurgel,aprovacao,2009,88.22834224598931
XV Madureira,Honório Gurgel,aprovacao,2011,93.29398907103825
XV Madureira,Honório Gurgel,aprovacao,2013,95.64259259259259
XV Madureira,Honório Gurgel,aprovacao,2015,98.32499999999999
XV Madureira,Honório Gurgel,aprovacao,2017,92.6876923076923
XV Madureira,Honório Gurgel,aprovacao,2019,93.47122302158273
XV Madureira,Honório Gurgel,aprovacao,2021,96.2028653295129
XV Madureira,Honório Gurgel,aprovacao,2023,98.8
XV Madureira,Honório Gurgel,saeb,2007,4.472008368200837
XV Madureira,Honório Gurgel,saeb,2009,5.394919786096257
XV Madureira,Honório Gurgel,saeb,2011,5.702677595628416
XV Madureira,Honório Gurgel,saeb,2013,5.732962962962963
XV Madureira,Honório Gurgel,saeb,2015,5.746796874999999
XV Madureira,Honório Gurgel,saeb,2017,5.618846153846154
XV Madureira,Honório Gurgel,saeb,2019,5.801438848920863
XV Madureira,Honório Gurgel,saeb,2021,5.200896690544413
XV Madureira,Honório Gurgel,saeb,2023,6.1
XV Madureira,Honório Gurgel,ideb,2007,4.171548117154812
XV Madureira,Honório Gurgel,ideb,2009,4.783422459893048
XV Madureira,Honório Gurgel,ideb,2011,5.043169398907104
XV Madureira,Honório Gurgel,ideb,2013,5.0814814814814815
XV Madureira,Honório Gurgel,ideb,2015,5.13828125
XV Madureira,Honório Gurgel,ideb,2017,5.271538461538461
XV Madureira,Honório Gurgel,ideb,2019,5.461151079136692
XV Madureira,Honório Gurgel,ideb,2021,4.993123209169054
XV Madureira,Honório Gurgel,ideb,2023,6.0
XV Madureira,Madureira,aprovacao,2007,98.15789473684211
XV Madureira,Madureira,aprovacao,2009,96.10577777777777
XV Madureira,Madureira,aprovacao,2011,94.93346007604563
XV Madureira,Madureira,aprovacao,2013,91.58129032258064
XV Madureira,Madureira,aprovacao,2015,94.23173431734317
XV Madureira,Madureira,aprovacao,2017,96.60000000000001
XV Madureira,Madureira,aprovacao,2019,94.67213114754098
XV Madureira,Madureira,aprovacao,2021,98.93383137673426
XV Madureira,Madureira,aprovacao,2023,97.6
XV Madureira,Madureira,saeb,2007,4.341461988304094
XV Madureira,Madureira,saeb,2009,5.4732
XV Madureira,Madureira,saeb,2011,5.823954372623574
XV Madureira,Madureira,saeb,2013,5.664483870967742
XV Madureira,Madureira,saeb,2015,5.664354243542436
XV Madureira,Madureira,saeb,2017,5.790592885375494
XV Madureira,Madureira,saeb,2019,5.651311475409836
XV Madureira,Madureira,saeb,2021,4.797793717182498
XV Madureira,Madureira,saeb,2023,5.7
XV Madureira,Madureira,ideb,2007,4.073684210526316
XV Madureira,Madureira,ideb,2009,5.028444444444444
XV Madureira,Madureira,ideb,2011,5.248669201520912
XV Madureira,Madureira,ideb,2013,4.881935483870968
XV Madureira,Madureira,ideb,2015,5.170848708487085
XV Madureira,Madureira,ideb,2017,5.477865612648221
XV Madureira,Madureira,ideb,2019,5.302049180327869
XV Madureira,Madureira,ideb,2021,4.733724653148346
XV Madureira,Madureira,ideb,2023,5.5
XV Madureira,Marechal Hermes,aprovacao,2007,99.0088291746641
XV Madureira,Marechal Hermes,aprovacao,2009,92.38133333333333
XV Madureira,Marechal Hermes,aprovacao,2011,89.84021739130435
XV Madureira,Marechal Hermes,aprovacao,2013,97.76014851485148
XV Madureira,Marechal Hermes,aprovacao,2015,95.09027027027028
XV Madureira,Marechal Hermes,aprovacao,2017,97.70988700564972
XV Madureira,Marechal Hermes,aprovacao,2019,98.46861538461538
XV Madureira,Marechal Hermes,aprovacao,2021,98.48936936936937
XV Madureira,Marechal Hermes,aprovacao,2023,98.5
XV Madureira,Marechal Hermes,saeb,2007,4.72143953934741
XV Madureira,Marechal Hermes,saeb,2009,5.608346666666667
XV Madureira,Marechal Hermes,saeb,2011,6.134528985507247
XV Madureira,Marechal Hermes,saeb,2013,6.2075
XV Madureira,Marechal Hermes,saeb,2015,6.3192702702702706
XV Madureira,Marechal Hermes,saeb,2017,6.252655367231639
XV Madureira,Marechal Hermes,saeb,2019,6.241876923076923
XV Madureira,Marechal Hermes,saeb,2021,5.95742690990991
XV Madureira,Marechal Hermes,saeb,2023,6.7
XV Madureira,Marechal Hermes,ideb,2007,4.5113243761996165
XV Madureira,Marechal Hermes,ideb,2009,5.143733333333333
XV Madureira,Marechal Hermes,ideb,2011,5.373913043478261
XV Madureira,Marechal Hermes,ideb,2013,5.876237623762377
XV Madureira,Marechal Hermes,ideb,2015,5.905945945945946
XV Madureira,Marechal Hermes,ideb,2017,6.0141242937853105
XV Madureira,Marechal Hermes,ideb,2019,5.829846153846154
XV Madureira,Marechal Hermes,ideb,2021,5.859009009009009
XV Madureira,Marechal Hermes,ideb,2023,6.6
XV Madureira,Oswaldo Cruz,aprovacao,2007,97.42935982339957
XV Madureira,Oswaldo Cruz,aprovacao,2009,92.26733668341708
XV Madureira,Oswaldo Cruz,aprovacao,2011,89.521387283237
XV Madureira,Oswaldo Cruz,aprovacao,2013,90.64488448844884
XV Madureira,Oswaldo Cruz,aprovacao,2015,89.47088607594937
XV Madureira,Oswaldo Cruz,aprovacao,2017,88.68339350180506
XV Madureira,Oswaldo Cruz,aprovacao,2019,97.12391304347827
XV Madureira,Oswaldo Cruz,aprovacao,2021,99.90027247956402
XV Madureira,Oswaldo Cruz,aprovacao,2023,99.3
XV Madureira,Oswaldo Cruz,saeb,2007,4.66103752759382
XV Madureira,Oswaldo Cruz,saeb,2009,5.735477386934674
XV Madureira,Oswaldo Cruz,saeb,2011,6.0068208092485555
XV Madureira,Oswaldo Cruz,saeb,2013,5.817557755775578
XV Madureira,Oswaldo Cruz,saeb,2015,6.426624472573839
XV Madureira,Oswaldo Cruz,saeb,2017,6.479025270758123
XV Madureira,Oswaldo Cruz,saeb,2019,6.379311594202899
XV Madureira,Oswaldo Cruz,saeb,2021,5.875823699364215
XV Madureira,Oswaldo Cruz,saeb,2023,6.3
XV Madureira,Oswaldo Cruz,ideb,2007,4.433112582781457
XV Madureira,Oswaldo Cruz,ideb,2009,5.290954773869347
XV Madureira,Oswaldo Cruz,ideb,2011,5.177456647398843
XV Madureira,Oswaldo Cruz,ideb,2013,5.182838283828384
XV Madureira,Oswaldo Cruz,ideb,2015,5.830379746835443
XV Madureira,Oswaldo Cruz,ideb,2017,5.930685920577617
XV Madureira,Oswaldo Cruz,ideb,2019,6.054710144927536
XV Madureira,Oswaldo Cruz,ideb,2021,5.885013623978201
XV Madureira,Oswaldo Cruz,ideb,2023,6.2
XV Madureira,Quintino Bocaiúva,aprovacao,2007,99.04526315789474
XV Madureira,Quintino Bocaiúva,aprovacao,2009,90.34988066825777
XV Madureira,Quintino Bocaiúva,aprovacao,2011,96.65463659147869
XV Madureira,Quintino Bocaiúva,aprovacao,2013,95.225
XV Madureira,Quintino Bocaiúva,aprovacao,2015,95.47915567282321
XV Madureira,Quintino Bocaiúva,aprovacao,2017,95.72866242038216
XV Madureira,Quintino Bocaiúva,aprovacao,2019,91.38918918918918
XV Madureira,Quintino Bocaiúva,aprovacao,2021,99.0281954887218
XV Madureira,Quintino Bocaiúva,aprovacao,2023,99.1
XV Madureira,Quintino Bocaiúva,saeb,2007,4.8681754385964915
XV Madureira,Quintino Bocaiúva,saeb,2009,5.81162291169451
XV Madureira,Quintino Bocaiúva,saeb,2011,6.091002506265665
XV Madureira,Quintino Bocaiúva,saeb,2013,6.0377427184466015
XV Madureira,Quintino Bocaiúva,saeb,2015,6.020976253298152
XV Madureira,Quintino Bocaiúva,saeb,2017,6.274649681528662
XV Madureira,Quintino Bocaiúva,saeb,2019,6.0452895752895754
XV Madureira,Quintino Bocaiúva,saeb,2021,5.734364580827068
XV Madureira,Quintino Bocaiúva,saeb,2023,6.3
XV Madureira,Quintino Bocaiúva,ideb,2007,4.6922807017543855
XV Madureira,Quintino Bocaiúva,ideb,2009,5.325536992840096
XV Madureira,Quintino Bocaiúva,ideb,2011,5.7448621553884704
XV Madureira,Quintino Bocaiúva,ideb,2013,5.650485436893204
XV Madureira,Quintino Bocaiúva,ideb,2015,5.574406332453825
XV Madureira,Quintino Bocaiúva,ideb,2017,5.936624203821657
XV Madureira,Quintino Bocaiúva,ideb,2019,5.678378378378379
XV Madureira,Quintino Bocaiúva,ideb,2021,5.679041353383458
XV Madureira,Quintino Bocaiúva,ideb,2023,6.3
XV Madureira,Rocha Miranda,aprovacao,2007,98.43385012919894
XV Madureira,Rocha Miranda,aprovacao,2009,94.94854014598539
XV Madureira,Rocha Miranda,aprovacao,2011,93.67876386687797
XV Madureira,Rocha Miranda,aprovacao,2013,94.8811570247934
XV Madureira,Rocha Miranda,aprovacao,2015,93.92384769539078
XV Madureira,Rocha Miranda,aprovacao,2017,94.58608695652174
XV Madureira,Rocha Miranda,aprovacao,2019,95.37739130434782
XV Madureira,Rocha Miranda,aprovacao,2021,99.58219679633868
XV Madureira,Rocha Miranda,aprovacao,2023,99.5
XV Madureira,Rocha Miranda,saeb,2007,4.938875968992249
XV Madureira,Rocha Miranda,saeb,2009,5.707901459854015
XV Madureira,Rocha Miranda,saeb,2011,5.9658003169572105
XV Madureira,Rocha Miranda,saeb,2013,5.811471074380165
XV Madureira,Rocha Miranda,saeb,2015,6.247234468937876
XV Madureira,Rocha Miranda,saeb,2017,5.986934782608696
XV Madureira,Rocha Miranda,saeb,2019,5.8602608695652165
XV Madureira,Rocha Miranda,saeb,2021,5.193038221052632
XV Madureira,Rocha Miranda,saeb,2023,5.7
XV Madureira,Rocha Miranda,ideb,2007,4.656847545219639
XV Madureira,Rocha Miranda,ideb,2009,5.142700729927007
XV Madureira,Rocha Miranda,ideb,2011,5.373058637083994
XV Madureira,Rocha Miranda,ideb,2013,5.2272727272727275
XV Madureira,Rocha Miranda,ideb,2015,5.759318637274549
XV Madureira,Rocha Miranda,ideb,2017,5.590217391304348
XV Madureira,Rocha Miranda,ideb,2019,5.5619565217391305
XV Madureira,Rocha Miranda,ideb,2021,5.161235697940504
XV Madureira,Rocha Miranda,ideb,2023,5.7
XV Madureira,Turiaçu,aprovacao,2007,94.37968749999999
XV Madureira,Turiaçu,aprovacao,2009,82.43611111111112
XV Madureira,Turiaçu,aprovacao,2011,98.01941747572816
XV Madureira,Turiaçu,aprovacao,2013,98.37209302325581
XV Madureira,Turiaçu,aprovacao,2015,95.26229508196721
XV Madureira,Turiaçu,aprovacao,2017,98.90978260869566
XV Madureira,Turiaçu,aprovacao,2019,99.07614678899083
XV Madureira,Turiaçu,aprovacao,2021,100.0
XV Madureira,Turiaçu,aprovacao,2023,99.7
XV Madureira,Turiaçu,saeb,2007,4.553125
XV Madureira,Turiaçu,saeb,2009,5.0781481481481485
XV Madureira,Turiaçu,saeb,2011,5.660291262135922
XV Madureira,Turiaçu,saeb,2013,6.0597674418604655
XV Madureira,Turiaçu,saeb,2015,5.6560655737704915
XV Madureira,Turiaçu,saeb,2017,6.101304347826086
XV Madureira,Turiaçu,saeb,2019,5.582385321100918
XV Madureira,Turiaçu,saeb,2021,5.388829533820841
XV Madureira,Turiaçu,saeb,2023,5.7
XV Madureira,Turiaçu,ideb,2007,4.239062499999999
XV Madureira,Turiaçu,ideb,2009,4.283333333333333
XV Madureira,Turiaçu,ideb,2011,5.029126213592233
XV Madureira,Turiaçu,ideb,2013,5.728682170542636
XV Madureira,Turiaçu,ideb,2015,5.214754098360656
XV Madureira,Turiaçu,ideb,2017,5.922826086956522
XV Madureira,Turiaçu,ideb,2019,5.348623853211009
XV Madureira,Turiaçu,ideb,2021,5.4
XV Madureira,Turiaçu,ideb,2023,5.8
XV Madureira,Vaz Lobo,aprovacao,2007,100.0
XV Madureira,Vaz Lobo,aprovacao,2009,94.9
XV Madureira,Vaz Lobo,aprovacao,2011,94.9
XV Madureira,Vaz Lobo,aprovacao,2013,88.6
XV Madureira,Vaz Lobo,aprovacao,2015,81.4
XV Madureira,Vaz Lobo,aprovacao,2017,95.2
XV Madureira,Vaz Lobo,aprovacao,2019,94.2
XV Madureira,Vaz Lobo,aprovacao,2023,100.0
XV Madureira,Vaz Lobo,saeb,2007,3.87
XV Madureira,Vaz Lobo,saeb,2009,5.29
XV Madureira,Vaz Lobo,saeb,2011,5.5
XV Madureira,Vaz Lobo,saeb,2013,5.44
XV Madureira,Vaz Lobo,saeb,2015,5.4
XV Madureira,Vaz Lobo,saeb,2017,5.56
XV Madureira,Vaz Lobo,saeb,2019,5.33
XV Madureira,Vaz Lobo,saeb,2023,5.1
XV Madureira,Vaz Lobo,ideb,2007,3.8
XV Madureira,Vaz Lobo,ideb,2009,5.0
XV Madureira,Vaz Lobo,ideb,2011,4.8
XV Madureira,Vaz Lobo,ideb,2013,4.8
XV Madureira,Vaz Lobo,ideb,2015,4.6
XV Madureira,Vaz Lobo,ideb,2017,5.4
XV Madureira,Vaz Lobo,ideb,2019,4.9
XV Madureira,Vaz Lobo,ideb,2023,5.1
XII Inhaúma,Del Castilho,aprovacao,2007,96.44554973821988
XII Inhaúma,Del Castilho,aprovacao,2009,92.87128712871286
XII Inhaúma,Del Castilho,aprovacao,2011,92.53076923076922
XII Inhaúma,Del Castilho,aprovacao,2013,97.62761194029851
XII Inhaúma,Del Castilho,aprovacao,2015,89.2
XII Inhaúma,Del Castilho,aprovacao,2017,87.40000000000002
XII Inhaúma,Del Castilho,aprovacao,2023,99.3
XII Inhaúma,Del Castilho,saeb,2007,4.8840837696335075
XII Inhaúma,Del Castilho,saeb,2009,6.830099009900991
XII Inhaúma,Del Castilho,saeb,2011,5.9293589743589745
XII Inhaúma,Del Castilho,saeb,2013,5.647089552238806
XII Inhaúma,Del Castilho,saeb,2015,6.29
XII Inhaúma,Del Castilho,saeb,2017,5.8
XII Inhaúma,Del Castilho,saeb,2023,5.8
XII Inhaúma,Del Castilho,ideb,2007,4.566492146596859
XII Inhaúma,Del Castilho,ideb,2009,6.267326732673268
XII Inhaúma,Del Castilho,ideb,2011,5.475641025641026
XII Inhaúma,Del Castilho,ideb,2013,4.802985074626866
XII Inhaúma,Del Castilho,ideb,2015,5.6
XII Inhaúma,Del Castilho,ideb,2017,5.1
XII Inhaúma,Del Castilho,ideb,2023,5.8
XII Inhaúma,Engenho da Rainha,aprovacao,2007,99.01
XII Inhaúma,Engenho da Rainha,aprovacao,2009,93.5559633027523
XII Inhaúma,Engenho da Rainha,aprovacao,2011,91.32412451361867
XII Inhaúma,Engenho da Rainha,aprovacao,2013,92.7574074074074
XII Inhaúma,Engenho da Rainha,aprovacao,2015,96.65268817204301
XII Inhaúma,Engenho da Rainha,aprovacao,2017,95.35671641791045
XII Inhaúma,Engenho da Rainha,aprovacao,2019,94.96045454545454
XII Inhaúma,Engenho da Rainha,aprovacao,2021,98.76152897657214
XII Inhaúma,Engenho da Rainha,aprovacao,2023,99.4
XII Inhaúma,Engenho da Rainha,saeb,2007,4.68053125
XII Inhaúma,Engenho da Rainha,saeb,2009,5.38848623853211
XII Inhaúma,Engenho da Rainha,saeb,2011,5.821284046692607
XII Inhaúma,Engenho da Rainha,saeb,2013,5.535231481481481
XII Inhaúma,Engenho da Rainha,saeb,2015,5.606666666666667
XII Inhaúma,Engenho da Rainha,saeb,2017,5.853880597014926
XII Inhaúma,Engenho da Rainha,saeb,2019,5.9695909090909085
XII Inhaúma,Engenho da Rainha,saeb,2021,5.024063134401973
XII Inhaúma,Engenho da Rainha,saeb,2023,6.0
XII Inhaúma,Engenho da Rainha,ideb,2007,4.3253125
XII Inhaúma,Engenho da Rainha,ideb,2009,4.688532110091742
XII Inhaúma,Engenho da Rainha,ideb,2011,5.145525291828794
XII Inhaúma,Engenho da Rainha,ideb,2013,5.00324074074074
XII Inhaúma,Engenho da Rainha,ideb,2015,5.047311827956989
XII Inhaúma,Engenho da Rainha,ideb,2017,5.404477611940298
XII Inhaúma,Engenho da Rainha,ideb,2019,5.774545454545455
XII Inhaúma,Engenho da Rainha,ideb,2021,4.971639950678175
XII Inhaúma,Engenho da Rainha,ideb,2023,5.9
XII Inhaúma,Higienópolis,aprovacao,2007,92.96472795497185
XII Inhaúma,Higienópolis,aprovacao,2009,87.64553376906319
XII Inhaúma,Higienópolis,aprovacao,2011,86.58834498834499
XII Inhaúma,Higienópolis,aprovacao,2013,90.24430769230769
XII Inhaúma,Higienópolis,aprovacao,2015,86.55714285714286
XII Inhaúma,Higienópolis,aprovacao,2017,95.13846153846154
XII Inhaúma,Higienópolis,aprovacao,2019,96.23070539419086
XII Inhaúma,Higienópolis,aprovacao,2021,99.76396807297606
XII Inhaúma,Higienópolis,aprovacao,2023,98.1
XII Inhaúma,Higienópolis,saeb,2007,4.9782551594746725
XII Inhaúma,Higienópolis,saeb,2009,5.652592592592594
XII Inhaúma,Higienópolis,saeb,2011,5.607039627039626
XII Inhaúma,Higienópolis,saeb,2013,5.498338461538462
XII Inhaúma,Higienópolis,saeb,2015,5.987142857142857
XII Inhaúma,Higienópolis,saeb,2017,6.323076923076923
XII Inhaúma,Higienópolis,saeb,2019,5.834356846473029
XII Inhaúma,Higienópolis,saeb,2021,5.44468698745724
XII Inhaúma,Higienópolis,saeb,2023,6.1
XII Inhaúma,Higienópolis,ideb,2007,4.611069418386491
XII Inhaúma,Higienópolis,ideb,2009,4.8542483660130715
XII Inhaúma,Higienópolis,ideb,2011,4.788111888111888
XII Inhaúma,Higienópolis,ideb,2013,4.761230769230769
XII Inhaúma,Higienópolis,ideb,2015,5.042857142857143
XII Inhaúma,Higienópolis,ideb,2017,5.800000000000001
XII Inhaúma,Higienópolis,ideb,2019,5.551867219917012
XII Inhaúma,Higienópolis,ideb,2021,5.4327251995439
XII Inhaúma,Higienópolis,ideb,2023,6.0
XII Inhaúma,Inhaúma,aprovacao,2007,94.57042253521126
XII Inhaúma,Inhaúma,aprovacao,2009,91.26963292547273
XII Inhaúma,Inhaúma,aprovacao,2011,92.30750670241287
XII Inhaúma,Inhaúma,aprovacao,2013,92.84737470167063
XII Inhaúma,Inhaúma,aprovacao,2015,90.89789123196448
XII Inhaúma,Inhaúma,aprovacao,2017,90.46958174904942
XII Inhaúma,Inhaúma,aprovacao,2019,96.9068255687974
XII Inhaúma,Inhaúma,aprovacao,2021,99.57752309271295
XII Inhaúma,Inhaúma,aprovacao,2023,98.6
XII Inhaúma,Inhaúma,saeb,2007,4.909444904722452
XII Inhaúma,Inhaúma,saeb,2009,5.957964404894327
XII Inhaúma,Inhaúma,saeb,2011,6.184861483467381
XII Inhaúma,Inhaúma,saeb,2013,5.999606205250597
XII Inhaúma,Inhaúma,saeb,2015,6.296970033296338
XII Inhaúma,Inhaúma,saeb,2017,6.1916983523447415
XII Inhaúma,Inhaúma,saeb,2019,6.120931744312026
XII Inhaúma,Inhaúma,saeb,2021,5.455052582620596
XII Inhaúma,Inhaúma,saeb,2023,6.1
XII Inhaúma,Inhaúma,ideb,2007,4.425932062966032
XII Inhaúma,Inhaúma,ideb,2009,5.1795328142380415
XII Inhaúma,Inhaúma,ideb,2011,5.428686327077748
XII Inhaúma,Inhaúma,ideb,2013,5.487589498806682
XII Inhaúma,Inhaúma,ideb,2015,5.628079911209767
XII Inhaúma,Inhaúma,ideb,2017,5.528010139416984
XII Inhaúma,Inhaúma,ideb,2019,5.867280606717226
XII Inhaúma,Inhaúma,ideb,2021,5.426137529934999
XII Inhaúma,Inhaúma,ideb,2023,5.9
XII Inhaúma,Maria da Graça,aprovacao,2007,100.0
XII Inhaúma,Maria da Graça,aprovacao,2009,83.3
XII Inhaúma,Maria da Graça,aprovacao,2011,93.79999999999998
XII Inhaúma,Maria da Graça,aprovacao,2013,85.6
XII Inhaúma,Maria da Graça,aprovacao,2015,80.2
XII Inhaúma,Maria da Graça,aprovacao,2017,86.6
XII Inhaúma,Maria da Graça,aprovacao,2019,93.2
XII Inhaúma,Maria da Graça,aprovacao,2021,95.4
XII Inhaúma,Maria da Graça,aprovacao,2023,88.7
XII Inhaúma,Maria da Graça,saeb,2007,4.55
XII Inhaúma,Maria da Graça,saeb,2009,4.92
XII Inhaúma,Maria da Graça,saeb,2011,5.69
XII Inhaúma,Maria da Graça,saeb,2013,5.15
XII Inhaúma,Maria da Graça,saeb,2015,5.4
XII Inhaúma,Maria da Graça,saeb,2017,5.76
XII Inhaúma,Maria da Graça,saeb,2019,5.59
XII Inhaúma,Maria da Graça,saeb,2021,5.159954
XII Inhaúma,Maria da Graça,saeb,2023,5.3
XII Inhaúma,Maria da Graça,ideb,2007,4.2
XII Inhaúma,Maria da Graça,ideb,2009,4.2
XII Inhaúma,Maria da Graça,ideb,2011,4.7
XII Inhaúma,Maria da Graça,ideb,2013,4.3
XII Inhaúma,Maria da Graça,ideb,2015,4.3
XII Inhaúma,Maria da Graça,ideb,2017,4.9
XII Inhaúma,Maria da Graça,ideb,2019,5.2
XII Inhaúma,Maria da Graça,ideb,2021,4.9
XII Inhaúma,Maria da Graça,ideb,2023,4.8
XII Inhaúma,Tomás Coelho,aprovacao,2007,98.2813559322034
XII Inhaúma,Tomás Coelho,aprovacao,2009,97.62539682539682
XII Inhaúma,Tomás Coelho,aprovacao,2011,100.0
XII Inhaúma,Tomás Coelho,aprovacao,2013,100.0
XII Inhaúma,Tomás Coelho,aprovacao,2015,96.9
XII Inhaúma,Tomás Coelho,aprovacao,2019,100.0
XII Inhaúma,Tomás Coelho,aprovacao,2023,95.9
XII Inhaúma,Tomás Coelho,saeb,2007,4.881525423728815
XII Inhaúma,Tomás Coelho,saeb,2009,5.621428571428571
XII Inhaúma,Tomás Coelho,saeb,2011,6.15
XII Inhaúma,Tomás Coelho,saeb,2013,5.5
XII Inhaúma,Tomás Coelho,saeb,2015,5.71
XII Inhaúma,Tomás Coelho,saeb,2019,5.610000000000001
XII Inhaúma,Tomás Coelho,saeb,2023,6.7
XII Inhaúma,Tomás Coelho,ideb,2007,4.694915254237288
XII Inhaúma,Tomás Coelho,ideb,2009,5.393650793650794
XII Inhaúma,Tomás Coelho,ideb,2011,5.5
XII Inhaúma,Tomás Coelho,ideb,2013,5.0
XII Inhaúma,Tomás Coelho,ideb,2015,5.1
XII Inhaúma,Tomás Coelho,ideb,2019,5.400000000000001
XII Inhaúma,Tomás Coelho,ideb,2023,6.5
XXIX Complexo do Alemão,Complexo do Alemão,aprovacao,2007,90.9
XXIX Complexo do Alemão,Complexo do Alemão,aprovacao,2009,75.5
XXIX Complexo do Alemão,Complexo do Alemão,aprovacao,2011,93.4
XXIX Complexo do Alemão,Complexo do Alemão,aprovacao,2013,87.14182509505703
XXIX Complexo do Alemão,Complexo do Alemão,aprovacao,2015,95.94948453608247
XXIX Complexo do Alemão,Complexo do Alemão,aprovacao,2017,95.49701492537314
XXIX Complexo do Alemão,Complexo do Alemão,aprovacao,2019,85.45381679389314
XXIX Complexo do Alemão,Complexo do Alemão,aprovacao,2021,100.0
XXIX Complexo do Alemão,Complexo do Alemão,aprovacao,2023,99.4
XXIX Complexo do Alemão,Complexo do Alemão,saeb,2007,4.41
XXIX Complexo do Alemão,Complexo do Alemão,saeb,2009,5.37
XXIX Complexo do Alemão,Complexo do Alemão,saeb,2011,6.45
XXIX Complexo do Alemão,Complexo do Alemão,saeb,2013,5.6850950570342205
XXIX Complexo do Alemão,Complexo do Alemão,saeb,2015,6.034484536082474
XXIX Complexo do Alemão,Complexo do Alemão,saeb,2017,5.839701492537313
XXIX Complexo do Alemão,Complexo do Alemão,saeb,2019,5.765229007633587
XXIX Complexo do Alemão,Complexo do Alemão,saeb,2021,4.550690106796117
XXIX Complexo do Alemão,Complexo do Alemão,saeb,2023,5.5
XXIX Complexo do Alemão,Complexo do Alemão,ideb,2007,3.8000000000000003
XXIX Complexo do Alemão,Complexo do Alemão,ideb,2009,4.2
XXIX Complexo do Alemão,Complexo do Alemão,ideb,2011,5.6
XXIX Complexo do Alemão,Complexo do Alemão,ideb,2013,4.870342205323194
XXIX Complexo do Alemão,Complexo do Alemão,ideb,2015,5.587628865979381
XXIX Complexo do Alemão,Complexo do Alemão,ideb,2017,5.199502487562189
XXIX Complexo do Alemão,Complexo do Alemão,ideb,2019,5.347709923664122
XXIX Complexo do Alemão,Complexo do Alemão,ideb,2021,4.548613037447989
XXIX Complexo do Alemão,Complexo do Alemão,ideb,2023,5.4
XI Penha,Brás de Pina,aprovacao,2007,97.6490974729242
XI Penha,Brás de Pina,aprovacao,2009,91.51244444444444
XI Penha,Brás de Pina,aprovacao,2011,94.6119918699187
XI Penha,Brás de Pina,aprovacao,2013,91.95773420479303
XI Penha,Brás de Pina,aprovacao,2015,90.7625
XI Penha,Brás de Pina,aprovacao,2017,95.64540540540541
XI Penha,Brás de Pina,aprovacao,2019,96.94974093264248
XI Penha,Brás de Pina,aprovacao,2021,100.0
XI Penha,Brás de Pina,aprovacao,2023,99.0
XI Penha,Brás de Pina,saeb,2007,5.23370036101083
XI Penha,Brás de Pina,saeb,2009,5.6630666666666665
XI Penha,Brás de Pina,saeb,2011,6.145609756097562
XI Penha,Brás de Pina,saeb,2013,5.825337690631809
XI Penha,Brás de Pina,saeb,2015,6.10265
XI Penha,Brás de Pina,saeb,2017,6.225027027027028
XI Penha,Brás de Pina,saeb,2019,6.047979274611399
XI Penha,Brás de Pina,saeb,2021,6.024714
XI Penha,Brás de Pina,saeb,2023,6.4
XI Penha,Brás de Pina,ideb,2007,4.8720216606498195
XI Penha,Brás de Pina,ideb,2009,5.156444444444444
XI Penha,Brás de Pina,ideb,2011,5.7439024390243905
XI Penha,Brás de Pina,ideb,2013,5.3313725490196076
XI Penha,Brás de Pina,ideb,2015,5.473
XI Penha,Brás de Pina,ideb,2017,5.711351351351351
XI Penha,Brás de Pina,ideb,2019,5.790155440414508
XI Penha,Brás de Pina,ideb,2021,6.0
XI Penha,Brás de Pina,ideb,2023,6.3
XI Penha,Penha,aprovacao,2007,97.15301339285715
XI Penha,Penha,aprovacao,2009,87.82037302725969
XI Penha,Penha,aprovacao,2011,90.7688524590164
XI Penha,Penha,aprovacao,2013,90.33091436865021
XI Penha,Penha,aprovacao,2015,88.63799999999999
XI Penha,Penha,aprovacao,2017,90.60894568690095
XI Penha,Penha,aprovacao,2019,88.36882352941176
XI Penha,Penha,aprovacao,2021,99.04866618601298
XI Penha,Penha,aprovacao,2023,97.9
XI Penha,Penha,saeb,2007,4.8488950892857146
XI Penha,Penha,saeb,2009,5.596413199426112
XI Penha,Penha,saeb,2011,5.785068306010929
XI Penha,Penha,saeb,2013,5.767721335268505
XI Penha,Penha,saeb,2015,6.074942857142857
XI Penha,Penha,saeb,2017,5.9236741214057504
XI Penha,Penha,saeb,2019,6.118137254901961
XI Penha,Penha,saeb,2021,4.893187045421773
XI Penha,Penha,saeb,2023,6.0
XI Penha,Penha,ideb,2007,4.487165178571429
XI Penha,Penha,ideb,2009,4.952941176470588
XI Penha,Penha,ideb,2011,5.138387978142076
XI Penha,Penha,ideb,2013,4.93076923076923
XI Penha,Penha,ideb,2015,5.420857142857142
XI Penha,Penha,ideb,2017,5.388658146964857
XI Penha,Penha,ideb,2019,5.623137254901961
XI Penha,Penha,ideb,2021,4.831074260994953
XI Penha,Penha,ideb,2023,5.9
XI Penha,Penha Circular,aprovacao,2007,99.1512647554806
XI Penha,Penha Circular,aprovacao,2009,93.31382488479262
XI Penha,Penha Circular,aprovacao,2011,93.43260135135135
XI Penha,Penha Circular,aprovacao,2013,97.1716
XI Penha,Penha Circular,aprovacao,2015,89.8296103896104
XI Penha,Penha Circular,aprovacao,2017,94.25059382422803
XI Penha,Penha Circular,aprovacao,2019,94.41272264631043
XI Penha,Penha Circular,aprovacao,2021,97.37735758736237
XI Penha,Penha Circular,aprovacao,2023,99.1
XI Penha,Penha Circular,saeb,2007,5.2681281618887015
XI Penha,Penha Circular,saeb,2009,5.802258064516129
XI Penha,Penha Circular,saeb,2011,6.172888513513513
XI Penha,Penha Circular,saeb,2013,6.121160000000001
XI Penha,Penha Circular,saeb,2015,6.349298701298701
XI Penha,Penha Circular,saeb,2017,5.902660332541568
XI Penha,Penha Circular,saeb,2019,5.91852417302799
XI Penha,Penha Circular,saeb,2021,5.341569229296314
XI Penha,Penha Circular,saeb,2023,6.5
XI Penha,Penha Circular,ideb,2007,4.909274873524452
XI Penha,Penha Circular,ideb,2009,5.230875576036866
XI Penha,Penha Circular,ideb,2011,5.695101351351352
XI Penha,Penha Circular,ideb,2013,5.6082
XI Penha,Penha Circular,ideb,2015,5.733506493506494
XI Penha,Penha Circular,ideb,2017,5.445368171021378
XI Penha,Penha Circular,ideb,2019,5.6613231552162855
XI Penha,Penha Circular,ideb,2021,5.203446625179511
XI Penha,Penha Circular,ideb,2023,6.5
XXXI Vigário Geral,Cordovil,aprovacao,2007,94.99964539007092
XXXI Vigário Geral,Cordovil,aprovacao,2009,89.92991803278689
XXXI Vigário Geral,Cordovil,aprovacao,2011,96.16895074946467
XXXI Vigário Geral,Cordovil,aprovacao,2013,95.20086393088553
XXXI Vigário Geral,Cordovil,aprovacao,2015,90.00522088353415
XXXI Vigário Geral,Cordovil,aprovacao,2017,87.01408163265305
XXXI Vigário Geral,Cordovil,aprovacao,2019,95.314375
XXXI Vigário Geral,Cordovil,aprovacao,2021,98.71666666666667
XXXI Vigário Geral,Cordovil,aprovacao,2023,97.9
XXXI Vigário Geral,Cordovil,saeb,2007,4.866950354609928
XXXI Vigário Geral,Cordovil,saeb,2009,5.671270491803279
XXXI Vigário Geral,Cordovil,saeb,2011,5.90762312633833
XXXI Vigário Geral,Cordovil,saeb,2013,5.93060475161987
XXXI Vigário Geral,Cordovil,saeb,2015,6.09343373493976
XXXI Vigário Geral,Cordovil,saeb,2017,6.184897959183673
XXXI Vigário Geral,Cordovil,saeb,2019,6.123645833333334
XXXI Vigário Geral,Cordovil,saeb,2021,5.67842291532258
XXXI Vigário Geral,Cordovil,saeb,2023,6.1
XXXI Vigário Geral,Cordovil,ideb,2007,4.3429078014184395
XXXI Vigário Geral,Cordovil,ideb,2009,5.074795081967213
XXXI Vigário Geral,Cordovil,ideb,2011,5.467237687366167
XXXI Vigário Geral,Cordovil,ideb,2013,5.026133909287257
XXXI Vigário Geral,Cordovil,ideb,2015,5.485542168674699
XXXI Vigário Geral,Cordovil,ideb,2017,5.6079591836734695
XXXI Vigário Geral,Cordovil,ideb,2019,5.794583333333334
XXXI Vigário Geral,Cordovil,ideb,2021,5.62614247311828
XXXI Vigário Geral,Cordovil,ideb,2023,6.0
XXXI Vigário Geral,Jardim América,aprovacao,2007,99.73488372093024
XXXI Vigário Geral,Jardim América,aprovacao,2009,95.62080924855492
XXXI Vigário Geral,Jardim América,aprovacao,2011,97.41484018264839
XXXI Vigário Geral,Jardim América,aprovacao,2013,97.88557919621749
XXXI Vigário Geral,Jardim América,aprovacao,2015,98.05747508305649
XXXI Vigário Geral,Jardim América,aprovacao,2017,97.74878706199462
XXXI Vigário Geral,Jardim América,aprovacao,2019,96.49470404984423
XXXI Vigário Geral,Jardim América,aprovacao,2021,99.56315789473685
XXXI Vigário Geral,Jardim América,aprovacao,2023,99.4
XXXI Vigário Geral,Jardim América,saeb,2007,4.956770025839793
XXXI Vigário Geral,Jardim América,saeb,2009,5.743410404624277
XXXI Vigário Geral,Jardim América,saeb,2011,5.874383561643835
XXXI Vigário Geral,Jardim América,saeb,2013,5.5153900709219865
XXXI Vigário Geral,Jardim América,saeb,2015,6.005980066445184
XXXI Vigário Geral,Jardim América,saeb,2017,6.16088948787062
XXXI Vigário Geral,Jardim América,saeb,2019,5.759532710280373
XXXI Vigário Geral,Jardim América,saeb,2021,5.452132847894737
XXXI Vigário Geral,Jardim América,saeb,2023,5.9
XXXI Vigário Geral,Jardim América,ideb,2007,4.717054263565892
XXXI Vigário Geral,Jardim América,ideb,2009,5.286127167630058
XXXI Vigário Geral,Jardim América,ideb,2011,5.524885844748859
XXXI Vigário Geral,Jardim América,ideb,2013,5.129314420803782
XXXI Vigário Geral,Jardim América,ideb,2015,5.735215946843854
XXXI Vigário Geral,Jardim América,ideb,2017,5.940970350404313
XXXI Vigário Geral,Jardim América,ideb,2019,5.560436137071651
XXXI Vigário Geral,Jardim América,ideb,2021,5.436842105263158
XXXI Vigário Geral,Jardim América,ideb,2023,5.9
XXXI Vigário Geral,Parada de Lucas,aprovacao,2007,98.58986175115207
XXXI Vigário Geral,Parada de Lucas,aprovacao,2009,90.86649214659685
XXXI Vigário Geral,Parada de Lucas,aprovacao,2011,97.31466666666667
XXXI Vigário Geral,Parada de Lucas,aprovacao,2013,90.2
XXXI Vigário Geral,Parada de Lucas,aprovacao,2015,93.90000000000002
XXXI Vigário Geral,Parada de Lucas,aprovacao,2017,94.09999999999998
XXXI Vigário Geral,Parada de Lucas,aprovacao,2021,97.4
XXXI Vigário Geral,Parada de Lucas,aprovacao,2023,96.8
XXXI Vigário Geral,Parada de Lucas,saeb,2007,4.219400921658987
XXXI Vigário Geral,Parada de Lucas,saeb,2009,5.212303664921466
XXXI Vigário Geral,Parada de Lucas,saeb,2011,5.760266666666666
XXXI Vigário Geral,Parada de Lucas,saeb,2013,5.46
XXXI Vigário Geral,Parada de Lucas,saeb,2015,5.96
XXXI Vigário Geral,Parada de Lucas,saeb,2017,5.849999999999999
XXXI Vigário Geral,Parada de Lucas,saeb,2021,4.832539
XXXI Vigário Geral,Parada de Lucas,saeb,2023,5.4
XXXI Vigário Geral,Parada de Lucas,ideb,2007,3.964055299539171
XXXI Vigário Geral,Parada de Lucas,ideb,2009,4.830366492146598
XXXI Vigário Geral,Parada de Lucas,ideb,2011,5.278666666666666
XXXI Vigário Geral,Parada de Lucas,ideb,2013,5.0
XXXI Vigário Geral,Parada de Lucas,ideb,2015,5.400000000000001
XXXI Vigário Geral,Parada de Lucas,ideb,2017,5.2
XXXI Vigário Geral,Parada de Lucas,ideb,2021,4.7
XXXI Vigário Geral,Parada de Lucas,ideb,2023,5.2
XXXI Vigário Geral,Vigário Geral,aprovacao,2007,93.74394618834081
XXXI Vigário Geral,Vigário Geral,aprovacao,2009,92.78333333333332
XXXI Vigário Geral,Vigário Geral,aprovacao,2011,95.38526970954358
XXXI Vigário Geral,Vigário Geral,aprovacao,2013,91.87579365079365
XXXI Vigário Geral,Vigário Geral,aprovacao,2015,91.6274074074074
XXXI Vigário Geral,Vigário Geral,aprovacao,2017,93.06838046272493
XXXI Vigário Geral,Vigário Geral,aprovacao,2019,93.30028653295129
XXXI Vigário Geral,Vigário Geral,aprovacao,2021,100.0
XXXI Vigário Geral,Vigário Geral,aprovacao,2023,99.1
XXXI Vigário Geral,Vigário Geral,saeb,2007,4.41780269058296
XXXI Vigário Geral,Vigário Geral,saeb,2009,5.225380952380952
XXXI Vigário Geral,Vigário Geral,saeb,2011,5.097406639004149
XXXI Vigário Geral,Vigário Geral,saeb,2013,5.176607142857143
XXXI Vigário Geral,Vigário Geral,saeb,2015,5.570913580246913
XXXI Vigário Geral,Vigário Geral,saeb,2017,5.421876606683804
XXXI Vigário Geral,Vigário Geral,saeb,2019,5.539426934097421
XXXI Vigário Geral,Vigário Geral,saeb,2021,5.060494935779816
XXXI Vigário Geral,Vigário Geral,saeb,2023,5.9
XXXI Vigário Geral,Vigário Geral,ideb,2007,3.8170403587443946
XXXI Vigário Geral,Vigário Geral,ideb,2009,4.678333333333334
XXXI Vigário Geral,Vigário Geral,ideb,2011,4.737136929460581
XXXI Vigário Geral,Vigário Geral,ideb,2013,4.134126984126984
XXXI Vigário Geral,Vigário Geral,ideb,2015,5.035555555555556
XXXI Vigário Geral,Vigário Geral,ideb,2017,4.947814910025707
XXXI Vigário Geral,Vigário Geral,ideb,2019,5.17163323782235
XXXI Vigário Geral,Vigário Geral,ideb,2021,5.05137614678899
XXXI Vigário Geral,Vigário Geral,ideb,2023,5.8
XXII Anchieta,Anchieta,aprovacao,2007,93.09155722326454
XXII Anchieta,Anchieta,aprovacao,2009,85.53449074074072
XXII Anchieta,Anchieta,aprovacao,2011,92.23832923832924
XXII Anchieta,Anchieta,aprovacao,2013,89.69021739130434
XXII Anchieta,Anchieta,aprovacao,2015,90.76037735849057
XXII Anchieta,Anchieta,aprovacao,2017,93.20803212851405
XXII Anchieta,Anchieta,aprovacao,2019,96.95016722408026
XXII Anchieta,Anchieta,aprovacao,2021,99.83938730853392
XXII Anchieta,Anchieta,aprovacao,2023,99.5
XXII Anchieta,Anchieta,saeb,2007,4.634934333958724
XXII Anchieta,Anchieta,saeb,2009,5.329699074074075
XXII Anchieta,Anchieta,saeb,2011,5.307321867321867
XXII Anchieta,Anchieta,saeb,2013,5.350326086956522
XXII Anchieta,Anchieta,saeb,2015,5.529496855345911
XXII Anchieta,Anchieta,saeb,2017,5.786546184738955
XXII Anchieta,Anchieta,saeb,2019,5.501939799331104
XXII Anchieta,Anchieta,saeb,2021,5.218584203501094
XXII Anchieta,Anchieta,saeb,2023,5.5
XXII Anchieta,Anchieta,ideb,2007,4.225891181988743
XXII Anchieta,Anchieta,ideb,2009,4.604166666666667
XXII Anchieta,Anchieta,ideb,2011,4.745454545454545
XXII Anchieta,Anchieta,ideb,2013,4.801449275362319
XXII Anchieta,Anchieta,ideb,2015,4.854716981132075
XXII Anchieta,Anchieta,ideb,2017,5.352208835341365
XXII Anchieta,Anchieta,ideb,2019,5.053846153846154
XXII Anchieta,Anchieta,ideb,2021,5.22654996353027
XXII Anchieta,Anchieta,ideb,2023,5.5
XXII Anchieta,Guadalupe,aprovacao,2007,99.17516600265604
XXII Anchieta,Guadalupe,aprovacao,2009,96.18604240282686
XXII Anchieta,Guadalupe,aprovacao,2011,97.1659090909091
XXII Anchieta,Guadalupe,aprovacao,2013,95.87380239520958
XXII Anchieta,Guadalupe,aprovacao,2015,95.0750462107209
XXII Anchieta,Guadalupe,aprovacao,2017,96.71862567811935
XXII Anchieta,Guadalupe,aprovacao,2019,98.72554744525549
XXII Anchieta,Guadalupe,aprovacao,2021,99.18671794871796
XXII Anchieta,Guadalupe,aprovacao,2023,99.1
XXII Anchieta,Guadalupe,saeb,2007,4.939973439575034
XXII Anchieta,Guadalupe,saeb,2009,5.817632508833922
XXII Anchieta,Guadalupe,saeb,2011,6.005243506493507
XXII Anchieta,Guadalupe,saeb,2013,6.012514970059881
XXII Anchieta,Guadalupe,saeb,2015,6.071219963031423
XXII Anchieta,Guadalupe,saeb,2017,6.008462929475588
XXII Anchieta,Guadalupe,saeb,2019,5.919014598540147
XXII Anchieta,Guadalupe,saeb,2021,5.48824528051282
XXII Anchieta,Guadalupe,saeb,2023,6.2
XXII Anchieta,Guadalupe,ideb,2007,4.6788844621513945
XXII Anchieta,Guadalupe,ideb,2009,5.380388692579505
XXII Anchieta,Guadalupe,ideb,2011,5.6939935064935066
XXII Anchieta,Guadalupe,ideb,2013,5.400598802395209
XXII Anchieta,Guadalupe,ideb,2015,5.546210720887245
XXII Anchieta,Guadalupe,ideb,2017,5.711392405063292
XXII Anchieta,Guadalupe,ideb,2019,5.712408759124089
XXII Anchieta,Guadalupe,ideb,2021,5.45251282051282
XXII Anchieta,Guadalupe,ideb,2023,6.1
XXII Anchieta,Parque Anchieta,aprovacao,2007,96.21210762331839
XXII Anchieta,Parque Anchieta,aprovacao,2009,92.84303534303534
XXII Anchieta,Parque Anchieta,aprovacao,2011,98.09702048417132
XXII Anchieta,Parque Anchieta,aprovacao,2013,97.01072664359862
XXII Anchieta,Parque Anchieta,aprovacao,2015,93.53093812375249
XXII Anchieta,Parque Anchieta,aprovacao,2017,94.471875
XXII Anchieta,Parque Anchieta,aprovacao,2019,98.01363636363638
XXII Anchieta,Parque Anchieta,aprovacao,2021,99.77796725784448
XXII Anchieta,Parque Anchieta,aprovacao,2023,99.4
XXII Anchieta,Parque Anchieta,saeb,2007,5.136248131539611
XXII Anchieta,Parque Anchieta,saeb,2009,6.198108108108108
XXII Anchieta,Parque Anchieta,saeb,2011,6.434413407821229
XXII Anchieta,Parque Anchieta,saeb,2013,6.180467128027682
XXII Anchieta,Parque Anchieta,saeb,2015,6.32373253493014
XXII Anchieta,Parque Anchieta,saeb,2017,6.288320312500001
XXII Anchieta,Parque Anchieta,saeb,2019,6.122296650717703
XXII Anchieta,Parque Anchieta,saeb,2021,5.914202594133696
XXII Anchieta,Parque Anchieta,saeb,2023,6.3
XXII Anchieta,Parque Anchieta,ideb,2007,4.8173393124065775
XXII Anchieta,Parque Anchieta,ideb,2009,5.769022869022869
XXII Anchieta,Parque Anchieta,ideb,2011,6.160893854748603
XXII Anchieta,Parque Anchieta,ideb,2013,5.938927335640138
XXII Anchieta,Parque Anchieta,ideb,2015,5.901197604790419
XXII Anchieta,Parque Anchieta,ideb,2017,5.881640625000001
XXII Anchieta,Parque Anchieta,ideb,2019,5.94066985645933
XXII Anchieta,Parque Anchieta,ideb,2021,5.879740791268759
XXII Anchieta,Parque Anchieta,ideb,2023,6.2
XXII Anchieta,Ricardo de Albuquerque,aprovacao,2007,90.94511278195489
XXII Anchieta,Ricardo de Albuquerque,aprovacao,2009,82.6
XXII Anchieta,Ricardo de Albuquerque,aprovacao,2011,93.8
XXII Anchieta,Ricardo de Albuquerque,aprovacao,2013,91.4
XXII Anchieta,Ricardo de Albuquerque,aprovacao,2015,96.4
XXII Anchieta,Ricardo de Albuquerque,aprovacao,2017,97.1
XXII Anchieta,Ricardo de Albuquerque,aprovacao,2021,100.0
XXII Anchieta,Ricardo de Albuquerque,aprovacao,2023,98.8
XXII Anchieta,Ricardo de Albuquerque,saeb,2007,4.782932330827068
XXII Anchieta,Ricardo de Albuquerque,saeb,2009,5.36
XXII Anchieta,Ricardo de Albuquerque,saeb,2011,5.73
XXII Anchieta,Ricardo de Albuquerque,saeb,2013,5.92
XXII Anchieta,Ricardo de Albuquerque,saeb,2015,5.81
XXII Anchieta,Ricardo de Albuquerque,saeb,2017,6.41
XXII Anchieta,Ricardo de Albuquerque,saeb,2021,4.984744
XXII Anchieta,Ricardo de Albuquerque,saeb,2023,6.0
XXII Anchieta,Ricardo de Albuquerque,ideb,2007,4.384962406015038
XXII Anchieta,Ricardo de Albuquerque,ideb,2009,4.7
XXII Anchieta,Ricardo de Albuquerque,ideb,2011,5.5
XXII Anchieta,Ricardo de Albuquerque,ideb,2013,5.2
XXII Anchieta,Ricardo de Albuquerque,ideb,2015,5.5
XXII Anchieta,Ricardo de Albuquerque,ideb,2017,6.1
XXII Anchieta,Ricardo de Albuquerque,ideb,2021,5.0
XXII Anchieta,Ricardo de Albuquerque,ideb,2023,5.9
XXV Pavuna,Acari,aprovacao,2007,98.7
XXV Pavuna,Acari,aprovacao,2009,91.07037037037037
XXV Pavuna,Acari,aprovacao,2011,96.22230769230771
XXV Pavuna,Acari,aprovacao,2013,98.5517006802721
XXV Pavuna,Acari,aprovacao,2015,98.60952380952381
XXV Pavuna,Acari,aprovacao,2017,96.61125827814568
XXV Pavuna,Acari,aprovacao,2019,100.0
XXV Pavuna,Acari,aprovacao,2021,100.0
XXV Pavuna,Acari,aprovacao,2023,99.7
XXV Pavuna,Acari,saeb,2007,4.88
XXV Pavuna,Acari,saeb,2009,5.1525185185185185
XXV Pavuna,Acari,saeb,2011,5.428384615384616
XXV Pavuna,Acari,saeb,2013,5.276122448979591
XXV Pavuna,Acari,saeb,2015,5.410612244897959
XXV Pavuna,Acari,saeb,2017,5.39205298013245
XXV Pavuna,Acari,saeb,2019,5.73
XXV Pavuna,Acari,saeb,2021,5.489717
XXV Pavuna,Acari,saeb,2023,5.3
XXV Pavuna,Acari,ideb,2007,4.7
XXV Pavuna,Acari,ideb,2009,4.443703703703704
XXV Pavuna,Acari,ideb,2011,4.977692307692307
XXV Pavuna,Acari,ideb,2013,5.051700680272108
XXV Pavuna,Acari,ideb,2015,5.2496598639455785
XXV Pavuna,Acari,ideb,2017,5.243046357615895
XXV Pavuna,Acari,ideb,2019,5.5
XXV Pavuna,Acari,ideb,2021,5.5
XXV Pavuna,Acari,ideb,2023,5.2
XXV Pavuna,Barros Filho,aprovacao,2017,100.0
XXV Pavuna,Barros Filho,aprovacao,2019,100.0
XXV Pavuna,Barros Filho,aprovacao,2021,95.6
XXV Pavuna,Barros Filho,aprovacao,2023,98.3
XXV Pavuna,Barros Filho,saeb,2017,5.63
XXV Pavuna,Barros Filho,saeb,2019,5.73
XXV Pavuna,Barros Filho,saeb,2021,5.297592
XXV Pavuna,Barros Filho,saeb,2023,5.6
XXV Pavuna,Barros Filho,ideb,2017,5.3
XXV Pavuna,Barros Filho,ideb,2019,5.6
XXV Pavuna,Barros Filho,ideb,2021,5.0
XXV Pavuna,Barros Filho,ideb,2023,5.4
XXV Pavuna,Coelho Neto,aprovacao,2007,97.52851612903227
XXV Pavuna,Coelho Neto,aprovacao,2009,91.62975047984645
XXV Pavuna,Coelho Neto,aprovacao,2011,91.31583072100314
XXV Pavuna,Coelho Neto,aprovacao,2013,87.93192239858907
XXV Pavuna,Coelho Neto,aprovacao,2015,93.34261954261953
XXV Pavuna,Coelho Neto,aprovacao,2017,90.91981566820276
XXV Pavuna,Coelho Neto,aprovacao,2019,97.31308139534883
XXV Pavuna,Coelho Neto,aprovacao,2021,98.49466591802359
XXV Pavuna,Coelho Neto,aprovacao,2023,99.4
XXV Pavuna,Coelho Neto,saeb,2007,4.540903225806451
XXV Pavuna,Coelho Neto,saeb,2009,5.141880998080614
XXV Pavuna,Coelho Neto,saeb,2011,5.279357366771159
XXV Pavuna,Coelho Neto,saeb,2013,5.138095238095238
XXV Pavuna,Coelho Neto,saeb,2015,5.742286902286902
XXV Pavuna,Coelho Neto,saeb,2017,5.647073732718894
XXV Pavuna,Coelho Neto,saeb,2019,5.710203488372094
XXV Pavuna,Coelho Neto,saeb,2021,4.908531916900619
XXV Pavuna,Coelho Neto,saeb,2023,5.2
XXV Pavuna,Coelho Neto,ideb,2007,4.225548387096774
XXV Pavuna,Coelho Neto,ideb,2009,4.595969289827256
XXV Pavuna,Coelho Neto,ideb,2011,4.817084639498433
XXV Pavuna,Coelho Neto,ideb,2013,4.520105820105821
XXV Pavuna,Coelho Neto,ideb,2015,5.195426195426195
XXV Pavuna,Coelho Neto,ideb,2017,5.169354838709677
XXV Pavuna,Coelho Neto,ideb,2019,5.5119186046511635
XXV Pavuna,Coelho Neto,ideb,2021,4.833352049410444
XXV Pavuna,Coelho Neto,ideb,2023,5.2
XXV Pavuna,Costa Barros,aprovacao,2007,97.40751879699249
XXV Pavuna,Costa Barros,aprovacao,2009,92.38812785388127
XXV Pavuna,Costa Barros,aprovacao,2011,89.65915492957747
XXV Pavuna,Costa Barros,aprovacao,2013,91.36025641025643
XXV Pavuna,Costa Barros,aprovacao,2015,86.20000000000002
XXV Pavuna,Costa Barros,aprovacao,2017,91.13191489361702
XXV Pavuna,Costa Barros,aprovacao,2019,91.20374999999999
XXV Pavuna,Costa Barros,aprovacao,2021,99.5
XXV Pavuna,Costa Barros,aprovacao,2023,99.3
XXV Pavuna,Costa Barros,saeb,2007,4.344586466165413
XXV Pavuna,Costa Barros,saeb,2009,5.0660273972602745
XXV Pavuna,Costa Barros,saeb,2011,6.060610328638497
XXV Pavuna,Costa Barros,saeb,2013,4.831538461538461
XXV Pavuna,Costa Barros,saeb,2015,5.545909090909091
XXV Pavuna,Costa Barros,saeb,2017,5.803191489361702
XXV Pavuna,Costa Barros,saeb,2019,5.4393125
XXV Pavuna,Costa Barros,saeb,2021,4.980337
XXV Pavuna,Costa Barros,saeb,2023,5.2
XXV Pavuna,Costa Barros,ideb,2007,3.9616541353383457
XXV Pavuna,Costa Barros,ideb,2009,4.398630136986302
XXV Pavuna,Costa Barros,ideb,2011,5.531455399061033
XXV Pavuna,Costa Barros,ideb,2013,4.160256410256411
XXV Pavuna,Costa Barros,ideb,2015,4.715909090909091
XXV Pavuna,Costa Barros,ideb,2017,5.112765957446809
XXV Pavuna,Costa Barros,ideb,2019,4.88375
XXV Pavuna,Costa Barros,ideb,2021,5.0
XXV Pavuna,Costa Barros,ideb,2023,5.2
XXV Pavuna,Parque Columbia,aprovacao,2007,96.9
XXV Pavuna,Parque Columbia,aprovacao,2009,83.7
XXV Pavuna,Parque Columbia,aprovacao,2011,91.5
XXV Pavuna,Parque Columbia,aprovacao,2013,92.3
XXV Pavuna,Parque Columbia,aprovacao,2015,88.6
XXV Pavuna,Parque Columbia,aprovacao,2017,94.9
XXV Pavuna,Parque Columbia,aprovacao,2019,100.0
XXV Pavuna,Parque Columbia,aprovacao,2021,96.4
XXV Pavuna,Parque Columbia,aprovacao,2023,94.2
XXV Pavuna,Parque Columbia,saeb,2007,4.58
XXV Pavuna,Parque Columbia,saeb,2009,5.48
XXV Pavuna,Parque Columbia,saeb,2011,5.77
XXV Pavuna,Parque Columbia,saeb,2013,5.79
XXV Pavuna,Parque Columbia,saeb,2015,5.32
XXV Pavuna,Parque Columbia,saeb,2017,5.61
XXV Pavuna,Parque Columbia,saeb,2019,5.22
XXV Pavuna,Parque Columbia,saeb,2021,5.048058
XXV Pavuna,Parque Columbia,saeb,2023,5.4
XXV Pavuna,Parque Columbia,ideb,2007,4.4
XXV Pavuna,Parque Columbia,ideb,2009,4.8
XXV Pavuna,Parque Columbia,ideb,2011,5.2
XXV Pavuna,Parque Columbia,ideb,2013,5.0
XXV Pavuna,Parque Columbia,ideb,2015,4.8
XXV Pavuna,Parque Columbia,ideb,2017,5.2
XXV Pavuna,Parque Columbia,ideb,2019,5.1
XXV Pavuna,Parque Columbia,ideb,2021,4.9
XXV Pavuna,Parque Columbia,ideb,2023,5.1
XXV Pavuna,Pavuna,aprovacao,2007,98.28892078071182
XXV Pavuna,Pavuna,aprovacao,2009,94.54674735249621
XXV Pavuna,Pavuna,aprovacao,2011,97.69029905178701
XXV Pavuna,Pavuna,aprovacao,2013,93.81651630811936
XXV Pavuna,Pavuna,aprovacao,2015,96.1233613445378
XXV Pavuna,Pavuna,aprovacao,2017,97.03829457364341
XXV Pavuna,Pavuna,aprovacao,2019,95.95325670498084
XXV Pavuna,Pavuna,aprovacao,2021,99.72508650519032
XXV Pavuna,Pavuna,aprovacao,2023,99.4
XXV Pavuna,Pavuna,saeb,2007,4.759575200918484
XXV Pavuna,Pavuna,saeb,2009,5.480279878971256
XXV Pavuna,Pavuna,saeb,2011,5.956462436177971
XXV Pavuna,Pavuna,saeb,2013,5.695891741845941
XXV Pavuna,Pavuna,saeb,2015,5.809915966386555
XXV Pavuna,Pavuna,saeb,2017,5.793914728682171
XXV Pavuna,Pavuna,saeb,2019,5.6961015325670505
XXV Pavuna,Pavuna,saeb,2021,5.306241249382104
XXV Pavuna,Pavuna,saeb,2023,5.7
XXV Pavuna,Pavuna,ideb,2007,4.5800803673938
XXV Pavuna,Pavuna,ideb,2009,5.088653555219365
XXV Pavuna,Pavuna,ideb,2011,5.613639679066375
XXV Pavuna,Pavuna,ideb,2013,5.306037473976406
XXV Pavuna,Pavuna,ideb,2015,5.505966386554621
XXV Pavuna,Pavuna,ideb,2017,5.49953488372093
XXV Pavuna,Pavuna,ideb,2019,5.471647509578544
XXV Pavuna,Pavuna,ideb,2021,5.274196737518536
XXV Pavuna,Pavuna,ideb,2023,5.7
XX Ilha do Governador,Bancários,aprovacao,2007,96.12252252252253
XX Ilha do Governador,Bancários,aprovacao,2009,89.3367088607595
XX Ilha do Governador,Bancários,aprovacao,2011,91.51684210526317
XX Ilha do Governador,Bancários,aprovacao,2013,93.2992700729927
XX Ilha do Governador,Bancários,aprovacao,2015,97.7909090909091
XX Ilha do Governador,Bancários,aprovacao,2017,90.19891304347826
XX Ilha do Governador,Bancários,aprovacao,2019,94.07244444444444
XX Ilha do Governador,Bancários,aprovacao,2021,97.28245614035087
XX Ilha do Governador,Bancários,aprovacao,2023,96.2
XX Ilha do Governador,Bancários,saeb,2007,4.816486486486486
XX Ilha do Governador,Bancários,saeb,2009,5.439240506329114
XX Ilha do Governador,Bancários,saeb,2011,5.914421052631579
XX Ilha do Governador,Bancários,saeb,2013,5.695985401459853
XX Ilha do Governador,Bancários,saeb,2015,6.218181818181819
XX Ilha do Governador,Bancários,saeb,2017,5.859673913043479
XX Ilha do Governador,Bancários,saeb,2019,6.0691999999999995
XX Ilha do Governador,Bancários,saeb,2021,5.741305456140351
XX Ilha do Governador,Bancários,saeb,2023,5.9
XX Ilha do Governador,Bancários,ideb,2007,4.533783783783784
XX Ilha do Governador,Bancários,ideb,2009,4.513291139240506
XX Ilha do Governador,Bancários,ideb,2011,4.9857894736842105
XX Ilha do Governador,Bancários,ideb,2013,4.5036496350364965
XX Ilha do Governador,Bancários,ideb,2015,5.570454545454545
XX Ilha do Governador,Bancários,ideb,2017,5.323913043478261
XX Ilha do Governador,Bancários,ideb,2019,5.723111111111112
XX Ilha do Governador,Bancários,ideb,2021,5.563157894736843
XX Ilha do Governador,Bancários,ideb,2023,5.8
XX Ilha do Governador,Cacuia,aprovacao,2007,100.0
XX Ilha do Governador,Cacuia,aprovacao,2011,73.7
XX Ilha do Governador,Cacuia,aprovacao,2013,100.0
XX Ilha do Governador,Cacuia,aprovacao,2015,88.2
XX Ilha do Governador,Cacuia,aprovacao,2017,88.9
XX Ilha do Governador,Cacuia,aprovacao,2019,96.29999999999998
XX Ilha do Governador,Cacuia,aprovacao,2021,95.7
XX Ilha do Governador,Cacuia,aprovacao,2023,98.6
XX Ilha do Governador,Cacuia,saeb,2007,4.46
XX Ilha do Governador,Cacuia,saeb,2011,5.01
XX Ilha do Governador,Cacuia,saeb,2013,5.44
XX Ilha do Governador,Cacuia,saeb,2015,5.98
XX Ilha do Governador,Cacuia,saeb,2017,6.259999999999999
XX Ilha do Governador,Cacuia,saeb,2019,5.8100000000000005
XX Ilha do Governador,Cacuia,saeb,2021,6.079272
XX Ilha do Governador,Cacuia,saeb,2023,6.0
XX Ilha do Governador,Cacuia,ideb,2007,4.3
XX Ilha do Governador,Cacuia,ideb,2011,4.3
XX Ilha do Governador,Cacuia,ideb,2013,5.2
XX Ilha do Governador,Cacuia,ideb,2015,5.4
XX Ilha do Governador,Cacuia,ideb,2017,5.7
XX Ilha do Governador,Cacuia,ideb,2019,5.5
XX Ilha do Governador,Cacuia,ideb,2021,5.8
XX Ilha do Governador,Cacuia,ideb,2023,5.8
XX Ilha do Governador,Cidade Universitária,aprovacao,2007,98.7
XX Ilha do Governador,Cidade Universitária,aprovacao,2009,84.9
XX Ilha do Governador,Cidade Universitária,aprovacao,2011,91.1
XX Ilha do Governador,Cidade Universitária,aprovacao,2013,93.5
XX Ilha do Governador,Cidade Universitária,aprovacao,2015,94.4
XX Ilha do Governador,Cidade Universitária,aprovacao,2017,88.5
XX Ilha do Governador,Cidade Universitária,aprovacao,2019,97.2
XX Ilha do Governador,Cidade Universitária,aprovacao,2021,97.8
XX Ilha do Governador,Cidade Universitária,aprovacao,2023,97.3
XX Ilha do Governador,Cidade Universitária,saeb,2007,4.56
XX Ilha do Governador,Cidade Universitária,saeb,2009,4.89
XX Ilha do Governador,Cidade Universitária,saeb,2011,5.76
XX Ilha do Governador,Cidade Universitária,saeb,2013,5.33
XX Ilha do Governador,Cidade Universitária,saeb,2015,6.54
XX Ilha do Governador,Cidade Universitária,saeb,2017,6.13
XX Ilha do Governador,Cidade Universitária,saeb,2019,6.11
XX Ilha do Governador,Cidade Universitária,saeb,2021,6.225843
XX Ilha do Governador,Cidade Universitária,saeb,2023,6.6
XX Ilha do Governador,Cidade Universitária,ideb,2007,4.5
XX Ilha do Governador,Cidade Universitária,ideb,2009,4.6
XX Ilha do Governador,Cidade Universitária,ideb,2011,5.3
XX Ilha do Governador,Cidade Universitária,ideb,2013,5.1
XX Ilha do Governador,Cidade Universitária,ideb,2015,6.2
XX Ilha do Governador,Cidade Universitária,ideb,2017,5.7
XX Ilha do Governador,Cidade Universitária,ideb,2019,5.9
XX Ilha do Governador,Cidade Universitária,ideb,2021,6.1
XX Ilha do Governador,Cidade Universitária,ideb,2023,6.4
XX Ilha do Governador,Cocotá,aprovacao,2007,98.6
XX Ilha do Governador,Cocotá,aprovacao,2009,95.6
XX Ilha do Governador,Cocotá,aprovacao,2011,97.6
XX Ilha do Governador,Cocotá,aprovacao,2013,97.6
XX Ilha do Governador,Cocotá,aprovacao,2015,100.0
XX Ilha do Governador,Cocotá,aprovacao,2017,97.79999999999998
XX Ilha do Governador,Cocotá,aprovacao,2019,97.8
XX Ilha do Governador,Cocotá,aprovacao,2021,100.0
XX Ilha do Governador,Cocotá,saeb,2007,5.59
XX Ilha do Governador,Cocotá,saeb,2009,5.81
XX Ilha do Governador,Cocotá,saeb,2011,6.52
XX Ilha do Governador,Cocotá,saeb,2013,6.46
XX Ilha do Governador,Cocotá,saeb,2015,6.45
XX Ilha do Governador,Cocotá,saeb,2017,6.13
XX Ilha do Governador,Cocotá,saeb,2019,6.52
XX Ilha do Governador,Cocotá,saeb,2021,6.06999
XX Ilha do Governador,Cocotá,ideb,2007,5.4
XX Ilha do Governador,Cocotá,ideb,2009,5.2
XX Ilha do Governador,Cocotá,ideb,2011,6.0
XX Ilha do Governador,Cocotá,ideb,2013,6.0
XX Ilha do Governador,Cocotá,ideb,2015,6.1
XX Ilha do Governador,Cocotá,ideb,2017,5.9
XX Ilha do Governador,Cocotá,ideb,2019,6.099999999999999
XX Ilha do Governador,Cocotá,ideb,2021,6.1
XX Ilha do Governador,Freguesia (Ilha do Governador),aprovacao,2007,100.0
XX Ilha do Governador,Freguesia (Ilha do Governador),aprovacao,2009,71.2
XX Ilha do Governador,Freguesia (Ilha do Governador),aprovacao,2011,84.5
XX Ilha do Governador,Freguesia (Ilha do Governador),aprovacao,2013,82.1
XX Ilha do Governador,Freguesia (Ilha do Governador),aprovacao,2015,77.5
XX Ilha do Governador,Freguesia (Ilha do Governador),aprovacao,2017,88.9
XX Ilha do Governador,Freguesia (Ilha do Governador),aprovacao,2019,93.3
XX Ilha do Governador,Freguesia (Ilha do Governador),aprovacao,2023,97.2
XX Ilha do Governador,Freguesia (Ilha do Governador),saeb,2007,4.81
XX Ilha do Governador,Freguesia (Ilha do Governador),saeb,2009,4.93
XX Ilha do Governador,Freguesia (Ilha do Governador),saeb,2011,5.2
XX Ilha do Governador,Freguesia (Ilha do Governador),saeb,2013,5.2
XX Ilha do Governador,Freguesia (Ilha do Governador),saeb,2015,6.94
XX Ilha do Governador,Freguesia (Ilha do Governador),saeb,2017,6.29
XX Ilha do Governador,Freguesia (Ilha do Governador),saeb,2019,6.04
XX Ilha do Governador,Freguesia (Ilha do Governador),saeb,2023,5.4
XX Ilha do Governador,Freguesia (Ilha do Governador),ideb,2007,4.7
XX Ilha do Governador,Freguesia (Ilha do Governador),ideb,2009,3.9
XX Ilha do Governador,Freguesia (Ilha do Governador),ideb,2011,4.6
XX Ilha do Governador,Freguesia (Ilha do Governador),ideb,2013,4.0
XX Ilha do Governador,Freguesia (Ilha do Governador),ideb,2015,4.8
XX Ilha do Governador,Freguesia (Ilha do Governador),ideb,2017,5.4
XX Ilha do Governador,Freguesia (Ilha do Governador),ideb,2019,5.5
XX Ilha do Governador,Freguesia (Ilha do Governador),ideb,2023,5.3
XX Ilha do Governador,Galeão,aprovacao,2007,98.67133333333332
XX Ilha do Governador,Galeão,aprovacao,2009,89.5985294117647
XX Ilha do Governador,Galeão,aprovacao,2011,88.19166666666666
XX Ilha do Governador,Galeão,aprovacao,2013,94.74957264957264
XX Ilha do Governador,Galeão,aprovacao,2015,97.39055793991416
XX Ilha do Governador,Galeão,aprovacao,2017,95.08995815899581
XX Ilha do Governador,Galeão,aprovacao,2019,98.16805555555557
XX Ilha do Governador,Galeão,aprovacao,2021,97.58078462770217
XX Ilha do Governador,Galeão,aprovacao,2023,97.7
XX Ilha do Governador,Galeão,saeb,2007,4.998833333333333
XX Ilha do Governador,Galeão,saeb,2009,5.518639705882354
XX Ilha do Governador,Galeão,saeb,2011,5.906666666666668
XX Ilha do Governador,Galeão,saeb,2013,5.957606837606837
XX Ilha do Governador,Galeão,saeb,2015,6.383690987124464
XX Ilha do Governador,Galeão,saeb,2017,6.349163179916318
XX Ilha do Governador,Galeão,saeb,2019,6.372314814814815
XX Ilha do Governador,Galeão,saeb,2021,4.814437099279424
XX Ilha do Governador,Galeão,saeb,2023,6.3
XX Ilha do Governador,Galeão,ideb,2007,4.783
XX Ilha do Governador,Galeão,ideb,2009,4.952573529411764
XX Ilha do Governador,Galeão,ideb,2011,5.325
XX Ilha do Governador,Galeão,ideb,2013,5.45982905982906
XX Ilha do Governador,Galeão,ideb,2015,6.049785407725322
XX Ilha do Governador,Galeão,ideb,2017,6.022175732217573
XX Ilha do Governador,Galeão,ideb,2019,5.9875
XX Ilha do Governador,Galeão,ideb,2021,4.716253002401922
XX Ilha do Governador,Galeão,ideb,2023,6.2
XX Ilha do Governador,Jardim Carioca,aprovacao,2007,100.0
XX Ilha do Governador,Jardim Carioca,aprovacao,2009,88.89814814814815
XX Ilha do Governador,Jardim Carioca,aprovacao,2011,93.38450704225352
XX Ilha do Governador,Jardim Carioca,aprovacao,2013,95.35000000000001
XX Ilha do Governador,Jardim Carioca,aprovacao,2015,100.0
XX Ilha do Governador,Jardim Carioca,aprovacao,2017,98.11509433962264
XX Ilha do Governador,Jardim Carioca,aprovacao,2019,94.61937984496123
XX Ilha do Governador,Jardim Carioca,aprovacao,2021,98.97950963222418
XX Ilha do Governador,Jardim Carioca,aprovacao,2023,99.7
XX Ilha do Governador,Jardim Carioca,saeb,2007,4.940434782608696
XX Ilha do Governador,Jardim Carioca,saeb,2009,5.598888888888889
XX Ilha do Governador,Jardim Carioca,saeb,2011,6.153732394366196
XX Ilha do Governador,Jardim Carioca,saeb,2013,5.8149999999999995
XX Ilha do Governador,Jardim Carioca,saeb,2015,6.428859649122807
XX Ilha do Governador,Jardim Carioca,saeb,2017,5.855283018867925
XX Ilha do Governador,Jardim Carioca,saeb,2019,6.154883720930233
XX Ilha do Governador,Jardim Carioca,saeb,2021,5.858621866900175
XX Ilha do Governador,Jardim Carioca,saeb,2023,5.8
XX Ilha do Governador,Jardim Carioca,ideb,2007,4.843478260869565
XX Ilha do Governador,Jardim Carioca,ideb,2009,5.3
XX Ilha do Governador,Jardim Carioca,ideb,2011,5.6457746478873245
XX Ilha do Governador,Jardim Carioca,ideb,2013,5.5
XX Ilha do Governador,Jardim Carioca,ideb,2015,6.192982456140351
XX Ilha do Governador,Jardim Carioca,ideb,2017,5.69622641509434
XX Ilha do Governador,Jardim Carioca,ideb,2019,5.900000000000001
XX Ilha do Governador,Jardim Carioca,ideb,2021,5.776182136602452
XX Ilha do Governador,Jardim Carioca,ideb,2023,5.8
XX Ilha do Governador,Jardim Guanabara,aprovacao,2007,99.49518716577539
XX Ilha do Governador,Jardim Guanabara,aprovacao,2009,91.68670520231214
XX Ilha do Governador,Jardim Guanabara,aprovacao,2011,95.26385542168674
XX Ilha do Governador,Jardim Guanabara,aprovacao,2013,100.0
XX Ilha do Governador,Jardim Guanabara,aprovacao,2015,94.90666666666667
XX Ilha do Governador,Jardim Guanabara,aprovacao,2017,99.42500000000001
XX Ilha do Governador,Jardim Guanabara,aprovacao,2019,98.07843137254902
XX Ilha do Governador,Jardim Guanabara,aprovacao,2021,99.77027027027027
XX Ilha do Governador,Jardim Guanabara,aprovacao,2023,99.3
XX Ilha do Governador,Jardim Guanabara,saeb,2007,5.234652406417113
XX Ilha do Governador,Jardim Guanabara,saeb,2009,6.154913294797687
XX Ilha do Governador,Jardim Guanabara,saeb,2011,6.446746987951807
XX Ilha do Governador,Jardim Guanabara,saeb,2013,6.784718309859154
XX Ilha do Governador,Jardim Guanabara,saeb,2015,6.886133333333333
XX Ilha do Governador,Jardim Guanabara,saeb,2017,6.894821428571429
XX Ilha do Governador,Jardim Guanabara,saeb,2019,6.806143790849674
XX Ilha do Governador,Jardim Guanabara,saeb,2021,6.299172756756757
XX Ilha do Governador,Jardim Guanabara,saeb,2023,6.7
XX Ilha do Governador,Jardim Guanabara,ideb,2007,5.077540106951871
XX Ilha do Governador,Jardim Guanabara,ideb,2009,5.738150289017341
XX Ilha do Governador,Jardim Guanabara,ideb,2011,6.167469879518072
XX Ilha do Governador,Jardim Guanabara,ideb,2013,6.643661971830985
XX Ilha do Governador,Jardim Guanabara,ideb,2015,6.570666666666667
XX Ilha do Governador,Jardim Guanabara,ideb,2017,6.75
XX Ilha do Governador,Jardim Guanabara,ideb,2019,6.5248366013071895
XX Ilha do Governador,Jardim Guanabara,ideb,2021,6.285135135135136
XX Ilha do Governador,Jardim Guanabara,ideb,2023,6.6
XX Ilha do Governador,Moneró,aprovacao,2007,92.64520547945206
XX Ilha do Governador,Moneró,aprovacao,2009,85.28541666666666
XX Ilha do Governador,Moneró,aprovacao,2011,92.47326732673267
XX Ilha do Governador,Moneró,aprovacao,2013,91.03707865168539
XX Ilha do Governador,Moneró,aprovacao,2015,91.36382978723405
XX Ilha do Governador,Moneró,aprovacao,2017,94.8625
XX Ilha do Governador,Moneró,aprovacao,2019,99.01855670103092
XX Ilha do Governador,Moneró,aprovacao,2021,100.0
XX Ilha do Governador,Moneró,aprovacao,2023,100.0
XX Ilha do Governador,Moneró,saeb,2007,5.451095890410958
XX Ilha do Governador,Moneró,saeb,2009,5.818958333333332
XX Ilha do Governador,Moneró,saeb,2011,6.521881188118813
XX Ilha do Governador,Moneró,saeb,2013,6.500449438202248
XX Ilha do Governador,Moneró,saeb,2015,6.386382978723405
XX Ilha do Governador,Moneró,saeb,2017,6.325
XX Ilha do Governador,Moneró,saeb,2019,6.407319587628866
XX Ilha do Governador,Moneró,saeb,2021,5.817787
XX Ilha do Governador,Moneró,saeb,2023,6.8
XX Ilha do Governador,Moneró,ideb,2007,4.926027397260274
XX Ilha do Governador,Moneró,ideb,2009,5.220833333333333
XX Ilha do Governador,Moneró,ideb,2011,6.005940594059406
XX Ilha do Governador,Moneró,ideb,2013,5.788764044943821
XX Ilha do Governador,Moneró,ideb,2015,5.810638297872341
XX Ilha do Governador,Moneró,ideb,2017,5.871875
XX Ilha do Governador,Moneró,ideb,2019,6.15360824742268
XX Ilha do Governador,Moneró,ideb,2021,5.8
XX Ilha do Governador,Moneró,ideb,2023,6.7
XX Ilha do Governador,Pitangueiras,aprovacao,2007,98.6
XX Ilha do Governador,Pitangueiras,aprovacao,2009,92.8
XX Ilha do Governador,Pitangueiras,aprovacao,2011,92.6
XX Ilha do Governador,Pitangueiras,aprovacao,2013,94.5
XX Ilha do Governador,Pitangueiras,aprovacao,2015,100.0
XX Ilha do Governador,Pitangueiras,aprovacao,2017,95.7
XX Ilha do Governador,Pitangueiras,aprovacao,2019,96.8
XX Ilha do Governador,Pitangueiras,aprovacao,2021,100.0
XX Ilha do Governador,Pitangueiras,aprovacao,2023,99.3
XX Ilha do Governador,Pitangueiras,saeb,2007,5.46
XX Ilha do Governador,Pitangueiras,saeb,2009,5.88
XX Ilha do Governador,Pitangueiras,saeb,2011,6.08
XX Ilha do Governador,Pitangueiras,saeb,2013,6.96
XX Ilha do Governador,Pitangueiras,saeb,2015,6.9
XX Ilha do Governador,Pitangueiras,saeb,2017,6.769999999999999
XX Ilha do Governador,Pitangueiras,saeb,2019,6.81
XX Ilha do Governador,Pitangueiras,saeb,2021,5.881253
XX Ilha do Governador,Pitangueiras,saeb,2023,6.4
XX Ilha do Governador,Pitangueiras,ideb,2007,5.2
XX Ilha do Governador,Pitangueiras,ideb,2009,5.5
XX Ilha do Governador,Pitangueiras,ideb,2011,5.7
XX Ilha do Governador,Pitangueiras,ideb,2013,6.5
XX Ilha do Governador,Pitangueiras,ideb,2015,6.6
XX Ilha do Governador,Pitangueiras,ideb,2017,6.2
XX Ilha do Governador,Pitangueiras,ideb,2019,6.6
XX Ilha do Governador,Pitangueiras,ideb,2021,5.9
XX Ilha do Governador,Pitangueiras,ideb,2023,6.4
XX Ilha do Governador,Portuguesa,aprovacao,2007,96.54621212121211
XX Ilha do Governador,Portuguesa,aprovacao,2009,85.34433497536946
XX Ilha do Governador,Portuguesa,aprovacao,2011,92.59656862745098
XX Ilha do Governador,Portuguesa,aprovacao,2013,95.0179012345679
XX Ilha do Governador,Portuguesa,aprovacao,2015,86.43636363636364
XX Ilha do Governador,Portuguesa,aprovacao,2017,90.31182795698925
XX Ilha do Governador,Portuguesa,aprovacao,2019,96.34761904761905
XX Ilha do Governador,Portuguesa,aprovacao,2021,98.79230769230769
XX Ilha do Governador,Portuguesa,aprovacao,2023,99.9
XX Ilha do Governador,Portuguesa,saeb,2007,5.164128787878788
XX Ilha do Governador,Portuguesa,saeb,2009,5.473743842364533
XX Ilha do Governador,Portuguesa,saeb,2011,6.189803921568628
XX Ilha do Governador,Portuguesa,saeb,2013,5.5626543209876536
XX Ilha do Governador,Portuguesa,saeb,2015,5.770661157024794
XX Ilha do Governador,Portuguesa,saeb,2017,5.584731182795699
XX Ilha do Governador,Portuguesa,saeb,2019,6.17
XX Ilha do Governador,Portuguesa,saeb,2021,5.223576230769231
XX Ilha do Governador,Portuguesa,saeb,2023,6.0
XX Ilha do Governador,Portuguesa,ideb,2007,4.815530303030304
XX Ilha do Governador,Portuguesa,ideb,2009,4.607881773399015
XX Ilha do Governador,Portuguesa,ideb,2011,5.5774509803921575
XX Ilha do Governador,Portuguesa,ideb,2013,4.438888888888888
XX Ilha do Governador,Portuguesa,ideb,2015,4.901652892561983
XX Ilha do Governador,Portuguesa,ideb,2017,4.826881720430108
XX Ilha do Governador,Portuguesa,ideb,2019,5.866666666666666
XX Ilha do Governador,Portuguesa,ideb,2021,5.153846153846154
XX Ilha do Governador,Portuguesa,ideb,2023,6.0
XX Ilha do Governador,Praia da Bandeira,aprovacao,2007,100.0
XX Ilha do Governador,Praia da Bandeira,aprovacao,2009,82.1
XX Ilha do Governador,Praia da Bandeira,aprovacao,2011,94.6
XX Ilha do Governador,Praia da Bandeira,aprovacao,2013,94.4
XX Ilha do Governador,Praia da Bandeira,aprovacao,2015,83.8
XX Ilha do Governador,Praia da Bandeira,aprovacao,2019,98.0
XX Ilha do Governador,Praia da Bandeira,aprovacao,2021,97.8
XX Ilha do Governador,Praia da Bandeira,aprovacao,2023,97.5
XX Ilha do Governador,Praia da Bandeira,saeb,2007,4.81
XX Ilha do Governador,Praia da Bandeira,saeb,2009,5.86
XX Ilha do Governador,Praia da Bandeira,saeb,2011,5.62
XX Ilha do Governador,Praia da Bandeira,saeb,2013,6.18
XX Ilha do Governador,Praia da Bandeira,saeb,2015,6.26
XX Ilha do Governador,Praia da Bandeira,saeb,2019,6.1
XX Ilha do Governador,Praia da Bandeira,saeb,2021,5.897726
XX Ilha do Governador,Praia da Bandeira,saeb,2023,6.4
XX Ilha do Governador,Praia da Bandeira,ideb,2007,4.6
XX Ilha do Governador,Praia da Bandeira,ideb,2009,5.1
XX Ilha do Governador,Praia da Bandeira,ideb,2011,4.9
XX Ilha do Governador,Praia da Bandeira,ideb,2013,5.9
XX Ilha do Governador,Praia da Bandeira,ideb,2015,5.4
XX Ilha do Governador,Praia da Bandeira,ideb,2019,5.2
XX Ilha do Governador,Praia da Bandeira,ideb,2021,5.8
XX Ilha do Governador,Praia da Bandeira,ideb,2023,6.2
XX Ilha do Governador,Tauá,aprovacao,2007,99.27737226277372
XX Ilha do Governador,Tauá,aprovacao,2009,87.01363636363635
XX Ilha do Governador,Tauá,aprovacao,2011,98.02884615384616
XX Ilha do Governador,Tauá,aprovacao,2013,88.40000000000002
XX Ilha do Governador,Tauá,aprovacao,2015,87.8
XX Ilha do Governador,Tauá,aprovacao,2017,100.0
XX Ilha do Governador,Tauá,aprovacao,2019,97.1
XX Ilha do Governador,Tauá,aprovacao,2023,98.9
XX Ilha do Governador,Tauá,saeb,2007,4.995036496350365
XX Ilha do Governador,Tauá,saeb,2009,5.499772727272727
XX Ilha do Governador,Tauá,saeb,2011,6.459807692307692
XX Ilha do Governador,Tauá,saeb,2013,6.29
XX Ilha do Governador,Tauá,saeb,2015,6.32
XX Ilha do Governador,Tauá,saeb,2017,6.31
XX Ilha do Governador,Tauá,saeb,2019,6.68
XX Ilha do Governador,Tauá,saeb,2023,6.1
XX Ilha do Governador,Tauá,ideb,2007,4.872262773722627
XX Ilha do Governador,Tauá,ideb,2009,4.793181818181819
XX Ilha do Governador,Tauá,ideb,2011,6.1
XX Ilha do Governador,Tauá,ideb,2013,5.8
XX Ilha do Governador,Tauá,ideb,2015,5.8
XX Ilha do Governador,Tauá,ideb,2017,6.0
XX Ilha do Governador,Tauá,ideb,2019,6.3
XX Ilha do Governador,Tauá,ideb,2023,6.0
XX Ilha do Governador,Zumbi,aprovacao,2007,98.6
XX Ilha do Governador,Zumbi,aprovacao,2009,92.6
XX Ilha do Governador,Zumbi,aprovacao,2011,97.4
XX Ilha do Governador,Zumbi,aprovacao,2013,98.2
XX Ilha do Governador,Zumbi,aprovacao,2015,96.7
XX Ilha do Governador,Zumbi,aprovacao,2017,96.2
XX Ilha do Governador,Zumbi,aprovacao,2019,98.1
XX Ilha do Governador,Zumbi,aprovacao,2021,98.4
XX Ilha do Governador,Zumbi,aprovacao,2023,100.0
XX Ilha do Governador,Zumbi,saeb,2007,4.88
XX Ilha do Governador,Zumbi,saeb,2009,5.6
XX Ilha do Governador,Zumbi,saeb,2011,6.01
XX Ilha do Governador,Zumbi,saeb,2013,6.2
XX Ilha do Governador,Zumbi,saeb,2015,6.130000000000001
XX Ilha do Governador,Zumbi,saeb,2017,6.14
XX Ilha do Governador,Zumbi,saeb,2019,6.02
XX Ilha do Governador,Zumbi,saeb,2021,4.898103
XX Ilha do Governador,Zumbi,saeb,2023,6.0
XX Ilha do Governador,Zumbi,ideb,2007,4.9
XX Ilha do Governador,Zumbi,ideb,2009,5.4
XX Ilha do Governador,Zumbi,ideb,2011,5.8
XX Ilha do Governador,Zumbi,ideb,2013,5.9
XX Ilha do Governador,Zumbi,ideb,2015,5.8
XX Ilha do Governador,Zumbi,ideb,2017,6.0
XX Ilha do Governador,Zumbi,ideb,2019,5.9
XX Ilha do Governador,Zumbi,ideb,2021,4.8
XX Ilha do Governador,Zumbi,ideb,2023,6.0
XVI Jacarepaguá,Anil,aprovacao,2007,99.2
XVI Jacarepaguá,Anil,aprovacao,2009,89.25425531914894
XVI Jacarepaguá,Anil,aprovacao,2011,89.63660287081339
XVI Jacarepaguá,Anil,aprovacao,2013,87.96907216494846
XVI Jacarepaguá,Anil,aprovacao,2015,90.18666666666667
XVI Jacarepaguá,Anil,aprovacao,2017,94.35222437137331
XVI Jacarepaguá,Anil,aprovacao,2019,97.16409836065573
XVI Jacarepaguá,Anil,aprovacao,2021,99.3282090699462
XVI Jacarepaguá,Anil,aprovacao,2023,97.5
XVI Jacarepaguá,Anil,saeb,2007,5.48
XVI Jacarepaguá,Anil,saeb,2009,6.019042553191489
XVI Jacarepaguá,Anil,saeb,2011,6.2344258373205745
XVI Jacarepaguá,Anil,saeb,2013,6.138427835051546
XVI Jacarepaguá,Anil,saeb,2015,6.095232323232324
XVI Jacarepaguá,Anil,saeb,2017,6.472166344294004
XVI Jacarepaguá,Anil,saeb,2019,6.481524590163935
XVI Jacarepaguá,Anil,saeb,2021,5.419045089162183
XVI Jacarepaguá,Anil,saeb,2023,6.4
XVI Jacarepaguá,Anil,ideb,2007,5.4
XVI Jacarepaguá,Anil,ideb,2009,5.430851063829787
XVI Jacarepaguá,Anil,ideb,2011,5.6141148325358845
XVI Jacarepaguá,Anil,ideb,2013,5.450773195876289
XVI Jacarepaguá,Anil,ideb,2015,5.343636363636364
XVI Jacarepaguá,Anil,ideb,2017,5.928820116054158
XVI Jacarepaguá,Anil,ideb,2019,6.125901639344262
XVI Jacarepaguá,Anil,ideb,2021,5.421983089930823
XVI Jacarepaguá,Anil,ideb,2023,6.2
XVI Jacarepaguá,Curicica,aprovacao,2007,98.70374331550802
XVI Jacarepaguá,Curicica,aprovacao,2009,87.00912476722532
XVI Jacarepaguá,Curicica,aprovacao,2011,93.03888888888889
XVI Jacarepaguá,Curicica,aprovacao,2013,94.96913827655311
XVI Jacarepaguá,Curicica,aprovacao,2015,91.43396226415095
XVI Jacarepaguá,Curicica,aprovacao,2017,97.2206434316354
XVI Jacarepaguá,Curicica,aprovacao,2019,98.37773279352227
XVI Jacarepaguá,Curicica,aprovacao,2021,97.3
XVI Jacarepaguá,Curicica,aprovacao,2023,97.5
XVI Jacarepaguá,Curicica,saeb,2007,5.132887700534759
XVI Jacarepaguá,Curicica,saeb,2009,5.76562383612663
XVI Jacarepaguá,Curicica,saeb,2011,6.3045486111111115
XVI Jacarepaguá,Curicica,saeb,2013,6.154108216432865
XVI Jacarepaguá,Curicica,saeb,2015,6.3950000000000005
XVI Jacarepaguá,Curicica,saeb,2017,6.560697050938337
XVI Jacarepaguá,Curicica,saeb,2019,6.222530364372469
XVI Jacarepaguá,Curicica,saeb,2021,5.585845
XVI Jacarepaguá,Curicica,saeb,2023,6.3
XVI Jacarepaguá,Curicica,ideb,2007,4.907130124777183
XVI Jacarepaguá,Curicica,ideb,2009,5.117690875232775
XVI Jacarepaguá,Curicica,ideb,2011,5.557986111111111
XVI Jacarepaguá,Curicica,ideb,2013,5.3603206412825655
XVI Jacarepaguá,Curicica,ideb,2015,5.6386792452830194
XVI Jacarepaguá,Curicica,ideb,2017,5.868096514745307
XVI Jacarepaguá,Curicica,ideb,2019,6.051821862348179
XVI Jacarepaguá,Curicica,ideb,2021,5.4
XVI Jacarepaguá,Curicica,ideb,2023,6.1
XVI Jacarepaguá,Freguesia (Jacarepaguá),aprovacao,2007,93.95081723625557
XVI Jacarepaguá,Freguesia (Jacarepaguá),aprovacao,2009,91.54907563025209
XVI Jacarepaguá,Freguesia (Jacarepaguá),aprovacao,2011,90.229203539823
XVI Jacarepaguá,Freguesia (Jacarepaguá),aprovacao,2013,90.4225352112676
XVI Jacarepaguá,Freguesia (Jacarepaguá),aprovacao,2015,90.04769874476987
XVI Jacarepaguá,Freguesia (Jacarepaguá),aprovacao,2017,90.75036764705882
XVI Jacarepaguá,Freguesia (Jacarepaguá),aprovacao,2019,96.18376383763837
XVI Jacarepaguá,Freguesia (Jacarepaguá),aprovacao,2021,100.0
XVI Jacarepaguá,Freguesia (Jacarepaguá),aprovacao,2023,94.6
XVI Jacarepaguá,Freguesia (Jacarepaguá),saeb,2007,4.927756315007429
XVI Jacarepaguá,Freguesia (Jacarepaguá),saeb,2009,5.644655462184875
XVI Jacarepaguá,Freguesia (Jacarepaguá),saeb,2011,6.115641592920353
XVI Jacarepaguá,Freguesia (Jacarepaguá),saeb,2013,6.442992957746479
XVI Jacarepaguá,Freguesia (Jacarepaguá),saeb,2015,6.440292887029289
XVI Jacarepaguá,Freguesia (Jacarepaguá),saeb,2017,6.418161764705881
XVI Jacarepaguá,Freguesia (Jacarepaguá),saeb,2019,6.096678966789667
XVI Jacarepaguá,Freguesia (Jacarepaguá),saeb,2021,4.633216
XVI Jacarepaguá,Freguesia (Jacarepaguá),saeb,2023,6.4
XVI Jacarepaguá,Freguesia (Jacarepaguá),ideb,2007,4.49554234769688
XVI Jacarepaguá,Freguesia (Jacarepaguá),ideb,2009,4.833445378151262
XVI Jacarepaguá,Freguesia (Jacarepaguá),ideb,2011,5.2780973451327435
XVI Jacarepaguá,Freguesia (Jacarepaguá),ideb,2013,5.698239436619718
XVI Jacarepaguá,Freguesia (Jacarepaguá),ideb,2015,5.4
XVI Jacarepaguá,Freguesia (Jacarepaguá),ideb,2017,5.644117647058823
XVI Jacarepaguá,Freguesia (Jacarepaguá),ideb,2019,5.745387453874539
XVI Jacarepaguá,Freguesia (Jacarepaguá),ideb,2021,4.6
XVI Jacarepaguá,Freguesia (Jacarepaguá),ideb,2023,6.0
XVI Jacarepaguá,Gardênia Azul,aprovacao,2007,95.3
XVI Jacarepaguá,Gardênia Azul,aprovacao,2009,85.5
XVI Jacarepaguá,Gardênia Azul,aprovacao,2011,87.6
XVI Jacarepaguá,Gardênia Azul,aprovacao,2013,92.0
XVI Jacarepaguá,Gardênia Azul,aprovacao,2015,85.3
XVI Jacarepaguá,Gardênia Azul,aprovacao,2017,99.3
XVI Jacarepaguá,Gardênia Azul,aprovacao,2019,99.1
XVI Jacarepaguá,Gardênia Azul,aprovacao,2021,97.0
XVI Jacarepaguá,Gardênia Azul,aprovacao,2023,92.8
XVI Jacarepaguá,Gardênia Azul,saeb,2007,5.26
XVI Jacarepaguá,Gardênia Azul,saeb,2009,5.41
XVI Jacarepaguá,Gardênia Azul,saeb,2011,6.31
XVI Jacarepaguá,Gardênia Azul,saeb,2013,5.83
XVI Jacarepaguá,Gardênia Azul,saeb,2015,6.55
XVI Jacarepaguá,Gardênia Azul,saeb,2017,6.18
XVI Jacarepaguá,Gardênia Azul,saeb,2019,5.89
XVI Jacarepaguá,Gardênia Azul,saeb,2021,5.122708
XVI Jacarepaguá,Gardênia Azul,saeb,2023,5.3
XVI Jacarepaguá,Gardênia Azul,ideb,2007,4.5
XVI Jacarepaguá,Gardênia Azul,ideb,2009,4.8
XVI Jacarepaguá,Gardênia Azul,ideb,2011,5.4
XVI Jacarepaguá,Gardênia Azul,ideb,2013,4.9
XVI Jacarepaguá,Gardênia Azul,ideb,2015,5.4
XVI Jacarepaguá,Gardênia Azul,ideb,2017,5.9
XVI Jacarepaguá,Gardênia Azul,ideb,2019,5.6
XVI Jacarepaguá,Gardênia Azul,ideb,2021,5.0
XVI Jacarepaguá,Gardênia Azul,ideb,2023,5.0
XVI Jacarepaguá,Jacarepaguá,aprovacao,2007,93.85457007447529
XVI Jacarepaguá,Jacarepaguá,aprovacao,2009,88.96729464958554
XVI Jacarepaguá,Jacarepaguá,aprovacao,2011,89.99267089499646
XVI Jacarepaguá,Jacarepaguá,aprovacao,2013,92.42887700534759
XVI Jacarepaguá,Jacarepaguá,aprovacao,2015,91.34742081447966
XVI Jacarepaguá,Jacarepaguá,aprovacao,2017,94.09190515126737
XVI Jacarepaguá,Jacarepaguá,aprovacao,2019,94.97905405405405
XVI Jacarepaguá,Jacarepaguá,aprovacao,2021,97.97899766899766
XVI Jacarepaguá,Jacarepaguá,aprovacao,2023,97.3
XVI Jacarepaguá,Jacarepaguá,saeb,2007,4.8849830737982405
XVI Jacarepaguá,Jacarepaguá,saeb,2009,5.670610399397136
XVI Jacarepaguá,Jacarepaguá,saeb,2011,6.177033121916843
XVI Jacarepaguá,Jacarepaguá,saeb,2013,6.389518716577539
XVI Jacarepaguá,Jacarepaguá,saeb,2015,6.470723981900452
XVI Jacarepaguá,Jacarepaguá,saeb,2017,6.579443990188062
XVI Jacarepaguá,Jacarepaguá,saeb,2019,6.4701942567567565
XVI Jacarepaguá,Jacarepaguá,saeb,2021,5.6086583995338
XVI Jacarepaguá,Jacarepaguá,saeb,2023,6.5
XVI Jacarepaguá,Jacarepaguá,ideb,2007,4.471293161814489
XVI Jacarepaguá,Jacarepaguá,ideb,2009,5.013338357196685
XVI Jacarepaguá,Jacarepaguá,ideb,2011,5.394785059901339
XVI Jacarepaguá,Jacarepaguá,ideb,2013,5.6752228163992875
XVI Jacarepaguá,Jacarepaguá,ideb,2015,5.612217194570136
XVI Jacarepaguá,Jacarepaguá,ideb,2017,6.086345053147997
XVI Jacarepaguá,Jacarepaguá,ideb,2019,6.095016891891893
XVI Jacarepaguá,Jacarepaguá,ideb,2021,5.465641025641025
XVI Jacarepaguá,Jacarepaguá,ideb,2023,6.4
XVI Jacarepaguá,Pechincha,aprovacao,2007,99.51152073732719
XVI Jacarepaguá,Pechincha,aprovacao,2009,88.8896103896104
XVI Jacarepaguá,Pechincha,aprovacao,2011,92.39054054054054
XVI Jacarepaguá,Pechincha,aprovacao,2013,87.43088235294117
XVI Jacarepaguá,Pechincha,aprovacao,2015,86.2
XVI Jacarepaguá,Pechincha,aprovacao,2017,100.0
XVI Jacarepaguá,Pechincha,aprovacao,2019,90.5
XVI Jacarepaguá,Pechincha,aprovacao,2023,95.4
XVI Jacarepaguá,Pechincha,saeb,2007,5.316405529953917
XVI Jacarepaguá,Pechincha,saeb,2009,6.055714285714285
XVI Jacarepaguá,Pechincha,saeb,2011,6.274729729729731
XVI Jacarepaguá,Pechincha,saeb,2013,5.956470588235295
XVI Jacarepaguá,Pechincha,saeb,2015,6.52
XVI Jacarepaguá,Pechincha,saeb,2017,6.400000000000001
XVI Jacarepaguá,Pechincha,saeb,2019,6.2
XVI Jacarepaguá,Pechincha,saeb,2023,7.3
XVI Jacarepaguá,Pechincha,ideb,2007,5.0373271889400915
XVI Jacarepaguá,Pechincha,ideb,2009,5.383116883116883
XVI Jacarepaguá,Pechincha,ideb,2011,5.678378378378379
XVI Jacarepaguá,Pechincha,ideb,2013,3.338235294117647
XVI Jacarepaguá,Pechincha,ideb,2015,6.0
XVI Jacarepaguá,Pechincha,ideb,2017,6.2
XVI Jacarepaguá,Pechincha,ideb,2019,5.7
XVI Jacarepaguá,Pechincha,ideb,2023,7.0
XVI Jacarepaguá,Praça Seca,aprovacao,2007,95.60122448979591
XVI Jacarepaguá,Praça Seca,aprovacao,2009,89.80178571428573
XVI Jacarepaguá,Praça Seca,aprovacao,2011,87.75944170771757
XVI Jacarepaguá,Praça Seca,aprovacao,2013,89.45077989601386
XVI Jacarepaguá,Praça Seca,aprovacao,2015,91.19092741935485
XVI Jacarepaguá,Praça Seca,aprovacao,2017,88.89179389312977
XVI Jacarepaguá,Praça Seca,aprovacao,2019,97.55752032520326
XVI Jacarepaguá,Praça Seca,aprovacao,2021,98.73008890968649
XVI Jacarepaguá,Praça Seca,aprovacao,2023,98.4
XVI Jacarepaguá,Praça Seca,saeb,2007,4.93069387755102
XVI Jacarepaguá,Praça Seca,saeb,2009,5.758670634920635
XVI Jacarepaguá,Praça Seca,saeb,2011,5.845763546798029
XVI Jacarepaguá,Praça Seca,saeb,2013,5.8336221837088384
XVI Jacarepaguá,Praça Seca,saeb,2015,6.320665322580646
XVI Jacarepaguá,Praça Seca,saeb,2017,6.054064885496183
XVI Jacarepaguá,Praça Seca,saeb,2019,6.1431910569105685
XVI Jacarepaguá,Praça Seca,saeb,2021,5.372981682732802
XVI Jacarepaguá,Praça Seca,saeb,2023,6.2
XVI Jacarepaguá,Praça Seca,ideb,2007,4.354829931972789
XVI Jacarepaguá,Praça Seca,ideb,2009,5.190873015873016
XVI Jacarepaguá,Praça Seca,ideb,2011,5.239244663382594
XVI Jacarepaguá,Praça Seca,ideb,2013,5.095320623916811
XVI Jacarepaguá,Praça Seca,ideb,2015,5.384475806451613
XVI Jacarepaguá,Praça Seca,ideb,2017,5.445038167938931
XVI Jacarepaguá,Praça Seca,ideb,2019,5.918089430894309
XVI Jacarepaguá,Praça Seca,ideb,2021,5.298736546560598
XVI Jacarepaguá,Praça Seca,ideb,2023,5.9
XVI Jacarepaguá,Tanque,aprovacao,2007,94.59284009546539
XVI Jacarepaguá,Tanque,aprovacao,2009,88.66933701657459
XVI Jacarepaguá,Tanque,aprovacao,2011,90.95034965034965
XVI Jacarepaguá,Tanque,aprovacao,2013,93.75360824742266
XVI Jacarepaguá,Tanque,aprovacao,2015,92.74204545454545
XVI Jacarepaguá,Tanque,aprovacao,2017,95.8
XVI Jacarepaguá,Tanque,aprovacao,2019,98.42724458204334
XVI Jacarepaguá,Tanque,aprovacao,2021,99.20332906530088
XVI Jacarepaguá,Tanque,aprovacao,2023,99.3
XVI Jacarepaguá,Tanque,saeb,2007,4.858424821002386
XVI Jacarepaguá,Tanque,saeb,2009,5.841132596685083
XVI Jacarepaguá,Tanque,saeb,2011,6.087552447552447
XVI Jacarepaguá,Tanque,saeb,2013,6.103917525773195
XVI Jacarepaguá,Tanque,saeb,2015,6.565113636363637
XVI Jacarepaguá,Tanque,saeb,2017,6.67
XVI Jacarepaguá,Tanque,saeb,2019,6.2018885448916405
XVI Jacarepaguá,Tanque,saeb,2021,5.532440839948783
XVI Jacarepaguá,Tanque,saeb,2023,6.2
XVI Jacarepaguá,Tanque,ideb,2007,4.363245823389021
XVI Jacarepaguá,Tanque,ideb,2009,4.939226519337017
XVI Jacarepaguá,Tanque,ideb,2011,5.514685314685315
XVI Jacarepaguá,Tanque,ideb,2013,5.524742268041238
XVI Jacarepaguá,Tanque,ideb,2015,5.906818181818181
XVI Jacarepaguá,Tanque,ideb,2017,6.3500000000000005
XVI Jacarepaguá,Tanque,ideb,2019,5.930030959752322
XVI Jacarepaguá,Tanque,ideb,2021,5.487451984635084
XVI Jacarepaguá,Tanque,ideb,2023,6.1
XVI Jacarepaguá,Taquara,aprovacao,2007,95.9590114068441
XVI Jacarepaguá,Taquara,aprovacao,2009,90.84858387799564
XVI Jacarepaguá,Taquara,aprovacao,2011,93.24326732673265
XVI Jacarepaguá,Taquara,aprovacao,2013,94.47808612440193
XVI Jacarepaguá,Taquara,aprovacao,2015,94.19836400817995
XVI Jacarepaguá,Taquara,aprovacao,2017,95.62317307692305
XVI Jacarepaguá,Taquara,aprovacao,2019,97.36834804539723
XVI Jacarepaguá,Taquara,aprovacao,2021,98.43381828163601
XVI Jacarepaguá,Taquara,aprovacao,2023,97.4
XVI Jacarepaguá,Taquara,saeb,2007,5.247787072243346
XVI Jacarepaguá,Taquara,saeb,2009,6.17826797385621
XVI Jacarepaguá,Taquara,saeb,2011,6.342178217821783
XVI Jacarepaguá,Taquara,saeb,2013,6.227827751196172
XVI Jacarepaguá,Taquara,saeb,2015,6.566533742331288
XVI Jacarepaguá,Taquara,saeb,2017,6.562153846153846
XVI Jacarepaguá,Taquara,saeb,2019,6.437023959646909
XVI Jacarepaguá,Taquara,saeb,2021,6.4661107427944
XVI Jacarepaguá,Taquara,saeb,2023,6.4
XVI Jacarepaguá,Taquara,ideb,2007,4.865171102661597
XVI Jacarepaguá,Taquara,ideb,2009,5.621568627450981
XVI Jacarepaguá,Taquara,ideb,2011,5.687029702970297
XVI Jacarepaguá,Taquara,ideb,2013,5.635502392344497
XVI Jacarepaguá,Taquara,ideb,2015,6.019938650306748
XVI Jacarepaguá,Taquara,ideb,2017,6.188173076923077
XVI Jacarepaguá,Taquara,ideb,2019,6.141109709962168
XVI Jacarepaguá,Taquara,ideb,2021,6.357425199011803
XVI Jacarepaguá,Taquara,ideb,2023,6.2
XVI Jacarepaguá,Vila Valqueire,aprovacao,2007,96.60506329113925
XVI Jacarepaguá,Vila Valqueire,aprovacao,2009,91.77058823529413
XVI Jacarepaguá,Vila Valqueire,aprovacao,2011,91.89020408163266
XVI Jacarepaguá,Vila Valqueire,aprovacao,2013,92.74975124378109
XVI Jacarepaguá,Vila Valqueire,aprovacao,2015,85.976
XVI Jacarepaguá,Vila Valqueire,aprovacao,2017,95.0494623655914
XVI Jacarepaguá,Vila Valqueire,aprovacao,2019,96.78341968911917
XVI Jacarepaguá,Vila Valqueire,aprovacao,2021,98.01182108626199
XVI Jacarepaguá,Vila Valqueire,aprovacao,2023,97.0
XVI Jacarepaguá,Vila Valqueire,saeb,2007,5.607172995780591
XVI Jacarepaguá,Vila Valqueire,saeb,2009,6.387963800904977
XVI Jacarepaguá,Vila Valqueire,saeb,2011,6.50869387755102
XVI Jacarepaguá,Vila Valqueire,saeb,2013,6.043333333333334
XVI Jacarepaguá,Vila Valqueire,saeb,2015,6.521
XVI Jacarepaguá,Vila Valqueire,saeb,2017,6.576935483870967
XVI Jacarepaguá,Vila Valqueire,saeb,2019,6.476424870466322
XVI Jacarepaguá,Vila Valqueire,saeb,2021,5.791005185303515
XVI Jacarepaguá,Vila Valqueire,saeb,2023,6.7
XVI Jacarepaguá,Vila Valqueire,ideb,2007,4.991561181434599
XVI Jacarepaguá,Vila Valqueire,ideb,2009,5.642081447963801
XVI Jacarepaguá,Vila Valqueire,ideb,2011,5.924081632653062
XVI Jacarepaguá,Vila Valqueire,ideb,2013,5.3203980099502495
XVI Jacarepaguá,Vila Valqueire,ideb,2015,5.900999999999999
XVI Jacarepaguá,Vila Valqueire,ideb,2017,6.1123655913978485
XVI Jacarepaguá,Vila Valqueire,ideb,2019,6.03160621761658
XVI Jacarepaguá,Vila Valqueire,ideb,2021,5.677529286474974
XVI Jacarepaguá,Vila Valqueire,ideb,2023,6.5
XXXIII Cidade de Deus,Cidade de Deus,aprovacao,2007,96.73118279569893
XXXIII Cidade de Deus,Cidade de Deus,aprovacao,2009,86.09672413793103
XXXIII Cidade de Deus,Cidade de Deus,aprovacao,2011,87.24493087557605
XXXIII Cidade de Deus,Cidade de Deus,aprovacao,2013,88.56690240452618
XXXIII Cidade de Deus,Cidade de Deus,aprovacao,2015,82.77582781456952
XXXIII Cidade de Deus,Cidade de Deus,aprovacao,2017,91.98238482384824
XXXIII Cidade de Deus,Cidade de Deus,aprovacao,2019,91.32842639593908
XXXIII Cidade de Deus,Cidade de Deus,aprovacao,2021,96.12323651452283
XXXIII Cidade de Deus,Cidade de Deus,aprovacao,2023,97.1
XXXIII Cidade de Deus,Cidade de Deus,saeb,2007,4.480282258064515
XXXIII Cidade de Deus,Cidade de Deus,saeb,2009,5.2314482758620695
XXXIII Cidade de Deus,Cidade de Deus,saeb,2011,5.52057603686636
XXXIII Cidade de Deus,Cidade de Deus,saeb,2013,5.416690240452617
XXXIII Cidade de Deus,Cidade de Deus,saeb,2015,5.858824503311259
XXXIII Cidade de Deus,Cidade de Deus,saeb,2017,6.1869647696476955
XXXIII Cidade de Deus,Cidade de Deus,saeb,2019,5.7417766497461935
XXXIII Cidade de Deus,Cidade de Deus,saeb,2021,4.774640247406639
XXXIII Cidade de Deus,Cidade de Deus,saeb,2023,5.9
XXXIII Cidade de Deus,Cidade de Deus,ideb,2007,4.125268817204301
XXXIII Cidade de Deus,Cidade de Deus,ideb,2009,4.458103448275862
XXXIII Cidade de Deus,Cidade de Deus,ideb,2011,4.750921658986175
XXXIII Cidade de Deus,Cidade de Deus,ideb,2013,4.5997171145686
XXXIII Cidade de Deus,Cidade de Deus,ideb,2015,4.759437086092715
XXXIII Cidade de Deus,Cidade de Deus,ideb,2017,5.366666666666666
XXXIII Cidade de Deus,Cidade de Deus,ideb,2019,5.412690355329949
XXXIII Cidade de Deus,Cidade de Deus,ideb,2021,4.55918049792531
XXXIII Cidade de Deus,Cidade de Deus,ideb,2023,5.8
XXIV Barra da Tijuca,Barra da Tijuca,aprovacao,2007,98.9865234375
XXIV Barra da Tijuca,Barra da Tijuca,aprovacao,2009,96.27259332023576
XXIV Barra da Tijuca,Barra da Tijuca,aprovacao,2011,95.3259019426457
XXIV Barra da Tijuca,Barra da Tijuca,aprovacao,2013,92.93035714285715
XXIV Barra da Tijuca,Barra da Tijuca,aprovacao,2015,89.27732394366198
XXIV Barra da Tijuca,Barra da Tijuca,aprovacao,2017,94.10057887120115
XXIV Barra da Tijuca,Barra da Tijuca,aprovacao,2019,98.8662447257384
XXIV Barra da Tijuca,Barra da Tijuca,aprovacao,2021,97.45942806076854
XXIV Barra da Tijuca,Barra da Tijuca,aprovacao,2023,98.2
XXIV Barra da Tijuca,Barra da Tijuca,saeb,2007,5.326386718749999
XXIV Barra da Tijuca,Barra da Tijuca,saeb,2009,6.144282907662083
XXIV Barra da Tijuca,Barra da Tijuca,saeb,2011,6.311877890841813
XXIV Barra da Tijuca,Barra da Tijuca,saeb,2013,6.508883928571429
XXIV Barra da Tijuca,Barra da Tijuca,saeb,2015,6.706830985915492
XXIV Barra da Tijuca,Barra da Tijuca,saeb,2017,6.874804630969609
XXIV Barra da Tijuca,Barra da Tijuca,saeb,2019,6.849198312236287
XXIV Barra da Tijuca,Barra da Tijuca,saeb,2021,6.742194264521894
XXIV Barra da Tijuca,Barra da Tijuca,saeb,2023,6.8
XXIV Barra da Tijuca,Barra da Tijuca,ideb,2007,5.18662109375
XXIV Barra da Tijuca,Barra da Tijuca,ideb,2009,5.7500982318271125
XXIV Barra da Tijuca,Barra da Tijuca,ideb,2011,5.66567992599445
XXIV Barra da Tijuca,Barra da Tijuca,ideb,2013,5.830245535714286
XXIV Barra da Tijuca,Barra da Tijuca,ideb,2015,5.875774647887324
XXIV Barra da Tijuca,Barra da Tijuca,ideb,2017,6.46700434153401
XXIV Barra da Tijuca,Barra da Tijuca,ideb,2019,6.693248945147679
XXIV Barra da Tijuca,Barra da Tijuca,ideb,2021,6.536461126005362
XXIV Barra da Tijuca,Barra da Tijuca,ideb,2023,6.7
XXIV Barra da Tijuca,Itanhangá,aprovacao,2007,96.9
XXIV Barra da Tijuca,Itanhangá,aprovacao,2009,99.1
XXIV Barra da Tijuca,Itanhangá,aprovacao,2011,92.7
XXIV Barra da Tijuca,Itanhangá,aprovacao,2013,92.14808853118711
XXIV Barra da Tijuca,Itanhangá,aprovacao,2015,92.9030303030303
XXIV Barra da Tijuca,Itanhangá,aprovacao,2017,91.19130434782609
XXIV Barra da Tijuca,Itanhangá,aprovacao,2019,93.89297297297296
XXIV Barra da Tijuca,Itanhangá,aprovacao,2021,100.0
XXIV Barra da Tijuca,Itanhangá,aprovacao,2023,92.5
XXIV Barra da Tijuca,Itanhangá,saeb,2007,5.23
XXIV Barra da Tijuca,Itanhangá,saeb,2009,5.960000000000001
XXIV Barra da Tijuca,Itanhangá,saeb,2011,6.19
XXIV Barra da Tijuca,Itanhangá,saeb,2013,6.079839034205232
XXIV Barra da Tijuca,Itanhangá,saeb,2015,6.378125
XXIV Barra da Tijuca,Itanhangá,saeb,2017,6.316798418972333
XXIV Barra da Tijuca,Itanhangá,saeb,2019,6.16327027027027
XXIV Barra da Tijuca,Itanhangá,saeb,2021,4.993339
XXIV Barra da Tijuca,Itanhangá,saeb,2023,5.9
XXIV Barra da Tijuca,Itanhangá,ideb,2007,4.3
XXIV Barra da Tijuca,Itanhangá,ideb,2009,5.3
XXIV Barra da Tijuca,Itanhangá,ideb,2011,5.3
XXIV Barra da Tijuca,Itanhangá,ideb,2013,5.311267605633803
XXIV Barra da Tijuca,Itanhangá,ideb,2015,5.544507575757576
XXIV Barra da Tijuca,Itanhangá,ideb,2017,5.66185770750988
XXIV Barra da Tijuca,Itanhangá,ideb,2019,5.72054054054054
XXIV Barra da Tijuca,Itanhangá,ideb,2021,5.0
XXIV Barra da Tijuca,Itanhangá,ideb,2023,5.5
XXIV Barra da Tijuca,Recreio dos Bandeirantes,aprovacao,2007,97.28846153846153
XXIV Barra da Tijuca,Recreio dos Bandeirantes,aprovacao,2009,91.71975806451613
XXIV Barra da Tijuca,Recreio dos Bandeirantes,aprovacao,2011,93.11743119266055
XXIV Barra da Tijuca,Recreio dos Bandeirantes,aprovacao,2013,85.94710743801653
XXIV Barra da Tijuca,Recreio dos Bandeirantes,aprovacao,2015,85.16051779935275
XXIV Barra da Tijuca,Recreio dos Bandeirantes,aprovacao,2017,93.84976851851852
XXIV Barra da Tijuca,Recreio dos Bandeirantes,aprovacao,2019,95.23423645320197
XXIV Barra da Tijuca,Recreio dos Bandeirantes,aprovacao,2021,92.3864864864865
XXIV Barra da Tijuca,Recreio dos Bandeirantes,aprovacao,2023,92.8
XXIV Barra da Tijuca,Recreio dos Bandeirantes,saeb,2007,5.246593406593407
XXIV Barra da Tijuca,Recreio dos Bandeirantes,saeb,2009,5.71125
XXIV Barra da Tijuca,Recreio dos Bandeirantes,saeb,2011,6.305137614678899
XXIV Barra da Tijuca,Recreio dos Bandeirantes,saeb,2013,6.400413223140497
XXIV Barra da Tijuca,Recreio dos Bandeirantes,saeb,2015,6.430550161812298
XXIV Barra da Tijuca,Recreio dos Bandeirantes,saeb,2017,6.383958333333333
XXIV Barra da Tijuca,Recreio dos Bandeirantes,saeb,2019,6.275270935960592
XXIV Barra da Tijuca,Recreio dos Bandeirantes,saeb,2021,5.612993649158593
XXIV Barra da Tijuca,Recreio dos Bandeirantes,saeb,2023,6.4
XXIV Barra da Tijuca,Recreio dos Bandeirantes,ideb,2007,4.602747252747253
XXIV Barra da Tijuca,Recreio dos Bandeirantes,ideb,2009,5.123387096774193
XXIV Barra da Tijuca,Recreio dos Bandeirantes,ideb,2011,5.611926605504587
XXIV Barra da Tijuca,Recreio dos Bandeirantes,ideb,2013,5.290909090909091
XXIV Barra da Tijuca,Recreio dos Bandeirantes,ideb,2015,5.5372168284789645
XXIV Barra da Tijuca,Recreio dos Bandeirantes,ideb,2017,5.796064814814815
XXIV Barra da Tijuca,Recreio dos Bandeirantes,ideb,2019,5.86896551724138
XXIV Barra da Tijuca,Recreio dos Bandeirantes,ideb,2021,5.171086180520143
XXIV Barra da Tijuca,Recreio dos Bandeirantes,ideb,2023,6.1
XXIV Barra da Tijuca,Vargem Grande,aprovacao,2007,96.59665071770335
XXIV Barra da Tijuca,Vargem Grande,aprovacao,2009,92.77315436241611
XXIV Barra da Tijuca,Vargem Grande,aprovacao,2011,98.95454545454545
XXIV Barra da Tijuca,Vargem Grande,aprovacao,2013,93.7
XXIV Barra da Tijuca,Vargem Grande,aprovacao,2015,96.8
XXIV Barra da Tijuca,Vargem Grande,aprovacao,2019,98.44923076923078
XXIV Barra da Tijuca,Vargem Grande,aprovacao,2021,99.5
XXIV Barra da Tijuca,Vargem Grande,aprovacao,2023,97.7
XXIV Barra da Tijuca,Vargem Grande,saeb,2007,4.712488038277512
XXIV Barra da Tijuca,Vargem Grande,saeb,2009,5.593087248322147
XXIV Barra da Tijuca,Vargem Grande,saeb,2011,5.910606060606061
XXIV Barra da Tijuca,Vargem Grande,saeb,2013,6.22
XXIV Barra da Tijuca,Vargem Grande,saeb,2015,6.14
XXIV Barra da Tijuca,Vargem Grande,saeb,2019,5.753538461538461
XXIV Barra da Tijuca,Vargem Grande,saeb,2021,5.54633
XXIV Barra da Tijuca,Vargem Grande,saeb,2023,6.3
XXIV Barra da Tijuca,Vargem Grande,ideb,2007,4.474162679425837
XXIV Barra da Tijuca,Vargem Grande,ideb,2009,5.289261744966443
XXIV Barra da Tijuca,Vargem Grande,ideb,2011,5.818181818181818
XXIV Barra da Tijuca,Vargem Grande,ideb,2013,5.8
XXIV Barra da Tijuca,Vargem Grande,ideb,2015,5.9
XXIV Barra da Tijuca,Vargem Grande,ideb,2019,5.618461538461539
XXIV Barra da Tijuca,Vargem Grande,ideb,2021,5.5
XXIV Barra da Tijuca,Vargem Grande,ideb,2023,6.2
XXIV Barra da Tijuca,Vargem Pequena,aprovacao,2007,100.0
XXIV Barra da Tijuca,Vargem Pequena,aprovacao,2009,77.8
XXIV Barra da Tijuca,Vargem Pequena,aprovacao,2011,99.53004484304932
XXIV Barra da Tijuca,Vargem Pequena,aprovacao,2013,93.44210526315788
XXIV Barra da Tijuca,Vargem Pequena,aprovacao,2015,84.65252918287938
XXIV Barra da Tijuca,Vargem Pequena,aprovacao,2017,90.02852459016393
XXIV Barra da Tijuca,Vargem Pequena,aprovacao,2019,100.0
XXIV Barra da Tijuca,Vargem Pequena,aprovacao,2021,99.6
XXIV Barra da Tijuca,Vargem Pequena,aprovacao,2023,99.2
XXIV Barra da Tijuca,Vargem Pequena,saeb,2007,4.81
XXIV Barra da Tijuca,Vargem Pequena,saeb,2009,5.39
XXIV Barra da Tijuca,Vargem Pequena,saeb,2011,5.82103139013453
XXIV Barra da Tijuca,Vargem Pequena,saeb,2013,5.187330827067669
XXIV Barra da Tijuca,Vargem Pequena,saeb,2015,5.964591439688716
XXIV Barra da Tijuca,Vargem Pequena,saeb,2017,6.245311475409837
XXIV Barra da Tijuca,Vargem Pequena,saeb,2019,6.282727272727272
XXIV Barra da Tijuca,Vargem Pequena,saeb,2021,5.856477
XXIV Barra da Tijuca,Vargem Pequena,saeb,2023,6.2
XXIV Barra da Tijuca,Vargem Pequena,ideb,2007,4.8
XXIV Barra da Tijuca,Vargem Pequena,ideb,2009,4.4
XXIV Barra da Tijuca,Vargem Pequena,ideb,2011,5.512556053811658
XXIV Barra da Tijuca,Vargem Pequena,ideb,2013,4.581954887218045
XXIV Barra da Tijuca,Vargem Pequena,ideb,2015,5.359533073929962
XXIV Barra da Tijuca,Vargem Pequena,ideb,2017,5.735081967213114
XXIV Barra da Tijuca,Vargem Pequena,ideb,2019,6.254545454545454
XXIV Barra da Tijuca,Vargem Pequena,ideb,2021,5.8
XXIV Barra da Tijuca,Vargem Pequena,ideb,2023,6.2
XVII Bangu,Bangu,aprovacao,2007,96.90367491166076
XVII Bangu,Bangu,aprovacao,2009,89.87946113074204
XVII Bangu,Bangu,aprovacao,2011,94.44705081669692
XVII Bangu,Bangu,aprovacao,2013,93.76385431074229
XVII Bangu,Bangu,aprovacao,2015,93.98481459682166
XVII Bangu,Bangu,aprovacao,2017,96.47119366626066
XVII Bangu,Bangu,aprovacao,2019,96.74698874917274
XVII Bangu,Bangu,aprovacao,2021,98.62733931514376
XVII Bangu,Bangu,aprovacao,2023,98.1
XVII Bangu,Bangu,saeb,2007,4.854459363957597
XVII Bangu,Bangu,saeb,2009,5.703617491166078
XVII Bangu,Bangu,saeb,2011,5.912227767695098
XVII Bangu,Bangu,saeb,2013,6.073679114799447
XVII Bangu,Bangu,saeb,2015,6.048287227781048
XVII Bangu,Bangu,saeb,2017,6.118733252131547
XVII Bangu,Bangu,saeb,2019,6.138762409000661
XVII Bangu,Bangu,saeb,2021,5.500702471708478
XVII Bangu,Bangu,saeb,2023,5.9
XVII Bangu,Bangu,ideb,2007,4.583498233215548
XVII Bangu,Bangu,ideb,2009,5.175530035335689
XVII Bangu,Bangu,ideb,2011,5.308212341197822
XVII Bangu,Bangu,ideb,2013,5.383494698017521
XVII Bangu,Bangu,ideb,2015,5.403766921718658
XVII Bangu,Bangu,ideb,2017,5.699086479902558
XVII Bangu,Bangu,ideb,2019,5.793712772998015
XVII Bangu,Bangu,ideb,2021,5.4149240065922
XVII Bangu,Bangu,ideb,2023,5.8
XVII Bangu,Padre Miguel,aprovacao,2007,98.31927512355848
XVII Bangu,Padre Miguel,aprovacao,2009,93.14793233082708
XVII Bangu,Padre Miguel,aprovacao,2011,97.68754385964913
XVII Bangu,Padre Miguel,aprovacao,2013,95.71834862385322
XVII Bangu,Padre Miguel,aprovacao,2015,94.74031971580817
XVII Bangu,Padre Miguel,aprovacao,2017,96.66969696969696
XVII Bangu,Padre Miguel,aprovacao,2019,94.78204158790172
XVII Bangu,Padre Miguel,aprovacao,2021,99.38725637181409
XVII Bangu,Padre Miguel,aprovacao,2023,96.4
XVII Bangu,Padre Miguel,saeb,2007,5.093278418451401
XVII Bangu,Padre Miguel,saeb,2009,5.857612781954887
XVII Bangu,Padre Miguel,saeb,2011,6.214052631578947
XVII Bangu,Padre Miguel,saeb,2013,6.2433211009174325
XVII Bangu,Padre Miguel,saeb,2015,6.343694493783303
XVII Bangu,Padre Miguel,saeb,2017,6.249797979797979
XVII Bangu,Padre Miguel,saeb,2019,6.096181474480152
XVII Bangu,Padre Miguel,saeb,2021,5.464799712143928
XVII Bangu,Padre Miguel,saeb,2023,6.0
XVII Bangu,Padre Miguel,ideb,2007,4.804448105436573
XVII Bangu,Padre Miguel,ideb,2009,5.348308270676691
XVII Bangu,Padre Miguel,ideb,2011,5.708771929824562
XVII Bangu,Padre Miguel,ideb,2013,5.714128440366972
XVII Bangu,Padre Miguel,ideb,2015,5.771225577264653
XVII Bangu,Padre Miguel,ideb,2017,5.7555555555555555
XVII Bangu,Padre Miguel,ideb,2019,5.70586011342155
XVII Bangu,Padre Miguel,ideb,2021,5.428735632183908
XVII Bangu,Padre Miguel,ideb,2023,5.9
XVII Bangu,Senador Camará,aprovacao,2007,98.97096498719044
XVII Bangu,Senador Camará,aprovacao,2009,92.04712430426714
XVII Bangu,Senador Camará,aprovacao,2011,95.839652014652
XVII Bangu,Senador Camará,aprovacao,2013,97.01857740585774
XVII Bangu,Senador Camará,aprovacao,2015,95.16263858093127
XVII Bangu,Senador Camará,aprovacao,2017,97.61957868649318
XVII Bangu,Senador Camará,aprovacao,2019,95.64263715110683
XVII Bangu,Senador Camará,aprovacao,2021,99.49330543933054
XVII Bangu,Senador Camará,aprovacao,2023,98.6
XVII Bangu,Senador Camará,saeb,2007,4.604466268146884
XVII Bangu,Senador Camará,saeb,2009,5.339601113172541
XVII Bangu,Senador Camará,saeb,2011,5.718214285714286
XVII Bangu,Senador Camará,saeb,2013,5.751673640167365
XVII Bangu,Senador Camará,saeb,2015,5.892106430155211
XVII Bangu,Senador Camará,saeb,2017,5.923506815365552
XVII Bangu,Senador Camará,saeb,2019,5.825101058710298
XVII Bangu,Senador Camará,saeb,2021,5.699425778242677
XVII Bangu,Senador Camará,saeb,2023,5.8
XVII Bangu,Senador Camará,ideb,2007,4.404440649017934
XVII Bangu,Senador Camará,ideb,2009,4.838033395176251
XVII Bangu,Senador Camará,ideb,2011,5.16401098901099
XVII Bangu,Senador Camará,ideb,2013,5.228953974895398
XVII Bangu,Senador Camará,ideb,2015,5.4121951219512185
XVII Bangu,Senador Camará,ideb,2017,5.627013630731104
XVII Bangu,Senador Camará,ideb,2019,5.511260827718961
XVII Bangu,Senador Camará,ideb,2021,5.676708507670851
XVII Bangu,Senador Camará,ideb,2023,5.7
XVII Bangu,Vila Kennedy,aprovacao,2007,99.65351288056206
XVII Bangu,Vila Kennedy,aprovacao,2009,93.03704245973645
XVII Bangu,Vila Kennedy,aprovacao,2011,95.7911888111888
XVII Bangu,Vila Kennedy,aprovacao,2013,97.22353951890034
XVII Bangu,Vila Kennedy,aprovacao,2015,98.33996316758747
XVII Bangu,Vila Kennedy,aprovacao,2017,97.47170818505337
XVII Bangu,Vila Kennedy,aprovacao,2019,97.97627118644068
XVII Bangu,Vila Kennedy,aprovacao,2021,97.61010854816824
XVII Bangu,Vila Kennedy,aprovacao,2023,99.2
XVII Bangu,Vila Kennedy,saeb,2007,4.738665105386418
XVII Bangu,Vila Kennedy,saeb,2009,5.481332357247439
XVII Bangu,Vila Kennedy,saeb,2011,5.586783216783217
XVII Bangu,Vila Kennedy,saeb,2013,5.767079037800688
XVII Bangu,Vila Kennedy,saeb,2015,5.771583793738491
XVII Bangu,Vila Kennedy,saeb,2017,5.97670818505338
XVII Bangu,Vila Kennedy,saeb,2019,5.581152542372881
XVII Bangu,Vila Kennedy,saeb,2021,5.257266705563093
XVII Bangu,Vila Kennedy,saeb,2023,5.6
XVII Bangu,Vila Kennedy,ideb,2007,4.60936768149883
XVII Bangu,Vila Kennedy,ideb,2009,4.925915080527086
XVII Bangu,Vila Kennedy,ideb,2011,5.074685314685314
XVII Bangu,Vila Kennedy,ideb,2013,5.191237113402061
XVII Bangu,Vila Kennedy,ideb,2015,5.343646408839779
XVII Bangu,Vila Kennedy,ideb,2017,5.51387900355872
XVII Bangu,Vila Kennedy,ideb,2019,5.233559322033899
XVII Bangu,Vila Kennedy,ideb,2021,5.130800542740841
XVII Bangu,Vila Kennedy,ideb,2023,5.6
XVII Bangu,Jabour,aprovacao,2007,97.2
XVII Bangu,Jabour,aprovacao,2009,87.38000000000001
XVII Bangu,Jabour,aprovacao,2011,95.53152173913043
XVII Bangu,Jabour,aprovacao,2013,97.38235294117646
XVII Bangu,Jabour,aprovacao,2015,94.94726368159205
XVII Bangu,Jabour,aprovacao,2017,95.4
XVII Bangu,Jabour,aprovacao,2019,91.3805263157895
XVII Bangu,Jabour,aprovacao,2021,99.8
XVII Bangu,Jabour,aprovacao,2023,98.1
XVII Bangu,Jabour,saeb,2007,4.673116883116882
XVII Bangu,Jabour,saeb,2009,5.588
XVII Bangu,Jabour,saeb,2011,5.78304347826087
XVII Bangu,Jabour,saeb,2013,5.412941176470588
XVII Bangu,Jabour,saeb,2015,5.564378109452736
XVII Bangu,Jabour,saeb,2017,5.625
XVII Bangu,Jabour,saeb,2019,5.442105263157894
XVII Bangu,Jabour,saeb,2021,5.350452
XVII Bangu,Jabour,saeb,2023,5.6
XVII Bangu,Jabour,ideb,2007,4.483116883116883
XVII Bangu,Jabour,ideb,2009,4.8
XVII Bangu,Jabour,ideb,2011,5.179347826086956
XVII Bangu,Jabour,ideb,2013,4.758823529411765
XVII Bangu,Jabour,ideb,2015,4.873631840796019
XVII Bangu,Jabour,ideb,2017,4.970000000000001
XVII Bangu,Jabour,ideb,2019,5.00421052631579
XVII Bangu,Jabour,ideb,2021,5.3
XVII Bangu,Jabour,ideb,2023,5.4
XXXII Realengo,Campo dos Afonsos,aprovacao,2007,98.76727272727273
XXXII Realengo,Campo dos Afonsos,aprovacao,2009,97.68923076923078
XXXII Realengo,Campo dos Afonsos,aprovacao,2011,100.0
XXXII Realengo,Campo dos Afonsos,aprovacao,2013,95.70967741935483
XXXII Realengo,Campo dos Afonsos,aprovacao,2015,93.56914893617021
XXXII Realengo,Campo dos Afonsos,aprovacao,2017,100.0
XXXII Realengo,Campo dos Afonsos,aprovacao,2019,96.8
XXXII Realengo,Campo dos Afonsos,aprovacao,2021,100.0
XXXII Realengo,Campo dos Afonsos,aprovacao,2023,98.5
XXXII Realengo,Campo dos Afonsos,saeb,2007,5.288424242424242
XXXII Realengo,Campo dos Afonsos,saeb,2009,6.2478461538461545
XXXII Realengo,Campo dos Afonsos,saeb,2011,6.191037735849057
XXXII Realengo,Campo dos Afonsos,saeb,2013,5.835806451612903
XXXII Realengo,Campo dos Afonsos,saeb,2015,6.554787234042554
XXXII Realengo,Campo dos Afonsos,saeb,2017,6.08
XXXII Realengo,Campo dos Afonsos,saeb,2019,6.03
XXXII Realengo,Campo dos Afonsos,saeb,2021,5.935919
XXXII Realengo,Campo dos Afonsos,saeb,2023,6.7
XXXII Realengo,Campo dos Afonsos,ideb,2007,5.0230303030303025
XXXII Realengo,Campo dos Afonsos,ideb,2009,5.796923076923076
XXXII Realengo,Campo dos Afonsos,ideb,2011,5.874528301886793
XXXII Realengo,Campo dos Afonsos,ideb,2013,5.412903225806452
XXXII Realengo,Campo dos Afonsos,ideb,2015,6.293617021276596
XXXII Realengo,Campo dos Afonsos,ideb,2017,6.0
XXXII Realengo,Campo dos Afonsos,ideb,2019,5.8
XXXII Realengo,Campo dos Afonsos,ideb,2021,5.9
XXXII Realengo,Campo dos Afonsos,ideb,2023,6.6
XXXII Realengo,Deodoro,aprovacao,2007,99.52136363636365
XXXII Realengo,Deodoro,aprovacao,2009,97.93310344827586
XXXII Realengo,Deodoro,aprovacao,2011,98.01052631578948
XXXII Realengo,Deodoro,aprovacao,2013,96.62987012987013
XXXII Realengo,Deodoro,aprovacao,2015,95.47567567567567
XXXII Realengo,Deodoro,aprovacao,2017,94.4232142857143
XXXII Realengo,Deodoro,aprovacao,2019,94.5956043956044
XXXII Realengo,Deodoro,aprovacao,2021,96.4
XXXII Realengo,Deodoro,aprovacao,2023,99.3
XXXII Realengo,Deodoro,saeb,2007,5.002954545454545
XXXII Realengo,Deodoro,saeb,2009,4.939103448275863
XXXII Realengo,Deodoro,saeb,2011,6.293684210526316
XXXII Realengo,Deodoro,saeb,2013,6.2943506493506485
XXXII Realengo,Deodoro,saeb,2015,6.3470270270270275
XXXII Realengo,Deodoro,saeb,2017,6.558303571428572
XXXII Realengo,Deodoro,saeb,2019,6.446373626373626
XXXII Realengo,Deodoro,saeb,2021,5.680704
XXXII Realengo,Deodoro,saeb,2023,6.5
XXXII Realengo,Deodoro,ideb,2007,4.743636363636363
XXXII Realengo,Deodoro,ideb,2009,4.544827586206897
XXXII Realengo,Deodoro,ideb,2011,5.642763157894737
XXXII Realengo,Deodoro,ideb,2013,5.683766233766233
XXXII Realengo,Deodoro,ideb,2015,5.886486486486487
XXXII Realengo,Deodoro,ideb,2017,6.20625
XXXII Realengo,Deodoro,ideb,2019,5.946153846153846
XXXII Realengo,Deodoro,ideb,2021,5.5
XXXII Realengo,Deodoro,ideb,2023,6.4
XXXII Realengo,Jardim Sulacap,aprovacao,2007,98.0
XXXII Realengo,Jardim Sulacap,aprovacao,2009,92.7
XXXII Realengo,Jardim Sulacap,aprovacao,2011,100.0
XXXII Realengo,Jardim Sulacap,aprovacao,2013,100.0
XXXII Realengo,Jardim Sulacap,aprovacao,2015,96.8
XXXII Realengo,Jardim Sulacap,aprovacao,2017,100.0
XXXII Realengo,Jardim Sulacap,aprovacao,2019,100.0
XXXII Realengo,Jardim Sulacap,aprovacao,2023,97.5
XXXII Realengo,Jardim Sulacap,saeb,2007,6.0
XXXII Realengo,Jardim Sulacap,saeb,2009,5.99
XXXII Realengo,Jardim Sulacap,saeb,2011,6.11
XXXII Realengo,Jardim Sulacap,saeb,2013,6.0
XXXII Realengo,Jardim Sulacap,saeb,2015,6.6
XXXII Realengo,Jardim Sulacap,saeb,2017,6.889999999999999
XXXII Realengo,Jardim Sulacap,saeb,2019,7.11
XXXII Realengo,Jardim Sulacap,saeb,2023,7.3
XXXII Realengo,Jardim Sulacap,ideb,2007,5.900000000000001
XXXII Realengo,Jardim Sulacap,ideb,2009,5.7
XXXII Realengo,Jardim Sulacap,ideb,2011,6.0
XXXII Realengo,Jardim Sulacap,ideb,2013,5.599999999999999
XXXII Realengo,Jardim Sulacap,ideb,2015,6.1
XXXII Realengo,Jardim Sulacap,ideb,2017,6.8
XXXII Realengo,Jardim Sulacap,ideb,2019,6.9
XXXII Realengo,Jardim Sulacap,ideb,2023,7.1
XXXII Realengo,Magalhães Bastos,aprovacao,2007,100.0
XXXII Realengo,Magalhães Bastos,aprovacao,2009,88.4403314917127
XXXII Realengo,Magalhães Bastos,aprovacao,2011,96.87954545454545
XXXII Realengo,Magalhães Bastos,aprovacao,2013,91.96634615384616
XXXII Realengo,Magalhães Bastos,aprovacao,2015,93.85684931506849
XXXII Realengo,Magalhães Bastos,aprovacao,2017,94.44914529914529
XXXII Realengo,Magalhães Bastos,aprovacao,2019,97.51152263374485
XXXII Realengo,Magalhães Bastos,aprovacao,2021,99.61551094890511
XXXII Realengo,Magalhães Bastos,aprovacao,2023,95.5
XXXII Realengo,Magalhães Bastos,saeb,2007,4.541311053984576
XXXII Realengo,Magalhães Bastos,saeb,2009,5.910994475138122
XXXII Realengo,Magalhães Bastos,saeb,2011,6.147642045454545
XXXII Realengo,Magalhães Bastos,saeb,2013,6.14698717948718
XXXII Realengo,Magalhães Bastos,saeb,2015,6.371130136986301
XXXII Realengo,Magalhães Bastos,saeb,2017,6.5014102564102565
XXXII Realengo,Magalhães Bastos,saeb,2019,6.418106995884774
XXXII Realengo,Magalhães Bastos,saeb,2021,6.005213310218977
XXXII Realengo,Magalhães Bastos,saeb,2023,6.0
XXXII Realengo,Magalhães Bastos,ideb,2007,4.34344473007712
XXXII Realengo,Magalhães Bastos,ideb,2009,5.216022099447515
XXXII Realengo,Magalhães Bastos,ideb,2011,5.6789772727272725
XXXII Realengo,Magalhães Bastos,ideb,2013,5.496794871794871
XXXII Realengo,Magalhães Bastos,ideb,2015,5.770890410958904
XXXII Realengo,Magalhães Bastos,ideb,2017,6.002991452991453
XXXII Realengo,Magalhães Bastos,ideb,2019,6.172839506172839
XXXII Realengo,Magalhães Bastos,ideb,2021,5.950729927007299
XXXII Realengo,Magalhães Bastos,ideb,2023,5.7
XXXII Realengo,Realengo,aprovacao,2007,97.20548367221195
XXXII Realengo,Realengo,aprovacao,2009,85.88056704075605
XXXII Realengo,Realengo,aprovacao,2011,93.23814667424672
XXXII Realengo,Realengo,aprovacao,2013,92.17290209790212
XXXII Realengo,Realengo,aprovacao,2015,95.74942528735633
XXXII Realengo,Realengo,aprovacao,2017,97.21209503239739
XXXII Realengo,Realengo,aprovacao,2019,97.44874213836478
XXXII Realengo,Realengo,aprovacao,2021,98.26891632957208
XXXII Realengo,Realengo,aprovacao,2023,97.1
XXXII Realengo,Realengo,saeb,2007,4.531540357362909
XXXII Realengo,Realengo,saeb,2009,5.561736562315418
XXXII Realengo,Realengo,saeb,2011,6.114593519044912
XXXII Realengo,Realengo,saeb,2013,5.808846153846153
XXXII Realengo,Realengo,saeb,2015,6.137636494252874
XXXII Realengo,Realengo,saeb,2017,6.127041036717062
XXXII Realengo,Realengo,saeb,2019,6.118333333333332
XXXII Realengo,Realengo,saeb,2021,5.691648504151586
XXXII Realengo,Realengo,saeb,2023,6.2
XXXII Realengo,Realengo,ideb,2007,4.301232285890326
XXXII Realengo,Realengo,ideb,2009,4.8820437093916125
XXXII Realengo,Realengo,ideb,2011,5.460545764638999
XXXII Realengo,Realengo,ideb,2013,5.14009324009324
XXXII Realengo,Realengo,ideb,2015,5.650718390804598
XXXII Realengo,Realengo,ideb,2017,5.734269258459323
XXXII Realengo,Realengo,ideb,2019,5.889386792452831
XXXII Realengo,Realengo,ideb,2021,5.598935490738771
XXXII Realengo,Realengo,ideb,2023,6.1
XXXII Realengo,Vila Militar,aprovacao,2007,97.18775510204082
XXXII Realengo,Vila Militar,aprovacao,2009,93.75568181818181
XXXII Realengo,Vila Militar,aprovacao,2011,98.0
XXXII Realengo,Vila Militar,aprovacao,2013,100.0
XXXII Realengo,Vila Militar,aprovacao,2015,96.72950819672131
XXXII Realengo,Vila Militar,aprovacao,2017,98.46666666666667
XXXII Realengo,Vila Militar,aprovacao,2019,98.55238095238096
XXXII Realengo,Vila Militar,aprovacao,2021,96.0
XXXII Realengo,Vila Militar,aprovacao,2023,97.4
XXXII Realengo,Vila Militar,saeb,2007,4.602789115646258
XXXII Realengo,Vila Militar,saeb,2009,5.273522727272726
XXXII Realengo,Vila Militar,saeb,2011,5.83
XXXII Realengo,Vila Militar,saeb,2013,5.57
XXXII Realengo,Vila Militar,saeb,2015,6.2272131147540986
XXXII Realengo,Vila Militar,saeb,2017,6.726666666666667
XXXII Realengo,Vila Militar,saeb,2019,6.616190476190476
XXXII Realengo,Vila Militar,saeb,2021,6.210756
XXXII Realengo,Vila Militar,saeb,2023,6.4
XXXII Realengo,Vila Militar,ideb,2007,4.218367346938775
XXXII Realengo,Vila Militar,ideb,2009,4.946590909090909
XXXII Realengo,Vila Militar,ideb,2011,5.1
XXXII Realengo,Vila Militar,ideb,2013,5.1
XXXII Realengo,Vila Militar,ideb,2015,5.927868852459016
XXXII Realengo,Vila Militar,ideb,2017,6.233333333333334
XXXII Realengo,Vila Militar,ideb,2019,6.5
XXXII Realengo,Vila Militar,ideb,2021,6.0
XXXII Realengo,Vila Militar,ideb,2023,6.2
XVIII Campo Grande,Campo Grande,aprovacao,2007,98.62224048849225
XVIII Campo Grande,Campo Grande,aprovacao,2009,93.11665682220911
XVIII Campo Grande,Campo Grande,aprovacao,2011,96.0760319207485
XVIII Campo Grande,Campo Grande,aprovacao,2013,97.41519023282224
XVIII Campo Grande,Campo Grande,aprovacao,2015,96.75474759615385
XVIII Campo Grande,Campo Grande,aprovacao,2017,96.92216928251122
XVIII Campo Grande,Campo Grande,aprovacao,2019,98.44163447251115
XVIII Campo Grande,Campo Grande,aprovacao,2021,99.16630231636177
XVIII Campo Grande,Campo Grande,aprovacao,2023,99.6
XVIII Campo Grande,Campo Grande,saeb,2007,4.8873767026773125
XVIII Campo Grande,Campo Grande,saeb,2009,5.789562906083876
XVIII Campo Grande,Campo Grande,saeb,2011,6.0757154650522835
XVIII Campo Grande,Campo Grande,saeb,2013,6.0546280522430465
XVIII Campo Grande,Campo Grande,saeb,2015,6.260279447115385
XVIII Campo Grande,Campo Grande,saeb,2017,6.297144058295964
XVIII Campo Grande,Campo Grande,saeb,2019,6.138606240713225
XVIII Campo Grande,Campo Grande,saeb,2021,5.626569196805801
XVIII Campo Grande,Campo Grande,saeb,2023,6.3
XVIII Campo Grande,Campo Grande,ideb,2007,4.659065288868014
XVIII Campo Grande,Campo Grande,ideb,2009,5.343414057885411
XVIII Campo Grande,Campo Grande,ideb,2011,5.662493120528344
XVIII Campo Grande,Campo Grande,ideb,2013,5.6730550823395784
XVIII Campo Grande,Campo Grande,ideb,2015,5.897445913461538
XVIII Campo Grande,Campo Grande,ideb,2017,6.004428251121076
XVIII Campo Grande,Campo Grande,ideb,2019,5.976671619613669
XVIII Campo Grande,Campo Grande,ideb,2021,5.578184289516907
XVIII Campo Grande,Campo Grande,ideb,2023,6.3
XVIII Campo Grande,Cosmos,aprovacao,2007,98.15589353612167
XVIII Campo Grande,Cosmos,aprovacao,2009,94.45689119170984
XVIII Campo Grande,Cosmos,aprovacao,2011,94.65028355387524
XVIII Campo Grande,Cosmos,aprovacao,2013,94.06003917727718
XVIII Campo Grande,Cosmos,aprovacao,2015,95.73969230769231
XVIII Campo Grande,Cosmos,aprovacao,2017,95.55447154471544
XVIII Campo Grande,Cosmos,aprovacao,2019,97.04706632653061
XVIII Campo Grande,Cosmos,aprovacao,2021,98.8185582822086
XVIII Campo Grande,Cosmos,aprovacao,2023,99.4
XVIII Campo Grande,Cosmos,saeb,2007,4.870171102661597
XVIII Campo Grande,Cosmos,saeb,2009,5.591544041450778
XVIII Campo Grande,Cosmos,saeb,2011,6.031871455576559
XVIII Campo Grande,Cosmos,saeb,2013,5.748119490695397
XVIII Campo Grande,Cosmos,saeb,2015,5.916502564102564
XVIII Campo Grande,Cosmos,saeb,2017,5.8881881533101055
XVIII Campo Grande,Cosmos,saeb,2019,5.716709183673469
XVIII Campo Grande,Cosmos,saeb,2021,5.264904414329536
XVIII Campo Grande,Cosmos,saeb,2023,6.0
XVIII Campo Grande,Cosmos,ideb,2007,4.556749049429658
XVIII Campo Grande,Cosmos,ideb,2009,5.159999999999999
XVIII Campo Grande,Cosmos,ideb,2011,5.453402646502836
XVIII Campo Grande,Cosmos,ideb,2013,5.233594515181194
XVIII Campo Grande,Cosmos,ideb,2015,5.5312820512820515
XVIII Campo Grande,Cosmos,ideb,2017,5.542160278745643
XVIII Campo Grande,Cosmos,ideb,2019,5.436989795918366
XVIII Campo Grande,Cosmos,ideb,2021,5.19592462751972
XVIII Campo Grande,Cosmos,ideb,2023,6.0
XVIII Campo Grande,Inhoaíba,aprovacao,2007,97.71011011011011
XVIII Campo Grande,Inhoaíba,aprovacao,2009,93.98622668579627
XVIII Campo Grande,Inhoaíba,aprovacao,2011,93.1075422626788
XVIII Campo Grande,Inhoaíba,aprovacao,2013,95.52793296089385
XVIII Campo Grande,Inhoaíba,aprovacao,2015,95.9285380116959
XVIII Campo Grande,Inhoaíba,aprovacao,2017,97.341822721598
XVIII Campo Grande,Inhoaíba,aprovacao,2019,97.40991957104558
XVIII Campo Grande,Inhoaíba,aprovacao,2021,98.19380378657486
XVIII Campo Grande,Inhoaíba,aprovacao,2023,99.2
XVIII Campo Grande,Inhoaíba,saeb,2007,4.7070070070070065
XVIII Campo Grande,Inhoaíba,saeb,2009,5.475179340028695
XVIII Campo Grande,Inhoaíba,saeb,2011,5.863381014304292
XVIII Campo Grande,Inhoaíba,saeb,2013,5.99513966480447
XVIII Campo Grande,Inhoaíba,saeb,2015,5.848210526315789
XVIII Campo Grande,Inhoaíba,saeb,2017,6.015530586766542
XVIII Campo Grande,Inhoaíba,saeb,2019,5.86485254691689
XVIII Campo Grande,Inhoaíba,saeb,2021,5.453396967297762
XVIII Campo Grande,Inhoaíba,saeb,2023,6.0
XVIII Campo Grande,Inhoaíba,ideb,2007,4.513713713713713
XVIII Campo Grande,Inhoaíba,ideb,2009,4.979340028694405
XVIII Campo Grande,Inhoaíba,ideb,2011,5.3581274382314685
XVIII Campo Grande,Inhoaíba,ideb,2013,5.646229050279329
XVIII Campo Grande,Inhoaíba,ideb,2015,5.456608187134503
XVIII Campo Grande,Inhoaíba,ideb,2017,5.817228464419476
XVIII Campo Grande,Inhoaíba,ideb,2019,5.707640750670241
XVIII Campo Grande,Inhoaíba,ideb,2021,5.343103024342267
XVIII Campo Grande,Inhoaíba,ideb,2023,6.0
XVIII Campo Grande,Santíssimo,aprovacao,2007,98.64117647058823
XVIII Campo Grande,Santíssimo,aprovacao,2009,94.88568421052632
XVIII Campo Grande,Santíssimo,aprovacao,2011,94.79634888438133
XVIII Campo Grande,Santíssimo,aprovacao,2013,98.51910828025478
XVIII Campo Grande,Santíssimo,aprovacao,2015,98.15950920245399
XVIII Campo Grande,Santíssimo,aprovacao,2017,98.22026431718062
XVIII Campo Grande,Santíssimo,aprovacao,2019,97.99828767123287
XVIII Campo Grande,Santíssimo,aprovacao,2021,99.69871114480668
XVIII Campo Grande,Santíssimo,aprovacao,2023,99.7
XVIII Campo Grande,Santíssimo,saeb,2007,4.927176470588235
XVIII Campo Grande,Santíssimo,saeb,2009,5.419536842105263
XVIII Campo Grande,Santíssimo,saeb,2011,6.011724137931035
XVIII Campo Grande,Santíssimo,saeb,2013,5.793864118895966
XVIII Campo Grande,Santíssimo,saeb,2015,6.136196319018405
XVIII Campo Grande,Santíssimo,saeb,2017,6.374801762114537
XVIII Campo Grande,Santíssimo,saeb,2019,6.138356164383562
XVIII Campo Grande,Santíssimo,saeb,2021,5.829369699772555
XVIII Campo Grande,Santíssimo,saeb,2023,6.6
XVIII Campo Grande,Santíssimo,ideb,2007,4.605210084033614
XVIII Campo Grande,Santíssimo,ideb,2009,4.982736842105264
XVIII Campo Grande,Santíssimo,ideb,2011,5.553549695740364
XVIII Campo Grande,Santíssimo,ideb,2013,5.030360934182591
XVIII Campo Grande,Santíssimo,ideb,2015,5.812269938650307
XVIII Campo Grande,Santíssimo,ideb,2017,6.1555066079295155
XVIII Campo Grande,Santíssimo,ideb,2019,5.970890410958904
XVIII Campo Grande,Santíssimo,ideb,2021,5.822289613343441
XVIII Campo Grande,Santíssimo,ideb,2023,6.6
XVIII Campo Grande,Senador Vasconcelos,aprovacao,2007,97.51802721088436
XVIII Campo Grande,Senador Vasconcelos,aprovacao,2009,94.8469465648855
XVIII Campo Grande,Senador Vasconcelos,aprovacao,2011,97.72251908396946
XVIII Campo Grande,Senador Vasconcelos,aprovacao,2013,97.36052631578947
XVIII Campo Grande,Senador Vasconcelos,aprovacao,2015,98.67304347826087
XVIII Campo Grande,Senador Vasconcelos,aprovacao,2017,99.14422535211267
XVIII Campo Grande,Senador Vasconcelos,aprovacao,2019,98.13478260869566
XVIII Campo Grande,Senador Vasconcelos,aprovacao,2021,99.71182266009852
XVIII Campo Grande,Senador Vasconcelos,aprovacao,2023,99.5
XVIII Campo Grande,Senador Vasconcelos,saeb,2007,4.991054421768707
XVIII Campo Grande,Senador Vasconcelos,saeb,2009,5.575
XVIII Campo Grande,Senador Vasconcelos,saeb,2011,6.149847328244275
XVIII Campo Grande,Senador Vasconcelos,saeb,2013,6.096894736842105
XVIII Campo Grande,Senador Vasconcelos,saeb,2015,6.505608695652174
XVIII Campo Grande,Senador Vasconcelos,saeb,2017,6.113605633802817
XVIII Campo Grande,Senador Vasconcelos,saeb,2019,5.9351811594202895
XVIII Campo Grande,Senador Vasconcelos,saeb,2021,5.487673973258268
XVIII Campo Grande,Senador Vasconcelos,saeb,2023,6.3
XVIII Campo Grande,Senador Vasconcelos,ideb,2007,4.757482993197279
XVIII Campo Grande,Senador Vasconcelos,ideb,2009,5.103435114503816
XVIII Campo Grande,Senador Vasconcelos,ideb,2011,5.88969465648855
XVIII Campo Grande,Senador Vasconcelos,ideb,2013,5.825263157894738
XVIII Campo Grande,Senador Vasconcelos,ideb,2015,6.13391304347826
XVIII Campo Grande,Senador Vasconcelos,ideb,2017,5.888450704225351
XVIII Campo Grande,Senador Vasconcelos,ideb,2019,5.78623188405797
XVIII Campo Grande,Senador Vasconcelos,ideb,2021,5.444264602392681
XVIII Campo Grande,Senador Vasconcelos,ideb,2023,6.2
XIX Santa Cruz,Paciência,aprovacao,2007,98.77855020796197
XIX Santa Cruz,Paciência,aprovacao,2009,94.53650329188002
XIX Santa Cruz,Paciência,aprovacao,2011,97.0003821656051
XIX Santa Cruz,Paciência,aprovacao,2013,97.98618283321703
XIX Santa Cruz,Paciência,aprovacao,2015,96.48102524866106
XIX Santa Cruz,Paciência,aprovacao,2017,97.8275578790142
XIX Santa Cruz,Paciência,aprovacao,2019,98.23287671232876
XIX Santa Cruz,Paciência,aprovacao,2021,99.89380214541121
XIX Santa Cruz,Paciência,aprovacao,2023,99.7
XIX Santa Cruz,Paciência,saeb,2007,4.62698752228164
XIX Santa Cruz,Paciência,saeb,2009,5.569451353328457
XIX Santa Cruz,Paciência,saeb,2011,5.726159235668791
XIX Santa Cruz,Paciência,saeb,2013,5.57863921842289
XIX Santa Cruz,Paciência,saeb,2015,5.743833205814844
XIX Santa Cruz,Paciência,saeb,2017,5.822404779686333
XIX Santa Cruz,Paciência,saeb,2019,5.903789954337899
XIX Santa Cruz,Paciência,saeb,2021,5.547421029201431
XIX Santa Cruz,Paciência,saeb,2023,6.4
XIX Santa Cruz,Paciência,ideb,2007,4.397682709447415
XIX Santa Cruz,Paciência,ideb,2009,5.131528895391368
XIX Santa Cruz,Paciência,ideb,2011,5.334458598726115
XIX Santa Cruz,Paciência,ideb,2013,5.211933007676204
XIX Santa Cruz,Paciência,ideb,2015,5.400382555470544
XIX Santa Cruz,Paciência,ideb,2017,5.569230769230768
XIX Santa Cruz,Paciência,ideb,2019,5.692237442922374
XIX Santa Cruz,Paciência,ideb,2021,5.558641239570917
XIX Santa Cruz,Paciência,ideb,2023,6.4
XIX Santa Cruz,Santa Cruz,aprovacao,2007,97.28985699152541
XIX Santa Cruz,Santa Cruz,aprovacao,2009,94.13631245601685
XIX Santa Cruz,Santa Cruz,aprovacao,2011,93.2285549466397
XIX Santa Cruz,Santa Cruz,aprovacao,2013,93.95545878693626
XIX Santa Cruz,Santa Cruz,aprovacao,2015,93.52846202935547
XIX Santa Cruz,Santa Cruz,aprovacao,2017,96.06892573900502
XIX Santa Cruz,Santa Cruz,aprovacao,2019,98.48977381331638
XIX Santa Cruz,Santa Cruz,aprovacao,2021,99.83762059973922
XIX Santa Cruz,Santa Cruz,aprovacao,2023,99.5
XIX Santa Cruz,Santa Cruz,saeb,2007,4.479457097457627
XIX Santa Cruz,Santa Cruz,saeb,2009,5.372033779028854
XIX Santa Cruz,Santa Cruz,saeb,2011,5.681845976348427
XIX Santa Cruz,Santa Cruz,saeb,2013,5.856553654743388
XIX Santa Cruz,Santa Cruz,saeb,2015,5.799677728142948
XIX Santa Cruz,Santa Cruz,saeb,2017,5.795317231434751
XIX Santa Cruz,Santa Cruz,saeb,2019,5.7847403631729835
XIX Santa Cruz,Santa Cruz,saeb,2021,5.29461076088657
XIX Santa Cruz,Santa Cruz,saeb,2023,6.0
XIX Santa Cruz,Santa Cruz,ideb,2007,4.2447033898305095
XIX Santa Cruz,Santa Cruz,ideb,2009,4.83859957776214
XIX Santa Cruz,Santa Cruz,ideb,2011,5.238477069512547
XIX Santa Cruz,Santa Cruz,ideb,2013,5.370419906687403
XIX Santa Cruz,Santa Cruz,ideb,2015,5.385673261008296
XIX Santa Cruz,Santa Cruz,ideb,2017,5.452198990627253
XIX Santa Cruz,Santa Cruz,ideb,2019,5.620006371455878
XIX Santa Cruz,Santa Cruz,ideb,2021,5.285189048239896
XIX Santa Cruz,Santa Cruz,ideb,2023,6.0
XIX Santa Cruz,Sepetiba,aprovacao,2007,93.2719656283566
XIX Santa Cruz,Sepetiba,aprovacao,2009,87.69937027707809
XIX Santa Cruz,Sepetiba,aprovacao,2011,93.27710718002082
XIX Santa Cruz,Sepetiba,aprovacao,2013,96.67939142461964
XIX Santa Cruz,Sepetiba,aprovacao,2015,94.05133136094675
XIX Santa Cruz,Sepetiba,aprovacao,2017,92.34971014492754
XIX Santa Cruz,Sepetiba,aprovacao,2019,96.94178525226391
XIX Santa Cruz,Sepetiba,aprovacao,2021,99.95364238410596
XIX Santa Cruz,Sepetiba,aprovacao,2023,99.8
XIX Santa Cruz,Sepetiba,saeb,2007,4.302706766917294
XIX Santa Cruz,Sepetiba,saeb,2009,5.504130982367758
XIX Santa Cruz,Sepetiba,saeb,2011,5.77181061394381
XIX Santa Cruz,Sepetiba,saeb,2013,5.392240663900415
XIX Santa Cruz,Sepetiba,saeb,2015,5.937573964497041
XIX Santa Cruz,Sepetiba,saeb,2017,5.799463768115942
XIX Santa Cruz,Sepetiba,saeb,2019,5.684346701164295
XIX Santa Cruz,Sepetiba,saeb,2021,4.887327183958793
XIX Santa Cruz,Sepetiba,saeb,2023,5.7
XIX Santa Cruz,Sepetiba,ideb,2007,3.7746509129967776
XIX Santa Cruz,Sepetiba,ideb,2009,4.785390428211587
XIX Santa Cruz,Sepetiba,ideb,2011,5.212591050988554
XIX Santa Cruz,Sepetiba,ideb,2013,4.8939142461964025
XIX Santa Cruz,Sepetiba,ideb,2015,5.379289940828403
XIX Santa Cruz,Sepetiba,ideb,2017,5.34072463768116
XIX Santa Cruz,Sepetiba,ideb,2019,5.473479948253558
XIX Santa Cruz,Sepetiba,ideb,2021,4.898650968849644
XIX Santa Cruz,Sepetiba,ideb,2023,5.7
XXVI Guaratiba,Barra de Guaratiba,aprovacao,2007,98.82352941176471
XXVI Guaratiba,Barra de Guaratiba,aprovacao,2009,95.3
XXVI Guaratiba,Barra de Guaratiba,aprovacao,2011,100.0
XXVI Guaratiba,Barra de Guaratiba,aprovacao,2013,100.0
XXVI Guaratiba,Barra de Guaratiba,aprovacao,2015,98.70270270270271
XXVI Guaratiba,Barra de Guaratiba,aprovacao,2017,100.0
XXVI Guaratiba,Barra de Guaratiba,aprovacao,2019,100.0
XXVI Guaratiba,Barra de Guaratiba,aprovacao,2021,100.0
XXVI Guaratiba,Barra de Guaratiba,aprovacao,2023,99.6
XXVI Guaratiba,Barra de Guaratiba,saeb,2007,5.096000000000001
XXVI Guaratiba,Barra de Guaratiba,saeb,2009,6.3500000000000005
XXVI Guaratiba,Barra de Guaratiba,saeb,2011,6.760000000000001
XXVI Guaratiba,Barra de Guaratiba,saeb,2013,6.607804878048781
XXVI Guaratiba,Barra de Guaratiba,saeb,2015,6.709729729729729
XXVI Guaratiba,Barra de Guaratiba,saeb,2017,6.785784313725491
XXVI Guaratiba,Barra de Guaratiba,saeb,2019,6.74330357142857
XXVI Guaratiba,Barra de Guaratiba,saeb,2021,5.796876
XXVI Guaratiba,Barra de Guaratiba,saeb,2023,6.7
XXVI Guaratiba,Barra de Guaratiba,ideb,2007,4.967058823529412
XXVI Guaratiba,Barra de Guaratiba,ideb,2009,5.8
XXVI Guaratiba,Barra de Guaratiba,ideb,2011,6.534782608695653
XXVI Guaratiba,Barra de Guaratiba,ideb,2013,6.324390243902438
XXVI Guaratiba,Barra de Guaratiba,ideb,2015,6.518918918918919
XXVI Guaratiba,Barra de Guaratiba,ideb,2017,6.5813725490196076
XXVI Guaratiba,Barra de Guaratiba,ideb,2019,6.658035714285714
XXVI Guaratiba,Barra de Guaratiba,ideb,2021,5.8
XXVI Guaratiba,Barra de Guaratiba,ideb,2023,6.7
XXVI Guaratiba,Guaratiba,aprovacao,2007,96.99098922624877
XXVI Guaratiba,Guaratiba,aprovacao,2009,88.80482374768089
XXVI Guaratiba,Guaratiba,aprovacao,2011,94.25094435936703
XXVI Guaratiba,Guaratiba,aprovacao,2013,94.16865577889446
XXVI Guaratiba,Guaratiba,aprovacao,2015,93.56460000000001
XXVI Guaratiba,Guaratiba,aprovacao,2017,94.27937853107345
XXVI Guaratiba,Guaratiba,aprovacao,2019,96.76013941698352
XXVI Guaratiba,Guaratiba,aprovacao,2021,99.21440109514032
XXVI Guaratiba,Guaratiba,aprovacao,2023,99.6
XXVI Guaratiba,Guaratiba,saeb,2007,4.533315377081293
XXVI Guaratiba,Guaratiba,saeb,2009,5.347359307359308
XXVI Guaratiba,Guaratiba,saeb,2011,5.702404287901991
XXVI Guaratiba,Guaratiba,saeb,2013,5.74520728643216
XXVI Guaratiba,Guaratiba,saeb,2015,5.872853333333335
XXVI Guaratiba,Guaratiba,saeb,2017,5.957302259887005
XXVI Guaratiba,Guaratiba,saeb,2019,5.826539923954373
XXVI Guaratiba,Guaratiba,saeb,2021,5.19046167652293
XXVI Guaratiba,Guaratiba,saeb,2023,5.9
XXVI Guaratiba,Guaratiba,ideb,2007,4.2179236043095
XXVI Guaratiba,Guaratiba,ideb,2009,4.545330859616574
XXVI Guaratiba,Guaratiba,ideb,2011,5.26089841755998
XXVI Guaratiba,Guaratiba,ideb,2013,5.0468592964824115
XXVI Guaratiba,Guaratiba,ideb,2015,5.3796
XXVI Guaratiba,Guaratiba,ideb,2017,5.483262711864407
XXVI Guaratiba,Guaratiba,ideb,2019,5.5565272496831435
XXVI Guaratiba,Guaratiba,ideb,2021,5.129938398357289
XXVI Guaratiba,Guaratiba,ideb,2023,5.9
XXVI Guaratiba,Pedra de Guaratiba,aprovacao,2007,92.93816254416961
XXVI Guaratiba,Pedra de Guaratiba,aprovacao,2009,82.16790123456789
XXVI Guaratiba,Pedra de Guaratiba,aprovacao,2011,92.1089552238806
XXVI Guaratiba,Pedra de Guaratiba,aprovacao,2013,94.30778443113772
XXVI Guaratiba,Pedra de Guaratiba,aprovacao,2015,96.87774294670847
XXVI Guaratiba,Pedra de Guaratiba,aprovacao,2017,96.18328445747801
XXVI Guaratiba,Pedra de Guaratiba,aprovacao,2019,95.75444015444016
XXVI Guaratiba,Pedra de Guaratiba,aprovacao,2021,99.91793103448276
XXVI Guaratiba,Pedra de Guaratiba,aprovacao,2023,98.7
XXVI Guaratiba,Pedra de Guaratiba,saeb,2007,4.698939929328621
XXVI Guaratiba,Pedra de Guaratiba,saeb,2009,5.276872427983539
XXVI Guaratiba,Pedra de Guaratiba,saeb,2011,5.986268656716418
XXVI Guaratiba,Pedra de Guaratiba,saeb,2013,5.8779640718562876
XXVI Guaratiba,Pedra de Guaratiba,saeb,2015,6.810721003134796
XXVI Guaratiba,Pedra de Guaratiba,saeb,2017,6.747038123167155
XXVI Guaratiba,Pedra de Guaratiba,saeb,2019,6.148339768339769
XXVI Guaratiba,Pedra de Guaratiba,saeb,2021,5.965486996551724
XXVI Guaratiba,Pedra de Guaratiba,saeb,2023,6.5
XXVI Guaratiba,Pedra de Guaratiba,ideb,2007,4.3137809187279155
XXVI Guaratiba,Pedra de Guaratiba,ideb,2009,4.497119341563786
XXVI Guaratiba,Pedra de Guaratiba,ideb,2011,5.165671641791045
XXVI Guaratiba,Pedra de Guaratiba,ideb,2013,5.543712574850299
XXVI Guaratiba,Pedra de Guaratiba,ideb,2015,6.486206896551725
XXVI Guaratiba,Pedra de Guaratiba,ideb,2017,6.383577712609971
XXVI Guaratiba,Pedra de Guaratiba,ideb,2019,5.72972972972973
XXVI Guaratiba,Pedra de Guaratiba,ideb,2021,5.95896551724138
XXVI Guaratiba,Pedra de Guaratiba,ideb,2023,6.4
