{"type": "FeatureCollection", "features": [{"type": "Feature", "id": 1, "geometry": {"type": "Point", "coordinates": [-43.109769876241316, -22.75334409460865]}, "properties": {"objectid": 1, "cre": 1, "designacao": 11, "denominacao": "Biblioteca Escolar Municipal de Paquetá - Joaquim Manoel de Macedo", "latitude": -22.7533441, "longitude": -43.109769879999995, "tipo": "Biblioteca Escolar Municipal"}}, {"type": "Feature", "id": 2, "geometry": {"type": "Point", "coordinates": [-43.19207937402741, -22.980752846418515]}, "properties": {"objectid": 2, "cre": 2, "designacao": 21, "denominacao": "Biblioteca Escolar Municipal de Copacabana - Carlos Drummond de Andrade", "latitude": -22.98075285, "longitude": -43.19207937, "tipo": "Biblioteca Escolar Municipal"}}, {"type": "Feature", "id": 3, "geometry": {"type": "Point", "coordinates": [-43.17721030142652, -22.918901359357196]}, "properties": {"objectid": 3, "cre": 2, "designacao": 23, "denominacao": "Biblioteca Escolar Municipal da Glória -  Pedro Nava", "latitude": -22.91890136, "longitude": -43.1772103, "tipo": "Biblioteca Escolar Municipal"}}, {"type": "Feature", "id": 4, "geometry": {"type": "Point", "coordinates": [-43.22507438794053, -22.97563902397977]}, "properties": {"objectid": 4, "cre": 2, "designacao": 24, "denominacao": "Biblioteca Escolar Municipal do Leblon - Vinícius de Moraes", "latitude": -22.97563902, "longitude": -43.22507439, "tipo": "Biblioteca Escolar Municipal"}}, {"type": "Feature", "id": 5, "geometry": {"type": "Point", "coordinates": [-43.257135266033195, -22.921830992402075]}, "properties": {"objectid": 5, "cre": 2, "designacao": 25, "denominacao": "Biblioteca Escolar Municipal do Grajaú - Clarice Lispector", "latitude": -22.92183099, "longitude": -43.25713527, "tipo": "Biblioteca Escolar Municipal"}}, {"type": "Feature", "id": 6, "geometry": {"type": "Point", "coordinates": [-43.27419099144414, -22.89840387791481]}, "properties": {"objectid": 6, "cre": 3, "designacao": 31, "denominacao": "Biblioteca Escolar Municipal do Méier - Infante Carlos Alberto", "latitude": -22.89840388, "longitude": -43.274190989999994, "tipo": "Biblioteca Escolar Municipal"}}, {"type": "Feature", "id": 7, "geometry": {"type": "Point", "coordinates": [-43.29575777648131, -22.900295779951186]}, "properties": {"objectid": 7, "cre": 3, "designacao": 32, "denominacao": "Biblioteca Escolar Municipal do Engenho Novo - Agripino Grieco", "latitude": -22.90029578, "longitude": -43.295757779999995, "tipo": "Biblioteca Escolar Municipal"}}, {"type": "Feature", "id": 8, "geometry": {"type": "Point", "coordinates": [-43.27080174683165, -22.842066892745184]}, "properties": {"objectid": 8, "cre": 4, "designacao": 42, "denominacao": "Biblioteca Escolar Municipal da Penha - Álvaro Moreyra", "latitude": -22.842066889999998, "longitude": -43.270801750000004, "tipo": "Biblioteca Escolar Municipal"}}, {"type": "Feature", "id": 9, "geometry": {"type": "Point", "coordinates": [-43.32490056301039, -22.802365436745752]}, "properties": {"objectid": 9, "cre": 4, "designacao": 43, "denominacao": "Biblioteca Escolar Municipal do Dique - José do Lins do Rego", "latitude": -22.80236544, "longitude": -43.324900559999996, "tipo": "Biblioteca Escolar Municipal"}}, {"type": "Feature", "id": 10, "geometry": {"type": "Point", "coordinates": [-43.39489900004338, -22.88712599894494]}, "properties": {"objectid": 10, "cre": 8, "designacao": 81, "denominacao": "Biblioteca Escolar Municipal de Jardim Sulacap - Lúcia Benedetti", "latitude": -22.887126, "longitude": -43.394899, "tipo": "Biblioteca Escolar Municipal"}}, {"type": "Feature", "id": 11, "geometry": {"type": "Point", "coordinates": [-43.46344000044336, -22.87847099961926]}, "properties": {"objectid": 11, "cre": 8, "designacao": 82, "denominacao": "Biblioteca Escolar Municipal de Bangu - Cruz e Souza", "latitude": -22.878470999999998, "longitude": -43.46344, "tipo": "Biblioteca Escolar Municipal"}}, {"type": "Feature", "id": 12, "geometry": {"type": "Point", "coordinates": [-43.693202000195434, -22.92300899890503]}, "properties": {"objectid": 12, "cre": 10, "designacao": 101, "denominacao": "Biblioteca de Santa Cruz - Joaquim Nabuco", "latitude": -22.923009, "longitude": -43.693202, "tipo": "Biblioteca Escolar Municipal"}}, {"type": "Feature", "id": 13, "geometry": {"type": "Point", "coordinates": [-43.69113200020865, -22.90084299903187]}, "properties": {"objectid": 13, "cre": 10, "designacao": 102, "denominacao": "Biblioteca Escolar Municipal da Cidade das Crianças - Rachel de Queiroz", "latitude": -22.900843000000002, "longitude": -43.691131999999996, "tipo": "Biblioteca Escolar Municipal"}}, {"type": "Feature", "id": 14, "geometry": {"type": "Point", "coordinates": [-43.18370700042976, -22.89698799891291]}, "properties": {"objectid": 14, "cre": 1, "designacao": 101001, "denominacao": "Escola Municipal Vicente Licínio Cardoso", "latitude": -22.896988, "longitude": -43.183707, "tipo": "Escola Municipal"}}, {"type": "Feature", "id": 15, "geometry": {"type": "Point", "coordinates": [-43.189281000168116, -22.895739999157858]}, "properties": {"objectid": 15, "cre": 1, "designacao": 101003, "denominacao": "Escola Municipal Darcy Vargas", "latitude": -22.89574, "longitude": -43.189281, "tipo": "Escola Municipal"}}, {"type": "Feature", "id": 16, "geometry": {"type": "Point", "coordinates": [-43.20547900010826, -22.899969999353978]}, "properties": {"objectid": 16, "cre": 1, "designacao": 101004, "denominacao": "Escola Municipal Benjamin Constant", "latitude": -22.89997, "longitude": -43.205479, "tipo": "Escola Municipal"}}, {"type": "Feature", "id": 17, "geometry": {"type": "Point", "coordinates": [-43.20315300005187, -22.905088998978847]}, "properties": {"objectid": 17, "cre": 1, "designacao": 101005, "denominacao": "Escola Municipal General Mitre", "latitude": -22.905089, "longitude": -43.203153, "tipo": "Escola Municipal"}}, {"type": "Feature", "id": 18, "geometry": {"type": "Point", "coordinates": [-43.199838000208196, -22.901352998948788]}, "properties": {"objectid": 18, "cre": 1, "designacao": 101006, "denominacao": "Escola Municipal Francisco Benjamin Gallotti", "latitude": -22.901353, "longitude": -43.19983800000001, "tipo": "Escola Municipal"}}, {"type": "Feature", "id": 19, "geometry": {"type": "Point", "coordinates": [-43.21642099953506, -22.87719299944444]}, "properties": {"objectid": 19, "cre": 1, "designacao": 101007, "denominacao": "Escola Municipal Marechal Mascarenhas de Moraes", "latitude": -22.877193, "longitude": -43.216421, "tipo": "Escola Municipal"}}, {"type": "Feature", "id": 20, "geometry": {"type": "Point", "coordinates": [-43.21823000002211, -22.880014999168626]}, "properties": {"objectid": 20, "cre": 1, "designacao": 101008, "denominacao": "Escola Municipal Marechal Esperidião Rosas", "latitude": -22.880015, "longitude": -43.218230000000005, "tipo": "Escola Municipal"}}, {"type": "Feature", "id": 21, "geometry": {"type": "Point", "coordinates": [-43.22406000020935, -22.878421999434117]}, "properties": {"objectid": 21, "cre": 1, "designacao": 101009, "denominacao": "Escola Municipal Professor Walter Carlos de Magalhães Fraenkel", "latitude": -22.878422, "longitude": -43.224059999999994, "tipo": "Escola Municipal"}}, {"type": "Feature", "id": 22, "geometry": {"type": "Point", "coordinates": [-43.22714300004327, -22.880114999290857]}, "properties": {"objectid": 22, "cre": 1, "designacao": 101011, "denominacao": "Escola Municipal Felix Mielli Venerando", "latitude": -22.880115, "longitude": -43.227143, "tipo": "Escola Municipal"}}, {"type": "Feature", "id": 23, "geometry": {"type": "Point", "coordinates": [-43.216250000298984, -22.878299999075438]}, "properties": {"objectid": 23, "cre": 1, "designacao": 101012, "denominacao": "Escola Municipal Professora Laura Sylvia Mendes Pereira", "latitude": -22.8783, "longitude": -43.21625, "tipo": "Escola Municipal"}}, {"type": "Feature", "id": 24, "geometry": {"type": "Point", "coordinates": [-43.22532600033521, -22.880887999177208]}, "properties": {"objectid": 24, "cre": 1, "designacao": 101501, "denominacao": "Ciep Henfil", "latitude": -22.880888000000002, "longitude": -43.225325999999995, "tipo": "CIEP"}}, {"type": "Feature", "id": 25, "geometry": {"type": "Point", "coordinates": [-43.224306000392026, -22.87915099909236]}, "properties": {"objectid": 25, "cre": 1, "designacao": 101601, "denominacao": "Creche Municipal Ladeira dos Funcionários", "latitude": -22.879151, "longitude": -43.224306, "tipo": "Creche Municipal"}}, {"type": "Feature", "id": 26, "geometry": {"type": "Point", "coordinates": [-43.23321200047388, -22.886422999370858]}, "properties": {"objectid": 26, "cre": 1, "designacao": 101602, "denominacao": "Creche Municipal Virgínia Lemos", "latitude": -22.886423, "longitude": -43.233211999999995, "tipo": "Creche Municipal"}}, {"type": "Feature", "id": 27, "geometry": {"type": "Point", "coordinates": [-43.22869600017058, -22.882988998957227]}, "properties": {"objectid": 27, "cre": 1, "designacao": 101603, "denominacao": "Creche Municipal Senninha", "latitude": -22.882989, "longitude": -43.228696, "tipo": "Creche Municipal"}}, {"type": "Feature", "id": 28, "geometry": {"type": "Point", "coordinates": [-43.22641800010913, -22.877833999132882]}, "properties": {"objectid": 28, "cre": 1, "designacao": 101604, "denominacao": "Creche Municipal Sempre Vida P. Conquista", "latitude": -22.877834, "longitude": -43.226417999999995, "tipo": "Creche Municipal"}}, {"type": "Feature", "id": 29, "geometry": {"type": "Point", "coordinates": [-43.22273500028426, -22.876013999619897]}, "properties": {"objectid": 29, "cre": 1, "designacao": 101605, "denominacao": "Creche Municipal Clemente Ferreira", "latitude": -22.876014, "longitude": -43.222735, "tipo": "Creche Municipal"}}, {"type": "Feature", "id": 30, "geometry": {"type": "Point", "coordinates": [-43.21162399990924, -22.87531799976443]}, "properties": {"objectid": 30, "cre": 1, "designacao": 101606, "denominacao": "Creche Municipal Quinta do Caju", "latitude": -22.875318, "longitude": -43.211624, "tipo": "Creche Municipal"}}, {"type": "Feature", "id": 31, "geometry": {"type": "Point", "coordinates": [-43.19752399987768, -22.898107999608317]}, "properties": {"objectid": 31, "cre": 1, "designacao": 101607, "denominacao": "Creche Municipal Tia Dora", "latitude": -22.898108, "longitude": -43.197524, "tipo": "Creche Municipal"}}, {"type": "Feature", "id": 32, "geometry": {"type": "Point", "coordinates": [-43.23098000032375, -22.884493999440227]}, "properties": {"objectid": 32, "cre": 1, "designacao": 101801, "denominacao": "Espaço de Desenvolvimento Infantil Parque da Alegria", "latitude": -22.884494, "longitude": -43.230979999999995, "tipo": "EDI"}}, {"type": "Feature", "id": 33, "geometry": {"type": "Point", "coordinates": [-43.20064799956048, -22.90200299971488]}, "properties": {"objectid": 33, "cre": 1, "designacao": 101802, "denominacao": "Espaço de Desenvolvimento Infantil Machado de Assis", "latitude": -22.902003, "longitude": -43.200648, "tipo": "EDI"}}, {"type": "Feature", "id": 34, "geometry": {"type": "Point", "coordinates": [-43.19424000004902, -22.89564699914513]}, "properties": {"objectid": 34, "cre": 1, "designacao": 101803, "denominacao": "Espaço de Desenvolvimento Infantil Antônio Raposo Tavares", "latitude": -22.895647, "longitude": -43.19424, "tipo": "EDI"}}, {"type": "Feature", "id": 35, "geometry": {"type": "Point", "coordinates": [-43.216269000265214, -22.87776799906989]}, "properties": {"objectid": 35, "cre": 1, "designacao": 101804, "denominacao": "Espaço de Desenvolvimento Infantil Professora Laura Sylvia Mendes Pereira", "latitude": -22.877768, "longitude": -43.216269000000004, "tipo": "EDI"}}, {"type": "Feature", "id": 36, "geometry": {"type": "Point", "coordinates": [-43.18357900026875, -22.909292999649093]}, "properties": {"objectid": 36, "cre": 1, "designacao": 102001, "denominacao": "Escola Municipal Celestino da Silva", "latitude": -22.909292999999998, "longitude": -43.183579, "tipo": "Escola Municipal"}}, {"type": "Feature", "id": 37, "geometry": {"type": "Point", "coordinates": [-43.185300000217374, -22.90792199961914]}, "properties": {"objectid": 37, "cre": 1, "designacao": 102002, "denominacao": "Escola Municipal Tiradentes", "latitude": -22.907922000000003, "longitude": -43.1853, "tipo": "Escola Municipal"}}, {"type": "Feature", "id": 38, "geometry": {"type": "Point", "coordinates": [-43.18805099979923, -22.903769999209416]}, "properties": {"objectid": 38, "cre": 1, "designacao": 102004, "denominacao": "Escola Municipal Rivadavia Corrêa", "latitude": -22.90377, "longitude": -43.188051, "tipo": "Escola Municipal"}}, {"type": "Feature", "id": 39, "geometry": {"type": "Point", "coordinates": [-43.19617400008465, -22.909386999259002]}, "properties": {"objectid": 39, "cre": 1, "designacao": 102005, "denominacao": "Escola Municipal Calouste Gulbenkian", "latitude": -22.909387000000002, "longitude": -43.196174, "tipo": "Escola Municipal"}}, {"type": "Feature", "id": 40, "geometry": {"type": "Point", "coordinates": [-43.18836700004488, -22.918177998996704]}, "properties": {"objectid": 40, "cre": 1, "designacao": 102006, "denominacao": "Escola Municipal Guatemala", "latitude": -22.918177999999997, "longitude": -43.188367, "tipo": "Escola Municipal"}}, {"type": "Feature", "id": 41, "geometry": {"type": "Point", "coordinates": [-43.1859910002951, -22.91670899971014]}, "properties": {"objectid": 41, "cre": 1, "designacao": 102007, "denominacao": "Escola Municipal Orlando Villas Boas", "latitude": -22.916708999999997, "longitude": -43.185990999999994, "tipo": "Escola Municipal"}}, {"type": "Feature", "id": 42, "geometry": {"type": "Point", "coordinates": [-43.195067999812345, -22.907122999696444]}, "properties": {"objectid": 42, "cre": 1, "designacao": 102501, "denominacao": "Escola Municipal Tia Ciata", "latitude": -22.907123, "longitude": -43.195068, "tipo": "Escola Municipal"}}, {"type": "Feature", "id": 43, "geometry": {"type": "Point", "coordinates": [-43.19650799980283, -22.911212999659746]}, "properties": {"objectid": 43, "cre": 1, "designacao": 102502, "denominacao": "Ciep Avenida dos Desfiles I", "latitude": -22.911213, "longitude": -43.196508, "tipo": "CIEP"}}, {"type": "Feature", "id": 44, "geometry": {"type": "Point", "coordinates": [-43.19619299966999, -22.912193999437797]}, "properties": {"objectid": 44, "cre": 1, "designacao": 102503, "denominacao": "Ciep Avenida dos Desfiles II", "latitude": -22.912194, "longitude": -43.196193, "tipo": "CIEP"}}, {"type": "Feature", "id": 45, "geometry": {"type": "Point", "coordinates": [-43.19692600048036, -22.90969199920951]}, "properties": {"objectid": 45, "cre": 1, "designacao": 102504, "denominacao": "Ciep Avenida dos Desfiles", "latitude": -22.909692, "longitude": -43.196926, "tipo": "CIEP"}}, {"type": "Feature", "id": 46, "geometry": {"type": "Point", "coordinates": [-43.182110999692505, -22.911180999536573]}, "properties": {"objectid": 46, "cre": 1, "designacao": 102505, "denominacao": "Ciep José Pedro Varela", "latitude": -22.911181000000003, "longitude": -43.182111, "tipo": "CIEP"}}, {"type": "Feature", "id": 47, "geometry": {"type": "Point", "coordinates": [-43.20295900046111, -22.918977998933926]}, "properties": {"objectid": 47, "cre": 1, "designacao": 102601, "denominacao": "Creche Municipal Sempre Vida Santo Antônio de Pádua", "latitude": -22.918978, "longitude": -43.202959, "tipo": "Creche Municipal"}}, {"type": "Feature", "id": 48, "geometry": {"type": "Point", "coordinates": [-43.19677800020395, -22.91229499975953]}, "properties": {"objectid": 48, "cre": 1, "designacao": 102602, "denominacao": "Creche Municipal Ana Maria da Cruz Silva", "latitude": -22.912295, "longitude": -43.196778, "tipo": "Creche Municipal"}}, {"type": "Feature", "id": 49, "geometry": {"type": "Point", "coordinates": [-43.18170600008354, -22.910793998957388]}, "properties": {"objectid": 49, "cre": 1, "designacao": 102604, "denominacao": "Creche Municipal Arco-Íris", "latitude": -22.910794, "longitude": -43.181706, "tipo": "Creche Municipal"}}, {"type": "Feature", "id": 50, "geometry": {"type": "Point", "coordinates": [-43.18594599977435, -22.91684399889725]}, "properties": {"objectid": 50, "cre": 1, "designacao": 102605, "denominacao": "Creche Municipal Aldeia dos Curumins", "latitude": -22.916843999999998, "longitude": -43.185945999999994, "tipo": "Creche Municipal"}}, {"type": "Feature", "id": 51, "geometry": {"type": "Point", "coordinates": [-43.19363800011253, -22.90689799891143]}, "properties": {"objectid": 51, "cre": 1, "designacao": 102606, "denominacao": "Creche Municipal George Savalla Gomes - Palhaço Carequinha", "latitude": -22.906898, "longitude": -43.19363800000001, "tipo": "Creche Municipal"}}, {"type": "Feature", "id": 52, "geometry": {"type": "Point", "coordinates": [-43.186536000372705, -22.908078999300514]}, "properties": {"objectid": 52, "cre": 1, "designacao": 102802, "denominacao": "Espaço de Desenvolvimento Infantil Campos Salles", "latitude": -22.908079, "longitude": -43.186536000000004, "tipo": "EDI"}}, {"type": "Feature", "id": 53, "geometry": {"type": "Point", "coordinates": [-43.194719000313974, -22.90701699900125]}, "properties": {"objectid": 53, "cre": 1, "designacao": 102803, "denominacao": "Espaço de Desenvolvimento Infantil Rachel de Queiroz", "latitude": -22.907017, "longitude": -43.194719, "tipo": "EDI"}}, {"type": "Feature", "id": 54, "geometry": {"type": "Point", "coordinates": [-43.196039999581004, -22.92167899944154]}, "properties": {"objectid": 54, "cre": 1, "designacao": 103001, "denominacao": "Escola Municipal Estados Unidos", "latitude": -22.921679, "longitude": -43.196039999999996, "tipo": "Escola Municipal"}}, {"type": "Feature", "id": 55, "geometry": {"type": "Point", "coordinates": [-43.20437799973693, -22.924101999102984]}, "properties": {"objectid": 55, "cre": 1, "designacao": 103003, "denominacao": "Escola Municipal Mem de Sá", "latitude": -22.924101999999998, "longitude": -43.204378000000005, "tipo": "Escola Municipal"}}, {"type": "Feature", "id": 56, "geometry": {"type": "Point", "coordinates": [-43.20857899987147, -22.924411999464834]}, "properties": {"objectid": 56, "cre": 1, "designacao": 103004, "denominacao": "Escola Municipal Pereira Passos", "latitude": -22.924412, "longitude": -43.208579, "tipo": "Escola Municipal"}}, {"type": "Feature", "id": 57, "geometry": {"type": "Point", "coordinates": [-43.211043999529586, -22.917232999348368]}, "properties": {"objectid": 57, "cre": 1, "designacao": 103005, "denominacao": "Escola Municipal Mario Claudio", "latitude": -22.917233, "longitude": -43.211044, "tipo": "Escola Municipal"}}, {"type": "Feature", "id": 58, "geometry": {"type": "Point", "coordinates": [-43.210226000360734, -22.92303699969041]}, "properties": {"objectid": 58, "cre": 1, "designacao": 103006, "denominacao": "Escola Municipal Jenny Gomes", "latitude": -22.923037, "longitude": -43.210226, "tipo": "Escola Municipal"}}, {"type": "Feature", "id": 59, "geometry": {"type": "Point", "coordinates": [-43.19471399991299, -22.915927999248613]}, "properties": {"objectid": 59, "cre": 1, "designacao": 103501, "denominacao": "Escola Municipal do Catumbi", "latitude": -22.915928, "longitude": -43.194714, "tipo": "Escola Municipal"}}, {"type": "Feature", "id": 60, "geometry": {"type": "Point", "coordinates": [-43.20431500047524, -22.915477999192163]}, "properties": {"objectid": 60, "cre": 1, "designacao": 103502, "denominacao": "Escola Municipal Canadá", "latitude": -22.915477999999997, "longitude": -43.204315, "tipo": "Escola Municipal"}}, {"type": "Feature", "id": 61, "geometry": {"type": "Point", "coordinates": [-43.203354000203575, -22.9161169993688]}, "properties": {"objectid": 61, "cre": 1, "designacao": 103601, "denominacao": "Creche Municipal Espaço Livre da Criança", "latitude": -22.916117, "longitude": -43.203354, "tipo": "Creche Municipal"}}, {"type": "Feature", "id": 62, "geometry": {"type": "Point", "coordinates": [-43.201233000154545, -22.93133699929349]}, "properties": {"objectid": 62, "cre": 1, "designacao": 103602, "denominacao": "Creche Municipal Direitos Humanos", "latitude": -22.931337, "longitude": -43.201233, "tipo": "Creche Municipal"}}, {"type": "Feature", "id": 63, "geometry": {"type": "Point", "coordinates": [-43.21438199981853, -22.927154999603417]}, "properties": {"objectid": 63, "cre": 1, "designacao": 103604, "denominacao": "Creche Municipal Sonho Infantil", "latitude": -22.927155, "longitude": -43.214382, "tipo": "Creche Municipal"}}, {"type": "Feature", "id": 64, "geometry": {"type": "Point", "coordinates": [-43.19801000024673, -22.91892899959888]}, "properties": {"objectid": 64, "cre": 1, "designacao": 103605, "denominacao": "Creche Municipal Brincadeiras de Criança", "latitude": -22.918929000000002, "longitude": -43.198010000000004, "tipo": "Creche Municipal"}}, {"type": "Feature", "id": 65, "geometry": {"type": "Point", "coordinates": [-43.204004999859116, -22.92246099937788]}, "properties": {"objectid": 65, "cre": 1, "designacao": 103606, "denominacao": "Creche Municipal Campos da Paz", "latitude": -22.922461, "longitude": -43.204005, "tipo": "Creche Municipal"}}, {"type": "Feature", "id": 66, "geometry": {"type": "Point", "coordinates": [-43.2038860002716, -22.913973999328817]}, "properties": {"objectid": 66, "cre": 1, "designacao": 103607, "denominacao": "Creche Municipal Estácio de Sá", "latitude": -22.913974000000003, "longitude": -43.203886000000004, "tipo": "Creche Municipal"}}, {"type": "Feature", "id": 67, "geometry": {"type": "Point", "coordinates": [-43.21325199951801, -22.927633999273954]}, "properties": {"objectid": 67, "cre": 1, "designacao": 103801, "denominacao": "Espaço de Desenvolvimento Infantil Professora Simone Sousa Pimentel", "latitude": -22.927634, "longitude": -43.213252, "tipo": "EDI"}}, {"type": "Feature", "id": 68, "geometry": {"type": "Point", "coordinates": [-43.193367000456895, -22.919000999478488]}, "properties": {"objectid": 68, "cre": 1, "designacao": 103802, "denominacao": "Espaço de Desenvolvimento Infantil Lily Marinho", "latitude": -22.919001, "longitude": -43.193367, "tipo": "EDI"}}, {"type": "Feature", "id": 69, "geometry": {"type": "Point", "coordinates": [-43.20093399971795, -22.9268669991864]}, "properties": {"objectid": 69, "cre": 1, "designacao": 103804, "denominacao": "Espaço de Desenvolvimento Infantil Zélia Gattai Amado", "latitude": -22.926867, "longitude": -43.200934, "tipo": "EDI"}}, {"type": "Feature", "id": 70, "geometry": {"type": "Point", "coordinates": [-43.205130999889704, -22.919860999487298]}, "properties": {"objectid": 70, "cre": 1, "designacao": 103805, "denominacao": "Espaço de Desenvolvimento Infantil Beatriz Vicência Bandeira Ryff", "latitude": -22.919860999999997, "longitude": -43.205131, "tipo": "EDI"}}, {"type": "Feature", "id": 71, "geometry": {"type": "Point", "coordinates": [-43.20321400041572, -22.919602999729534]}, "properties": {"objectid": 71, "cre": 1, "designacao": 103806, "denominacao": "Espaço de Desenvolvimento Infantil Fundação Leão XIII", "latitude": -22.919603, "longitude": -43.203214, "tipo": "EDI"}}, {"type": "Feature", "id": 72, "geometry": {"type": "Point", "coordinates": [-43.196215000192566, -22.92198799962924]}, "properties": {"objectid": 72, "cre": 1, "designacao": 103807, "denominacao": "Espaço de Desenvolvimento Infantil Maria Luiza Nobre - Tia Luizinha", "latitude": -22.921988000000002, "longitude": -43.196214999999995, "tipo": "EDI"}}, {"type": "Feature", "id": 73, "geometry": {"type": "Point", "coordinates": [-43.22023299956845, -22.89921299904932]}, "properties": {"objectid": 73, "cre": 1, "designacao": 107001, "denominacao": "Escola Municipal Gonçalves Dias", "latitude": -22.899213, "longitude": -43.220233, "tipo": "Escola Municipal"}}, {"type": "Feature", "id": 74, "geometry": {"type": "Point", "coordinates": [-43.21966699960134, -22.904407999125638]}, "properties": {"objectid": 74, "cre": 1, "designacao": 107002, "denominacao": "Escola Municipal Nilo Peçanha", "latitude": -22.904408, "longitude": -43.219667, "tipo": "Escola Municipal"}}, {"type": "Feature", "id": 75, "geometry": {"type": "Point", "coordinates": [-43.225148000384046, -22.902592999651425]}, "properties": {"objectid": 75, "cre": 1, "designacao": 107003, "denominacao": "Escola Municipal Portugal", "latitude": -22.902593, "longitude": -43.225148, "tipo": "Escola Municipal"}}, {"type": "Feature", "id": 76, "geometry": {"type": "Point", "coordinates": [-43.22745599951993, -22.897628999059357]}, "properties": {"objectid": 76, "cre": 1, "designacao": 107004, "denominacao": "Escola Municipal Floriano Peixoto", "latitude": -22.897629000000002, "longitude": -43.227456000000004, "tipo": "Escola Municipal"}}, {"type": "Feature", "id": 77, "geometry": {"type": "Point", "coordinates": [-43.23009000042519, -22.890272999523777]}, "properties": {"objectid": 77, "cre": 1, "designacao": 107005, "denominacao": "Escola Municipal João de Camargo", "latitude": -22.890273, "longitude": -43.23009, "tipo": "Escola Municipal"}}, {"type": "Feature", "id": 78, "geometry": {"type": "Point", "coordinates": [-43.23148300025407, -22.90795199966975]}, "properties": {"objectid": 78, "cre": 1, "designacao": 107006, "denominacao": "Escola Municipal Marechal Trompowsky", "latitude": -22.907952, "longitude": -43.231483, "tipo": "Escola Municipal"}}, {"type": "Feature", "id": 79, "geometry": {"type": "Point", "coordinates": [-43.238805000015994, -22.90433299918932]}, "properties": {"objectid": 79, "cre": 1, "designacao": 107007, "denominacao": "Escola Municipal Humberto de Campos", "latitude": -22.904332999999998, "longitude": -43.238805, "tipo": "Escola Municipal"}}, {"type": "Feature", "id": 80, "geometry": {"type": "Point", "coordinates": [-43.235303000004464, -22.90348299955362]}, "properties": {"objectid": 80, "cre": 1, "designacao": 107008, "denominacao": "Escola Municipal José Moreira da Silva", "latitude": -22.903483, "longitude": -43.235303, "tipo": "Escola Municipal"}}, {"type": "Feature", "id": 81, "geometry": {"type": "Point", "coordinates": [-43.23775599987248, -22.8984879994375]}, "properties": {"objectid": 81, "cre": 1, "designacao": 107009, "denominacao": "Escola Municipal Uruguai", "latitude": -22.898488, "longitude": -43.237756, "tipo": "Escola Municipal"}}, {"type": "Feature", "id": 82, "geometry": {"type": "Point", "coordinates": [-43.23573900014569, -22.8892149996882]}, "properties": {"objectid": 82, "cre": 1, "designacao": 107011, "denominacao": "Escola Municipal Cardeal Leme", "latitude": -22.889215, "longitude": -43.235739, "tipo": "Escola Municipal"}}, {"type": "Feature", "id": 83, "geometry": {"type": "Point", "coordinates": [-43.23774000026842, -22.897677998943877]}, "properties": {"objectid": 83, "cre": 1, "designacao": 107012, "denominacao": "Escola Municipal Gonzaga da Gama Filho", "latitude": -22.897678, "longitude": -43.237739999999995, "tipo": "Escola Municipal"}}, {"type": "Feature", "id": 84, "geometry": {"type": "Point", "coordinates": [-43.23620199977654, -22.889573999406853]}, "properties": {"objectid": 84, "cre": 1, "designacao": 107013, "denominacao": "Escola Municipal Alice do Amaral Peixoto", "latitude": -22.889574000000003, "longitude": -43.236202, "tipo": "Escola Municipal"}}, {"type": "Feature", "id": 85, "geometry": {"type": "Point", "coordinates": [-43.220213999966795, -22.8992029989622]}, "properties": {"objectid": 85, "cre": 1, "designacao": 107016, "denominacao": "Escola Municipal Josué de Sousa Montello", "latitude": -22.899203, "longitude": -43.220214, "tipo": "Escola Municipal"}}, {"type": "Feature", "id": 86, "geometry": {"type": "Point", "coordinates": [-43.237829999803864, -22.897959999355724]}, "properties": {"objectid": 86, "cre": 1, "designacao": 107017, "denominacao": "Escola Municipal Neuma Gonçalves da Silva - Dona Neuma", "latitude": -22.89796, "longitude": -43.23783, "tipo": "Escola Municipal"}}, {"type": "Feature", "id": 87, "geometry": {"type": "Point", "coordinates": [-43.233893999999225, -22.892206999448263]}, "properties": {"objectid": 87, "cre": 1, "designacao": 107501, "denominacao": "Escola Municipal Edmundo Bittencourt", "latitude": -22.892207, "longitude": -43.233894, "tipo": "Escola Municipal"}}, {"type": "Feature", "id": 88, "geometry": {"type": "Point", "coordinates": [-43.22912899969974, -22.9064429991473]}, "properties": {"objectid": 88, "cre": 1, "designacao": 107502, "denominacao": "Escola Municipal Mestre Waldemiro", "latitude": -22.906443000000003, "longitude": -43.229129, "tipo": "Escola Municipal"}}, {"type": "Feature", "id": 89, "geometry": {"type": "Point", "coordinates": [-43.232484999935764, -22.906373999675292]}, "properties": {"objectid": 89, "cre": 1, "designacao": 107601, "denominacao": "Creche Municipal Adalberto Ismael de Souza", "latitude": -22.906374000000003, "longitude": -43.232485, "tipo": "Creche Municipal"}}, {"type": "Feature", "id": 90, "geometry": {"type": "Point", "coordinates": [-43.235698000196855, -22.898458999227785]}, "properties": {"objectid": 90, "cre": 1, "designacao": 107602, "denominacao": "Creche Municipal Deputado Luiz Eduardo de Magalhães", "latitude": -22.898459, "longitude": -43.235698, "tipo": "Creche Municipal"}}, {"type": "Feature", "id": 91, "geometry": {"type": "Point", "coordinates": [-43.24086099973718, -22.90271199969289]}, "properties": {"objectid": 91, "cre": 1, "designacao": 107603, "denominacao": "Creche Municipal Vovó Lucíola", "latitude": -22.902712, "longitude": -43.240861, "tipo": "Creche Municipal"}}, {"type": "Feature", "id": 92, "geometry": {"type": "Point", "coordinates": [-43.236527999801496, -22.90330299921958]}, "properties": {"objectid": 92, "cre": 1, "designacao": 107604, "denominacao": "Creche Municipal Homero José dos Santos", "latitude": -22.903303, "longitude": -43.236528, "tipo": "Creche Municipal"}}, {"type": "Feature", "id": 93, "geometry": {"type": "Point", "coordinates": [-43.23585700011019, -22.902678999191775]}, "properties": {"objectid": 93, "cre": 1, "designacao": 107605, "denominacao": "Creche Municipal Eduardo Moreira dos Santos", "latitude": -22.902679, "longitude": -43.235856999999996, "tipo": "Creche Municipal"}}, {"type": "Feature", "id": 94, "geometry": {"type": "Point", "coordinates": [-43.23006000024622, -22.88974599947578]}, "properties": {"objectid": 94, "cre": 1, "designacao": 107606, "denominacao": "Creche Municipal Francisco Alves", "latitude": -22.889746000000002, "longitude": -43.230059999999995, "tipo": "Creche Municipal"}}, {"type": "Feature", "id": 95, "geometry": {"type": "Point", "coordinates": [-43.23947800023488, -22.905353999763776]}, "properties": {"objectid": 95, "cre": 1, "designacao": 107607, "denominacao": "Creche Municipal Nação Mangueirense", "latitude": -22.905354, "longitude": -43.239478000000005, "tipo": "Creche Municipal"}}, {"type": "Feature", "id": 96, "geometry": {"type": "Point", "coordinates": [-43.24866700002892, -22.88416199907249]}, "properties": {"objectid": 96, "cre": 1, "designacao": 107608, "denominacao": "Creche Municipal Samora Machel", "latitude": -22.884162, "longitude": -43.248667000000005, "tipo": "Creche Municipal"}}, {"type": "Feature", "id": 97, "geometry": {"type": "Point", "coordinates": [-43.227433000462774, -22.886431998977912]}, "properties": {"objectid": 97, "cre": 1, "designacao": 107609, "denominacao": "Creche Municipal Vasquinho", "latitude": -22.886432000000003, "longitude": -43.227433000000005, "tipo": "Creche Municipal"}}, {"type": "Feature", "id": 98, "geometry": {"type": "Point", "coordinates": [-43.24210999989357, -22.88924699943405]}, "properties": {"objectid": 98, "cre": 1, "designacao": 107610, "denominacao": "Creche Municipal Arara Azul", "latitude": -22.889246999999997, "longitude": -43.242110000000004, "tipo": "Creche Municipal"}}, {"type": "Feature", "id": 99, "geometry": {"type": "Point", "coordinates": [-43.23082699973673, -22.890747999641302]}, "properties": {"objectid": 99, "cre": 1, "designacao": 107801, "denominacao": "Espaço de Desenvolvimento Infantil Professora Dayse Malagole", "latitude": -22.890748, "longitude": -43.230827000000005, "tipo": "EDI"}}, {"type": "Feature", "id": 100, "geometry": {"type": "Point", "coordinates": [-43.23669600026449, -22.9002869992435]}, "properties": {"objectid": 100, "cre": 1, "designacao": 107802, "denominacao": "Espaço de Desenvolvimento Infantil Morro dos Telégrafos", "latitude": -22.900287000000002, "longitude": -43.236696, "tipo": "EDI"}}, {"type": "Feature", "id": 101, "geometry": {"type": "Point", "coordinates": [-43.23307399972544, -22.891506999408946]}, "properties": {"objectid": 101, "cre": 1, "designacao": 107803, "denominacao": "Espaço de Desenvolvimento Infantil Dois de Julho", "latitude": -22.891507, "longitude": -43.233073999999995, "tipo": "EDI"}}, {"type": "Feature", "id": 102, "geometry": {"type": "Point", "coordinates": [-43.10953400032472, -22.753150999270982]}, "properties": {"objectid": 102, "cre": 1, "designacao": 121001, "denominacao": "Escola Municipal Joaquim Manuel de Macedo", "latitude": -22.753151, "longitude": -43.109534, "tipo": "Escola Municipal"}}, {"type": "Feature", "id": 103, "geometry": {"type": "Point", "coordinates": [-43.18210900006423, -22.918153999761817]}, "properties": {"objectid": 103, "cre": 1, "designacao": 123001, "denominacao": "Escola Municipal Machado de Assis", "latitude": -22.918153999999998, "longitude": -43.182109, "tipo": "Escola Municipal"}}, {"type": "Feature", "id": 104, "geometry": {"type": "Point", "coordinates": [-43.191587999801676, -22.915534999647615]}, "properties": {"objectid": 104, "cre": 1, "designacao": 123002, "denominacao": "Escola Municipal Santa Catarina", "latitude": -22.915535000000002, "longitude": -43.191587999999996, "tipo": "Escola Municipal"}}, {"type": "Feature", "id": 105, "geometry": {"type": "Point", "coordinates": [-43.20425700022548, -22.93655099926175]}, "properties": {"objectid": 105, "cre": 1, "designacao": 123003, "denominacao": "Escola Municipal Julia Lopes de Almeida", "latitude": -22.936550999999998, "longitude": -43.204257, "tipo": "Escola Municipal"}}, {"type": "Feature", "id": 106, "geometry": {"type": "Point", "coordinates": [-43.19858100044327, -22.931053999749057]}, "properties": {"objectid": 106, "cre": 1, "designacao": 123004, "denominacao": "Escola Municipal Juan Antonio Samaranch", "latitude": -22.931054, "longitude": -43.198581000000004, "tipo": "Escola Municipal"}}, {"type": "Feature", "id": 107, "geometry": {"type": "Point", "coordinates": [-43.20250199969047, -22.93491199919122]}, "properties": {"objectid": 107, "cre": 1, "designacao": 123601, "denominacao": "Creche Municipal José Marinho de Oliveira", "latitude": -22.934912, "longitude": -43.202502, "tipo": "Creche Municipal"}}, {"type": "Feature", "id": 108, "geometry": {"type": "Point", "coordinates": [-43.19575600011425, -22.927234999097163]}, "properties": {"objectid": 108, "cre": 1, "designacao": 123603, "denominacao": "Creche Municipal Fallet", "latitude": -22.927235, "longitude": -43.195756, "tipo": "Creche Municipal"}}, {"type": "Feature", "id": 109, "geometry": {"type": "Point", "coordinates": [-43.20135036176404, -22.934192637565367]}, "properties": {"objectid": 109, "cre": 1, "designacao": 123701, "denominacao": "CDEI Amalia Fernandez Conde (Casarão)", "latitude": -22.93419264, "longitude": -43.201350360000006, "tipo": "CDEI - Centro de Desenvolvimento de Educação Integrada"}}, {"type": "Feature", "id": 110, "geometry": {"type": "Point", "coordinates": [-43.1949509996547, -22.92956399886885]}, "properties": {"objectid": 110, "cre": 1, "designacao": 123801, "denominacao": "Espaço de Desenvolvimento Infantil Heloísa Marinho", "latitude": -22.929564, "longitude": -43.194950999999996, "tipo": "EDI"}}, {"type": "Feature", "id": 111, "geometry": {"type": "Point", "coordinates": [-43.17715999958217, -22.91771499974554]}, "properties": {"objectid": 111, "cre": 2, "designacao": 204001, "denominacao": "Escola Municipal Deodoro", "latitude": -22.917715, "longitude": -43.17716, "tipo": "Escola Municipal"}}, {"type": "Feature", "id": 112, "geometry": {"type": "Point", "coordinates": [-43.18177399998963, -22.922882999771172]}, "properties": {"objectid": 112, "cre": 2, "designacao": 204002, "denominacao": "Escola Municipal Maria Leopoldina", "latitude": -22.922883, "longitude": -43.181774, "tipo": "Escola Municipal"}}, {"type": "Feature", "id": 113, "geometry": {"type": "Point", "coordinates": [-43.176470000416685, -22.94071099891465]}, "properties": {"objectid": 113, "cre": 2, "designacao": 204003, "denominacao": "Escola Municipal Alberto Barth", "latitude": -22.940711, "longitude": -43.17647, "tipo": "Escola Municipal"}}, {"type": "Feature", "id": 114, "geometry": {"type": "Point", "coordinates": [-43.17882799976335, -22.936553999387947]}, "properties": {"objectid": 114, "cre": 2, "designacao": 204004, "denominacao": "Escola Municipal Educandário Romão de Mattos Duarte", "latitude": -22.936553999999997, "longitude": -43.178828, "tipo": "Escola Municipal"}}, {"type": "Feature", "id": 115, "geometry": {"type": "Point", "coordinates": [-43.1898689995621, -22.93712199957432]}, "properties": {"objectid": 115, "cre": 2, "designacao": 204005, "denominacao": "Escola Municipal José de Alencar", "latitude": -22.937122000000002, "longitude": -43.189869, "tipo": "Escola Municipal"}}, {"type": "Feature", "id": 116, "geometry": {"type": "Point", "coordinates": [-43.18336700021269, -22.93881799895222]}, "properties": {"objectid": 116, "cre": 2, "designacao": 204006, "denominacao": "Escola Municipal Anne Frank", "latitude": -22.938818, "longitude": -43.183367000000004, "tipo": "Escola Municipal"}}, {"type": "Feature", "id": 117, "geometry": {"type": "Point", "coordinates": [-43.19178000027815, -22.940257999112518]}, "properties": {"objectid": 117, "cre": 2, "designacao": 204007, "denominacao": "Escola Municipal Albert Schweitzer", "latitude": -22.940258, "longitude": -43.191779999999994, "tipo": "Escola Municipal"}}, {"type": "Feature", "id": 118, "geometry": {"type": "Point", "coordinates": [-43.176065000422646, -22.925605999758645]}, "properties": {"objectid": 118, "cre": 2, "designacao": 204008, "denominacao": "Escola Municipal Vital Brasil", "latitude": -22.925606, "longitude": -43.176065, "tipo": "Escola Municipal"}}, {"type": "Feature", "id": 119, "geometry": {"type": "Point", "coordinates": [-43.204268000260974, -22.94375299967924]}, "properties": {"objectid": 119, "cre": 2, "designacao": 204009, "denominacao": "Escola Municipal Guararapes Cândido", "latitude": -22.943753, "longitude": -43.204268, "tipo": "Escola Municipal"}}, {"type": "Feature", "id": 120, "geometry": {"type": "Point", "coordinates": [-43.18212299991956, -22.953983999316296]}, "properties": {"objectid": 120, "cre": 2, "designacao": 204010, "denominacao": "Escola Municipal Francisco Alves", "latitude": -22.953984000000002, "longitude": -43.182123, "tipo": "Escola Municipal"}}, {"type": "Feature", "id": 121, "geometry": {"type": "Point", "coordinates": [-43.18815400020867, -22.954405999545283]}, "properties": {"objectid": 121, "cre": 2, "designacao": 204011, "denominacao": "Escola Municipal Joaquim Nabuco", "latitude": -22.954406, "longitude": -43.188154, "tipo": "Escola Municipal"}}, {"type": "Feature", "id": 122, "geometry": {"type": "Point", "coordinates": [-43.19176099993776, -22.952705998956795]}, "properties": {"objectid": 122, "cre": 2, "designacao": 204012, "denominacao": "Escola Municipal México", "latitude": -22.952706, "longitude": -43.191761, "tipo": "Escola Municipal"}}, {"type": "Feature", "id": 123, "geometry": {"type": "Point", "coordinates": [-43.18659099985607, -22.94555799926391]}, "properties": {"objectid": 123, "cre": 2, "designacao": 204014, "denominacao": "Escola Municipal Presidente Arthur da Costa e Silva", "latitude": -22.945558, "longitude": -43.186591, "tipo": "Escola Municipal"}}, {"type": "Feature", "id": 124, "geometry": {"type": "Point", "coordinates": [-43.18161899973584, -22.95377899897484]}, "properties": {"objectid": 124, "cre": 2, "designacao": 204015, "denominacao": "Escola Municipal João Saldanha", "latitude": -22.953779, "longitude": -43.181619000000005, "tipo": "Escola Municipal"}}, {"type": "Feature", "id": 125, "geometry": {"type": "Point", "coordinates": [-43.19681400006778, -22.954241999339466]}, "properties": {"objectid": 125, "cre": 2, "designacao": 204017, "denominacao": "Escola Municipal Joaquim Abílio Borges", "latitude": -22.954242, "longitude": -43.196814, "tipo": "Escola Municipal"}}, {"type": "Feature", "id": 126, "geometry": {"type": "Point", "coordinates": [-43.15739099975281, -22.946105999276664]}, "properties": {"objectid": 126, "cre": 2, "designacao": 204018, "denominacao": "Escola Municipal Estácio de Sá", "latitude": -22.946106, "longitude": -43.157391, "tipo": "Escola Municipal"}}, {"type": "Feature", "id": 127, "geometry": {"type": "Point", "coordinates": [-43.1688850001946, -22.953821999070666]}, "properties": {"objectid": 127, "cre": 2, "designacao": 204019, "denominacao": "Escola Municipal Minas Gerais", "latitude": -22.953822000000002, "longitude": -43.168884999999996, "tipo": "Escola Municipal"}}, {"type": "Feature", "id": 128, "geometry": {"type": "Point", "coordinates": [-43.18101099972297, -22.933988999053632]}, "properties": {"objectid": 128, "cre": 2, "designacao": 204021, "denominacao": "Escola Municipal Senador Corrêa", "latitude": -22.933989, "longitude": -43.181011, "tipo": "Escola Municipal"}}, {"type": "Feature", "id": 129, "geometry": {"type": "Point", "coordinates": [-43.176684999938054, -22.92278499953674]}, "properties": {"objectid": 129, "cre": 2, "designacao": 204501, "denominacao": "Ciep Presidente Tancredo Neves", "latitude": -22.922784999999998, "longitude": -43.176685, "tipo": "CIEP"}}, {"type": "Feature", "id": 130, "geometry": {"type": "Point", "coordinates": [-43.1997230002583, -22.959166999648914]}, "properties": {"objectid": 130, "cre": 2, "designacao": 204502, "denominacao": "Ciep Presidente Agostinho Neto", "latitude": -22.959167, "longitude": -43.199723, "tipo": "CIEP"}}, {"type": "Feature", "id": 131, "geometry": {"type": "Point", "coordinates": [-43.205546000337826, -22.941446999740425]}, "properties": {"objectid": 131, "cre": 2, "designacao": 204601, "denominacao": "Creche Municipal Tia Amália", "latitude": -22.941447, "longitude": -43.205546, "tipo": "Creche Municipal"}}, {"type": "Feature", "id": 132, "geometry": {"type": "Point", "coordinates": [-43.17941699974325, -22.928942999454435]}, "properties": {"objectid": 132, "cre": 2, "designacao": 204602, "denominacao": "Creche Municipal Aracy Guimarães Rosa", "latitude": -22.928943, "longitude": -43.179417, "tipo": "Creche Municipal"}}, {"type": "Feature", "id": 133, "geometry": {"type": "Point", "coordinates": [-43.19514100041922, -22.95427599972742]}, "properties": {"objectid": 133, "cre": 2, "designacao": 204801, "denominacao": "Espaço de Desenvolvimento Infantil Marechal Hermes", "latitude": -22.954276, "longitude": -43.195141, "tipo": "EDI"}}, {"type": "Feature", "id": 134, "geometry": {"type": "Point", "coordinates": [-43.181595999647904, -22.955822999177357]}, "properties": {"objectid": 134, "cre": 2, "designacao": 204802, "denominacao": "Espaço de Desenvolvimento Infantil Casa da Criança", "latitude": -22.955823, "longitude": -43.181596, "tipo": "EDI"}}, {"type": "Feature", "id": 135, "geometry": {"type": "Point", "coordinates": [-43.16450000039964, -22.954249999580345]}, "properties": {"objectid": 135, "cre": 2, "designacao": 204803, "denominacao": "Espaço de Desenvolvimento Infantil Gabriela Mistral", "latitude": -22.954250000000002, "longitude": -43.1645, "tipo": "EDI"}}, {"type": "Feature", "id": 136, "geometry": {"type": "Point", "coordinates": [-43.197200000128795, -22.936759999763602]}, "properties": {"objectid": 136, "cre": 2, "designacao": 204804, "denominacao": "Espaço de Desenvolvimento Infantil Professora Sarita Konder", "latitude": -22.936760000000003, "longitude": -43.1972, "tipo": "EDI"}}, {"type": "Feature", "id": 137, "geometry": {"type": "Point", "coordinates": [-43.18818600002865, -22.95441899948169]}, "properties": {"objectid": 137, "cre": 2, "designacao": 204805, "denominacao": "Espaço de Desenvolvimento Infantil Claudio Cavalcanti", "latitude": -22.954419, "longitude": -43.188186, "tipo": "EDI"}}, {"type": "Feature", "id": 138, "geometry": {"type": "Point", "coordinates": [-43.19049600012937, -22.931114999714776]}, "properties": {"objectid": 138, "cre": 2, "designacao": 204806, "denominacao": "Espaço de Desenvolvimento Infantil Irmã Margarita Alarcón", "latitude": -22.931115000000002, "longitude": -43.190495999999996, "tipo": "EDI"}}, {"type": "Feature", "id": 139, "geometry": {"type": "Point", "coordinates": [-43.16498100011156, -22.96154599941072]}, "properties": {"objectid": 139, "cre": 2, "designacao": 205001, "denominacao": "Escola Municipal São Tomás de Aquino", "latitude": -22.961546000000002, "longitude": -43.164981000000004, "tipo": "Escola Municipal"}}, {"type": "Feature", "id": 140, "geometry": {"type": "Point", "coordinates": [-43.18113900010118, -22.96864699975927]}, "properties": {"objectid": 140, "cre": 2, "designacao": 205003, "denominacao": "Escola Municipal Doutor Cícero Penna", "latitude": -22.968646999999997, "longitude": -43.181139, "tipo": "Escola Municipal"}}, {"type": "Feature", "id": 141, "geometry": {"type": "Point", "coordinates": [-43.18906299957929, -22.97482799890932]}, "properties": {"objectid": 141, "cre": 2, "designacao": 205004, "denominacao": "Escola Municipal Doutor Cocio Barcellos", "latitude": -22.974828, "longitude": -43.189063, "tipo": "Escola Municipal"}}, {"type": "Feature", "id": 142, "geometry": {"type": "Point", "coordinates": [-43.180508000366494, -22.965093999709435]}, "properties": {"objectid": 142, "cre": 2, "designacao": 205006, "denominacao": "Escola Municipal Dom Aquino Corrêa", "latitude": -22.965094, "longitude": -43.180508, "tipo": "Escola Municipal"}}, {"type": "Feature", "id": 143, "geometry": {"type": "Point", "coordinates": [-43.19221000036079, -22.982711999436056]}, "properties": {"objectid": 143, "cre": 2, "designacao": 205007, "denominacao": "Escola Municipal Penedo", "latitude": -22.982712000000003, "longitude": -43.19221, "tipo": "Escola Municipal"}}, {"type": "Feature", "id": 144, "geometry": {"type": "Point", "coordinates": [-43.17614499954372, -22.965059999200594]}, "properties": {"objectid": 144, "cre": 2, "designacao": 205008, "denominacao": "Escola Municipal Roma", "latitude": -22.96506, "longitude": -43.176145, "tipo": "Escola Municipal"}}, {"type": "Feature", "id": 145, "geometry": {"type": "Point", "coordinates": [-43.18096499997342, -22.964690999727168]}, "properties": {"objectid": 145, "cre": 2, "designacao": 205009, "denominacao": "Escola Municipal Alencastro Guimarães", "latitude": -22.964691000000002, "longitude": -43.180965, "tipo": "Escola Municipal"}}, {"type": "Feature", "id": 146, "geometry": {"type": "Point", "coordinates": [-43.18712000019601, -22.966175999658752]}, "properties": {"objectid": 146, "cre": 2, "designacao": 205601, "denominacao": "Creche Municipal Irmãs Baptista", "latitude": -22.966176, "longitude": -43.18712, "tipo": "Creche Municipal"}}, {"type": "Feature", "id": 147, "geometry": {"type": "Point", "coordinates": [-43.193900000086735, -22.962859999748506]}, "properties": {"objectid": 147, "cre": 2, "designacao": 205602, "denominacao": "Creche Muncipal Tia Sonia Crispiniano", "latitude": -22.962860000000003, "longitude": -43.1939, "tipo": "Creche Municipal"}}, {"type": "Feature", "id": 148, "geometry": {"type": "Point", "coordinates": [-43.16788200034225, -22.960595999625397]}, "properties": {"objectid": 148, "cre": 2, "designacao": 205801, "denominacao": "Espaço de Desenvolvimento Infantil Dona Marcela", "latitude": -22.960596, "longitude": -43.167882, "tipo": "EDI"}}, {"type": "Feature", "id": 149, "geometry": {"type": "Point", "coordinates": [-43.178694000341046, -22.961381999191303]}, "properties": {"objectid": 149, "cre": 2, "designacao": 205802, "denominacao": "Espaço de Desenvolvimento Infantil Porto Rico", "latitude": -22.961382, "longitude": -43.178694, "tipo": "EDI"}}, {"type": "Feature", "id": 150, "geometry": {"type": "Point", "coordinates": [-43.19903599985866, -22.98333199931846]}, "properties": {"objectid": 150, "cre": 2, "designacao": 206001, "denominacao": "Escola Municipal Presidente José Linhares", "latitude": -22.983332, "longitude": -43.199036, "tipo": "Escola Municipal"}}, {"type": "Feature", "id": 151, "geometry": {"type": "Point", "coordinates": [-43.2135790003818, -22.981954998921413]}, "properties": {"objectid": 151, "cre": 2, "designacao": 206002, "denominacao": "Escola Municipal Henrique Dodsworth", "latitude": -22.981955, "longitude": -43.213579, "tipo": "Escola Municipal"}}, {"type": "Feature", "id": 152, "geometry": {"type": "Point", "coordinates": [-43.19693900012226, -22.983812999769196]}, "properties": {"objectid": 152, "cre": 2, "designacao": 206003, "denominacao": "Escola Municipal Marília de Dirceu", "latitude": -22.983812999999998, "longitude": -43.196939, "tipo": "Escola Municipal"}}, {"type": "Feature", "id": 153, "geometry": {"type": "Point", "coordinates": [-43.191995999796774, -22.987349999069412]}, "properties": {"objectid": 153, "cre": 2, "designacao": 206004, "denominacao": "Escola Municipal Castelnuovo", "latitude": -22.987350000000003, "longitude": -43.191995999999996, "tipo": "Escola Municipal"}}, {"type": "Feature", "id": 154, "geometry": {"type": "Point", "coordinates": [-43.22208900041809, -22.979238999408054]}, "properties": {"objectid": 154, "cre": 2, "designacao": 206005, "denominacao": "Escola Municipal George Pfisterer", "latitude": -22.979239, "longitude": -43.222089000000004, "tipo": "Escola Municipal"}}, {"type": "Feature", "id": 155, "geometry": {"type": "Point", "coordinates": [-43.21702899972227, -22.981558999125603]}, "properties": {"objectid": 155, "cre": 2, "designacao": 206006, "denominacao": "Escola Municipal Santos Anjos", "latitude": -22.981559, "longitude": -43.217029, "tipo": "Escola Municipal"}}, {"type": "Feature", "id": 156, "geometry": {"type": "Point", "coordinates": [-43.19780999981197, -22.97621399947354]}, "properties": {"objectid": 156, "cre": 2, "designacao": 206007, "denominacao": "Escola Municipal Edna Poncioni Ferreira", "latitude": -22.976214, "longitude": -43.197810000000004, "tipo": "Escola Municipal"}}, {"type": "Feature", "id": 157, "geometry": {"type": "Point", "coordinates": [-43.20344899971728, -22.961108998877098]}, "properties": {"objectid": 157, "cre": 2, "designacao": 206008, "denominacao": "Escola Municipal Pedro Ernesto", "latitude": -22.961109, "longitude": -43.203449, "tipo": "Escola Municipal"}}, {"type": "Feature", "id": 158, "geometry": {"type": "Point", "coordinates": [-43.228698000050734, -22.965600999412725]}, "properties": {"objectid": 158, "cre": 2, "designacao": 206010, "denominacao": "Escola Municipal Capistrano de Abreu", "latitude": -22.965601, "longitude": -43.228698, "tipo": "Escola Municipal"}}, {"type": "Feature", "id": 159, "geometry": {"type": "Point", "coordinates": [-43.21626699962171, -22.963150999768477]}, "properties": {"objectid": 159, "cre": 2, "designacao": 206011, "denominacao": "Escola Municipal Shakespeare", "latitude": -22.963151, "longitude": -43.216267, "tipo": "Escola Municipal"}}, {"type": "Feature", "id": 160, "geometry": {"type": "Point", "coordinates": [-43.228951999627554, -22.965737999240435]}, "properties": {"objectid": 160, "cre": 2, "designacao": 206012, "denominacao": "Escola Municipal Camilo Castelo Branco", "latitude": -22.965737999999998, "longitude": -43.228952, "tipo": "Escola Municipal"}}, {"type": "Feature", "id": 161, "geometry": {"type": "Point", "coordinates": [-43.21854699984072, -22.96391199971651]}, "properties": {"objectid": 161, "cre": 2, "designacao": 206014, "denominacao": "Escola Especial Municipal Marly Fróes Peixoto", "latitude": -22.963912, "longitude": -43.218547, "tipo": "Escola Especial Municipal"}}, {"type": "Feature", "id": 162, "geometry": {"type": "Point", "coordinates": [-43.22685499958031, -22.973269999690014]}, "properties": {"objectid": 162, "cre": 2, "designacao": 206015, "denominacao": "Escola Municipal Manoel Cícero", "latitude": -22.97327, "longitude": -43.226855, "tipo": "Escola Municipal"}}, {"type": "Feature", "id": 163, "geometry": {"type": "Point", "coordinates": [-43.22706400000203, -22.973584999098204]}, "properties": {"objectid": 163, "cre": 2, "designacao": 206016, "denominacao": "Escola Municipal Júlio de Castilhos", "latitude": -22.973585, "longitude": -43.227064, "tipo": "Escola Municipal"}}, {"type": "Feature", "id": 164, "geometry": {"type": "Point", "coordinates": [-43.23090200046751, -22.9774089989768]}, "properties": {"objectid": 164, "cre": 2, "designacao": 206017, "denominacao": "Escola Municipal Artur Ramos", "latitude": -22.977408999999998, "longitude": -43.230902, "tipo": "Escola Municipal"}}, {"type": "Feature", "id": 165, "geometry": {"type": "Point", "coordinates": [-43.23368300048094, -22.978157999601464]}, "properties": {"objectid": 165, "cre": 2, "designacao": 206018, "denominacao": "Escola Municipal Luiz Delfino", "latitude": -22.978158, "longitude": -43.233683, "tipo": "Escola Municipal"}}, {"type": "Feature", "id": 166, "geometry": {"type": "Point", "coordinates": [-43.23391699953309, -22.977953999639137]}, "properties": {"objectid": 166, "cre": 2, "designacao": 206019, "denominacao": "Escola Municipal Christiano Hamann", "latitude": -22.977953999999997, "longitude": -43.233917, "tipo": "Escola Municipal"}}, {"type": "Feature", "id": 167, "geometry": {"type": "Point", "coordinates": [-43.22796200022323, -22.97752599927382]}, "properties": {"objectid": 167, "cre": 2, "designacao": 206020, "denominacao": "Escola Municipal Desembargador Oscar Tenório", "latitude": -22.977525999999997, "longitude": -43.227962, "tipo": "Escola Municipal"}}, {"type": "Feature", "id": 168, "geometry": {"type": "Point", "coordinates": [-43.23557900006815, -22.9936969993247]}, "properties": {"objectid": 168, "cre": 2, "designacao": 206021, "denominacao": "Escola Municipal Almirante Tamandaré", "latitude": -22.993697, "longitude": -43.235579, "tipo": "Escola Municipal"}}, {"type": "Feature", "id": 169, "geometry": {"type": "Point", "coordinates": [-43.272181000177284, -22.997416999544164]}, "properties": {"objectid": 169, "cre": 2, "designacao": 206022, "denominacao": "Escola Municipal Lúcia Miguel Pereira", "latitude": -22.997417, "longitude": -43.272181, "tipo": "Escola Municipal"}}, {"type": "Feature", "id": 170, "geometry": {"type": "Point", "coordinates": [-43.23491400043024, -22.995358999152817]}, "properties": {"objectid": 170, "cre": 2, "designacao": 206023, "denominacao": "Escola Municipal Prefeito Djalma Maranhão", "latitude": -22.995359, "longitude": -43.234914, "tipo": "Escola Municipal"}}, {"type": "Feature", "id": 171, "geometry": {"type": "Point", "coordinates": [-43.22266699970295, -22.979381999353272]}, "properties": {"objectid": 171, "cre": 2, "designacao": 206024, "denominacao": "Escola Municipal Sergio Vieira de Mello", "latitude": -22.979381999999998, "longitude": -43.222667, "tipo": "Escola Municipal"}}, {"type": "Feature", "id": 172, "geometry": {"type": "Point", "coordinates": [-43.19917500027087, -22.980692998937716]}, "properties": {"objectid": 172, "cre": 2, "designacao": 206501, "denominacao": "Ciep Presidente João Goulart", "latitude": -22.980693, "longitude": -43.199175000000004, "tipo": "CIEP"}}, {"type": "Feature", "id": 173, "geometry": {"type": "Point", "coordinates": [-43.222437000324426, -22.97827499975145]}, "properties": {"objectid": 173, "cre": 2, "designacao": 206502, "denominacao": "Ciep Nação Rubro Negra", "latitude": -22.978275, "longitude": -43.222437, "tipo": "CIEP"}}, {"type": "Feature", "id": 174, "geometry": {"type": "Point", "coordinates": [-43.24554900004115, -22.99619699904724]}, "properties": {"objectid": 174, "cre": 2, "designacao": 206601, "denominacao": "Creche Municipal Doutor Sobral Pinto", "latitude": -22.996197, "longitude": -43.245549, "tipo": "Creche Municipal"}}, {"type": "Feature", "id": 175, "geometry": {"type": "Point", "coordinates": [-43.235266000318134, -22.993825999687694]}, "properties": {"objectid": 175, "cre": 2, "designacao": 206602, "denominacao": "Creche Municipal Vidigal", "latitude": -22.993826, "longitude": -43.235265999999996, "tipo": "Creche Municipal"}}, {"type": "Feature", "id": 176, "geometry": {"type": "Point", "coordinates": [-43.27092200009908, -22.994353999680293]}, "properties": {"objectid": 176, "cre": 2, "designacao": 206603, "denominacao": "Creche Municipal Jacó Inácio Gomes", "latitude": -22.994353999999998, "longitude": -43.270922, "tipo": "Creche Municipal"}}, {"type": "Feature", "id": 177, "geometry": {"type": "Point", "coordinates": [-43.240524000018546, -22.981454999745644]}, "properties": {"objectid": 177, "cre": 2, "designacao": 206605, "denominacao": "Creche Municipal Doutor Pedro Bloch", "latitude": -22.981455, "longitude": -43.240524, "tipo": "Creche Municipal"}}, {"type": "Feature", "id": 178, "geometry": {"type": "Point", "coordinates": [-43.19635499953332, -22.981526999172324]}, "properties": {"objectid": 178, "cre": 2, "designacao": 206606, "denominacao": "Creche Municipal Elza Machado dos Santos - Tia Elza", "latitude": -22.981527, "longitude": -43.196355000000004, "tipo": "Creche Municipal"}}, {"type": "Feature", "id": 179, "geometry": {"type": "Point", "coordinates": [-43.20349899997497, -22.961744999040025]}, "properties": {"objectid": 179, "cre": 2, "designacao": 206801, "denominacao": "Espaço de Desenvolvimento Infantil Rubem Braga", "latitude": -22.961745, "longitude": -43.203499, "tipo": "EDI"}}, {"type": "Feature", "id": 180, "geometry": {"type": "Point", "coordinates": [-43.22985700047038, -22.966824999374182]}, "properties": {"objectid": 180, "cre": 2, "designacao": 206802, "denominacao": "Espaço de Desenvolvimento Infantil Júlia Kubitschek", "latitude": -22.966825, "longitude": -43.229856999999996, "tipo": "EDI"}}, {"type": "Feature", "id": 181, "geometry": {"type": "Point", "coordinates": [-43.21109099998965, -22.915446998976094]}, "properties": {"objectid": 181, "cre": 2, "designacao": 208001, "denominacao": "Escola Municipal Azevedo Sodré", "latitude": -22.915446999999997, "longitude": -43.211090999999996, "tipo": "Escola Municipal"}}, {"type": "Feature", "id": 182, "geometry": {"type": "Point", "coordinates": [-43.21163400005822, -22.911644999711957]}, "properties": {"objectid": 182, "cre": 2, "designacao": 208002, "denominacao": "Escola Municipal Reverendo Martin Luther King", "latitude": -22.911645, "longitude": -43.211634, "tipo": "Escola Municipal"}}, {"type": "Feature", "id": 183, "geometry": {"type": "Point", "coordinates": [-43.23788899971931, -22.926841999577398]}, "properties": {"objectid": 183, "cre": 2, "designacao": 208003, "denominacao": "Escola Municipal Laudimia Trotta", "latitude": -22.926842, "longitude": -43.237889, "tipo": "Escola Municipal"}}, {"type": "Feature", "id": 184, "geometry": {"type": "Point", "coordinates": [-43.22033200038419, -22.92018499925209]}, "properties": {"objectid": 184, "cre": 2, "designacao": 208004, "denominacao": "Escola Municipal Francisco Cabrita", "latitude": -22.920185, "longitude": -43.220332, "tipo": "Escola Municipal"}}, {"type": "Feature", "id": 185, "geometry": {"type": "Point", "coordinates": [-43.22799399977419, -22.929564999745384]}, "properties": {"objectid": 185, "cre": 2, "designacao": 208005, "denominacao": "Escola Municipal Bombeiro Geraldo Dias", "latitude": -22.929565, "longitude": -43.227993999999995, "tipo": "Escola Municipal"}}, {"type": "Feature", "id": 186, "geometry": {"type": "Point", "coordinates": [-43.23287100014739, -22.929059999223515]}, "properties": {"objectid": 186, "cre": 2, "designacao": 208006, "denominacao": "Escola Municipal Prudente de Moraes", "latitude": -22.92906, "longitude": -43.232870999999996, "tipo": "Escola Municipal"}}, {"type": "Feature", "id": 187, "geometry": {"type": "Point", "coordinates": [-43.239450000264696, -22.93359899943473]}, "properties": {"objectid": 187, "cre": 2, "designacao": 208007, "denominacao": "Escola Municipal Barão de Itacurussá", "latitude": -22.933598999999997, "longitude": -43.239450000000005, "tipo": "Escola Municipal"}}, {"type": "Feature", "id": 188, "geometry": {"type": "Point", "coordinates": [-43.23902600034985, -22.934273998927747]}, "properties": {"objectid": 188, "cre": 2, "designacao": 208008, "denominacao": "Escola Municipal Almirante Barroso", "latitude": -22.934274000000002, "longitude": -43.239025999999996, "tipo": "Escola Municipal"}}, {"type": "Feature", "id": 189, "geometry": {"type": "Point", "coordinates": [-43.22487700011989, -22.920147999666888]}, "properties": {"objectid": 189, "cre": 2, "designacao": 208009, "denominacao": "Escola Municipal General Euclydes de Figueiredo", "latitude": -22.920148, "longitude": -43.224877, "tipo": "Escola Municipal"}}, {"type": "Feature", "id": 190, "geometry": {"type": "Point", "coordinates": [-43.24311799970925, -22.932528999289588]}, "properties": {"objectid": 190, "cre": 2, "designacao": 208010, "denominacao": "Escola Municipal Soares Pereira", "latitude": -22.932529000000002, "longitude": -43.243117999999996, "tipo": "Escola Municipal"}}, {"type": "Feature", "id": 191, "geometry": {"type": "Point", "coordinates": [-43.24173999956086, -22.94341799960521]}, "properties": {"objectid": 191, "cre": 2, "designacao": 208011, "denominacao": "Escola Municipal Jornalista Brito Broca", "latitude": -22.943418, "longitude": -43.24174, "tipo": "Escola Municipal"}}, {"type": "Feature", "id": 192, "geometry": {"type": "Point", "coordinates": [-43.22410100039328, -22.920159998961697]}, "properties": {"objectid": 192, "cre": 2, "designacao": 208012, "denominacao": "Escola Municipal Orsina da Fonseca", "latitude": -22.920160000000003, "longitude": -43.224101, "tipo": "Escola Municipal"}}, {"type": "Feature", "id": 193, "geometry": {"type": "Point", "coordinates": [-43.22077999992862, -22.920558999455746]}, "properties": {"objectid": 193, "cre": 2, "designacao": 208013, "denominacao": "Escola Municipal Mário da Veiga Cabral", "latitude": -22.920559, "longitude": -43.22078, "tipo": "Escola Municipal"}}, {"type": "Feature", "id": 194, "geometry": {"type": "Point", "coordinates": [-43.216244000262144, -22.925023999077975]}, "properties": {"objectid": 194, "cre": 2, "designacao": 208014, "denominacao": "Escola Municipal Frei Cassiano", "latitude": -22.925024, "longitude": -43.216244, "tipo": "Escola Municipal"}}, {"type": "Feature", "id": 195, "geometry": {"type": "Point", "coordinates": [-43.23351000033366, -22.921180999563152]}, "properties": {"objectid": 195, "cre": 2, "designacao": 208016, "denominacao": "Escola Municipal Leitão da Cunha", "latitude": -22.921181, "longitude": -43.23351, "tipo": "Escola Municipal"}}, {"type": "Feature", "id": 196, "geometry": {"type": "Point", "coordinates": [-43.258095000396544, -22.947971999049823]}, "properties": {"objectid": 196, "cre": 2, "designacao": 208017, "denominacao": "Escola Municipal Araújo Porto Alegre", "latitude": -22.947972, "longitude": -43.258095000000004, "tipo": "Escola Municipal"}}, {"type": "Feature", "id": 197, "geometry": {"type": "Point", "coordinates": [-43.277208000442286, -22.96513799925906]}, "properties": {"objectid": 197, "cre": 2, "designacao": 208018, "denominacao": "Escola Municipal Menezes Vieira", "latitude": -22.965138, "longitude": -43.277208, "tipo": "Escola Municipal"}}, {"type": "Feature", "id": 198, "geometry": {"type": "Point", "coordinates": [-43.297311000235844, -22.96721599920811]}, "properties": {"objectid": 198, "cre": 2, "designacao": 208020, "denominacao": "Escola Municipal Diogo Feijó", "latitude": -22.967215999999997, "longitude": -43.297311, "tipo": "Escola Municipal"}}, {"type": "Feature", "id": 199, "geometry": {"type": "Point", "coordinates": [-43.261076999552394, -22.94931599962609]}, "properties": {"objectid": 199, "cre": 2, "designacao": 208021, "denominacao": "Escola Municipal Mário Faccini", "latitude": -22.949316, "longitude": -43.261077, "tipo": "Escola Municipal"}}, {"type": "Feature", "id": 200, "geometry": {"type": "Point", "coordinates": [-43.285333000375275, -22.97444899931151]}, "properties": {"objectid": 200, "cre": 2, "designacao": 208022, "denominacao": "Escola Municipal Mata Machado", "latitude": -22.974449, "longitude": -43.285333, "tipo": "Escola Municipal"}}, {"type": "Feature", "id": 201, "geometry": {"type": "Point", "coordinates": [-43.27846799998877, -22.965545999274156]}, "properties": {"objectid": 201, "cre": 2, "designacao": 208023, "denominacao": "Escola Municipal Marc Ferrez", "latitude": -22.965546, "longitude": -43.278468, "tipo": "Escola Municipal"}}, {"type": "Feature", "id": 202, "geometry": {"type": "Point", "coordinates": [-43.2279980002347, -22.921273999140084]}, "properties": {"objectid": 202, "cre": 2, "designacao": 208501, "denominacao": "Ciep Samuel Wainer", "latitude": -22.921274, "longitude": -43.227998, "tipo": "CIEP"}}, {"type": "Feature", "id": 203, "geometry": {"type": "Point", "coordinates": [-43.253098999831, -22.940479999142756]}, "properties": {"objectid": 203, "cre": 2, "designacao": 208502, "denominacao": "Ciep Doutor Antoine Magarinos Torres Filho", "latitude": -22.94048, "longitude": -43.253099, "tipo": "CIEP"}}, {"type": "Feature", "id": 204, "geometry": {"type": "Point", "coordinates": [-43.248802999733755, -22.936601999470735]}, "properties": {"objectid": 204, "cre": 2, "designacao": 208601, "denominacao": "Creche Municipal Casa Branca - Professor Paulo Freire", "latitude": -22.936601999999997, "longitude": -43.248803, "tipo": "Creche Municipal"}}, {"type": "Feature", "id": 205, "geometry": {"type": "Point", "coordinates": [-43.2531729997334, -22.940576999396306]}, "properties": {"objectid": 205, "cre": 2, "designacao": 208602, "denominacao": "Creche Municipal Raio de Sol", "latitude": -22.940577, "longitude": -43.253173000000004, "tipo": "Creche Municipal"}}, {"type": "Feature", "id": 206, "geometry": {"type": "Point", "coordinates": [-43.22567400034002, -22.928218999165743]}, "properties": {"objectid": 206, "cre": 2, "designacao": 208603, "denominacao": "Creche Municipal Raízes do Salgueiro", "latitude": -22.928219000000002, "longitude": -43.225674, "tipo": "Creche Municipal"}}, {"type": "Feature", "id": 207, "geometry": {"type": "Point", "coordinates": [-43.24300199970832, -22.938169999547757]}, "properties": {"objectid": 207, "cre": 2, "designacao": 208604, "denominacao": "Creche Municipal Tia Bela", "latitude": -22.93817, "longitude": -43.243002000000004, "tipo": "Creche Municipal"}}, {"type": "Feature", "id": 208, "geometry": {"type": "Point", "coordinates": [-43.24160999986492, -22.943485999059288]}, "properties": {"objectid": 208, "cre": 2, "designacao": 208605, "denominacao": "Creche Municipal Tia Maria", "latitude": -22.943486, "longitude": -43.24161, "tipo": "Creche Municipal"}}, {"type": "Feature", "id": 209, "geometry": {"type": "Point", "coordinates": [-43.24458999954127, -22.940149999357914]}, "properties": {"objectid": 209, "cre": 2, "designacao": 208606, "denominacao": "Creche Municipal Doutor Ronaldo Luiz Gazolla", "latitude": -22.940150000000003, "longitude": -43.24459, "tipo": "Creche Municipal"}}, {"type": "Feature", "id": 210, "geometry": {"type": "Point", "coordinates": [-43.220047000465264, -22.926103998899542]}, "properties": {"objectid": 210, "cre": 2, "designacao": 208607, "denominacao": "Creche Municipal dos Sonhos", "latitude": -22.926104000000002, "longitude": -43.220047, "tipo": "Creche Municipal"}}, {"type": "Feature", "id": 211, "geometry": {"type": "Point", "coordinates": [-43.21548300035616, -22.92255499950185]}, "properties": {"objectid": 211, "cre": 2, "designacao": 208608, "denominacao": "Creche Municipal Doutor Sérgio Arouca", "latitude": -22.922555, "longitude": -43.215483, "tipo": "Creche Municipal"}}, {"type": "Feature", "id": 212, "geometry": {"type": "Point", "coordinates": [-43.28447599954133, -22.975727999227445]}, "properties": {"objectid": 212, "cre": 2, "designacao": 208801, "denominacao": "Espaço de Desenvolvimento Infantil Igor Moraes da Silva", "latitude": -22.975728, "longitude": -43.284476, "tipo": "EDI"}}, {"type": "Feature", "id": 213, "geometry": {"type": "Point", "coordinates": [-43.25462199978761, -22.939522999215647]}, "properties": {"objectid": 213, "cre": 2, "designacao": 208802, "denominacao": "Espaço de Desenvolvimento Infantil Dr. Marcelo Candia", "latitude": -22.939522999999998, "longitude": -43.254622000000005, "tipo": "EDI"}}, {"type": "Feature", "id": 214, "geometry": {"type": "Point", "coordinates": [-43.253519999873504, -22.940984998912512]}, "properties": {"objectid": 214, "cre": 2, "designacao": 208803, "denominacao": "Espaço de Desenvolvimento Infantil Borel", "latitude": -22.940984999999998, "longitude": -43.25352, "tipo": "EDI"}}, {"type": "Feature", "id": 215, "geometry": {"type": "Point", "coordinates": [-43.254330000459014, -22.938213999667457]}, "properties": {"objectid": 215, "cre": 2, "designacao": 208804, "denominacao": "Espaço de Desenvolvimento Infantil Chácara do Céu", "latitude": -22.938214, "longitude": -43.25433, "tipo": "EDI"}}, {"type": "Feature", "id": 216, "geometry": {"type": "Point", "coordinates": [-43.291174999766945, -22.978277999486714]}, "properties": {"objectid": 216, "cre": 2, "designacao": 208805, "denominacao": "Espaço de Desenvolvimento Infantil José da Silva Araújo", "latitude": -22.978278, "longitude": -43.291175, "tipo": "EDI"}}, {"type": "Feature", "id": 217, "geometry": {"type": "Point", "coordinates": [-43.21936100033656, -22.910911999179337]}, "properties": {"objectid": 217, "cre": 2, "designacao": 209001, "denominacao": "Escola Municipal Benedito Ottoni", "latitude": -22.910912000000003, "longitude": -43.219361, "tipo": "Escola Municipal"}}, {"type": "Feature", "id": 218, "geometry": {"type": "Point", "coordinates": [-43.22593300012398, -22.913484999231837]}, "properties": {"objectid": 218, "cre": 2, "designacao": 209003, "denominacao": "Escola Especial Municipal Francisco de Castro", "latitude": -22.913484999999998, "longitude": -43.225933000000005, "tipo": "Escola Especial Municipal"}}, {"type": "Feature", "id": 219, "geometry": {"type": "Point", "coordinates": [-43.22399600001616, -22.914466999630406]}, "properties": {"objectid": 219, "cre": 2, "designacao": 209004, "denominacao": "Escola Municipal Conselheiro Mayrink", "latitude": -22.914467000000002, "longitude": -43.223996, "tipo": "Escola Municipal"}}, {"type": "Feature", "id": 220, "geometry": {"type": "Point", "coordinates": [-43.23692499963974, -22.91682899896126]}, "properties": {"objectid": 220, "cre": 2, "designacao": 209005, "denominacao": "Escola Municipal Barão Homem de Mello", "latitude": -22.916829, "longitude": -43.236925, "tipo": "Escola Municipal"}}, {"type": "Feature", "id": 221, "geometry": {"type": "Point", "coordinates": [-43.22879200042127, -22.913298999124727]}, "properties": {"objectid": 221, "cre": 2, "designacao": 209006, "denominacao": "Escola Municipal Friedenreich", "latitude": -22.913299, "longitude": -43.228792000000006, "tipo": "Escola Municipal"}}, {"type": "Feature", "id": 222, "geometry": {"type": "Point", "coordinates": [-43.25895699978326, -22.91667999936405]}, "properties": {"objectid": 222, "cre": 2, "designacao": 209007, "denominacao": "Escola Municipal Jornalista Assis Chateaubriand", "latitude": -22.91668, "longitude": -43.258956999999995, "tipo": "Escola Municipal"}}, {"type": "Feature", "id": 223, "geometry": {"type": "Point", "coordinates": [-43.23653099998551, -22.916226998899187]}, "properties": {"objectid": 223, "cre": 2, "designacao": 209008, "denominacao": "Escola Municipal Madrid", "latitude": -22.916227, "longitude": -43.236531, "tipo": "Escola Municipal"}}, {"type": "Feature", "id": 224, "geometry": {"type": "Point", "coordinates": [-43.23864399978228, -22.914602999363417]}, "properties": {"objectid": 224, "cre": 2, "designacao": 209009, "denominacao": "Escola Municipal República Argentina", "latitude": -22.914603, "longitude": -43.238644, "tipo": "Escola Municipal"}}, {"type": "Feature", "id": 225, "geometry": {"type": "Point", "coordinates": [-43.24704799971909, -22.91615199888651]}, "properties": {"objectid": 225, "cre": 2, "designacao": 209010, "denominacao": "Escola Municipal Equador", "latitude": -22.916152, "longitude": -43.247048, "tipo": "Escola Municipal"}}, {"type": "Feature", "id": 226, "geometry": {"type": "Point", "coordinates": [-43.26243799993553, -22.91560699924681]}, "properties": {"objectid": 226, "cre": 2, "designacao": 209011, "denominacao": "Escola Municipal Noel Rosa", "latitude": -22.915607, "longitude": -43.262438, "tipo": "Escola Municipal"}}, {"type": "Feature", "id": 227, "geometry": {"type": "Point", "coordinates": [-43.25912799993307, -22.91581699928116]}, "properties": {"objectid": 227, "cre": 2, "designacao": 209012, "denominacao": "Escola Municipal Mário de Andrade", "latitude": -22.915817, "longitude": -43.259128, "tipo": "Escola Municipal"}}, {"type": "Feature", "id": 228, "geometry": {"type": "Point", "coordinates": [-43.242191999963396, -22.920405998876053]}, "properties": {"objectid": 228, "cre": 2, "designacao": 209013, "denominacao": "Escola Municipal Francisco Manuel", "latitude": -22.920406, "longitude": -43.242192, "tipo": "Escola Municipal"}}, {"type": "Feature", "id": 229, "geometry": {"type": "Point", "coordinates": [-43.23939299961121, -22.909822999639815]}, "properties": {"objectid": 229, "cre": 2, "designacao": 209014, "denominacao": "Escola Municipal General Humberto de Souza Mello", "latitude": -22.909823, "longitude": -43.239393, "tipo": "Escola Municipal"}}, {"type": "Feature", "id": 230, "geometry": {"type": "Point", "coordinates": [-43.24002999980827, -22.924400998877825]}, "properties": {"objectid": 230, "cre": 2, "designacao": 209016, "denominacao": "Escola Municipal Affonso Penna", "latitude": -22.924401, "longitude": -43.240030000000004, "tipo": "Escola Municipal"}}, {"type": "Feature", "id": 231, "geometry": {"type": "Point", "coordinates": [-43.243686999819865, -22.922374999286582]}, "properties": {"objectid": 231, "cre": 2, "designacao": 209017, "denominacao": "Escola Municipal Baptista Pereira", "latitude": -22.922375, "longitude": -43.243687, "tipo": "Escola Municipal"}}, {"type": "Feature", "id": 232, "geometry": {"type": "Point", "coordinates": [-43.25035999956222, -22.9301849996037]}, "properties": {"objectid": 232, "cre": 2, "designacao": 209018, "denominacao": "Escola Municipal Rodrigo Mello Franco Andrade", "latitude": -22.930184999999998, "longitude": -43.25036, "tipo": "Escola Municipal"}}, {"type": "Feature", "id": 233, "geometry": {"type": "Point", "coordinates": [-43.25491299994644, -22.92685499935344]}, "properties": {"objectid": 233, "cre": 2, "designacao": 209019, "denominacao": "Escola Municipal Afrânio Peixoto", "latitude": -22.926855, "longitude": -43.254913, "tipo": "Escola Municipal"}}, {"type": "Feature", "id": 234, "geometry": {"type": "Point", "coordinates": [-43.25099600014912, -22.929747999319062]}, "properties": {"objectid": 234, "cre": 2, "designacao": 209020, "denominacao": "Escola Municipal Epitácio Pessoa", "latitude": -22.929748, "longitude": -43.250996, "tipo": "Escola Municipal"}}, {"type": "Feature", "id": 235, "geometry": {"type": "Point", "coordinates": [-43.25208399999559, -22.921132999661612]}, "properties": {"objectid": 235, "cre": 2, "designacao": 209021, "denominacao": "Escola Municipal Presidente João Goulart", "latitude": -22.921132999999998, "longitude": -43.252084, "tipo": "Escola Municipal"}}, {"type": "Feature", "id": 236, "geometry": {"type": "Point", "coordinates": [-43.25519600038535, -22.923188999299327]}, "properties": {"objectid": 236, "cre": 2, "designacao": 209023, "denominacao": "Escola Municipal Panamá", "latitude": -22.923189, "longitude": -43.255196, "tipo": "Escola Municipal"}}, {"type": "Feature", "id": 237, "geometry": {"type": "Point", "coordinates": [-43.26509000004736, -22.9185409991867]}, "properties": {"objectid": 237, "cre": 2, "designacao": 209024, "denominacao": "Escola Municipal Duque de Caxias", "latitude": -22.918541, "longitude": -43.26509, "tipo": "Escola Municipal"}}, {"type": "Feature", "id": 238, "geometry": {"type": "Point", "coordinates": [-43.25775600031003, -22.92189599952867]}, "properties": {"objectid": 238, "cre": 2, "designacao": 209025, "denominacao": "Escola Municipal Francisco Campos", "latitude": -22.921896, "longitude": -43.257756, "tipo": "Escola Municipal"}}, {"type": "Feature", "id": 239, "geometry": {"type": "Point", "coordinates": [-43.2646669999609, -22.92303899904038]}, "properties": {"objectid": 239, "cre": 2, "designacao": 209026, "denominacao": "Escola Municipal Professor Lourenço Filho", "latitude": -22.923039000000003, "longitude": -43.264667, "tipo": "Escola Municipal"}}, {"type": "Feature", "id": 240, "geometry": {"type": "Point", "coordinates": [-43.25918100047162, -22.914086999440645]}, "properties": {"objectid": 240, "cre": 2, "designacao": 209501, "denominacao": "Ciep Presidente Salvador Allende", "latitude": -22.914087000000002, "longitude": -43.259181, "tipo": "CIEP"}}, {"type": "Feature", "id": 241, "geometry": {"type": "Point", "coordinates": [-43.24238300018497, -22.90679999939619]}, "properties": {"objectid": 241, "cre": 2, "designacao": 209601, "denominacao": "Creche Municipal Pipa no Céu", "latitude": -22.9068, "longitude": -43.242383, "tipo": "Creche Municipal"}}, {"type": "Feature", "id": 242, "geometry": {"type": "Point", "coordinates": [-43.250580000116194, -22.930965999164737]}, "properties": {"objectid": 242, "cre": 2, "designacao": 209602, "denominacao": "Creche Municipal Cantinho do Céu", "latitude": -22.930966, "longitude": -43.25058, "tipo": "Creche Municipal"}}, {"type": "Feature", "id": 243, "geometry": {"type": "Point", "coordinates": [-43.26076399983896, -22.93306599966821]}, "properties": {"objectid": 243, "cre": 2, "designacao": 209603, "denominacao": "Creche Municipal Galdino Manoel da Silva", "latitude": -22.933066, "longitude": -43.260764, "tipo": "Creche Municipal"}}, {"type": "Feature", "id": 244, "geometry": {"type": "Point", "coordinates": [-43.26387499967644, -22.928892999044127]}, "properties": {"objectid": 244, "cre": 2, "designacao": 209604, "denominacao": "Creche Municipal Nova Divinéia", "latitude": -22.928893, "longitude": -43.263875000000006, "tipo": "Creche Municipal"}}, {"type": "Feature", "id": 245, "geometry": {"type": "Point", "coordinates": [-43.261846999981515, -22.93651799947682]}, "properties": {"objectid": 245, "cre": 2, "designacao": 209605, "denominacao": "Creche Municipal São Sebastião - Arrelia", "latitude": -22.936518, "longitude": -43.261847, "tipo": "Creche Municipal"}}, {"type": "Feature", "id": 246, "geometry": {"type": "Point", "coordinates": [-43.25728299953218, -22.93254499901312]}, "properties": {"objectid": 246, "cre": 2, "designacao": 209606, "denominacao": "Creche Municipal Winnie Mandela", "latitude": -22.932545, "longitude": -43.257282999999994, "tipo": "Creche Municipal"}}, {"type": "Feature", "id": 247, "geometry": {"type": "Point", "coordinates": [-43.252219000473765, -22.913573999257984]}, "properties": {"objectid": 247, "cre": 2, "designacao": 209607, "denominacao": "Creche Municipal Solange Maria Magalhães", "latitude": -22.913574, "longitude": -43.252219000000004, "tipo": "Creche Municipal"}}, {"type": "Feature", "id": 248, "geometry": {"type": "Point", "coordinates": [-43.25524699983804, -22.913955999476528]}, "properties": {"objectid": 248, "cre": 2, "designacao": 209608, "denominacao": "Creche Municipal Germinal da Vila", "latitude": -22.913956000000002, "longitude": -43.255247000000004, "tipo": "Creche Municipal"}}, {"type": "Feature", "id": 249, "geometry": {"type": "Point", "coordinates": [-43.262109999541934, -22.929087999482487]}, "properties": {"objectid": 249, "cre": 2, "designacao": 209609, "denominacao": "Creche Municipal Papa João Paulo II", "latitude": -22.929088, "longitude": -43.26211, "tipo": "Creche Municipal"}}, {"type": "Feature", "id": 250, "geometry": {"type": "Point", "coordinates": [-43.24756999979446, -22.911889999151356]}, "properties": {"objectid": 250, "cre": 2, "designacao": 209610, "denominacao": "Creche Municipal Francisco de Paula", "latitude": -22.91189, "longitude": -43.24757, "tipo": "Creche Municipal"}}, {"type": "Feature", "id": 251, "geometry": {"type": "Point", "coordinates": [-43.21974499994644, -22.91060899911918]}, "properties": {"objectid": 251, "cre": 2, "designacao": 209801, "denominacao": "Espaço de Desenvolvimento Infantil Barbara Ottoni", "latitude": -22.910608999999997, "longitude": -43.219745, "tipo": "EDI"}}, {"type": "Feature", "id": 252, "geometry": {"type": "Point", "coordinates": [-43.25081999969439, -22.929605999204192]}, "properties": {"objectid": 252, "cre": 2, "designacao": 209802, "denominacao": "Espaço de Desenvolvimento Infantil Aníbal Machado", "latitude": -22.929606, "longitude": -43.25082, "tipo": "EDI"}}, {"type": "Feature", "id": 253, "geometry": {"type": "Point", "coordinates": [-43.259922999556586, -22.91441599935911]}, "properties": {"objectid": 253, "cre": 2, "designacao": 209803, "denominacao": "Espaço de Desenvolvimento Infantil Professora Suely de Pinho Cavalcante", "latitude": -22.914416, "longitude": -43.259923, "tipo": "EDI"}}, {"type": "Feature", "id": 254, "geometry": {"type": "Point", "coordinates": [-43.265250000039536, -22.928466999389162]}, "properties": {"objectid": 254, "cre": 2, "designacao": 209804, "denominacao": "Espaço de Desenvolvimento Infantil Professora Lucia Maria Quitete de Carvalho Amaral", "latitude": -22.928467, "longitude": -43.26525, "tipo": "EDI"}}, {"type": "Feature", "id": 255, "geometry": {"type": "Point", "coordinates": [-43.250021999645696, -22.983710999255837]}, "properties": {"objectid": 255, "cre": 2, "designacao": 227001, "denominacao": "Escola Municipal Abelardo Chacrinha Barbosa", "latitude": -22.983711, "longitude": -43.250022, "tipo": "Escola Municipal"}}, {"type": "Feature", "id": 256, "geometry": {"type": "Point", "coordinates": [-43.24769699965382, -22.987408999530068]}, "properties": {"objectid": 256, "cre": 2, "designacao": 227002, "denominacao": "Escola Municipal Francisco de Paula Brito", "latitude": -22.987409, "longitude": -43.247696999999995, "tipo": "Escola Municipal"}}, {"type": "Feature", "id": 257, "geometry": {"type": "Point", "coordinates": [-43.25289600045994, -22.993545999651356]}, "properties": {"objectid": 257, "cre": 2, "designacao": 227004, "denominacao": "Escola Municipal Rinaldo De Lamare", "latitude": -22.993546000000002, "longitude": -43.252896, "tipo": "Escola Municipal"}}, {"type": "Feature", "id": 258, "geometry": {"type": "Point", "coordinates": [-43.24449999981798, -22.984709998946894]}, "properties": {"objectid": 258, "cre": 2, "designacao": 227005, "denominacao": "Escola Municipal André Urani", "latitude": -22.98471, "longitude": -43.2445, "tipo": "Escola Municipal"}}, {"type": "Feature", "id": 259, "geometry": {"type": "Point", "coordinates": [-43.25234299960695, -22.98932799943609]}, "properties": {"objectid": 259, "cre": 2, "designacao": 227006, "denominacao": "Escola Municipal Luiz Paulo Horta", "latitude": -22.989328, "longitude": -43.252342999999996, "tipo": "Escola Municipal"}}, {"type": "Feature", "id": 260, "geometry": {"type": "Point", "coordinates": [-43.252492000442885, -22.988834999259716]}, "properties": {"objectid": 260, "cre": 2, "designacao": 227501, "denominacao": "Ciep Doutor Bento Rubião", "latitude": -22.988835, "longitude": -43.252492000000004, "tipo": "CIEP"}}, {"type": "Feature", "id": 261, "geometry": {"type": "Point", "coordinates": [-43.246888999999214, -22.987363999112965]}, "properties": {"objectid": 261, "cre": 2, "designacao": 227601, "denominacao": "Creche Municipal Castelinho", "latitude": -22.987364, "longitude": -43.246889, "tipo": "Creche Municipal"}}, {"type": "Feature", "id": 262, "geometry": {"type": "Point", "coordinates": [-43.24640700038412, -22.985510999110474]}, "properties": {"objectid": 262, "cre": 2, "designacao": 227602, "denominacao": "Creche Municipal Iacyra Frazão", "latitude": -22.985511000000002, "longitude": -43.246407, "tipo": "Creche Municipal"}}, {"type": "Feature", "id": 263, "geometry": {"type": "Point", "coordinates": [-43.24644000016221, -22.987999999158895]}, "properties": {"objectid": 263, "cre": 2, "designacao": 227801, "denominacao": "Espaço de Desenvolvimento Infantil Professora Edir Caseiro Ribeiro", "latitude": -22.988, "longitude": -43.24644, "tipo": "EDI"}}, {"type": "Feature", "id": 264, "geometry": {"type": "Point", "coordinates": [-43.256303999641695, -22.877681999437772]}, "properties": {"objectid": 264, "cre": 3, "designacao": 312001, "denominacao": "Escola Municipal Oswaldo Cruz", "latitude": -22.877682, "longitude": -43.256304, "tipo": "Escola Municipal"}}, {"type": "Feature", "id": 265, "geometry": {"type": "Point", "coordinates": [-43.26485499972426, -22.869597998931162]}, "properties": {"objectid": 265, "cre": 3, "designacao": 312002, "denominacao": "Escola Municipal Alcide de Gasperi", "latitude": -22.869598, "longitude": -43.264855000000004, "tipo": "Escola Municipal"}}, {"type": "Feature", "id": 266, "geometry": {"type": "Point", "coordinates": [-43.26217700006795, -22.876373999520833]}, "properties": {"objectid": 266, "cre": 3, "designacao": 312003, "denominacao": "Escola Municipal Ordem e Progresso", "latitude": -22.876374000000002, "longitude": -43.262176999999994, "tipo": "Escola Municipal"}}, {"type": "Feature", "id": 267, "geometry": {"type": "Point", "coordinates": [-43.25666800009379, -22.878216999291055]}, "properties": {"objectid": 267, "cre": 3, "designacao": 312004, "denominacao": "Escola Municipal Estado da Guanabara", "latitude": -22.878217, "longitude": -43.256668, "tipo": "Escola Municipal"}}, {"type": "Feature", "id": 268, "geometry": {"type": "Point", "coordinates": [-43.26316100030864, -22.87287799908028]}, "properties": {"objectid": 268, "cre": 3, "designacao": 312005, "denominacao": "Escola Municipal D. João VI", "latitude": -22.872878, "longitude": -43.263161000000004, "tipo": "Escola Municipal"}}, {"type": "Feature", "id": 269, "geometry": {"type": "Point", "coordinates": [-43.26279900039397, -22.87286799903061]}, "properties": {"objectid": 269, "cre": 3, "designacao": 312006, "denominacao": "Escola Municipal Ministro Orosimbo Nonato", "latitude": -22.872868, "longitude": -43.262799, "tipo": "Escola Municipal"}}, {"type": "Feature", "id": 270, "geometry": {"type": "Point", "coordinates": [-43.25253800005598, -22.893763999338294]}, "properties": {"objectid": 270, "cre": 3, "designacao": 312008, "denominacao": "Escola Municipal Delfim Moreira", "latitude": -22.893763999999997, "longitude": -43.252538, "tipo": "Escola Municipal"}}, {"type": "Feature", "id": 271, "geometry": {"type": "Point", "coordinates": [-43.2554080001556, -22.900703999079926]}, "properties": {"objectid": 271, "cre": 3, "designacao": 312009, "denominacao": "Escola Municipal George Sumner", "latitude": -22.900704, "longitude": -43.255408, "tipo": "Escola Municipal"}}, {"type": "Feature", "id": 272, "geometry": {"type": "Point", "coordinates": [-43.25830599978084, -22.880459999516173]}, "properties": {"objectid": 272, "cre": 3, "designacao": 312010, "denominacao": "Escola Municipal Pace", "latitude": -22.880460000000003, "longitude": -43.258306, "tipo": "Escola Municipal"}}, {"type": "Feature", "id": 273, "geometry": {"type": "Point", "coordinates": [-43.26262200045446, -22.8841789992172]}, "properties": {"objectid": 273, "cre": 3, "designacao": 312011, "denominacao": "Escola Municipal Pernambuco", "latitude": -22.884179, "longitude": -43.262622, "tipo": "Escola Municipal"}}, {"type": "Feature", "id": 274, "geometry": {"type": "Point", "coordinates": [-43.274149000145606, -22.884464999023407]}, "properties": {"objectid": 274, "cre": 3, "designacao": 312012, "denominacao": "Escola Municipal Manoel Bomfim", "latitude": -22.884465, "longitude": -43.274148999999994, "tipo": "Escola Municipal"}}, {"type": "Feature", "id": 275, "geometry": {"type": "Point", "coordinates": [-43.275180999607635, -22.87989699948464]}, "properties": {"objectid": 275, "cre": 3, "designacao": 312013, "denominacao": "Escola Municipal São Domingos", "latitude": -22.879897, "longitude": -43.275181, "tipo": "Escola Municipal"}}, {"type": "Feature", "id": 276, "geometry": {"type": "Point", "coordinates": [-43.2891410002142, -22.868261999593088]}, "properties": {"objectid": 276, "cre": 3, "designacao": 312014, "denominacao": "Escola Municipal Nereu Sampaio", "latitude": -22.868262, "longitude": -43.289141, "tipo": "Escola Municipal"}}, {"type": "Feature", "id": 277, "geometry": {"type": "Point", "coordinates": [-43.2829409996422, -22.873187999364117]}, "properties": {"objectid": 277, "cre": 3, "designacao": 312015, "denominacao": "Escola Municipal Barão de Macahubas", "latitude": -22.873188000000003, "longitude": -43.282941, "tipo": "Escola Municipal"}}, {"type": "Feature", "id": 278, "geometry": {"type": "Point", "coordinates": [-43.28339199986465, -22.872647999278303]}, "properties": {"objectid": 278, "cre": 3, "designacao": 312016, "denominacao": "Escola Municipal Ceará", "latitude": -22.872647999999998, "longitude": -43.283392, "tipo": "Escola Municipal"}}, {"type": "Feature", "id": 279, "geometry": {"type": "Point", "coordinates": [-43.26893599975577, -22.87279099975207]}, "properties": {"objectid": 279, "cre": 3, "designacao": 312017, "denominacao": "Escola Municipal Lauro Sodré", "latitude": -22.872791000000003, "longitude": -43.268936000000004, "tipo": "Escola Municipal"}}, {"type": "Feature", "id": 280, "geometry": {"type": "Point", "coordinates": [-43.27590000036789, -22.874568999747673]}, "properties": {"objectid": 280, "cre": 3, "designacao": 312018, "denominacao": "Escola Municipal Nicolau Antônio Taunay", "latitude": -22.874569, "longitude": -43.2759, "tipo": "Escola Municipal"}}, {"type": "Feature", "id": 281, "geometry": {"type": "Point", "coordinates": [-43.28607300024993, -22.870439999117778]}, "properties": {"objectid": 281, "cre": 3, "designacao": 312019, "denominacao": "Escola Municipal Olavo Josino de Salles", "latitude": -22.87044, "longitude": -43.286073, "tipo": "Escola Municipal"}}, {"type": "Feature", "id": 282, "geometry": {"type": "Point", "coordinates": [-43.27512199965321, -22.874335999588578]}, "properties": {"objectid": 282, "cre": 3, "designacao": 312020, "denominacao": "Escola Municipal Gustavo Armbrust", "latitude": -22.874336000000003, "longitude": -43.275122, "tipo": "Escola Municipal"}}, {"type": "Feature", "id": 283, "geometry": {"type": "Point", "coordinates": [-43.272856999860174, -22.873841999242206]}, "properties": {"objectid": 283, "cre": 3, "designacao": 312021, "denominacao": "Escola Municipal Eurico Vilela", "latitude": -22.873842, "longitude": -43.272856999999995, "tipo": "Escola Municipal"}}, {"type": "Feature", "id": 284, "geometry": {"type": "Point", "coordinates": [-43.27556299976881, -22.86890399907864]}, "properties": {"objectid": 284, "cre": 3, "designacao": 312022, "denominacao": "Escola Municipal Rubens Berardo", "latitude": -22.868904, "longitude": -43.275563, "tipo": "Escola Municipal"}}, {"type": "Feature", "id": 285, "geometry": {"type": "Point", "coordinates": [-43.285628000116475, -22.877569999002215]}, "properties": {"objectid": 285, "cre": 3, "designacao": 312023, "denominacao": "Escola Municipal Joaquim Ribeiro", "latitude": -22.877570000000002, "longitude": -43.285628, "tipo": "Escola Municipal"}}, {"type": "Feature", "id": 286, "geometry": {"type": "Point", "coordinates": [-43.27771200008784, -22.873891999770834]}, "properties": {"objectid": 286, "cre": 3, "designacao": 312024, "denominacao": "Escola Municipal Domingos Bebiano", "latitude": -22.873891999999998, "longitude": -43.277712, "tipo": "Escola Municipal"}}, {"type": "Feature", "id": 287, "geometry": {"type": "Point", "coordinates": [-43.27075800014088, -22.87275799974565]}, "properties": {"objectid": 287, "cre": 3, "designacao": 312025, "denominacao": "Escola Municipal Professora Arminda Moreira Padova", "latitude": -22.872758, "longitude": -43.270758, "tipo": "Escola Municipal"}}, {"type": "Feature", "id": 288, "geometry": {"type": "Point", "coordinates": [-43.27383999965291, -22.86752199943503]}, "properties": {"objectid": 288, "cre": 3, "designacao": 312027, "denominacao": "Escola Municipal Professor Afonso Várzea", "latitude": -22.867522, "longitude": -43.27384, "tipo": "Escola Municipal"}}, {"type": "Feature", "id": 289, "geometry": {"type": "Point", "coordinates": [-43.295073999951846, -22.870441999009554]}, "properties": {"objectid": 289, "cre": 3, "designacao": 312029, "denominacao": "Escola Municipal José Marti", "latitude": -22.870442, "longitude": -43.295074, "tipo": "Escola Municipal"}}, {"type": "Feature", "id": 290, "geometry": {"type": "Point", "coordinates": [-43.29669299971171, -22.868716999673364]}, "properties": {"objectid": 290, "cre": 3, "designacao": 312030, "denominacao": "Escola Municipal Marechal Estevão Leitão de Carvalho", "latitude": -22.868717, "longitude": -43.296693, "tipo": "Escola Municipal"}}, {"type": "Feature", "id": 291, "geometry": {"type": "Point", "coordinates": [-43.297498999885505, -22.867350999462055]}, "properties": {"objectid": 291, "cre": 3, "designacao": 312031, "denominacao": "Escola Municipal Eurico Salles", "latitude": -22.867351, "longitude": -43.297499, "tipo": "Escola Municipal"}}, {"type": "Feature", "id": 292, "geometry": {"type": "Point", "coordinates": [-43.29613100042156, -22.865603999661275]}, "properties": {"objectid": 292, "cre": 3, "designacao": 312032, "denominacao": "Escola Municipal Reverendo Álvaro Reis", "latitude": -22.865604, "longitude": -43.296131, "tipo": "Escola Municipal"}}, {"type": "Feature", "id": 293, "geometry": {"type": "Point", "coordinates": [-43.30239400000882, -22.864064998998767]}, "properties": {"objectid": 293, "cre": 3, "designacao": 312033, "denominacao": "Escola Municipal Levy Neves", "latitude": -22.864065, "longitude": -43.302394, "tipo": "Escola Municipal"}}, {"type": "Feature", "id": 294, "geometry": {"type": "Point", "coordinates": [-43.29864199981333, -22.86852299893977]}, "properties": {"objectid": 294, "cre": 3, "designacao": 312034, "denominacao": "Escola Municipal Liberato Bittencourt", "latitude": -22.868523, "longitude": -43.298642, "tipo": "Escola Municipal"}}, {"type": "Feature", "id": 295, "geometry": {"type": "Point", "coordinates": [-43.31023799976032, -22.871045999013404]}, "properties": {"objectid": 295, "cre": 3, "designacao": 312035, "denominacao": "Escola Municipal Antônio Pereira", "latitude": -22.871046, "longitude": -43.310238000000005, "tipo": "Escola Municipal"}}, {"type": "Feature", "id": 296, "geometry": {"type": "Point", "coordinates": [-43.26940799988192, -22.867091999235534]}, "properties": {"objectid": 296, "cre": 3, "designacao": 312037, "denominacao": "Escola Municipal Professora Vera Saback Sampaio", "latitude": -22.867092, "longitude": -43.269408, "tipo": "Escola Municipal"}}, {"type": "Feature", "id": 297, "geometry": {"type": "Point", "coordinates": [-43.254567000041845, -22.883434999573744]}, "properties": {"objectid": 297, "cre": 3, "designacao": 312040, "denominacao": "Escola Municipal Engenho da Rainha", "latitude": -22.883435000000002, "longitude": -43.254567, "tipo": "Escola Municipal"}}, {"type": "Feature", "id": 298, "geometry": {"type": "Point", "coordinates": [-43.28696500043636, -22.868696999107815]}, "properties": {"objectid": 298, "cre": 3, "designacao": 312041, "denominacao": "Escola Municipal José Aparecido do Prado Sarti", "latitude": -22.868697, "longitude": -43.286965, "tipo": "Escola Municipal"}}, {"type": "Feature", "id": 299, "geometry": {"type": "Point", "coordinates": [-43.25113799951519, -22.89845099949642]}, "properties": {"objectid": 299, "cre": 3, "designacao": 312043, "denominacao": "Escola Cívico Militar Carioca (General Abreu)", "latitude": -22.898450999999998, "longitude": -43.251138000000005, "tipo": "Escola Cívico Militar"}}, {"type": "Feature", "id": 300, "geometry": {"type": "Point", "coordinates": [-43.25065999968354, -22.89986399974126]}, "properties": {"objectid": 300, "cre": 3, "designacao": 312044, "denominacao": "Escola Municipal Elza Soares", "latitude": -22.899863999999997, "longitude": -43.250659999999996, "tipo": "Escola Municipal"}}, {"type": "Feature", "id": 301, "geometry": {"type": "Point", "coordinates": [-43.27488900028265, -22.87835499962602]}, "properties": {"objectid": 301, "cre": 3, "designacao": 312501, "denominacao": "Ciep Patrice Lumumba", "latitude": -22.878355, "longitude": -43.274889, "tipo": "CIEP"}}, {"type": "Feature", "id": 302, "geometry": {"type": "Point", "coordinates": [-43.27486600046317, -22.879512998974675]}, "properties": {"objectid": 302, "cre": 3, "designacao": 312502, "denominacao": "Ciep Procópio Ferreira", "latitude": -22.879513, "longitude": -43.274865999999996, "tipo": "CIEP"}}, {"type": "Feature", "id": 303, "geometry": {"type": "Point", "coordinates": [-43.276549999583956, -22.872352999455124]}, "properties": {"objectid": 303, "cre": 3, "designacao": 312503, "denominacao": "Ciep Coronel Sarmento", "latitude": -22.872353, "longitude": -43.27655, "tipo": "CIEP"}}, {"type": "Feature", "id": 304, "geometry": {"type": "Point", "coordinates": [-43.28135200010464, -22.880690999103265]}, "properties": {"objectid": 304, "cre": 3, "designacao": 312601, "denominacao": "Creche Municipal Cantinho Feliz", "latitude": -22.880691000000002, "longitude": -43.281352, "tipo": "Creche Municipal"}}, {"type": "Feature", "id": 305, "geometry": {"type": "Point", "coordinates": [-43.29995400000076, -22.86945999907912]}, "properties": {"objectid": 305, "cre": 3, "designacao": 312602, "denominacao": "Creche Municipal Engenho da Rainha", "latitude": -22.86946, "longitude": -43.299954, "tipo": "Creche Municipal"}}, {"type": "Feature", "id": 306, "geometry": {"type": "Point", "coordinates": [-43.279043999693634, -22.880362998993636]}, "properties": {"objectid": 306, "cre": 3, "designacao": 312603, "denominacao": "Creche Municipal Renascer", "latitude": -22.880363, "longitude": -43.279044000000006, "tipo": "Creche Municipal"}}, {"type": "Feature", "id": 307, "geometry": {"type": "Point", "coordinates": [-43.28477899983851, -22.863229999191898]}, "properties": {"objectid": 307, "cre": 3, "designacao": 312801, "denominacao": "Espaço de Desenvolvimento Infantil Henrique Foréis", "latitude": -22.863229999999998, "longitude": -43.284779, "tipo": "EDI"}}, {"type": "Feature", "id": 308, "geometry": {"type": "Point", "coordinates": [-43.26914699998745, -22.86699399919641]}, "properties": {"objectid": 308, "cre": 3, "designacao": 312802, "denominacao": "Espaço de Desenvolvimento Infantil Lucia Maria Batista de Albuquerque", "latitude": -22.866994000000002, "longitude": -43.269147000000004, "tipo": "EDI"}}, {"type": "Feature", "id": 309, "geometry": {"type": "Point", "coordinates": [-43.275280999554, -22.865265998885523]}, "properties": {"objectid": 309, "cre": 3, "designacao": 312803, "denominacao": "Espaço de Desenvolvimento Infantil Professora Luiza Helena Maia Medeiros", "latitude": -22.865266000000002, "longitude": -43.275281, "tipo": "EDI"}}, {"type": "Feature", "id": 310, "geometry": {"type": "Point", "coordinates": [-43.30809599972225, -22.873579999441624]}, "properties": {"objectid": 310, "cre": 3, "designacao": 312804, "denominacao": "Espaço de Desenvolvimento Infantil Professora Tania Martins Novo Lenz", "latitude": -22.87358, "longitude": -43.308096, "tipo": "EDI"}}, {"type": "Feature", "id": 311, "geometry": {"type": "Point", "coordinates": [-43.28565999993762, -22.860822999244153]}, "properties": {"objectid": 311, "cre": 3, "designacao": 312805, "denominacao": "Espaço de Desenvolvimento Infantil Tânia Cristina Moreira", "latitude": -22.860823, "longitude": -43.28566, "tipo": "EDI"}}, {"type": "Feature", "id": 312, "geometry": {"type": "Point", "coordinates": [-43.27547400027182, -22.864562999448406]}, "properties": {"objectid": 312, "cre": 3, "designacao": 312806, "denominacao": "Espaço de Desenvolvimento Infantil Professora Eliane Monte Chiari Dantas", "latitude": -22.864563, "longitude": -43.275473999999996, "tipo": "EDI"}}, {"type": "Feature", "id": 313, "geometry": {"type": "Point", "coordinates": [-43.27037599967294, -22.880556999048483]}, "properties": {"objectid": 313, "cre": 3, "designacao": 312807, "denominacao": "Espaço de Desenvolvimento Infantil Del Castilho", "latitude": -22.880557000000003, "longitude": -43.270376, "tipo": "EDI"}}, {"type": "Feature", "id": 314, "geometry": {"type": "Point", "coordinates": [-43.2703109996937, -22.863790999726294]}, "properties": {"objectid": 314, "cre": 3, "designacao": 312809, "denominacao": "Espaço de Desenvolvimento Infantil Professora Valéria Pereira de Souza Pinto", "latitude": -22.863791000000003, "longitude": -43.270311, "tipo": "EDI"}}, {"type": "Feature", "id": 315, "geometry": {"type": "Point", "coordinates": [-43.306176999900096, -22.862817999648893]}, "properties": {"objectid": 315, "cre": 3, "designacao": 312810, "denominacao": "Espaço de Desenvolvimento Infantil Maria Mazzetti", "latitude": -22.862818, "longitude": -43.306177, "tipo": "EDI"}}, {"type": "Feature", "id": 316, "geometry": {"type": "Point", "coordinates": [-43.25096799984315, -22.884592998870037]}, "properties": {"objectid": 316, "cre": 3, "designacao": 312811, "denominacao": "Espaço de Desenvolvimento Infantil Bricio Filho", "latitude": -22.884593, "longitude": -43.250968, "tipo": "EDI"}}, {"type": "Feature", "id": 317, "geometry": {"type": "Point", "coordinates": [-43.29211799952351, -22.87129499965402]}, "properties": {"objectid": 317, "cre": 3, "designacao": 312812, "denominacao": "Espaço de Desenvolvimento Infantil Hermenegildo de Barros", "latitude": -22.871295000000003, "longitude": -43.292117999999995, "tipo": "EDI"}}, {"type": "Feature", "id": 318, "geometry": {"type": "Point", "coordinates": [-43.25065999967617, -22.900749999661816]}, "properties": {"objectid": 318, "cre": 3, "designacao": 312813, "denominacao": "EDI JORNALISTA JORGE BASTOS MORENO", "latitude": -22.900750000000002, "longitude": -43.250659999999996, "tipo": "EDI"}}, {"type": "Feature", "id": 319, "geometry": {"type": "Point", "coordinates": [-43.2480050002988, -22.897137999118808]}, "properties": {"objectid": 319, "cre": 3, "designacao": 313001, "denominacao": "Escola Municipal Marechal Carlos Machado Bitencourt", "latitude": -22.897138, "longitude": -43.248005, "tipo": "Escola Municipal"}}, {"type": "Feature", "id": 320, "geometry": {"type": "Point", "coordinates": [-43.24987800022828, -22.90276999914171]}, "properties": {"objectid": 320, "cre": 3, "designacao": 313002, "denominacao": "Escola Municipal José Veríssimo", "latitude": -22.90277, "longitude": -43.249878, "tipo": "Escola Municipal"}}, {"type": "Feature", "id": 321, "geometry": {"type": "Point", "coordinates": [-43.25075399969972, -22.90170899937923]}, "properties": {"objectid": 321, "cre": 3, "designacao": 313003, "denominacao": "Escola Municipal Pareto", "latitude": -22.901709, "longitude": -43.250754, "tipo": "Escola Municipal"}}, {"type": "Feature", "id": 322, "geometry": {"type": "Point", "coordinates": [-43.26089599955959, -22.90114599888138]}, "properties": {"objectid": 322, "cre": 3, "designacao": 313005, "denominacao": "Escola Municipal Cesar Augusto Soares", "latitude": -22.901146, "longitude": -43.260896, "tipo": "Escola Municipal"}}, {"type": "Feature", "id": 323, "geometry": {"type": "Point", "coordinates": [-43.26488099989641, -22.893324999681713]}, "properties": {"objectid": 323, "cre": 3, "designacao": 313006, "denominacao": "Escola Municipal Rio de Janeiro", "latitude": -22.893325, "longitude": -43.264881, "tipo": "Escola Municipal"}}, {"type": "Feature", "id": 324, "geometry": {"type": "Point", "coordinates": [-43.267883000095985, -22.90303099956563]}, "properties": {"objectid": 324, "cre": 3, "designacao": 313007, "denominacao": "Escola Municipal Sarmiento", "latitude": -22.903031, "longitude": -43.267883, "tipo": "Escola Municipal"}}, {"type": "Feature", "id": 325, "geometry": {"type": "Point", "coordinates": [-43.26328499996047, -22.912126999442226]}, "properties": {"objectid": 325, "cre": 3, "designacao": 313008, "denominacao": "Escola Municipal Dr. Mário Augusto Teixeira de Freitas", "latitude": -22.912126999999998, "longitude": -43.263284999999996, "tipo": "Escola Municipal"}}, {"type": "Feature", "id": 326, "geometry": {"type": "Point", "coordinates": [-43.28446699979904, -22.909546999602505]}, "properties": {"objectid": 326, "cre": 3, "designacao": 313011, "denominacao": "Escola Municipal José Eduardo de Macedo Soares", "latitude": -22.909547, "longitude": -43.284467, "tipo": "Escola Municipal"}}, {"type": "Feature", "id": 327, "geometry": {"type": "Point", "coordinates": [-43.27317500047949, -22.905658999775724]}, "properties": {"objectid": 327, "cre": 3, "designacao": 313012, "denominacao": "Escola Municipal Senador João Lyra Tavares", "latitude": -22.905659, "longitude": -43.273175, "tipo": "Escola Municipal"}}, {"type": "Feature", "id": 328, "geometry": {"type": "Point", "coordinates": [-43.28555300032191, -22.91604799913357]}, "properties": {"objectid": 328, "cre": 3, "designacao": 313013, "denominacao": "Escola Municipal Ministro Gama Filho", "latitude": -22.916048, "longitude": -43.285553, "tipo": "Escola Municipal"}}, {"type": "Feature", "id": 329, "geometry": {"type": "Point", "coordinates": [-43.26905299957278, -22.899724999101792]}, "properties": {"objectid": 329, "cre": 3, "designacao": 313014, "denominacao": "Escola Municipal Medeiros e Albuquerque", "latitude": -22.899725, "longitude": -43.269053, "tipo": "Escola Municipal"}}, {"type": "Feature", "id": 330, "geometry": {"type": "Point", "coordinates": [-43.28040500036413, -22.898889999497104]}, "properties": {"objectid": 330, "cre": 3, "designacao": 313015, "denominacao": "Escola Municipal República do Peru", "latitude": -22.89889, "longitude": -43.280405, "tipo": "Escola Municipal"}}, {"type": "Feature", "id": 331, "geometry": {"type": "Point", "coordinates": [-43.27406299952245, -22.903356999602686]}, "properties": {"objectid": 331, "cre": 3, "designacao": 313016, "denominacao": "Escola Municipal Benevenuta Ribeiro", "latitude": -22.903357000000003, "longitude": -43.274063, "tipo": "Escola Municipal"}}, {"type": "Feature", "id": 332, "geometry": {"type": "Point", "coordinates": [-43.28053000032875, -22.89707999908068]}, "properties": {"objectid": 332, "cre": 3, "designacao": 313017, "denominacao": "Escola Municipal Casa São Roque", "latitude": -22.89708, "longitude": -43.280530000000006, "tipo": "Escola Municipal"}}, {"type": "Feature", "id": 333, "geometry": {"type": "Point", "coordinates": [-43.27935799987078, -22.904523999259826]}, "properties": {"objectid": 333, "cre": 3, "designacao": 313018, "denominacao": "Escola Municipal Isabel Mendes", "latitude": -22.904524, "longitude": -43.279358, "tipo": "Escola Municipal"}}, {"type": "Feature", "id": 334, "geometry": {"type": "Point", "coordinates": [-43.28646899961609, -22.909170999721916]}, "properties": {"objectid": 334, "cre": 3, "designacao": 313019, "denominacao": "Escola Municipal Affonso Taunay", "latitude": -22.909170999999997, "longitude": -43.286469000000004, "tipo": "Escola Municipal"}}, {"type": "Feature", "id": 335, "geometry": {"type": "Point", "coordinates": [-43.280032999891965, -22.904012999135]}, "properties": {"objectid": 335, "cre": 3, "designacao": 313020, "denominacao": "Escola Municipal Bento Ribeiro", "latitude": -22.904013, "longitude": -43.280033, "tipo": "Escola Municipal"}}, {"type": "Feature", "id": 336, "geometry": {"type": "Point", "coordinates": [-43.29060899969762, -22.902611999007025]}, "properties": {"objectid": 336, "cre": 3, "designacao": 313021, "denominacao": "Escola Municipal Francisco Jobim", "latitude": -22.902612, "longitude": -43.290608999999996, "tipo": "Escola Municipal"}}, {"type": "Feature", "id": 337, "geometry": {"type": "Point", "coordinates": [-43.28032999981785, -22.904162999431406]}, "properties": {"objectid": 337, "cre": 3, "designacao": 313022, "denominacao": "Escola Municipal Professor Augusto Paulino Filho", "latitude": -22.904163, "longitude": -43.28033, "tipo": "Escola Municipal"}}, {"type": "Feature", "id": 338, "geometry": {"type": "Point", "coordinates": [-43.29333700046446, -22.888334999078502]}, "properties": {"objectid": 338, "cre": 3, "designacao": 313023, "denominacao": "Escola Municipal Honório Gurgel", "latitude": -22.888335, "longitude": -43.293337, "tipo": "Escola Municipal"}}, {"type": "Feature", "id": 339, "geometry": {"type": "Point", "coordinates": [-43.28513600032543, -22.898040998883086]}, "properties": {"objectid": 339, "cre": 3, "designacao": 313024, "denominacao": "Escola Municipal Acre", "latitude": -22.898041, "longitude": -43.285136, "tipo": "Escola Municipal"}}, {"type": "Feature", "id": 340, "geometry": {"type": "Point", "coordinates": [-43.27302299996689, -22.89374499941664]}, "properties": {"objectid": 340, "cre": 3, "designacao": 313025, "denominacao": "Escola Municipal Professor Visitação", "latitude": -22.893745, "longitude": -43.273023, "tipo": "Escola Municipal"}}, {"type": "Feature", "id": 341, "geometry": {"type": "Point", "coordinates": [-43.266118000327374, -22.890651999593217]}, "properties": {"objectid": 341, "cre": 3, "designacao": 313026, "denominacao": "Escola Municipal José Lins do Rego", "latitude": -22.890652, "longitude": -43.266118, "tipo": "Escola Municipal"}}, {"type": "Feature", "id": 342, "geometry": {"type": "Point", "coordinates": [-43.27339399979946, -22.88681299954791]}, "properties": {"objectid": 342, "cre": 3, "designacao": 313027, "denominacao": "Escola Municipal Jean Mermoz", "latitude": -22.886813, "longitude": -43.273393999999996, "tipo": "Escola Municipal"}}, {"type": "Feature", "id": 343, "geometry": {"type": "Point", "coordinates": [-43.27254099997809, -22.89393399900865]}, "properties": {"objectid": 343, "cre": 3, "designacao": 313029, "denominacao": "Escola Municipal Thomas Mann", "latitude": -22.893933999999998, "longitude": -43.272541000000004, "tipo": "Escola Municipal"}}, {"type": "Feature", "id": 344, "geometry": {"type": "Point", "coordinates": [-43.27645999978385, -22.89227299932363]}, "properties": {"objectid": 344, "cre": 3, "designacao": 313030, "denominacao": "Escola Municipal Pastor Miranda Pinto", "latitude": -22.892273, "longitude": -43.27646, "tipo": "Escola Municipal"}}, {"type": "Feature", "id": 345, "geometry": {"type": "Point", "coordinates": [-43.27992499962218, -22.892030999218925]}, "properties": {"objectid": 345, "cre": 3, "designacao": 313031, "denominacao": "Escola Municipal Nossa Senhora de Pompéia", "latitude": -22.892031, "longitude": -43.279925, "tipo": "Escola Municipal"}}, {"type": "Feature", "id": 346, "geometry": {"type": "Point", "coordinates": [-43.294279000131915, -22.891145998908826]}, "properties": {"objectid": 346, "cre": 3, "designacao": 313032, "denominacao": "Escola Municipal Bolívar", "latitude": -22.891146000000003, "longitude": -43.294279, "tipo": "Escola Municipal"}}, {"type": "Feature", "id": 347, "geometry": {"type": "Point", "coordinates": [-43.291417999909065, -22.884828999453486]}, "properties": {"objectid": 347, "cre": 3, "designacao": 313033, "denominacao": "Escola Municipal Maria Izabel Bivar", "latitude": -22.884829, "longitude": -43.291418, "tipo": "Escola Municipal"}}, {"type": "Feature", "id": 348, "geometry": {"type": "Point", "coordinates": [-43.2936830000318, -22.888741999603756]}, "properties": {"objectid": 348, "cre": 3, "designacao": 313034, "denominacao": "Escola Municipal Hélio Smidt", "latitude": -22.888742, "longitude": -43.293682999999994, "tipo": "Escola Municipal"}}, {"type": "Feature", "id": 349, "geometry": {"type": "Point", "coordinates": [-43.30093499993418, -22.89944699901311]}, "properties": {"objectid": 349, "cre": 3, "designacao": 313035, "denominacao": "Escola Municipal Edgard Sussekind de Mendonça", "latitude": -22.899447, "longitude": -43.300934999999996, "tipo": "Escola Municipal"}}, {"type": "Feature", "id": 350, "geometry": {"type": "Point", "coordinates": [-43.295939999969825, -22.900340998999514]}, "properties": {"objectid": 350, "cre": 3, "designacao": 313036, "denominacao": "Escola Municipal Rio Grande do Sul", "latitude": -22.900341, "longitude": -43.29594, "tipo": "Escola Municipal"}}, {"type": "Feature", "id": 351, "geometry": {"type": "Point", "coordinates": [-43.29768800040415, -22.909907999154704]}, "properties": {"objectid": 351, "cre": 3, "designacao": 313037, "denominacao": "Escola Municipal Augusto Frederico Schmidt", "latitude": -22.909908, "longitude": -43.297688, "tipo": "Escola Municipal"}}, {"type": "Feature", "id": 352, "geometry": {"type": "Point", "coordinates": [-43.295180999526195, -22.900855999214418]}, "properties": {"objectid": 352, "cre": 3, "designacao": 313038, "denominacao": "Escola Municipal Londres", "latitude": -22.900856, "longitude": -43.295181, "tipo": "Escola Municipal"}}, {"type": "Feature", "id": 353, "geometry": {"type": "Point", "coordinates": [-43.307918999840666, -22.90627199975848]}, "properties": {"objectid": 353, "cre": 3, "designacao": 313040, "denominacao": "Escola Municipal Brigadeiro Faria Lima", "latitude": -22.906271999999998, "longitude": -43.307919, "tipo": "Escola Municipal"}}, {"type": "Feature", "id": 354, "geometry": {"type": "Point", "coordinates": [-43.30273399954282, -22.89730099923748]}, "properties": {"objectid": 354, "cre": 3, "designacao": 313041, "denominacao": "Escola Municipal Tobias Barreto", "latitude": -22.897301000000002, "longitude": -43.302734, "tipo": "Escola Municipal"}}, {"type": "Feature", "id": 355, "geometry": {"type": "Point", "coordinates": [-43.30156000045197, -22.894790999261204]}, "properties": {"objectid": 355, "cre": 3, "designacao": 313042, "denominacao": "Escola Municipal Goiás", "latitude": -22.894791, "longitude": -43.301559999999995, "tipo": "Escola Municipal"}}, {"type": "Feature", "id": 356, "geometry": {"type": "Point", "coordinates": [-43.302466999605386, -22.887660998960207]}, "properties": {"objectid": 356, "cre": 3, "designacao": 313043, "denominacao": "Escola Municipal Tagore", "latitude": -22.887660999999998, "longitude": -43.302467, "tipo": "Escola Municipal"}}, {"type": "Feature", "id": 357, "geometry": {"type": "Point", "coordinates": [-43.308031000178055, -22.88413999914473]}, "properties": {"objectid": 357, "cre": 3, "designacao": 313044, "denominacao": "Escola Municipal João Kopke", "latitude": -22.88414, "longitude": -43.308031, "tipo": "Escola Municipal"}}, {"type": "Feature", "id": 358, "geometry": {"type": "Point", "coordinates": [-43.31374399953647, -22.897298999680764]}, "properties": {"objectid": 358, "cre": 3, "designacao": 313046, "denominacao": "Escola Municipal República de El Salvador", "latitude": -22.897299, "longitude": -43.313744, "tipo": "Escola Municipal"}}, {"type": "Feature", "id": 359, "geometry": {"type": "Point", "coordinates": [-43.31064999965623, -22.889696998953497]}, "properties": {"objectid": 359, "cre": 3, "designacao": 313048, "denominacao": "Escola Municipal Sérvulo de Lima", "latitude": -22.889697, "longitude": -43.31065, "tipo": "Escola Municipal"}}, {"type": "Feature", "id": 360, "geometry": {"type": "Point", "coordinates": [-43.31169900037387, -22.901418998988007]}, "properties": {"objectid": 360, "cre": 3, "designacao": 313049, "denominacao": "Escola Municipal Virgílio de Melo Franco", "latitude": -22.901419, "longitude": -43.311699, "tipo": "Escola Municipal"}}, {"type": "Feature", "id": 361, "geometry": {"type": "Point", "coordinates": [-43.2940909997075, -22.881337999136882]}, "properties": {"objectid": 361, "cre": 3, "designacao": 313051, "denominacao": "Escola Municipal Alagoas", "latitude": -22.881338, "longitude": -43.294090999999995, "tipo": "Escola Municipal"}}, {"type": "Feature", "id": 362, "geometry": {"type": "Point", "coordinates": [-43.297463999795426, -22.873400999252116]}, "properties": {"objectid": 362, "cre": 3, "designacao": 313052, "denominacao": "Escola Municipal Maranhão", "latitude": -22.873401, "longitude": -43.297464000000005, "tipo": "Escola Municipal"}}, {"type": "Feature", "id": 363, "geometry": {"type": "Point", "coordinates": [-43.29925099953804, -22.87510999900788]}, "properties": {"objectid": 363, "cre": 3, "designacao": 313053, "denominacao": "Escola Municipal Suécia", "latitude": -22.87511, "longitude": -43.299251, "tipo": "Escola Municipal"}}, {"type": "Feature", "id": 364, "geometry": {"type": "Point", "coordinates": [-43.29298299978338, -22.88467999961671]}, "properties": {"objectid": 364, "cre": 3, "designacao": 313054, "denominacao": "Escola Municipal Engenheiro Roberto Magno de Carvalho", "latitude": -22.88468, "longitude": -43.292983, "tipo": "Escola Municipal"}}, {"type": "Feature", "id": 365, "geometry": {"type": "Point", "coordinates": [-43.30248099969582, -22.902814999422485]}, "properties": {"objectid": 365, "cre": 3, "designacao": 313055, "denominacao": "Escola Especial Municipal Doutor Ulisses Pernambucano", "latitude": -22.902815, "longitude": -43.302481, "tipo": "Escola Especial Municipal"}}, {"type": "Feature", "id": 366, "geometry": {"type": "Point", "coordinates": [-43.24620099980647, -22.89490399936347]}, "properties": {"objectid": 366, "cre": 3, "designacao": 313056, "denominacao": "Escola Municipal Ministro Carlos Alberto Menezes Direito", "latitude": -22.894904, "longitude": -43.246201, "tipo": "Escola Municipal"}}, {"type": "Feature", "id": 367, "geometry": {"type": "Point", "coordinates": [-43.25787199963886, -22.90328799908373]}, "properties": {"objectid": 367, "cre": 3, "designacao": 313501, "denominacao": "Escola Municipal Senegal", "latitude": -22.903288, "longitude": -43.257872000000006, "tipo": "Escola Municipal"}}, {"type": "Feature", "id": 368, "geometry": {"type": "Point", "coordinates": [-43.26384700048532, -22.894177999337607]}, "properties": {"objectid": 368, "cre": 3, "designacao": 313502, "denominacao": "Ciep Chanceler Willy Brandt", "latitude": -22.894178, "longitude": -43.263847000000005, "tipo": "CIEP"}}, {"type": "Feature", "id": 369, "geometry": {"type": "Point", "coordinates": [-43.27950800004435, -22.911052998896064]}, "properties": {"objectid": 369, "cre": 3, "designacao": 313503, "denominacao": "Escola Municipal Lins de Vasconcelos", "latitude": -22.911053000000003, "longitude": -43.279508, "tipo": "Escola Municipal"}}, {"type": "Feature", "id": 370, "geometry": {"type": "Point", "coordinates": [-43.305278999753725, -22.876108998983582]}, "properties": {"objectid": 370, "cre": 3, "designacao": 313601, "denominacao": "Creche Municipal Vila dos Mineiros", "latitude": -22.876109, "longitude": -43.305279, "tipo": "Creche Municipal"}}, {"type": "Feature", "id": 371, "geometry": {"type": "Point", "coordinates": [-43.28481500009165, -22.91431099926319]}, "properties": {"objectid": 371, "cre": 3, "designacao": 313602, "denominacao": "Creche Municipal Aconchego", "latitude": -22.914311, "longitude": -43.284814999999995, "tipo": "Creche Municipal"}}, {"type": "Feature", "id": 372, "geometry": {"type": "Point", "coordinates": [-43.30615699964545, -22.878496999028005]}, "properties": {"objectid": 372, "cre": 3, "designacao": 313603, "denominacao": "Creche Municipal Sylvia Orthof", "latitude": -22.878497, "longitude": -43.306157, "tipo": "Creche Municipal"}}, {"type": "Feature", "id": 373, "geometry": {"type": "Point", "coordinates": [-43.26326399984574, -22.91670499924467]}, "properties": {"objectid": 373, "cre": 3, "designacao": 313604, "denominacao": "Creche Municipal Nosso Cantinho", "latitude": -22.916705, "longitude": -43.263264, "tipo": "Creche Municipal"}}, {"type": "Feature", "id": 374, "geometry": {"type": "Point", "coordinates": [-43.2616770004433, -22.904184999449154]}, "properties": {"objectid": 374, "cre": 3, "designacao": 313606, "denominacao": "Creche Municipal Cantinho do Queto", "latitude": -22.904185, "longitude": -43.261677, "tipo": "Creche Municipal"}}, {"type": "Feature", "id": 375, "geometry": {"type": "Point", "coordinates": [-43.27291099979889, -22.906140999254333]}, "properties": {"objectid": 375, "cre": 3, "designacao": 313607, "denominacao": "Creche Municipal Odetinha Vidal de Oliveira", "latitude": -22.906140999999998, "longitude": -43.272911, "tipo": "Creche Municipal"}}, {"type": "Feature", "id": 376, "geometry": {"type": "Point", "coordinates": [-43.2881250003776, -22.885293998881583]}, "properties": {"objectid": 376, "cre": 3, "designacao": 313608, "denominacao": "Creche Municipal Rachel Leite Dias", "latitude": -22.885294000000002, "longitude": -43.288125, "tipo": "Creche Municipal"}}, {"type": "Feature", "id": 377, "geometry": {"type": "Point", "coordinates": [-43.28475299975042, -22.919201999240762]}, "properties": {"objectid": 377, "cre": 3, "designacao": 313609, "denominacao": "Creche Municipal Recanto da Cachoeira", "latitude": -22.919202, "longitude": -43.284753, "tipo": "Creche Municipal"}}, {"type": "Feature", "id": 378, "geometry": {"type": "Point", "coordinates": [-43.282108000132354, -22.914250998873364]}, "properties": {"objectid": 378, "cre": 3, "designacao": 313610, "denominacao": "Creche Municipal Emmanuel", "latitude": -22.914251, "longitude": -43.282108, "tipo": "Creche Municipal"}}, {"type": "Feature", "id": 379, "geometry": {"type": "Point", "coordinates": [-43.26669399993226, -22.908007999686742]}, "properties": {"objectid": 379, "cre": 3, "designacao": 313611, "denominacao": "Creche Municipal José Ramos Januário - Zé Pretinho", "latitude": -22.908008000000002, "longitude": -43.266693999999994, "tipo": "Creche Municipal"}}, {"type": "Feature", "id": 380, "geometry": {"type": "Point", "coordinates": [-43.261933000077306, -22.89569799932352]}, "properties": {"objectid": 380, "cre": 3, "designacao": 313612, "denominacao": "Creche Municipal Marcilia Catarina da Costa Orgélio - Tia Mana", "latitude": -22.895698000000003, "longitude": -43.261933, "tipo": "Creche Municipal"}}, {"type": "Feature", "id": 381, "geometry": {"type": "Point", "coordinates": [-43.24619300032734, -22.89503499920544]}, "properties": {"objectid": 381, "cre": 3, "designacao": 313801, "denominacao": "Espaço de Desenvolvimento Infantil Professor José Libonati Filho", "latitude": -22.895035, "longitude": -43.246193, "tipo": "EDI"}}, {"type": "Feature", "id": 382, "geometry": {"type": "Point", "coordinates": [-43.29801399988307, -22.87381299940975]}, "properties": {"objectid": 382, "cre": 3, "designacao": 313802, "denominacao": "Espaço de Desenvolvimento Infantil Anísio Teixeira", "latitude": -22.873813, "longitude": -43.298014, "tipo": "EDI"}}, {"type": "Feature", "id": 383, "geometry": {"type": "Point", "coordinates": [-43.28247099980911, -22.911954999512293]}, "properties": {"objectid": 383, "cre": 3, "designacao": 313803, "denominacao": "Espaço de Desenvolvimento Infantil Maria Braz", "latitude": -22.911955, "longitude": -43.282471, "tipo": "EDI"}}, {"type": "Feature", "id": 384, "geometry": {"type": "Point", "coordinates": [-43.27628600048587, -22.8925149988887]}, "properties": {"objectid": 384, "cre": 3, "designacao": 313804, "denominacao": "Espaço de Desenvolvimento Infantil George Bernanos", "latitude": -22.892515, "longitude": -43.276286000000006, "tipo": "EDI"}}, {"type": "Feature", "id": 385, "geometry": {"type": "Point", "coordinates": [-43.29597500027735, -22.900651998987087]}, "properties": {"objectid": 385, "cre": 3, "designacao": 313805, "denominacao": "Espaço de Desenvolvimento Infantil Maurício Cardoso", "latitude": -22.900652, "longitude": -43.295975000000006, "tipo": "EDI"}}, {"type": "Feature", "id": 386, "geometry": {"type": "Point", "coordinates": [-43.30630700037559, -22.88264699922382]}, "properties": {"objectid": 386, "cre": 3, "designacao": 313806, "denominacao": "Espaço de Desenvolvimento Infantil Educandário de Santa Cruz", "latitude": -22.882647, "longitude": -43.306307, "tipo": "EDI"}}, {"type": "Feature", "id": 387, "geometry": {"type": "Point", "coordinates": [-43.291230999996436, -22.884610999025828]}, "properties": {"objectid": 387, "cre": 3, "designacao": 313807, "denominacao": "Espaço de Desenvolvimento Infantil Carlos Gomes", "latitude": -22.884611, "longitude": -43.291231, "tipo": "EDI"}}, {"type": "Feature", "id": 388, "geometry": {"type": "Point", "coordinates": [-43.257892999895375, -22.90311399968477]}, "properties": {"objectid": 388, "cre": 3, "designacao": 313808, "denominacao": "Espaço de Desenvolvimento Infantil Presidente Kennedy", "latitude": -22.903114, "longitude": -43.257893, "tipo": "EDI"}}, {"type": "Feature", "id": 389, "geometry": {"type": "Point", "coordinates": [-43.31366199976876, -22.906459999204458]}, "properties": {"objectid": 389, "cre": 3, "designacao": 313809, "denominacao": "Espaço de Desenvolvimento Infantil Escultora Lygia Clark", "latitude": -22.906460000000003, "longitude": -43.313662, "tipo": "EDI"}}, {"type": "Feature", "id": 390, "geometry": {"type": "Point", "coordinates": [-43.31382599968951, -22.89508599974337]}, "properties": {"objectid": 390, "cre": 3, "designacao": 313830, "denominacao": "Espaço de Desenvolvimento Infantil Félix Pacheco", "latitude": -22.895086, "longitude": -43.313826, "tipo": "EDI"}}, {"type": "Feature", "id": 391, "geometry": {"type": "Point", "coordinates": [-43.25410400017298, -22.885317999567143]}, "properties": {"objectid": 391, "cre": 3, "designacao": 328501, "denominacao": "Ciep Vinicius de Moraes", "latitude": -22.885318, "longitude": -43.254104, "tipo": "CIEP"}}, {"type": "Feature", "id": 392, "geometry": {"type": "Point", "coordinates": [-43.25414400038344, -22.88581199907151]}, "properties": {"objectid": 392, "cre": 3, "designacao": 328601, "denominacao": "Creche Municipal Geralda de Jesus Aleixo", "latitude": -22.885812, "longitude": -43.254144000000004, "tipo": "Creche Municipal"}}, {"type": "Feature", "id": 393, "geometry": {"type": "Point", "coordinates": [-43.25911100044025, -22.890369999234835]}, "properties": {"objectid": 393, "cre": 3, "designacao": 328602, "denominacao": "Creche Municipal Tia Andreza", "latitude": -22.89037, "longitude": -43.259111, "tipo": "Creche Municipal"}}, {"type": "Feature", "id": 394, "geometry": {"type": "Point", "coordinates": [-43.26336199982184, -22.888591999291556]}, "properties": {"objectid": 394, "cre": 3, "designacao": 328604, "denominacao": "Creche Municipal da Comunidade do Jacarezinho", "latitude": -22.888592, "longitude": -43.263362, "tipo": "Creche Municipal"}}, {"type": "Feature", "id": 395, "geometry": {"type": "Point", "coordinates": [-43.25406300025664, -22.883766999478805]}, "properties": {"objectid": 395, "cre": 3, "designacao": 328801, "denominacao": "Espaço de Desenvolvimento Infantil Padre Nelson Carlos Del Mônaco", "latitude": -22.883767000000002, "longitude": -43.254062999999995, "tipo": "EDI"}}, {"type": "Feature", "id": 396, "geometry": {"type": "Point", "coordinates": [-43.27004000009043, -22.86487099906237]}, "properties": {"objectid": 396, "cre": 3, "designacao": 329001, "denominacao": "Escola Municipal Professor Mourão Filho", "latitude": -22.864870999999997, "longitude": -43.27004, "tipo": "Escola Municipal"}}, {"type": "Feature", "id": 397, "geometry": {"type": "Point", "coordinates": [-43.267813000363205, -22.860895999240157]}, "properties": {"objectid": 397, "cre": 3, "designacao": 329801, "denominacao": "Espaço de Desenvolvimento Infantil Dona Lindu", "latitude": -22.860896, "longitude": -43.267813000000004, "tipo": "EDI"}}, {"type": "Feature", "id": 398, "geometry": {"type": "Point", "coordinates": [-43.270947999965884, -22.861756999070984]}, "properties": {"objectid": 398, "cre": 3, "designacao": 330601, "denominacao": "Creche Municipal José de Vieira da Silva", "latitude": -22.861757, "longitude": -43.270948, "tipo": "Creche Municipal"}}, {"type": "Feature", "id": 399, "geometry": {"type": "Point", "coordinates": [-43.270293000431344, -22.865661999235723]}, "properties": {"objectid": 399, "cre": 3, "designacao": 330602, "denominacao": "Creche Municipal Nova Brasília", "latitude": -22.865662, "longitude": -43.270293, "tipo": "Creche Municipal"}}, {"type": "Feature", "id": 400, "geometry": {"type": "Point", "coordinates": [-43.25299899975979, -22.880152999100293]}, "properties": {"objectid": 400, "cre": 4, "designacao": 410001, "denominacao": "Escola Municipal Ema Negrão de Lima", "latitude": -22.880153, "longitude": -43.252998999999996, "tipo": "Escola Municipal"}}, {"type": "Feature", "id": 401, "geometry": {"type": "Point", "coordinates": [-43.253246000375036, -22.880985999467256]}, "properties": {"objectid": 401, "cre": 4, "designacao": 410002, "denominacao": "Escola Municipal Albino Souza Cruz", "latitude": -22.880986, "longitude": -43.253246, "tipo": "Escola Municipal"}}, {"type": "Feature", "id": 402, "geometry": {"type": "Point", "coordinates": [-43.253111000390845, -22.86818799972502]}, "properties": {"objectid": 402, "cre": 4, "designacao": 410003, "denominacao": "Escola Municipal Ruy Barbosa", "latitude": -22.868188, "longitude": -43.253111000000004, "tipo": "Escola Municipal"}}, {"type": "Feature", "id": 403, "geometry": {"type": "Point", "coordinates": [-43.25428000023608, -22.860469999094914]}, "properties": {"objectid": 403, "cre": 4, "designacao": 410004, "denominacao": "Escola Municipal Pedro Lessa", "latitude": -22.86047, "longitude": -43.254279999999994, "tipo": "Escola Municipal"}}, {"type": "Feature", "id": 404, "geometry": {"type": "Point", "coordinates": [-43.261761000079446, -22.856446999001832]}, "properties": {"objectid": 404, "cre": 4, "designacao": 410005, "denominacao": "Escola Municipal João Barbalho", "latitude": -22.856447, "longitude": -43.261761, "tipo": "Escola Municipal"}}, {"type": "Feature", "id": 405, "geometry": {"type": "Point", "coordinates": [-43.26176799963824, -22.855626999553976]}, "properties": {"objectid": 405, "cre": 4, "designacao": 410006, "denominacao": "Escola Municipal Professor Carneiro Ribeiro", "latitude": -22.855627, "longitude": -43.261768, "tipo": "Escola Municipal"}}, {"type": "Feature", "id": 406, "geometry": {"type": "Point", "coordinates": [-43.26416500046057, -22.857136998916076]}, "properties": {"objectid": 406, "cre": 4, "designacao": 410007, "denominacao": "Escola Municipal Padre Manuel da Nóbrega", "latitude": -22.857136999999998, "longitude": -43.264165, "tipo": "Escola Municipal"}}, {"type": "Feature", "id": 407, "geometry": {"type": "Point", "coordinates": [-43.264312000470866, -22.856854998941838]}, "properties": {"objectid": 407, "cre": 4, "designacao": 410008, "denominacao": "Escola Municipal Walt Disney", "latitude": -22.856855, "longitude": -43.264312, "tipo": "Escola Municipal"}}, {"type": "Feature", "id": 408, "geometry": {"type": "Point", "coordinates": [-43.25245100033472, -22.853867998935044]}, "properties": {"objectid": 408, "cre": 4, "designacao": 410009, "denominacao": "Escola Municipal Dilermando Cruz", "latitude": -22.853868, "longitude": -43.252451, "tipo": "Escola Municipal"}}, {"type": "Feature", "id": 409, "geometry": {"type": "Point", "coordinates": [-43.25378300042382, -22.84512599941629]}, "properties": {"objectid": 409, "cre": 4, "designacao": 410010, "denominacao": "Escola Municipal Nerval de Gouveia", "latitude": -22.845125999999997, "longitude": -43.253783, "tipo": "Escola Municipal"}}, {"type": "Feature", "id": 410, "geometry": {"type": "Point", "coordinates": [-43.256564999695016, -22.849746999166108]}, "properties": {"objectid": 410, "cre": 4, "designacao": 410011, "denominacao": "Escola Municipal Edmundo Lins", "latitude": -22.849746999999997, "longitude": -43.256565, "tipo": "Escola Municipal"}}, {"type": "Feature", "id": 411, "geometry": {"type": "Point", "coordinates": [-43.24814199987613, -22.852965999270094]}, "properties": {"objectid": 411, "cre": 4, "designacao": 410012, "denominacao": "Escola Municipal Clotilde Guimarães", "latitude": -22.852966, "longitude": -43.248142, "tipo": "Escola Municipal"}}, {"type": "Feature", "id": 412, "geometry": {"type": "Point", "coordinates": [-43.2553310004564, -22.857255998890658]}, "properties": {"objectid": 412, "cre": 4, "designacao": 410013, "denominacao": "Escola Municipal Carlos Chagas", "latitude": -22.857256, "longitude": -43.255331, "tipo": "Escola Municipal"}}, {"type": "Feature", "id": 413, "geometry": {"type": "Point", "coordinates": [-43.265476000055926, -22.849445999525866]}, "properties": {"objectid": 413, "cre": 4, "designacao": 410015, "denominacao": "Escola Municipal Clóvis Beviláqua", "latitude": -22.849446, "longitude": -43.265476, "tipo": "Escola Municipal"}}, {"type": "Feature", "id": 414, "geometry": {"type": "Point", "coordinates": [-43.268589000303415, -22.848579998878094]}, "properties": {"objectid": 414, "cre": 4, "designacao": 410016, "denominacao": "Escola Municipal Chile", "latitude": -22.848580000000002, "longitude": -43.268589000000006, "tipo": "Escola Municipal"}}, {"type": "Feature", "id": 415, "geometry": {"type": "Point", "coordinates": [-43.26144400047568, -22.847790999110437]}, "properties": {"objectid": 415, "cre": 4, "designacao": 410018, "denominacao": "Escola Municipal Berlim", "latitude": -22.847791, "longitude": -43.261444000000004, "tipo": "Escola Municipal"}}, {"type": "Feature", "id": 416, "geometry": {"type": "Point", "coordinates": [-43.28057199969419, -22.848320999678673]}, "properties": {"objectid": 416, "cre": 4, "designacao": 410020, "denominacao": "Escola Municipal Joracy Camargo", "latitude": -22.848321000000002, "longitude": -43.28057200000001, "tipo": "Escola Municipal"}}, {"type": "Feature", "id": 417, "geometry": {"type": "Point", "coordinates": [-43.26074800014319, -22.843253999083466]}, "properties": {"objectid": 417, "cre": 4, "designacao": 410021, "denominacao": "Escola Municipal Brasil", "latitude": -22.843253999999998, "longitude": -43.260748, "tipo": "Escola Municipal"}}, {"type": "Feature", "id": 418, "geometry": {"type": "Point", "coordinates": [-43.27759199960554, -22.852555999264485]}, "properties": {"objectid": 418, "cre": 4, "designacao": 410022, "denominacao": "Escola Municipal Odilon de Andrade", "latitude": -22.852556, "longitude": -43.277592000000006, "tipo": "Escola Municipal"}}, {"type": "Feature", "id": 419, "geometry": {"type": "Point", "coordinates": [-43.27361900006972, -22.84853099931899]}, "properties": {"objectid": 419, "cre": 4, "designacao": 410023, "denominacao": "Escola Municipal Luiz Cesar Sayão Garcez", "latitude": -22.848531, "longitude": -43.273619000000004, "tipo": "Escola Municipal"}}, {"type": "Feature", "id": 420, "geometry": {"type": "Point", "coordinates": [-43.26820399964662, -22.842055998959484]}, "properties": {"objectid": 420, "cre": 4, "designacao": 410025, "denominacao": "Escola Municipal Anibal Freire", "latitude": -22.842056, "longitude": -43.268204, "tipo": "Escola Municipal"}}, {"type": "Feature", "id": 421, "geometry": {"type": "Point", "coordinates": [-43.249129999754786, -22.88285899895057]}, "properties": {"objectid": 421, "cre": 4, "designacao": 410026, "denominacao": "Escola Municipal Professora Maria de Cerqueira e Silva", "latitude": -22.882859, "longitude": -43.24913, "tipo": "Escola Municipal"}}, {"type": "Feature", "id": 422, "geometry": {"type": "Point", "coordinates": [-43.254675999775905, -22.855385998935578]}, "properties": {"objectid": 422, "cre": 4, "designacao": 410202, "denominacao": "Ciep Yuri Gagarin", "latitude": -22.855386, "longitude": -43.254676, "tipo": "CIEP"}}, {"type": "Feature", "id": 423, "geometry": {"type": "Point", "coordinates": [-43.24969800017658, -22.880777998947163]}, "properties": {"objectid": 423, "cre": 4, "designacao": 410501, "denominacao": "Ciep Juscelino Kubitschek", "latitude": -22.880778, "longitude": -43.249698, "tipo": "CIEP"}}, {"type": "Feature", "id": 424, "geometry": {"type": "Point", "coordinates": [-43.27771000025137, -22.853023999732258]}, "properties": {"objectid": 424, "cre": 4, "designacao": 410502, "denominacao": "Ciep Maestro Francisco Mignone", "latitude": -22.853024, "longitude": -43.277710000000006, "tipo": "CIEP"}}, {"type": "Feature", "id": 425, "geometry": {"type": "Point", "coordinates": [-43.250039999680446, -22.88044499912841]}, "properties": {"objectid": 425, "cre": 4, "designacao": 410601, "denominacao": "Creche Municipal Manguinhos", "latitude": -22.880445, "longitude": -43.25004, "tipo": "Creche Municipal"}}, {"type": "Feature", "id": 426, "geometry": {"type": "Point", "coordinates": [-43.25367499964986, -22.855553999591525]}, "properties": {"objectid": 426, "cre": 4, "designacao": 410602, "denominacao": "Creche Municipal Dr. Juvenil de Souza Lopes", "latitude": -22.855553999999998, "longitude": -43.253675, "tipo": "Creche Municipal"}}, {"type": "Feature", "id": 427, "geometry": {"type": "Point", "coordinates": [-43.249620000481116, -22.880469999722813]}, "properties": {"objectid": 427, "cre": 4, "designacao": 410603, "denominacao": "Creche Municipal Chico Bento", "latitude": -22.880470000000003, "longitude": -43.24962, "tipo": "Creche Municipal"}}, {"type": "Feature", "id": 428, "geometry": {"type": "Point", "coordinates": [-43.24825100038865, -22.884678999334085]}, "properties": {"objectid": 428, "cre": 4, "designacao": 410801, "denominacao": "Espaço de Desenvolvimento Infantil Doutor Domingos Arthur Machado Filho", "latitude": -22.884679, "longitude": -43.248250999999996, "tipo": "EDI"}}, {"type": "Feature", "id": 429, "geometry": {"type": "Point", "coordinates": [-43.25333700033617, -22.88337999962846]}, "properties": {"objectid": 429, "cre": 4, "designacao": 410802, "denominacao": "Espaço de Desenvolvimento Infantil Doutor Antônio Fernandes Figueira", "latitude": -22.88338, "longitude": -43.253337, "tipo": "EDI"}}, {"type": "Feature", "id": 430, "geometry": {"type": "Point", "coordinates": [-43.2549300000621, -22.87550599895117]}, "properties": {"objectid": 430, "cre": 4, "designacao": 410803, "denominacao": "Espaço de Desenvolvimento Infantil Joaquim Venâncio", "latitude": -22.875505999999998, "longitude": -43.25493, "tipo": "EDI"}}, {"type": "Feature", "id": 431, "geometry": {"type": "Point", "coordinates": [-43.273958000103484, -22.851919999745746]}, "properties": {"objectid": 431, "cre": 4, "designacao": 410804, "denominacao": "Espaço de Desenvolvimento Infantil Sargento Jorge Faleiro Souza", "latitude": -22.85192, "longitude": -43.273958, "tipo": "EDI"}}, {"type": "Feature", "id": 432, "geometry": {"type": "Point", "coordinates": [-43.26533800033128, -22.849858999534415]}, "properties": {"objectid": 432, "cre": 4, "designacao": 410805, "denominacao": "Espaço de Desenvolvimento Infantil Compositor Neoci Dias de Andrade", "latitude": -22.849859, "longitude": -43.26533800000001, "tipo": "EDI"}}, {"type": "Feature", "id": 433, "geometry": {"type": "Point", "coordinates": [-43.25637300018357, -22.849983999219965]}, "properties": {"objectid": 433, "cre": 4, "designacao": 410806, "denominacao": "Espaço de Desenvolvimento Infantil Pierre Janet", "latitude": -22.849984000000003, "longitude": -43.256373, "tipo": "EDI"}}, {"type": "Feature", "id": 434, "geometry": {"type": "Point", "coordinates": [-43.27741600039456, -22.852729999630856]}, "properties": {"objectid": 434, "cre": 4, "designacao": 410807, "denominacao": "Espaço de Desenvolvimento Infantil Professora Tania da Rocha Correa", "latitude": -22.852729999999998, "longitude": -43.277416, "tipo": "EDI"}}, {"type": "Feature", "id": 435, "geometry": {"type": "Point", "coordinates": [-43.283699000146484, -22.846809999611285]}, "properties": {"objectid": 435, "cre": 4, "designacao": 410808, "denominacao": "Espaço de Desenvolvimento Infantil Almir Leite Ribeiro", "latitude": -22.84681, "longitude": -43.283699, "tipo": "EDI"}}, {"type": "Feature", "id": 436, "geometry": {"type": "Point", "coordinates": [-43.267452999514866, -22.83934299942611]}, "properties": {"objectid": 436, "cre": 4, "designacao": 410810, "denominacao": "Espaço de Desenvolvimento lnfantil Miguel Couto", "latitude": -22.839343000000003, "longitude": -43.267453, "tipo": "EDI"}}, {"type": "Feature", "id": 437, "geometry": {"type": "Point", "coordinates": [-43.269271999616, -22.84775899952948]}, "properties": {"objectid": 437, "cre": 4, "designacao": 410811, "denominacao": "Espaço de Desenvolvimento Infantil Lais Netto dos Reis", "latitude": -22.847759, "longitude": -43.269272, "tipo": "EDI"}}, {"type": "Feature", "id": 438, "geometry": {"type": "Point", "coordinates": [-43.27262699990202, -22.84938799926991]}, "properties": {"objectid": 438, "cre": 4, "designacao": 410812, "denominacao": "Espaço de Desenvolvimento Infantil Coronel Assunção", "latitude": -22.849388, "longitude": -43.272627, "tipo": "EDI"}}, {"type": "Feature", "id": 439, "geometry": {"type": "Point", "coordinates": [-43.2830349995524, -22.84639599959243]}, "properties": {"objectid": 439, "cre": 4, "designacao": 411001, "denominacao": "Escola Municipal Monsenhor Rocha", "latitude": -22.846396, "longitude": -43.283035, "tipo": "Escola Municipal"}}, {"type": "Feature", "id": 440, "geometry": {"type": "Point", "coordinates": [-43.28400699974955, -22.845628999567527]}, "properties": {"objectid": 440, "cre": 4, "designacao": 411002, "denominacao": "Escola Municipal Bernardo de Vasconcellos", "latitude": -22.845629000000002, "longitude": -43.284006999999995, "tipo": "Escola Municipal"}}, {"type": "Feature", "id": 441, "geometry": {"type": "Point", "coordinates": [-43.283202999864486, -22.845990998971963]}, "properties": {"objectid": 441, "cre": 4, "designacao": 411004, "denominacao": "Escola Municipal Leonor Coelho Pereira", "latitude": -22.845991, "longitude": -43.283203, "tipo": "Escola Municipal"}}, {"type": "Feature", "id": 442, "geometry": {"type": "Point", "coordinates": [-43.26826800024058, -22.83939199975161]}, "properties": {"objectid": 442, "cre": 4, "designacao": 411005, "denominacao": "Escola Municipal Presidente Eurico Dutra", "latitude": -22.839392, "longitude": -43.268268, "tipo": "Escola Municipal"}}, {"type": "Feature", "id": 443, "geometry": {"type": "Point", "coordinates": [-43.27975300005287, -22.837656999430013]}, "properties": {"objectid": 443, "cre": 4, "designacao": 411006, "denominacao": "Escola Municipal Conde de Agrolongo", "latitude": -22.837657, "longitude": -43.279753, "tipo": "Escola Municipal"}}, {"type": "Feature", "id": 444, "geometry": {"type": "Point", "coordinates": [-43.27103799983804, -22.834087999503325]}, "properties": {"objectid": 444, "cre": 4, "designacao": 411007, "denominacao": "Escola Municipal Ariosto Espinheira", "latitude": -22.834088, "longitude": -43.271038000000004, "tipo": "Escola Municipal"}}, {"type": "Feature", "id": 445, "geometry": {"type": "Point", "coordinates": [-43.275255000125114, -22.829463999267134]}, "properties": {"objectid": 445, "cre": 4, "designacao": 411008, "denominacao": "Escola Municipal Professor Souza Carneiro", "latitude": -22.829463999999998, "longitude": -43.275255, "tipo": "Escola Municipal"}}, {"type": "Feature", "id": 446, "geometry": {"type": "Point", "coordinates": [-43.27517000014459, -22.838963999171934]}, "properties": {"objectid": 446, "cre": 4, "designacao": 411009, "denominacao": "Escola Municipal Cientista Mário Kroeff", "latitude": -22.838963999999997, "longitude": -43.27517, "tipo": "Escola Municipal"}}, {"type": "Feature", "id": 447, "geometry": {"type": "Point", "coordinates": [-43.28815599974693, -22.835667998919167]}, "properties": {"objectid": 447, "cre": 4, "designacao": 411010, "denominacao": "Escola Municipal Brant Horta", "latitude": -22.835668, "longitude": -43.288156, "tipo": "Escola Municipal"}}, {"type": "Feature", "id": 448, "geometry": {"type": "Point", "coordinates": [-43.28837899956304, -22.835523999698797]}, "properties": {"objectid": 448, "cre": 4, "designacao": 411011, "denominacao": "Escola Municipal Professor Augusto Motta", "latitude": -22.835524, "longitude": -43.288379, "tipo": "Escola Municipal"}}, {"type": "Feature", "id": 449, "geometry": {"type": "Point", "coordinates": [-43.29993200017703, -22.837997998895332]}, "properties": {"objectid": 449, "cre": 4, "designacao": 411012, "denominacao": "Escola Municipal João Marques dos Reis", "latitude": -22.837998000000002, "longitude": -43.299932, "tipo": "Escola Municipal"}}, {"type": "Feature", "id": 450, "geometry": {"type": "Point", "coordinates": [-43.299944999619996, -22.83836299963896]}, "properties": {"objectid": 450, "cre": 4, "designacao": 411013, "denominacao": "Escola Municipal Fernando Tude de Souza", "latitude": -22.838363, "longitude": -43.299945, "tipo": "Escola Municipal"}}, {"type": "Feature", "id": 451, "geometry": {"type": "Point", "coordinates": [-43.28210799994508, -22.829945999323513]}, "properties": {"objectid": 451, "cre": 4, "designacao": 411014, "denominacao": "Escola Municipal João de Deus", "latitude": -22.829946, "longitude": -43.282108, "tipo": "Escola Municipal"}}, {"type": "Feature", "id": 452, "geometry": {"type": "Point", "coordinates": [-43.279179000240006, -22.82885399941465]}, "properties": {"objectid": 452, "cre": 4, "designacao": 411015, "denominacao": "Escola Municipal Suíça", "latitude": -22.828854, "longitude": -43.279179, "tipo": "Escola Municipal"}}, {"type": "Feature", "id": 453, "geometry": {"type": "Point", "coordinates": [-43.27869499968649, -22.8252399993335]}, "properties": {"objectid": 453, "cre": 4, "designacao": 411017, "denominacao": "Escola Municipal Ministro Afrânio Costa", "latitude": -22.825239999999997, "longitude": -43.278695, "tipo": "Escola Municipal"}}, {"type": "Feature", "id": 454, "geometry": {"type": "Point", "coordinates": [-43.30006899972029, -22.839411999637896]}, "properties": {"objectid": 454, "cre": 4, "designacao": 411018, "denominacao": "Escola Municipal Professor Ary Quintella", "latitude": -22.839412000000003, "longitude": -43.300069, "tipo": "Escola Municipal"}}, {"type": "Feature", "id": 455, "geometry": {"type": "Point", "coordinates": [-43.312536000342945, -22.83782999958483]}, "properties": {"objectid": 455, "cre": 4, "designacao": 411020, "denominacao": "Escola Municipal Grécia", "latitude": -22.83783, "longitude": -43.312536, "tipo": "Escola Municipal"}}, {"type": "Feature", "id": 456, "geometry": {"type": "Point", "coordinates": [-43.30453400040148, -22.84482699936069]}, "properties": {"objectid": 456, "cre": 4, "designacao": 411021, "denominacao": "Escola Municipal Miguel Ângelo", "latitude": -22.844827, "longitude": -43.304534, "tipo": "Escola Municipal"}}, {"type": "Feature", "id": 457, "geometry": {"type": "Point", "coordinates": [-43.30781000025808, -22.83471599941698]}, "properties": {"objectid": 457, "cre": 4, "designacao": 411022, "denominacao": "Escola Municipal Marcílio Dias", "latitude": -22.834716, "longitude": -43.30781, "tipo": "Escola Municipal"}}, {"type": "Feature", "id": 458, "geometry": {"type": "Point", "coordinates": [-43.29380900014691, -22.83480599909363]}, "properties": {"objectid": 458, "cre": 4, "designacao": 411023, "denominacao": "Escola Municipal Ministro Plínio Casado", "latitude": -22.834806, "longitude": -43.293808999999996, "tipo": "Escola Municipal"}}, {"type": "Feature", "id": 459, "geometry": {"type": "Point", "coordinates": [-43.28769799959413, -22.827136999172268]}, "properties": {"objectid": 459, "cre": 4, "designacao": 411028, "denominacao": "Escola Municipal São Paulo", "latitude": -22.827137, "longitude": -43.287698, "tipo": "Escola Municipal"}}, {"type": "Feature", "id": 460, "geometry": {"type": "Point", "coordinates": [-43.29136999955771, -22.82471399928173]}, "properties": {"objectid": 460, "cre": 4, "designacao": 411036, "denominacao": "Escola Municipal F. J. Oliveira Viana", "latitude": -22.824714, "longitude": -43.29137, "tipo": "Escola Municipal"}}, {"type": "Feature", "id": 461, "geometry": {"type": "Point", "coordinates": [-43.27226500031693, -22.818893999642473]}, "properties": {"objectid": 461, "cre": 4, "designacao": 411049, "denominacao": "Escola Municipal Cantor e Compositor Gonzaguinha", "latitude": -22.818894, "longitude": -43.272265, "tipo": "Escola Municipal"}}, {"type": "Feature", "id": 462, "geometry": {"type": "Point", "coordinates": [-43.27952099982011, -22.842212999496265]}, "properties": {"objectid": 462, "cre": 4, "designacao": 411202, "denominacao": "Ciep Gregório Bezerra", "latitude": -22.842212999999997, "longitude": -43.279520999999995, "tipo": "CIEP"}}, {"type": "Feature", "id": 463, "geometry": {"type": "Point", "coordinates": [-43.28359799959885, -22.851242998927283]}, "properties": {"objectid": 463, "cre": 4, "designacao": 411502, "denominacao": "Ciep Deputado José Carlos Brandão Monteiro", "latitude": -22.851243, "longitude": -43.283598, "tipo": "CIEP"}}, {"type": "Feature", "id": 464, "geometry": {"type": "Point", "coordinates": [-43.28774400042321, -22.843843999082594]}, "properties": {"objectid": 464, "cre": 4, "designacao": 411601, "denominacao": "Creche Municipal Carlos Drummond de Andrade", "latitude": -22.843844, "longitude": -43.287744, "tipo": "Creche Municipal"}}, {"type": "Feature", "id": 465, "geometry": {"type": "Point", "coordinates": [-43.288936000113885, -22.840211999563998]}, "properties": {"objectid": 465, "cre": 4, "designacao": 411602, "denominacao": "Creche Municipal Tempo de Aprender", "latitude": -22.840212, "longitude": -43.288936, "tipo": "Creche Municipal"}}, {"type": "Feature", "id": 466, "geometry": {"type": "Point", "coordinates": [-43.296550000464805, -22.843651999619436]}, "properties": {"objectid": 466, "cre": 4, "designacao": 411603, "denominacao": "Creche Municipal Morro da Paz", "latitude": -22.843652, "longitude": -43.29655, "tipo": "Creche Municipal"}}, {"type": "Feature", "id": 467, "geometry": {"type": "Point", "coordinates": [-43.29175100014113, -22.84630399894352]}, "properties": {"objectid": 467, "cre": 4, "designacao": 411604, "denominacao": "Creche Municipal Betinho", "latitude": -22.846304, "longitude": -43.291751, "tipo": "Creche Municipal"}}, {"type": "Feature", "id": 468, "geometry": {"type": "Point", "coordinates": [-43.28944900014503, -22.844110999496255]}, "properties": {"objectid": 468, "cre": 4, "designacao": 411605, "denominacao": "Creche Municipal Caracol", "latitude": -22.844111, "longitude": -43.289449, "tipo": "Creche Municipal"}}, {"type": "Feature", "id": 469, "geometry": {"type": "Point", "coordinates": [-43.298281000226496, -22.834269998971866]}, "properties": {"objectid": 469, "cre": 4, "designacao": 411607, "denominacao": "Creche Municipal Maria Altamira C. Olegário", "latitude": -22.83427, "longitude": -43.298281, "tipo": "Creche Municipal"}}, {"type": "Feature", "id": 470, "geometry": {"type": "Point", "coordinates": [-43.26656599999965, -22.837611999362306]}, "properties": {"objectid": 470, "cre": 4, "designacao": 411609, "denominacao": "Creche Municipal Tia Ruth Costa dos Santos", "latitude": -22.837612, "longitude": -43.266566, "tipo": "Creche Municipal"}}, {"type": "Feature", "id": 471, "geometry": {"type": "Point", "coordinates": [-43.29320000039224, -22.841449998894515]}, "properties": {"objectid": 471, "cre": 4, "designacao": 411610, "denominacao": "Creche Municipal Mussum - O Trapalhão", "latitude": -22.841450000000002, "longitude": -43.2932, "tipo": "Creche Municipal"}}, {"type": "Feature", "id": 472, "geometry": {"type": "Point", "coordinates": [-43.30474000001781, -22.84584899939381]}, "properties": {"objectid": 472, "cre": 4, "designacao": 411801, "denominacao": "Espaço de Desenvolvimento Infantil Mariana Rocha de Souza", "latitude": -22.845849, "longitude": -43.304739999999995, "tipo": "EDI"}}, {"type": "Feature", "id": 473, "geometry": {"type": "Point", "coordinates": [-43.29781600030616, -22.8467479989805]}, "properties": {"objectid": 473, "cre": 4, "designacao": 411802, "denominacao": "Espaço de Desenvolvimento Infantil Joel Luiz de Azevedo Bastos", "latitude": -22.846747999999998, "longitude": -43.297816000000005, "tipo": "EDI"}}, {"type": "Feature", "id": 474, "geometry": {"type": "Point", "coordinates": [-43.28885500033308, -22.841359999590527]}, "properties": {"objectid": 474, "cre": 4, "designacao": 411803, "denominacao": "Espaço de Desenvolvimento Infantil Maria de Lourdes Ferreira", "latitude": -22.84136, "longitude": -43.288855000000005, "tipo": "EDI"}}, {"type": "Feature", "id": 475, "geometry": {"type": "Point", "coordinates": [-43.29689199986823, -22.84703999891001]}, "properties": {"objectid": 475, "cre": 4, "designacao": 411804, "denominacao": "Espaço de Desenvolvimento Infantil Morro da Fé", "latitude": -22.84704, "longitude": -43.296892, "tipo": "EDI"}}, {"type": "Feature", "id": 476, "geometry": {"type": "Point", "coordinates": [-43.27886000019288, -22.825485998893193]}, "properties": {"objectid": 476, "cre": 4, "designacao": 411805, "denominacao": "Espaço de Desenvolvimento Infantil Edmundo da Luz Pinto", "latitude": -22.825485999999998, "longitude": -43.278859999999995, "tipo": "EDI"}}, {"type": "Feature", "id": 477, "geometry": {"type": "Point", "coordinates": [-43.286869000308485, -22.82580299973649]}, "properties": {"objectid": 477, "cre": 4, "designacao": 411806, "denominacao": "Espaço de Desenvolvimento Infantil Göethe", "latitude": -22.825803, "longitude": -43.286869, "tipo": "EDI"}}, {"type": "Feature", "id": 478, "geometry": {"type": "Point", "coordinates": [-43.287873000064266, -22.835845999312987]}, "properties": {"objectid": 478, "cre": 4, "designacao": 411808, "denominacao": "Espaço de Desenvolvimento Infantil Pioneiras Sociais No.12", "latitude": -22.835846, "longitude": -43.287873, "tipo": "EDI"}}, {"type": "Feature", "id": 479, "geometry": {"type": "Point", "coordinates": [-43.2840489996703, -22.84403699899147]}, "properties": {"objectid": 479, "cre": 4, "designacao": 411809, "denominacao": "Espaço de Desenvolvimento Infantil São Vicente", "latitude": -22.844037, "longitude": -43.284048999999996, "tipo": "EDI"}}, {"type": "Feature", "id": 480, "geometry": {"type": "Point", "coordinates": [-43.24071199995973, -22.87373899957398]}, "properties": {"objectid": 480, "cre": 4, "designacao": 430001, "denominacao": "Escola Municipal Professor Josué de Castro", "latitude": -22.873739, "longitude": -43.240711999999995, "tipo": "Escola Municipal"}}, {"type": "Feature", "id": 481, "geometry": {"type": "Point", "coordinates": [-43.238783999785724, -22.876218999184644]}, "properties": {"objectid": 481, "cre": 4, "designacao": 430002, "denominacao": "Escola Municipal Teotonio Vilela", "latitude": -22.876219000000003, "longitude": -43.238784, "tipo": "Escola Municipal"}}, {"type": "Feature", "id": 482, "geometry": {"type": "Point", "coordinates": [-43.24697599953603, -22.864458998934015]}, "properties": {"objectid": 482, "cre": 4, "designacao": 430003, "denominacao": "Escola Municipal Bahia", "latitude": -22.864459, "longitude": -43.246976, "tipo": "Escola Municipal"}}, {"type": "Feature", "id": 483, "geometry": {"type": "Point", "coordinates": [-43.24338699987666, -22.861466999375175]}, "properties": {"objectid": 483, "cre": 4, "designacao": 430004, "denominacao": "Escola Municipal IV Centenário", "latitude": -22.861467, "longitude": -43.243387, "tipo": "Escola Municipal"}}, {"type": "Feature", "id": 484, "geometry": {"type": "Point", "coordinates": [-43.24663700012792, -22.846876999077246]}, "properties": {"objectid": 484, "cre": 4, "designacao": 430005, "denominacao": "Escola Municipal Tenente General Napion", "latitude": -22.846877000000003, "longitude": -43.246637, "tipo": "Escola Municipal"}}, {"type": "Feature", "id": 485, "geometry": {"type": "Point", "coordinates": [-43.23925200041753, -22.855241999501917]}, "properties": {"objectid": 485, "cre": 4, "designacao": 430007, "denominacao": "Escola Municipal Primário Nova Holanda", "latitude": -22.855242, "longitude": -43.23925199999999, "tipo": "Escola Municipal"}}, {"type": "Feature", "id": 486, "geometry": {"type": "Point", "coordinates": [-43.239042999731446, -22.86491399937595]}, "properties": {"objectid": 486, "cre": 4, "designacao": 430009, "denominacao": "Escola Municipal Professor Paulo Freire", "latitude": -22.864914, "longitude": -43.239042999999995, "tipo": "Escola Municipal"}}, {"type": "Feature", "id": 487, "geometry": {"type": "Point", "coordinates": [-43.238580000153256, -22.86121699930083]}, "properties": {"objectid": 487, "cre": 4, "designacao": 430010, "denominacao": "Escola Municipal Escritor Bartolomeu Campos de Queirós", "latitude": -22.861217, "longitude": -43.23858, "tipo": "Escola Municipal"}}, {"type": "Feature", "id": 488, "geometry": {"type": "Point", "coordinates": [-43.24051600020982, -22.857270999675517]}, "properties": {"objectid": 488, "cre": 4, "designacao": 430011, "denominacao": "Escola Municipal Escritor Lêdo Ivo", "latitude": -22.857270999999997, "longitude": -43.240516, "tipo": "Escola Municipal"}}, {"type": "Feature", "id": 489, "geometry": {"type": "Point", "coordinates": [-43.23864900027063, -22.857334999643193]}, "properties": {"objectid": 489, "cre": 4, "designacao": 430012, "denominacao": "Escola Municipal Primário Genival Pereira de Albuquerque", "latitude": -22.857335, "longitude": -43.238648999999995, "tipo": "Escola Municipal"}}, {"type": "Feature", "id": 490, "geometry": {"type": "Point", "coordinates": [-43.23904499996631, -22.85630899919222]}, "properties": {"objectid": 490, "cre": 4, "designacao": 430013, "denominacao": "Escola Municipal Primário Osmar Paiva Camelo", "latitude": -22.856309, "longitude": -43.239045, "tipo": "Escola Municipal"}}, {"type": "Feature", "id": 491, "geometry": {"type": "Point", "coordinates": [-43.239179999697846, -22.855801999293497]}, "properties": {"objectid": 491, "cre": 4, "designacao": 430014, "denominacao": "Escola Municipal Primário Lino Martins da Silva", "latitude": -22.855801999999997, "longitude": -43.23918, "tipo": "Escola Municipal"}}, {"type": "Feature", "id": 492, "geometry": {"type": "Point", "coordinates": [-43.239046999953764, -22.857418998971507]}, "properties": {"objectid": 492, "cre": 4, "designacao": 430015, "denominacao": "Escola Municipal Primário Erpídio Cabral de Souza (Índio da Maré)", "latitude": -22.857419, "longitude": -43.239047, "tipo": "Escola Municipal"}}, {"type": "Feature", "id": 493, "geometry": {"type": "Point", "coordinates": [-43.23892999981232, -22.856742999159636]}, "properties": {"objectid": 493, "cre": 4, "designacao": 430016, "denominacao": "EM Ginásio Olimpíadas Rio 2016", "latitude": -22.856743, "longitude": -43.23893, "tipo": "Escola Municipal"}}, {"type": "Feature", "id": 494, "geometry": {"type": "Point", "coordinates": [-43.24104900018795, -22.85263999931708]}, "properties": {"objectid": 494, "cre": 4, "designacao": 430018, "denominacao": "EM Primário Medalhista Olímpico Lucas Saatkamp", "latitude": -22.852639999999997, "longitude": -43.241049, "tipo": "Escola Municipal"}}, {"type": "Feature", "id": 495, "geometry": {"type": "Point", "coordinates": [-43.24125699952743, -22.85771199975165]}, "properties": {"objectid": 495, "cre": 4, "designacao": 430019, "denominacao": "Escola Municipal Ginásio Escritor Millôr Fernandes", "latitude": -22.857712000000003, "longitude": -43.241257, "tipo": "Escola Municipal"}}, {"type": "Feature", "id": 496, "geometry": {"type": "Point", "coordinates": [-43.236404999736735, -22.872834999655435]}, "properties": {"objectid": 496, "cre": 4, "designacao": 430020, "denominacao": "Escola Municipal Vereadora Marielle Franco", "latitude": -22.872835000000002, "longitude": -43.236405000000005, "tipo": "Escola Municipal"}}, {"type": "Feature", "id": 497, "geometry": {"type": "Point", "coordinates": [-43.23791500030017, -22.869134999284224]}, "properties": {"objectid": 497, "cre": 4, "designacao": 430201, "denominacao": "Ciep Ministro Gustavo Capanema", "latitude": -22.869135, "longitude": -43.237915, "tipo": "CIEP"}}, {"type": "Feature", "id": 498, "geometry": {"type": "Point", "coordinates": [-43.23792899979371, -22.86102599937638]}, "properties": {"objectid": 498, "cre": 4, "designacao": 430204, "denominacao": "Ciep Operário Vicente Mariano", "latitude": -22.861026, "longitude": -43.237929, "tipo": "CIEP"}}, {"type": "Feature", "id": 499, "geometry": {"type": "Point", "coordinates": [-43.24075299966062, -22.852978999584835]}, "properties": {"objectid": 499, "cre": 4, "designacao": 430206, "denominacao": "Ciep Hélio Smidt", "latitude": -22.852978999999998, "longitude": -43.240753, "tipo": "CIEP"}}, {"type": "Feature", "id": 500, "geometry": {"type": "Point", "coordinates": [-43.24122800047018, -22.85778699906534]}, "properties": {"objectid": 500, "cre": 4, "designacao": 430501, "denominacao": "Ciep Presidente Samora Machel", "latitude": -22.857787000000002, "longitude": -43.241228, "tipo": "CIEP"}}, {"type": "Feature", "id": 501, "geometry": {"type": "Point", "coordinates": [-43.24045199968093, -22.857828998910808]}, "properties": {"objectid": 501, "cre": 4, "designacao": 430502, "denominacao": "Ciep Elis Regina", "latitude": -22.857829000000002, "longitude": -43.240452, "tipo": "CIEP"}}, {"type": "Feature", "id": 502, "geometry": {"type": "Point", "coordinates": [-43.253378000194495, -22.83957599953262]}, "properties": {"objectid": 502, "cre": 4, "designacao": 430503, "denominacao": "Ciep Leonel de Moura Brizola", "latitude": -22.839576, "longitude": -43.253378000000005, "tipo": "CIEP"}}, {"type": "Feature", "id": 503, "geometry": {"type": "Point", "coordinates": [-43.23847099960089, -22.87138499918856]}, "properties": {"objectid": 503, "cre": 4, "designacao": 430601, "denominacao": "Creche Municipal Menino Maluquinho", "latitude": -22.871385, "longitude": -43.238471, "tipo": "Creche Municipal"}}, {"type": "Feature", "id": 504, "geometry": {"type": "Point", "coordinates": [-43.23658599963651, -22.869744999589592]}, "properties": {"objectid": 504, "cre": 4, "designacao": 430602, "denominacao": "Creche Municipal Vila Pinheiro", "latitude": -22.869745, "longitude": -43.236586, "tipo": "Creche Municipal"}}, {"type": "Feature", "id": 505, "geometry": {"type": "Point", "coordinates": [-43.23954500045158, -22.873425999753724]}, "properties": {"objectid": 505, "cre": 4, "designacao": 430603, "denominacao": "Creche Municipal Tio Mário", "latitude": -22.873426, "longitude": -43.239545, "tipo": "Creche Municipal"}}, {"type": "Feature", "id": 506, "geometry": {"type": "Point", "coordinates": [-43.24310600013842, -22.85631599913652]}, "properties": {"objectid": 506, "cre": 4, "designacao": 430604, "denominacao": "Creche Municipal Monteiro Lobato", "latitude": -22.856316, "longitude": -43.243106, "tipo": "Creche Municipal"}}, {"type": "Feature", "id": 507, "geometry": {"type": "Point", "coordinates": [-43.242887999698866, -22.854466999739586]}, "properties": {"objectid": 507, "cre": 4, "designacao": 430605, "denominacao": "Creche Municipal Nova Holanda", "latitude": -22.854467, "longitude": -43.242888, "tipo": "Creche Municipal"}}, {"type": "Feature", "id": 508, "geometry": {"type": "Point", "coordinates": [-43.24004999995847, -22.859500999243465]}, "properties": {"objectid": 508, "cre": 4, "designacao": 430607, "denominacao": "Creche Municipal Professor Paulo Freire", "latitude": -22.859501, "longitude": -43.240050000000004, "tipo": "Creche Municipal"}}, {"type": "Feature", "id": 509, "geometry": {"type": "Point", "coordinates": [-43.242276999812475, -22.866234999283403]}, "properties": {"objectid": 509, "cre": 4, "designacao": 430701, "denominacao": "Centro de Educação de Jovens e Adultos CEJA - Maré", "latitude": -22.866235, "longitude": -43.242276999999994, "tipo": "CEJA - Centro de Educação de Jovens e Adultos"}}, {"type": "Feature", "id": 510, "geometry": {"type": "Point", "coordinates": [-43.23862100007664, -22.862238999707102]}, "properties": {"objectid": 510, "cre": 4, "designacao": 430801, "denominacao": "Espaço de Desenvolvimento Infantil Pescador Isidoro Duarte - \"Doro\"", "latitude": -22.862239000000002, "longitude": -43.238620999999995, "tipo": "EDI"}}, {"type": "Feature", "id": 511, "geometry": {"type": "Point", "coordinates": [-43.24317900042705, -22.865545999132063]}, "properties": {"objectid": 511, "cre": 4, "designacao": 430802, "denominacao": "Espaço de Desenvolvimento Infantil Professora Kelita Faria de Paula", "latitude": -22.865546000000002, "longitude": -43.243179, "tipo": "EDI"}}, {"type": "Feature", "id": 512, "geometry": {"type": "Point", "coordinates": [-43.23998899968311, -22.85789099895031]}, "properties": {"objectid": 512, "cre": 4, "designacao": 430803, "denominacao": "Espaço de Desenvolvimento Infantil Professor Moacyr de Góes", "latitude": -22.857891000000002, "longitude": -43.239989, "tipo": "EDI"}}, {"type": "Feature", "id": 513, "geometry": {"type": "Point", "coordinates": [-43.23807000047421, -22.861670999591457]}, "properties": {"objectid": 513, "cre": 4, "designacao": 430804, "denominacao": "Espaço de Desenvolvimento Infantil Cremilda da Silva dos Santos", "latitude": -22.861670999999998, "longitude": -43.23807, "tipo": "EDI"}}, {"type": "Feature", "id": 514, "geometry": {"type": "Point", "coordinates": [-43.242858000474186, -22.865662999576326]}, "properties": {"objectid": 514, "cre": 4, "designacao": 430805, "denominacao": "Espaço de Desenvolvimento Infantil Professora Solange Conceição Tricarico", "latitude": -22.865663, "longitude": -43.242858000000005, "tipo": "EDI"}}, {"type": "Feature", "id": 515, "geometry": {"type": "Point", "coordinates": [-43.24191400026681, -22.85428299908408]}, "properties": {"objectid": 515, "cre": 4, "designacao": 430806, "denominacao": "Espaço de Desenvolvimento Infantil Professora Cleia Santos de Oliveira", "latitude": -22.854283, "longitude": -43.241914, "tipo": "EDI"}}, {"type": "Feature", "id": 516, "geometry": {"type": "Point", "coordinates": [-43.23937699990272, -22.85690199911598]}, "properties": {"objectid": 516, "cre": 4, "designacao": 430807, "denominacao": "Espaço de Desenvolvimento Infantil Maria Amélia Castro e Silva Belfort", "latitude": -22.856901999999998, "longitude": -43.239377, "tipo": "EDI"}}, {"type": "Feature", "id": 517, "geometry": {"type": "Point", "coordinates": [-43.239444000148175, -22.85759899972775]}, "properties": {"objectid": 517, "cre": 4, "designacao": 430808, "denominacao": "Espaço de Desenvolvimento Infantil Azoílda Trindade (Zô)", "latitude": -22.857599, "longitude": -43.239444000000006, "tipo": "EDI"}}, {"type": "Feature", "id": 518, "geometry": {"type": "Point", "coordinates": [-43.23436499971021, -22.870589998991445]}, "properties": {"objectid": 518, "cre": 4, "designacao": 430809, "denominacao": "Espaço de Desenvolvimento Infantil Medalhista Olímpico Luiz Felipe Marques Fonteles", "latitude": -22.87059, "longitude": -43.234365, "tipo": "EDI"}}, {"type": "Feature", "id": 519, "geometry": {"type": "Point", "coordinates": [-43.23424199955339, -22.870254999521684]}, "properties": {"objectid": 519, "cre": 4, "designacao": 430810, "denominacao": "Espaço de Desenvolvimento Infantil Medalhista Olímpico Evandro Motta Marcondes Guerra", "latitude": -22.870255, "longitude": -43.234242, "tipo": "EDI"}}, {"type": "Feature", "id": 520, "geometry": {"type": "Point", "coordinates": [-43.234121999779006, -22.86994899887567]}, "properties": {"objectid": 520, "cre": 4, "designacao": 430811, "denominacao": "Espaço de Desenvolvimento Infantil Medalhista Olímpico William Peixoto Argona", "latitude": -22.869949000000002, "longitude": -43.234122, "tipo": "EDI"}}, {"type": "Feature", "id": 521, "geometry": {"type": "Point", "coordinates": [-43.233960000295916, -22.869631999428158]}, "properties": {"objectid": 521, "cre": 4, "designacao": 430812, "denominacao": "Espaço de Desenvolvimento Infantil Medalhista Olímpico Eder Francis Carbonera", "latitude": -22.869632, "longitude": -43.233959999999996, "tipo": "EDI"}}, {"type": "Feature", "id": 522, "geometry": {"type": "Point", "coordinates": [-43.25062100043074, -22.84110599934097]}, "properties": {"objectid": 522, "cre": 4, "designacao": 430813, "denominacao": "Espaço de Desenvolvimento Infantil Armando de Salles Oliveira", "latitude": -22.841106, "longitude": -43.250620999999995, "tipo": "EDI"}}, {"type": "Feature", "id": 523, "geometry": {"type": "Point", "coordinates": [-43.233866000085975, -22.869395998887494]}, "properties": {"objectid": 523, "cre": 4, "designacao": 430814, "denominacao": "Espaço de Desenvolvilmento Infantil João Crisóstomo", "latitude": -22.869396, "longitude": -43.233866, "tipo": "EDI"}}, {"type": "Feature", "id": 524, "geometry": {"type": "Point", "coordinates": [-43.23884000030192, -22.865489999448997]}, "properties": {"objectid": 524, "cre": 4, "designacao": 430815, "denominacao": "Espaço de Desenvolvimento Infantil Pescador Albano Rosa", "latitude": -22.86549, "longitude": -43.238839999999996, "tipo": "EDI"}}, {"type": "Feature", "id": 525, "geometry": {"type": "Point", "coordinates": [-43.30664800042992, -22.83306899967243]}, "properties": {"objectid": 525, "cre": 4, "designacao": 431001, "denominacao": "Escola Municipal Ary Barroso", "latitude": -22.833069, "longitude": -43.306648, "tipo": "Escola Municipal"}}, {"type": "Feature", "id": 526, "geometry": {"type": "Point", "coordinates": [-43.306119000185575, -22.830073999730768]}, "properties": {"objectid": 526, "cre": 4, "designacao": 431002, "denominacao": "Escola Municipal David Perez", "latitude": -22.830074, "longitude": -43.306119, "tipo": "Escola Municipal"}}, {"type": "Feature", "id": 527, "geometry": {"type": "Point", "coordinates": [-43.30234599981607, -22.834662999045243]}, "properties": {"objectid": 527, "cre": 4, "designacao": 431003, "denominacao": "Escola Municipal Miguel Gustavo", "latitude": -22.834663000000003, "longitude": -43.302346, "tipo": "Escola Municipal"}}, {"type": "Feature", "id": 528, "geometry": {"type": "Point", "coordinates": [-43.30481600025864, -22.826271998981746]}, "properties": {"objectid": 528, "cre": 4, "designacao": 431004, "denominacao": "Escola Municipal Alfredo Gomes", "latitude": -22.826272, "longitude": -43.304816, "tipo": "Escola Municipal"}}, {"type": "Feature", "id": 529, "geometry": {"type": "Point", "coordinates": [-43.306879000291936, -22.826378999433413]}, "properties": {"objectid": 529, "cre": 4, "designacao": 431006, "denominacao": "Escola Municipal São João Batista", "latitude": -22.826379, "longitude": -43.306879, "tipo": "Escola Municipal"}}, {"type": "Feature", "id": 530, "geometry": {"type": "Point", "coordinates": [-43.30648500045292, -22.827037998909326]}, "properties": {"objectid": 530, "cre": 4, "designacao": 431007, "denominacao": "Escola Municipal Embaixador Barros Hurtado", "latitude": -22.827038, "longitude": -43.306484999999995, "tipo": "Escola Municipal"}}, {"type": "Feature", "id": 531, "geometry": {"type": "Point", "coordinates": [-43.3070900003459, -22.825987999255826]}, "properties": {"objectid": 531, "cre": 4, "designacao": 431008, "denominacao": "Escola Municipal Odilon Braga", "latitude": -22.825988000000002, "longitude": -43.30709, "tipo": "Escola Municipal"}}, {"type": "Feature", "id": 532, "geometry": {"type": "Point", "coordinates": [-43.29546099964046, -22.82332799950727]}, "properties": {"objectid": 532, "cre": 4, "designacao": 431009, "denominacao": "Escola Municipal Roraima", "latitude": -22.823328, "longitude": -43.295461, "tipo": "Escola Municipal"}}, {"type": "Feature", "id": 533, "geometry": {"type": "Point", "coordinates": [-43.29418399991898, -22.81800499958895]}, "properties": {"objectid": 533, "cre": 4, "designacao": 431010, "denominacao": "Escola Municipal Armando Fajardo", "latitude": -22.818005000000003, "longitude": -43.294184, "tipo": "Escola Municipal"}}, {"type": "Feature", "id": 534, "geometry": {"type": "Point", "coordinates": [-43.29333600023198, -22.819199999200393]}, "properties": {"objectid": 534, "cre": 4, "designacao": 431011, "denominacao": "Escola Municipal Raul Pederneiras", "latitude": -22.8192, "longitude": -43.293336000000004, "tipo": "Escola Municipal"}}, {"type": "Feature", "id": 535, "geometry": {"type": "Point", "coordinates": [-43.29209499980177, -22.815770998938522]}, "properties": {"objectid": 535, "cre": 4, "designacao": 431013, "denominacao": "Escola Municipal Montese", "latitude": -22.815770999999998, "longitude": -43.292095, "tipo": "Escola Municipal"}}, {"type": "Feature", "id": 536, "geometry": {"type": "Point", "coordinates": [-43.292826000268455, -22.817518999098887]}, "properties": {"objectid": 536, "cre": 4, "designacao": 431014, "denominacao": "Escola Municipal Ministro Lafayette de Andrada", "latitude": -22.817519, "longitude": -43.292826, "tipo": "Escola Municipal"}}, {"type": "Feature", "id": 537, "geometry": {"type": "Point", "coordinates": [-43.30358600036654, -22.817845998912162]}, "properties": {"objectid": 537, "cre": 4, "designacao": 431015, "denominacao": "Escola Municipal Joseph Bloch", "latitude": -22.817846, "longitude": -43.303586, "tipo": "Escola Municipal"}}, {"type": "Feature", "id": 538, "geometry": {"type": "Point", "coordinates": [-43.29678099978606, -22.81296199938957]}, "properties": {"objectid": 538, "cre": 4, "designacao": 431016, "denominacao": "Escola Municipal Cruzada São Sebastião", "latitude": -22.812962, "longitude": -43.296781, "tipo": "Escola Municipal"}}, {"type": "Feature", "id": 539, "geometry": {"type": "Point", "coordinates": [-43.30356599966562, -22.81526999905524]}, "properties": {"objectid": 539, "cre": 4, "designacao": 431017, "denominacao": "Escola Municipal Cardeal Câmara", "latitude": -22.81527, "longitude": -43.303566, "tipo": "Escola Municipal"}}, {"type": "Feature", "id": 540, "geometry": {"type": "Point", "coordinates": [-43.30960599976661, -22.81316399941715]}, "properties": {"objectid": 540, "cre": 4, "designacao": 431018, "denominacao": "Escola Municipal República do Líbano", "latitude": -22.813163999999997, "longitude": -43.309606, "tipo": "Escola Municipal"}}, {"type": "Feature", "id": 541, "geometry": {"type": "Point", "coordinates": [-43.30645200047283, -22.805310999308684]}, "properties": {"objectid": 541, "cre": 4, "designacao": 431019, "denominacao": "Escola Municipal Jorge de Gouveia", "latitude": -22.805311, "longitude": -43.30645199999999, "tipo": "Escola Municipal"}}, {"type": "Feature", "id": 542, "geometry": {"type": "Point", "coordinates": [-43.307559000134646, -22.81572699950038]}, "properties": {"objectid": 542, "cre": 4, "designacao": 431021, "denominacao": "Escola Municipal Heitor Beltrão", "latitude": -22.815727, "longitude": -43.307559, "tipo": "Escola Municipal"}}, {"type": "Feature", "id": 543, "geometry": {"type": "Point", "coordinates": [-43.31717700027619, -22.80677499894053]}, "properties": {"objectid": 543, "cre": 4, "designacao": 431022, "denominacao": "Escola Municipal Eneyda Rabello de Andrade", "latitude": -22.806775, "longitude": -43.317177, "tipo": "Escola Municipal"}}, {"type": "Feature", "id": 544, "geometry": {"type": "Point", "coordinates": [-43.32227599965141, -22.813711999621574]}, "properties": {"objectid": 544, "cre": 4, "designacao": 431023, "denominacao": "Escola Municipal Presidente Gronchi", "latitude": -22.813712000000002, "longitude": -43.322276, "tipo": "Escola Municipal"}}, {"type": "Feature", "id": 545, "geometry": {"type": "Point", "coordinates": [-43.32629200001091, -22.809447999049492]}, "properties": {"objectid": 545, "cre": 4, "designacao": 431024, "denominacao": "Escola Municipal Andrade Neves", "latitude": -22.809448, "longitude": -43.326292, "tipo": "Escola Municipal"}}, {"type": "Feature", "id": 546, "geometry": {"type": "Point", "coordinates": [-43.32179400005039, -22.811660999146604]}, "properties": {"objectid": 546, "cre": 4, "designacao": 431026, "denominacao": "Escola Municipal Herbert Moses", "latitude": -22.811660999999997, "longitude": -43.321794, "tipo": "Escola Municipal"}}, {"type": "Feature", "id": 547, "geometry": {"type": "Point", "coordinates": [-43.32083799952555, -22.808982999547144]}, "properties": {"objectid": 547, "cre": 4, "designacao": 431027, "denominacao": "Escola Municipal Zélia Braune", "latitude": -22.808983, "longitude": -43.320838, "tipo": "Escola Municipal"}}, {"type": "Feature", "id": 548, "geometry": {"type": "Point", "coordinates": [-43.30104600036156, -22.808552999773166]}, "properties": {"objectid": 548, "cre": 4, "designacao": 431501, "denominacao": "Ciep Mestre Cartola (Agenor de Oliveira)", "latitude": -22.808553, "longitude": -43.301046, "tipo": "CIEP"}}, {"type": "Feature", "id": 549, "geometry": {"type": "Point", "coordinates": [-43.322604999778655, -22.81351799906324]}, "properties": {"objectid": 549, "cre": 4, "designacao": 431502, "denominacao": "Ciep Graciliano Ramos", "latitude": -22.813518000000002, "longitude": -43.322605, "tipo": "CIEP"}}, {"type": "Feature", "id": 550, "geometry": {"type": "Point", "coordinates": [-43.29026900027004, -22.816809999500286]}, "properties": {"objectid": 550, "cre": 4, "designacao": 431601, "denominacao": "Creche Municipal Luís Carlos de Oliveira Câmara", "latitude": -22.81681, "longitude": -43.290269, "tipo": "Creche Municipal"}}, {"type": "Feature", "id": 551, "geometry": {"type": "Point", "coordinates": [-43.31925999999895, -22.802661999270033]}, "properties": {"objectid": 551, "cre": 4, "designacao": 431602, "denominacao": "Creche Municipal Barbosa Lima Sobrinho", "latitude": -22.802662, "longitude": -43.31926, "tipo": "Creche Municipal"}}, {"type": "Feature", "id": 552, "geometry": {"type": "Point", "coordinates": [-43.2920149995771, -22.81889799891546]}, "properties": {"objectid": 552, "cre": 4, "designacao": 431603, "denominacao": "Creche Municipal Chico Mendes", "latitude": -22.818898, "longitude": -43.292015, "tipo": "Creche Municipal"}}, {"type": "Feature", "id": 553, "geometry": {"type": "Point", "coordinates": [-43.304287999554944, -22.807071999023833]}, "properties": {"objectid": 553, "cre": 4, "designacao": 431604, "denominacao": "Creche Municipal Coração de Geneve", "latitude": -22.807071999999998, "longitude": -43.304288, "tipo": "Creche Municipal"}}, {"type": "Feature", "id": 554, "geometry": {"type": "Point", "coordinates": [-43.323901999651426, -22.80292099892084]}, "properties": {"objectid": 554, "cre": 4, "designacao": 431605, "denominacao": "Creche Municipal Sempre Vida Dique", "latitude": -22.802921, "longitude": -43.323902000000004, "tipo": "Creche Municipal"}}, {"type": "Feature", "id": 555, "geometry": {"type": "Point", "coordinates": [-43.33153099986896, -22.804344999682]}, "properties": {"objectid": 555, "cre": 4, "designacao": 431606, "denominacao": "Creche Municipal Visconde de Sabugosa", "latitude": -22.804345, "longitude": -43.331531, "tipo": "Creche Municipal"}}, {"type": "Feature", "id": 556, "geometry": {"type": "Point", "coordinates": [-43.30473599954235, -22.80197199946455]}, "properties": {"objectid": 556, "cre": 4, "designacao": 431607, "denominacao": "Creche Municipal Acauã", "latitude": -22.801972, "longitude": -43.304736, "tipo": "Creche Municipal"}}, {"type": "Feature", "id": 557, "geometry": {"type": "Point", "coordinates": [-43.296036000236384, -22.812554999718575]}, "properties": {"objectid": 557, "cre": 4, "designacao": 431608, "denominacao": "Creche Municipal Ari Pimentel", "latitude": -22.812555, "longitude": -43.296036, "tipo": "Creche Municipal"}}, {"type": "Feature", "id": 558, "geometry": {"type": "Point", "coordinates": [-43.295081000166185, -22.819886999471056]}, "properties": {"objectid": 558, "cre": 4, "designacao": 431801, "denominacao": "Espaço de Desenvolvimento Infantil Carvalho Mourão", "latitude": -22.819887, "longitude": -43.295081, "tipo": "EDI"}}, {"type": "Feature", "id": 559, "geometry": {"type": "Point", "coordinates": [-43.32132199982979, -22.807507999257588]}, "properties": {"objectid": 559, "cre": 4, "designacao": 431802, "denominacao": "Espaço de Desenvolvimento Infantil Professor Carlos Falseth", "latitude": -22.807508000000002, "longitude": -43.321322, "tipo": "EDI"}}, {"type": "Feature", "id": 560, "geometry": {"type": "Point", "coordinates": [-43.30908100032681, -22.82584799970641]}, "properties": {"objectid": 560, "cre": 4, "designacao": 431803, "denominacao": "Espaço de Desenvolvimento Infantil Professor Emmanuel Pereira Filho", "latitude": -22.825848, "longitude": -43.309081, "tipo": "EDI"}}, {"type": "Feature", "id": 561, "geometry": {"type": "Point", "coordinates": [-43.316225999888744, -22.809035999411087]}, "properties": {"objectid": 561, "cre": 4, "designacao": 431804, "denominacao": "Espaço de Desenvolvilmento Infantil Alfredo Valladão", "latitude": -22.809036000000003, "longitude": -43.316226, "tipo": "EDI"}}, {"type": "Feature", "id": 562, "geometry": {"type": "Point", "coordinates": [-43.32644100001789, -22.807342999537955]}, "properties": {"objectid": 562, "cre": 4, "designacao": 431805, "denominacao": "Espaço de Desenvolvimento Infantil Cônego Fernandes Pinheiro", "latitude": -22.807343000000003, "longitude": -43.326441, "tipo": "EDI"}}, {"type": "Feature", "id": 563, "geometry": {"type": "Point", "coordinates": [-43.30437299953176, -22.84877799889172]}, "properties": {"objectid": 563, "cre": 5, "designacao": 514001, "denominacao": "Escola Municipal Desembargador Montenegro", "latitude": -22.848778, "longitude": -43.304373, "tipo": "Escola Municipal"}}, {"type": "Feature", "id": 564, "geometry": {"type": "Point", "coordinates": [-43.30378700012706, -22.849439999627545]}, "properties": {"objectid": 564, "cre": 5, "designacao": 514002, "denominacao": "Escola Municipal Cecília Meirelles", "latitude": -22.849439999999998, "longitude": -43.303787, "tipo": "Escola Municipal"}}, {"type": "Feature", "id": 565, "geometry": {"type": "Point", "coordinates": [-43.30771800033874, -22.858387999719877]}, "properties": {"objectid": 565, "cre": 5, "designacao": 514003, "denominacao": "Escola Municipal Maestro Pixinguinha", "latitude": -22.858388, "longitude": -43.307717999999994, "tipo": "Escola Municipal"}}, {"type": "Feature", "id": 566, "geometry": {"type": "Point", "coordinates": [-43.31356000032902, -22.85636399972947]}, "properties": {"objectid": 566, "cre": 5, "designacao": 514004, "denominacao": "Escola Municipal Sergipe", "latitude": -22.856364, "longitude": -43.313559999999995, "tipo": "Escola Municipal"}}, {"type": "Feature", "id": 567, "geometry": {"type": "Point", "coordinates": [-43.316233000282075, -22.85683799938108]}, "properties": {"objectid": 567, "cre": 5, "designacao": 514005, "denominacao": "Escola Municipal Bolívia", "latitude": -22.856838, "longitude": -43.316233000000004, "tipo": "Escola Municipal"}}, {"type": "Feature", "id": 568, "geometry": {"type": "Point", "coordinates": [-43.30506899971644, -22.842201998951158]}, "properties": {"objectid": 568, "cre": 5, "designacao": 514006, "denominacao": "Escola Municipal Quintino do Valle", "latitude": -22.842201999999997, "longitude": -43.305069, "tipo": "Escola Municipal"}}, {"type": "Feature", "id": 569, "geometry": {"type": "Point", "coordinates": [-43.31100699962405, -22.842135998964743]}, "properties": {"objectid": 569, "cre": 5, "designacao": 514007, "denominacao": "Escola Municipal Albert Sabin", "latitude": -22.842136, "longitude": -43.311007, "tipo": "Escola Municipal"}}, {"type": "Feature", "id": 570, "geometry": {"type": "Point", "coordinates": [-43.31625299953725, -22.83188699898348]}, "properties": {"objectid": 570, "cre": 5, "designacao": 514008, "denominacao": "Escola Municipal Maria Baptistina Duffles Teixeira Lott", "latitude": -22.831887000000002, "longitude": -43.316253, "tipo": "Escola Municipal"}}, {"type": "Feature", "id": 571, "geometry": {"type": "Point", "coordinates": [-43.32619199957596, -22.842918999081355]}, "properties": {"objectid": 571, "cre": 5, "designacao": 514009, "denominacao": "Escola Municipal Mato Grosso", "latitude": -22.842919000000002, "longitude": -43.326192, "tipo": "Escola Municipal"}}, {"type": "Feature", "id": 572, "geometry": {"type": "Point", "coordinates": [-43.31945199975613, -22.834343998930226]}, "properties": {"objectid": 572, "cre": 5, "designacao": 514010, "denominacao": "Escola Municipal Irã", "latitude": -22.834343999999998, "longitude": -43.319452, "tipo": "Escola Municipal"}}, {"type": "Feature", "id": 573, "geometry": {"type": "Point", "coordinates": [-43.3240030000365, -22.83850899976741]}, "properties": {"objectid": 573, "cre": 5, "designacao": 514011, "denominacao": "Escola Municipal Alfredo de Paula Freitas", "latitude": -22.838509, "longitude": -43.324003, "tipo": "Escola Municipal"}}, {"type": "Feature", "id": 574, "geometry": {"type": "Point", "coordinates": [-43.314841000000584, -22.824716999550215]}, "properties": {"objectid": 574, "cre": 5, "designacao": 514012, "denominacao": "Escola Municipal J. Carlos", "latitude": -22.824717, "longitude": -43.314841, "tipo": "Escola Municipal"}}, {"type": "Feature", "id": 575, "geometry": {"type": "Point", "coordinates": [-43.315452999754, -22.82523899887477]}, "properties": {"objectid": 575, "cre": 5, "designacao": 514013, "denominacao": "Escola Municipal Adlai Stevenson", "latitude": -22.825239, "longitude": -43.315453, "tipo": "Escola Municipal"}}, {"type": "Feature", "id": 576, "geometry": {"type": "Point", "coordinates": [-43.31853499978056, -22.84297899943922]}, "properties": {"objectid": 576, "cre": 5, "designacao": 514015, "denominacao": "Escola Municipal Barcelona", "latitude": -22.842979, "longitude": -43.318535, "tipo": "Escola Municipal"}}, {"type": "Feature", "id": 577, "geometry": {"type": "Point", "coordinates": [-43.32443000043866, -22.853016998903758]}, "properties": {"objectid": 577, "cre": 5, "designacao": 514016, "denominacao": "Escola Municipal Pires e Albuquerque", "latitude": -22.853017, "longitude": -43.32443, "tipo": "Escola Municipal"}}, {"type": "Feature", "id": 578, "geometry": {"type": "Point", "coordinates": [-43.323844000446684, -22.85268299908305]}, "properties": {"objectid": 578, "cre": 5, "designacao": 514017, "denominacao": "Escola Municipal Rodolfo Garcia", "latitude": -22.852683, "longitude": -43.323844, "tipo": "Escola Municipal"}}, {"type": "Feature", "id": 579, "geometry": {"type": "Point", "coordinates": [-43.32532299969749, -22.85166499929684]}, "properties": {"objectid": 579, "cre": 5, "designacao": 514018, "denominacao": "Escola Municipal Rodrigo Otávio Filho", "latitude": -22.851665, "longitude": -43.325323, "tipo": "Escola Municipal"}}, {"type": "Feature", "id": 580, "geometry": {"type": "Point", "coordinates": [-43.33079399982515, -22.851457998974265]}, "properties": {"objectid": 580, "cre": 5, "designacao": 514019, "denominacao": "Escola Municipal Rosa Bettiato Záttera", "latitude": -22.851458, "longitude": -43.330794, "tipo": "Escola Municipal"}}, {"type": "Feature", "id": 581, "geometry": {"type": "Point", "coordinates": [-43.32346500041311, -22.838158999659427]}, "properties": {"objectid": 581, "cre": 5, "designacao": 514020, "denominacao": "Escola Municipal José do Patrocínio", "latitude": -22.838159, "longitude": -43.323465, "tipo": "Escola Municipal"}}, {"type": "Feature", "id": 582, "geometry": {"type": "Point", "coordinates": [-43.316018999638715, -22.825405999069705]}, "properties": {"objectid": 582, "cre": 5, "designacao": 514021, "denominacao": "Escola Municipal Nun' Álvares Pereira", "latitude": -22.825405999999997, "longitude": -43.316019000000004, "tipo": "Escola Municipal"}}, {"type": "Feature", "id": 583, "geometry": {"type": "Point", "coordinates": [-43.3195010000613, -22.833983999734194]}, "properties": {"objectid": 583, "cre": 5, "designacao": 514022, "denominacao": "Escola Municipal Mário Paulo de Brito", "latitude": -22.833984, "longitude": -43.319500999999995, "tipo": "Escola Municipal"}}, {"type": "Feature", "id": 584, "geometry": {"type": "Point", "coordinates": [-43.321017999756656, -22.82544499924864]}, "properties": {"objectid": 584, "cre": 5, "designacao": 514023, "denominacao": "Escola Municipal Gaspar Vianna", "latitude": -22.825445, "longitude": -43.321017999999995, "tipo": "Escola Municipal"}}, {"type": "Feature", "id": 585, "geometry": {"type": "Point", "coordinates": [-43.32613099960991, -22.835995999203025]}, "properties": {"objectid": 585, "cre": 5, "designacao": 514024, "denominacao": "Escola Municipal Almirante Newton Braga de Faria", "latitude": -22.835995999999998, "longitude": -43.326131, "tipo": "Escola Municipal"}}, {"type": "Feature", "id": 586, "geometry": {"type": "Point", "coordinates": [-43.33102200001783, -22.82328599938569]}, "properties": {"objectid": 586, "cre": 5, "designacao": 514025, "denominacao": "Escola Municipal Conde Pereira Carneiro", "latitude": -22.823286, "longitude": -43.331022000000004, "tipo": "Escola Municipal"}}, {"type": "Feature", "id": 587, "geometry": {"type": "Point", "coordinates": [-43.327179000029645, -22.829811998978403]}, "properties": {"objectid": 587, "cre": 5, "designacao": 514026, "denominacao": "Escola Municipal Francisco Sertorio Portinho", "latitude": -22.829812, "longitude": -43.327179, "tipo": "Escola Municipal"}}, {"type": "Feature", "id": 588, "geometry": {"type": "Point", "coordinates": [-43.334322000165486, -22.823115999470364]}, "properties": {"objectid": 588, "cre": 5, "designacao": 514027, "denominacao": "Escola Municipal Sebastião de Lacerda", "latitude": -22.823116, "longitude": -43.334322, "tipo": "Escola Municipal"}}, {"type": "Feature", "id": 589, "geometry": {"type": "Point", "coordinates": [-43.325765999875216, -22.824845999480594]}, "properties": {"objectid": 589, "cre": 5, "designacao": 514028, "denominacao": "Escola Municipal Tarsila do Amaral", "latitude": -22.824846, "longitude": -43.325765999999994, "tipo": "Escola Municipal"}}, {"type": "Feature", "id": 590, "geometry": {"type": "Point", "coordinates": [-43.32670299952565, -22.824181999090804]}, "properties": {"objectid": 590, "cre": 5, "designacao": 514029, "denominacao": "Escola Municipal Malba Tahan", "latitude": -22.824182, "longitude": -43.326703, "tipo": "Escola Municipal"}}, {"type": "Feature", "id": 591, "geometry": {"type": "Point", "coordinates": [-43.33449299964811, -22.823392999609872]}, "properties": {"objectid": 591, "cre": 5, "designacao": 514030, "denominacao": "Escola Municipal Olimpia do Couto", "latitude": -22.823393, "longitude": -43.334493, "tipo": "Escola Municipal"}}, {"type": "Feature", "id": 592, "geometry": {"type": "Point", "coordinates": [-43.31989099976915, -22.84782299918762]}, "properties": {"objectid": 592, "cre": 5, "designacao": 514031, "denominacao": "Escola Municipal Cláudio Ignácio de Oliveira", "latitude": -22.847822999999998, "longitude": -43.319891, "tipo": "Escola Municipal"}}, {"type": "Feature", "id": 593, "geometry": {"type": "Point", "coordinates": [-43.33021299998253, -22.835252999149752]}, "properties": {"objectid": 593, "cre": 5, "designacao": 514032, "denominacao": "Escola Municipal Mendes Viana", "latitude": -22.835253, "longitude": -43.330213, "tipo": "Escola Municipal"}}, {"type": "Feature", "id": 594, "geometry": {"type": "Point", "coordinates": [-43.34296100024598, -22.838286999048783]}, "properties": {"objectid": 594, "cre": 5, "designacao": 514033, "denominacao": "Escola Municipal Paula Fonseca", "latitude": -22.838287, "longitude": -43.342961, "tipo": "Escola Municipal"}}, {"type": "Feature", "id": 595, "geometry": {"type": "Point", "coordinates": [-43.338923999959185, -22.845010999139213]}, "properties": {"objectid": 595, "cre": 5, "designacao": 514035, "denominacao": "Escola Municipal Amapá", "latitude": -22.845011, "longitude": -43.338924000000006, "tipo": "Escola Municipal"}}, {"type": "Feature", "id": 596, "geometry": {"type": "Point", "coordinates": [-43.33092800011267, -22.83491099972447]}, "properties": {"objectid": 596, "cre": 5, "designacao": 514501, "denominacao": "Ciep Dom Oscar Romero", "latitude": -22.834911, "longitude": -43.330928, "tipo": "CIEP"}}, {"type": "Feature", "id": 597, "geometry": {"type": "Point", "coordinates": [-43.30398099956321, -22.849084999548047]}, "properties": {"objectid": 597, "cre": 5, "designacao": 514601, "denominacao": "Creche Municipal Tio Sebastião Xavier", "latitude": -22.849085, "longitude": -43.303981, "tipo": "Creche Municipal"}}, {"type": "Feature", "id": 598, "geometry": {"type": "Point", "coordinates": [-43.32741099971078, -22.831073999473176]}, "properties": {"objectid": 598, "cre": 5, "designacao": 514602, "denominacao": "Creche Municipal Jeciá de Freitas Ferreira", "latitude": -22.831074, "longitude": -43.327411, "tipo": "Creche Municipal"}}, {"type": "Feature", "id": 599, "geometry": {"type": "Point", "coordinates": [-43.32151099978261, -22.821754999205446]}, "properties": {"objectid": 599, "cre": 5, "designacao": 514603, "denominacao": "Creche Municipal Amália Fernandez Conde", "latitude": -22.821755, "longitude": -43.321511, "tipo": "Creche Municipal"}}, {"type": "Feature", "id": 600, "geometry": {"type": "Point", "coordinates": [-43.326430999807684, -22.82432199932394]}, "properties": {"objectid": 600, "cre": 5, "designacao": 514604, "denominacao": "Creche Municipal Estrelinha Dourada", "latitude": -22.824322000000002, "longitude": -43.326431, "tipo": "Creche Municipal"}}, {"type": "Feature", "id": 601, "geometry": {"type": "Point", "coordinates": [-43.336466999529804, -22.851549999255393]}, "properties": {"objectid": 601, "cre": 5, "designacao": 514605, "denominacao": "Creche Municipal O Sonho de Ramon Pascual", "latitude": -22.851550000000003, "longitude": -43.336467, "tipo": "Creche Municipal"}}, {"type": "Feature", "id": 602, "geometry": {"type": "Point", "coordinates": [-43.30753699962196, -22.860793998972]}, "properties": {"objectid": 602, "cre": 5, "designacao": 514606, "denominacao": "Creche Municipal Acalanto", "latitude": -22.860794000000002, "longitude": -43.307536999999996, "tipo": "Creche Municipal"}}, {"type": "Feature", "id": 603, "geometry": {"type": "Point", "coordinates": [-43.31837500029727, -22.86032499895724]}, "properties": {"objectid": 603, "cre": 5, "designacao": 514607, "denominacao": "Creche Muncipal Sementinha", "latitude": -22.860325, "longitude": -43.318375, "tipo": "Creche Municipal"}}, {"type": "Feature", "id": 604, "geometry": {"type": "Point", "coordinates": [-43.30980100034149, -22.86797699938307]}, "properties": {"objectid": 604, "cre": 5, "designacao": 514608, "denominacao": "Creche Municipal Joseph Barbera", "latitude": -22.867977, "longitude": -43.309801, "tipo": "Creche Municipal"}}, {"type": "Feature", "id": 605, "geometry": {"type": "Point", "coordinates": [-43.32497300033955, -22.8491659988815]}, "properties": {"objectid": 605, "cre": 5, "designacao": 514609, "denominacao": "Creche Municipal Parque Bom Menino", "latitude": -22.849166, "longitude": -43.324973, "tipo": "Creche Municipal"}}, {"type": "Feature", "id": 606, "geometry": {"type": "Point", "coordinates": [-43.32047300019047, -22.82351399899318]}, "properties": {"objectid": 606, "cre": 5, "designacao": 514801, "denominacao": "Espaço de Desenvolvimento Infantil Deputado Pedro Fernandes", "latitude": -22.823514, "longitude": -43.320473, "tipo": "EDI"}}, {"type": "Feature", "id": 607, "geometry": {"type": "Point", "coordinates": [-43.31631899997811, -22.822980999251175]}, "properties": {"objectid": 607, "cre": 5, "designacao": 514802, "denominacao": "Espaço de Desenvolvimento Infantil Luxemburgo", "latitude": -22.822981000000002, "longitude": -43.316319, "tipo": "EDI"}}, {"type": "Feature", "id": 608, "geometry": {"type": "Point", "coordinates": [-43.331614999849684, -22.843474999258746]}, "properties": {"objectid": 608, "cre": 5, "designacao": 514803, "denominacao": "Espaço de Desenvolvimento Infantil José Alpoim", "latitude": -22.843474999999998, "longitude": -43.331615, "tipo": "EDI"}}, {"type": "Feature", "id": 609, "geometry": {"type": "Point", "coordinates": [-43.30402499957834, -22.84929999952856]}, "properties": {"objectid": 609, "cre": 5, "designacao": 514804, "denominacao": "Espaço de Desenvolvimento Infantil Vicente de Carvalho", "latitude": -22.8493, "longitude": -43.304025, "tipo": "EDI"}}, {"type": "Feature", "id": 610, "geometry": {"type": "Point", "coordinates": [-43.34949000007537, -22.851962999041312]}, "properties": {"objectid": 610, "cre": 5, "designacao": 515001, "denominacao": "Escola Municipal Pará", "latitude": -22.851963, "longitude": -43.34949, "tipo": "Escola Municipal"}}, {"type": "Feature", "id": 611, "geometry": {"type": "Point", "coordinates": [-43.34915999985991, -22.840991999724835]}, "properties": {"objectid": 611, "cre": 5, "designacao": 515002, "denominacao": "Escola Municipal Itália", "latitude": -22.840992, "longitude": -43.34916, "tipo": "Escola Municipal"}}, {"type": "Feature", "id": 612, "geometry": {"type": "Point", "coordinates": [-43.35166499953075, -22.845533999366953]}, "properties": {"objectid": 612, "cre": 5, "designacao": 515003, "denominacao": "Escola Municipal Olegário Mariano", "latitude": -22.845534, "longitude": -43.351665, "tipo": "Escola Municipal"}}, {"type": "Feature", "id": 613, "geometry": {"type": "Point", "coordinates": [-43.338668000378014, -22.84604399898214]}, "properties": {"objectid": 613, "cre": 5, "designacao": 515004, "denominacao": "Escola Municipal Luiz de Camões", "latitude": -22.846044, "longitude": -43.338668, "tipo": "Escola Municipal"}}, {"type": "Feature", "id": 614, "geometry": {"type": "Point", "coordinates": [-43.343505999679344, -22.851423999720666]}, "properties": {"objectid": 614, "cre": 5, "designacao": 515005, "denominacao": "Escola Municipal Oswaldo Aranha", "latitude": -22.851424, "longitude": -43.343506, "tipo": "Escola Municipal"}}, {"type": "Feature", "id": 615, "geometry": {"type": "Point", "coordinates": [-43.34456799953168, -22.846576999037154]}, "properties": {"objectid": 615, "cre": 5, "designacao": 515007, "denominacao": "Escola Municipal Francisco Frias de Mesquita", "latitude": -22.846577, "longitude": -43.344567999999995, "tipo": "Escola Municipal"}}, {"type": "Feature", "id": 616, "geometry": {"type": "Point", "coordinates": [-43.34848700023244, -22.841068998976013]}, "properties": {"objectid": 616, "cre": 5, "designacao": 515009, "denominacao": "Escola Municipal Velinda Maurício da Fonseca", "latitude": -22.841069, "longitude": -43.348487, "tipo": "Escola Municipal"}}, {"type": "Feature", "id": 617, "geometry": {"type": "Point", "coordinates": [-43.34446000033987, -22.84316299944973]}, "properties": {"objectid": 617, "cre": 5, "designacao": 515010, "denominacao": "Escola Municipal Professor Alfredo Russell", "latitude": -22.843163, "longitude": -43.34446, "tipo": "Escola Municipal"}}, {"type": "Feature", "id": 618, "geometry": {"type": "Point", "coordinates": [-43.35122499966129, -22.84559399966898]}, "properties": {"objectid": 618, "cre": 5, "designacao": 515011, "denominacao": "Escola Municipal Embaixador João Neves da Fontoura", "latitude": -22.845594000000002, "longitude": -43.351225, "tipo": "Escola Municipal"}}, {"type": "Feature", "id": 619, "geometry": {"type": "Point", "coordinates": [-43.35891599999688, -22.849811999185203]}, "properties": {"objectid": 619, "cre": 5, "designacao": 515012, "denominacao": "Escola Municipal Mário Penna da Rocha", "latitude": -22.849812, "longitude": -43.358916, "tipo": "Escola Municipal"}}, {"type": "Feature", "id": 620, "geometry": {"type": "Point", "coordinates": [-43.35868599976979, -22.846532999728385]}, "properties": {"objectid": 620, "cre": 5, "designacao": 515013, "denominacao": "Escola Municipal Silvio Romero", "latitude": -22.846532999999997, "longitude": -43.358686000000006, "tipo": "Escola Municipal"}}, {"type": "Feature", "id": 621, "geometry": {"type": "Point", "coordinates": [-43.35756600018, -22.8424689992157]}, "properties": {"objectid": 621, "cre": 5, "designacao": 515014, "denominacao": "Escola Municipal Fornovo", "latitude": -22.842469, "longitude": -43.357566, "tipo": "Escola Municipal"}}, {"type": "Feature", "id": 622, "geometry": {"type": "Point", "coordinates": [-43.351897999531566, -22.879151999594917]}, "properties": {"objectid": 622, "cre": 5, "designacao": 515015, "denominacao": "Escola Municipal Padre Dehon", "latitude": -22.879152, "longitude": -43.351898, "tipo": "Escola Municipal"}}, {"type": "Feature", "id": 623, "geometry": {"type": "Point", "coordinates": [-43.34893799983441, -22.86377199937272]}, "properties": {"objectid": 623, "cre": 5, "designacao": 515016, "denominacao": "Escola Municipal Raja Gabaglia", "latitude": -22.863772, "longitude": -43.348938000000004, "tipo": "Escola Municipal"}}, {"type": "Feature", "id": 624, "geometry": {"type": "Point", "coordinates": [-43.35541799958986, -22.87060599972025]}, "properties": {"objectid": 624, "cre": 5, "designacao": 515017, "denominacao": "Escola Municipal Maria das Dores Negrão", "latitude": -22.870606, "longitude": -43.355418, "tipo": "Escola Municipal"}}, {"type": "Feature", "id": 625, "geometry": {"type": "Point", "coordinates": [-43.34956399971624, -22.8641889996277]}, "properties": {"objectid": 625, "cre": 5, "designacao": 515018, "denominacao": "Escola Municipal Viriato Corrêa", "latitude": -22.864189, "longitude": -43.349564, "tipo": "Escola Municipal"}}, {"type": "Feature", "id": 626, "geometry": {"type": "Point", "coordinates": [-43.354983999991475, -22.87054799928574]}, "properties": {"objectid": 626, "cre": 5, "designacao": 515019, "denominacao": "Escola Municipal Waldemiro Potsch", "latitude": -22.870548, "longitude": -43.354984, "tipo": "Escola Municipal"}}, {"type": "Feature", "id": 627, "geometry": {"type": "Point", "coordinates": [-43.3550930000492, -22.875923999523273]}, "properties": {"objectid": 627, "cre": 5, "designacao": 515020, "denominacao": "Escola Municipal Waldemar Falcão", "latitude": -22.875924, "longitude": -43.355093, "tipo": "Escola Municipal"}}, {"type": "Feature", "id": 628, "geometry": {"type": "Point", "coordinates": [-43.35033400044763, -22.872210999672095]}, "properties": {"objectid": 628, "cre": 5, "designacao": 515021, "denominacao": "Escola Municipal Mozart Lago", "latitude": -22.872211, "longitude": -43.350334, "tipo": "Escola Municipal"}}, {"type": "Feature", "id": 629, "geometry": {"type": "Point", "coordinates": [-43.352413999561925, -22.879015999236607]}, "properties": {"objectid": 629, "cre": 5, "designacao": 515022, "denominacao": "Escola Municipal José Emygdio de Oliveira", "latitude": -22.879016, "longitude": -43.352414, "tipo": "Escola Municipal"}}, {"type": "Feature", "id": 630, "geometry": {"type": "Point", "coordinates": [-43.35724400016408, -22.85953899930289]}, "properties": {"objectid": 630, "cre": 5, "designacao": 515023, "denominacao": "Escola Municipal Conde Afonso Celso", "latitude": -22.859539, "longitude": -43.357244, "tipo": "Escola Municipal"}}, {"type": "Feature", "id": 631, "geometry": {"type": "Point", "coordinates": [-43.365951999604626, -22.864589999613248]}, "properties": {"objectid": 631, "cre": 5, "designacao": 515024, "denominacao": "Escola Municipal Cervantes", "latitude": -22.86459, "longitude": -43.365952, "tipo": "Escola Municipal"}}, {"type": "Feature", "id": 632, "geometry": {"type": "Point", "coordinates": [-43.36635100045652, -22.864316999716063]}, "properties": {"objectid": 632, "cre": 5, "designacao": 515025, "denominacao": "Escola Municipal Francisco Palheta", "latitude": -22.864317, "longitude": -43.366351, "tipo": "Escola Municipal"}}, {"type": "Feature", "id": 633, "geometry": {"type": "Point", "coordinates": [-43.36616899999436, -22.862449998929698]}, "properties": {"objectid": 633, "cre": 5, "designacao": 515026, "denominacao": "Escola Municipal Paraguai", "latitude": -22.862450000000003, "longitude": -43.366169000000006, "tipo": "Escola Municipal"}}, {"type": "Feature", "id": 634, "geometry": {"type": "Point", "coordinates": [-43.37205699955722, -22.863379999060726]}, "properties": {"objectid": 634, "cre": 5, "designacao": 515027, "denominacao": "Escola Municipal Santos Dumont", "latitude": -22.86338, "longitude": -43.372057, "tipo": "Escola Municipal"}}, {"type": "Feature", "id": 635, "geometry": {"type": "Point", "coordinates": [-43.37285799976741, -22.86298599899733]}, "properties": {"objectid": 635, "cre": 5, "designacao": 515028, "denominacao": "Escola Municipal Evangelina Duarte Batista", "latitude": -22.862986, "longitude": -43.372858, "tipo": "Escola Municipal"}}, {"type": "Feature", "id": 636, "geometry": {"type": "Point", "coordinates": [-43.37393100015051, -22.857845999295193]}, "properties": {"objectid": 636, "cre": 5, "designacao": 515029, "denominacao": "Escola Municipal Professor Carneiro Felipe", "latitude": -22.857846000000002, "longitude": -43.373931, "tipo": "Escola Municipal"}}, {"type": "Feature", "id": 637, "geometry": {"type": "Point", "coordinates": [-43.363136000483614, -22.85519499924288]}, "properties": {"objectid": 637, "cre": 5, "designacao": 515030, "denominacao": "Escola Municipal Irineu Marinho", "latitude": -22.855195000000002, "longitude": -43.363136000000004, "tipo": "Escola Municipal"}}, {"type": "Feature", "id": 638, "geometry": {"type": "Point", "coordinates": [-43.367082999869105, -22.860160999370233]}, "properties": {"objectid": 638, "cre": 5, "designacao": 515032, "denominacao": "Escola Municipal Leonor Posada", "latitude": -22.860160999999998, "longitude": -43.367082999999994, "tipo": "Escola Municipal"}}, {"type": "Feature", "id": 639, "geometry": {"type": "Point", "coordinates": [-43.369783999933, -22.849668999078407]}, "properties": {"objectid": 639, "cre": 5, "designacao": 515033, "denominacao": "Escola Municipal Oswaldo Goeldi", "latitude": -22.849669, "longitude": -43.369784, "tipo": "Escola Municipal"}}, {"type": "Feature", "id": 640, "geometry": {"type": "Point", "coordinates": [-43.373568999519236, -22.8575609993895]}, "properties": {"objectid": 640, "cre": 5, "designacao": 515034, "denominacao": "Escola Municipal Barão de Itararé", "latitude": -22.857561, "longitude": -43.373569, "tipo": "Escola Municipal"}}, {"type": "Feature", "id": 641, "geometry": {"type": "Point", "coordinates": [-43.35360599952796, -22.883481999161692]}, "properties": {"objectid": 641, "cre": 5, "designacao": 515035, "denominacao": "Escola Municipal Barão do Amparo", "latitude": -22.883482, "longitude": -43.353606, "tipo": "Escola Municipal"}}, {"type": "Feature", "id": 642, "geometry": {"type": "Point", "coordinates": [-43.32117399982944, -22.889219999303425]}, "properties": {"objectid": 642, "cre": 5, "designacao": 515037, "denominacao": "Escola Municipal Haiti", "latitude": -22.889219999999998, "longitude": -43.321174, "tipo": "Escola Municipal"}}, {"type": "Feature", "id": 643, "geometry": {"type": "Point", "coordinates": [-43.31422400017201, -22.879861999566902]}, "properties": {"objectid": 643, "cre": 5, "designacao": 515038, "denominacao": "Escola Municipal França", "latitude": -22.879862, "longitude": -43.314224, "tipo": "Escola Municipal"}}, {"type": "Feature", "id": 644, "geometry": {"type": "Point", "coordinates": [-43.31889999953264, -22.887278999550947]}, "properties": {"objectid": 644, "cre": 5, "designacao": 515039, "denominacao": "Escola Municipal Quintino Bocaiuva", "latitude": -22.887279, "longitude": -43.3189, "tipo": "Escola Municipal"}}, {"type": "Feature", "id": 645, "geometry": {"type": "Point", "coordinates": [-43.315249000320286, -22.880641999113255]}, "properties": {"objectid": 645, "cre": 5, "designacao": 515040, "denominacao": "Escola Municipal Professor Souza da Silveira", "latitude": -22.880642, "longitude": -43.315248999999994, "tipo": "Escola Municipal"}}, {"type": "Feature", "id": 646, "geometry": {"type": "Point", "coordinates": [-43.32181099999571, -22.894880998906203]}, "properties": {"objectid": 646, "cre": 5, "designacao": 515041, "denominacao": "Escola Municipal Oswaldo Teixeira", "latitude": -22.894881, "longitude": -43.321811000000004, "tipo": "Escola Municipal"}}, {"type": "Feature", "id": 647, "geometry": {"type": "Point", "coordinates": [-43.31277699998536, -22.886428999190155]}, "properties": {"objectid": 647, "cre": 5, "designacao": 515042, "denominacao": "Escola Especial Municipal Maurício de Medeiros", "latitude": -22.886429000000003, "longitude": -43.312777, "tipo": "Escola Especial Municipal"}}, {"type": "Feature", "id": 648, "geometry": {"type": "Point", "coordinates": [-43.31115000045884, -22.873407999271155]}, "properties": {"objectid": 648, "cre": 5, "designacao": 515043, "denominacao": "Escola Municipal Prefeito Filadelfo Azevedo", "latitude": -22.873408, "longitude": -43.311150000000005, "tipo": "Escola Municipal"}}, {"type": "Feature", "id": 649, "geometry": {"type": "Point", "coordinates": [-43.31471900004422, -22.874298998915105]}, "properties": {"objectid": 649, "cre": 5, "designacao": 515044, "denominacao": "Escola Municipal Espirito Santo", "latitude": -22.874299, "longitude": -43.314719000000004, "tipo": "Escola Municipal"}}, {"type": "Feature", "id": 650, "geometry": {"type": "Point", "coordinates": [-43.31439400031106, -22.874530999275414]}, "properties": {"objectid": 650, "cre": 5, "designacao": 515045, "denominacao": "Escola Municipal Jaime Costa", "latitude": -22.874531, "longitude": -43.314394, "tipo": "Escola Municipal"}}, {"type": "Feature", "id": 651, "geometry": {"type": "Point", "coordinates": [-43.31484799999072, -22.877797998974188]}, "properties": {"objectid": 651, "cre": 5, "designacao": 515046, "denominacao": "Escola Municipal Adelmar Tavares", "latitude": -22.877798000000002, "longitude": -43.314848, "tipo": "Escola Municipal"}}, {"type": "Feature", "id": 652, "geometry": {"type": "Point", "coordinates": [-43.31402399951739, -22.873951999177272]}, "properties": {"objectid": 652, "cre": 5, "designacao": 515047, "denominacao": "Escola Municipal Frei Leopoldo", "latitude": -22.873952, "longitude": -43.314024, "tipo": "Escola Municipal"}}, {"type": "Feature", "id": 653, "geometry": {"type": "Point", "coordinates": [-43.31468699970587, -22.868852999117685]}, "properties": {"objectid": 653, "cre": 5, "designacao": 515048, "denominacao": "Escola Municipal Rostham Pedro de Farias", "latitude": -22.868853, "longitude": -43.314687, "tipo": "Escola Municipal"}}, {"type": "Feature", "id": 654, "geometry": {"type": "Point", "coordinates": [-43.32320200008096, -22.876952999294986]}, "properties": {"objectid": 654, "cre": 5, "designacao": 515049, "denominacao": "Escola Municipal Cinco de Julho", "latitude": -22.876953, "longitude": -43.323202, "tipo": "Escola Municipal"}}, {"type": "Feature", "id": 655, "geometry": {"type": "Point", "coordinates": [-43.3381110002209, -22.882407999495456]}, "properties": {"objectid": 655, "cre": 5, "designacao": 515050, "denominacao": "Escola Municipal Paraná", "latitude": -22.882408, "longitude": -43.338111, "tipo": "Escola Municipal"}}, {"type": "Feature", "id": 656, "geometry": {"type": "Point", "coordinates": [-43.33168299955352, -22.889115999687032]}, "properties": {"objectid": 656, "cre": 5, "designacao": 515051, "denominacao": "Escola Municipal Ruy Carneiro da Cunha", "latitude": -22.889115999999998, "longitude": -43.331683, "tipo": "Escola Municipal"}}, {"type": "Feature", "id": 657, "geometry": {"type": "Point", "coordinates": [-43.32734400018513, -22.880375999354143]}, "properties": {"objectid": 657, "cre": 5, "designacao": 515052, "denominacao": "Escola Municipal Azevedo Junior", "latitude": -22.880376, "longitude": -43.327344000000004, "tipo": "Escola Municipal"}}, {"type": "Feature", "id": 658, "geometry": {"type": "Point", "coordinates": [-43.32246199991428, -22.883903999209448]}, "properties": {"objectid": 658, "cre": 5, "designacao": 515053, "denominacao": "Escola Municipal Senador Francisco Gallotti", "latitude": -22.883904, "longitude": -43.322462, "tipo": "Escola Municipal"}}, {"type": "Feature", "id": 659, "geometry": {"type": "Point", "coordinates": [-43.34336900022018, -22.876081998922785]}, "properties": {"objectid": 659, "cre": 5, "designacao": 515054, "denominacao": "Escola Municipal Cardeal Arcoverde", "latitude": -22.876082, "longitude": -43.343369, "tipo": "Escola Municipal"}}, {"type": "Feature", "id": 660, "geometry": {"type": "Point", "coordinates": [-43.33810999993889, -22.87527699914289]}, "properties": {"objectid": 660, "cre": 5, "designacao": 515055, "denominacao": "Escola Municipal Ministro Edgard Romero", "latitude": -22.875277, "longitude": -43.33811, "tipo": "Escola Municipal"}}, {"type": "Feature", "id": 661, "geometry": {"type": "Point", "coordinates": [-43.33561599960458, -22.865643999654615]}, "properties": {"objectid": 661, "cre": 5, "designacao": 515056, "denominacao": "Escola Municipal Luís Carlos da Fonseca", "latitude": -22.865644, "longitude": -43.335616, "tipo": "Escola Municipal"}}, {"type": "Feature", "id": 662, "geometry": {"type": "Point", "coordinates": [-43.338117999749656, -22.88184199972374]}, "properties": {"objectid": 662, "cre": 5, "designacao": 515057, "denominacao": "Escola Municipal Rugendas", "latitude": -22.881842, "longitude": -43.338117999999994, "tipo": "Escola Municipal"}}, {"type": "Feature", "id": 663, "geometry": {"type": "Point", "coordinates": [-43.33477500017821, -22.866340999456632]}, "properties": {"objectid": 663, "cre": 5, "designacao": 515058, "denominacao": "Escola Municipal Astolfo Rezende", "latitude": -22.866341, "longitude": -43.334775, "tipo": "Escola Municipal"}}, {"type": "Feature", "id": 664, "geometry": {"type": "Point", "coordinates": [-43.33020099992131, -22.864966999123055]}, "properties": {"objectid": 664, "cre": 5, "designacao": 515059, "denominacao": "Escola Municipal República Dominicana", "latitude": -22.864967, "longitude": -43.330200999999995, "tipo": "Escola Municipal"}}, {"type": "Feature", "id": 665, "geometry": {"type": "Point", "coordinates": [-43.32960199998808, -22.8582059997319]}, "properties": {"objectid": 665, "cre": 5, "designacao": 515060, "denominacao": "Escola Municipal Irmã Zélia", "latitude": -22.858206, "longitude": -43.329602, "tipo": "Escola Municipal"}}, {"type": "Feature", "id": 666, "geometry": {"type": "Point", "coordinates": [-43.34455000006826, -22.860845999057037]}, "properties": {"objectid": 666, "cre": 5, "designacao": 515061, "denominacao": "Escola Municipal Aspirante Carlos Alfredo", "latitude": -22.860846000000002, "longitude": -43.34455, "tipo": "Escola Municipal"}}, {"type": "Feature", "id": 667, "geometry": {"type": "Point", "coordinates": [-43.34091999961814, -22.863713999762638]}, "properties": {"objectid": 667, "cre": 5, "designacao": 515062, "denominacao": "Escola Municipal Figueiredo Pimentel", "latitude": -22.863714, "longitude": -43.34092, "tipo": "Escola Municipal"}}, {"type": "Feature", "id": 668, "geometry": {"type": "Point", "coordinates": [-43.342107000014586, -22.859155999464914]}, "properties": {"objectid": 668, "cre": 5, "designacao": 515063, "denominacao": "Escola Municipal Padre José Maurício Tomás", "latitude": -22.859156000000002, "longitude": -43.342107, "tipo": "Escola Municipal"}}, {"type": "Feature", "id": 669, "geometry": {"type": "Point", "coordinates": [-43.329073999781095, -22.864995999214393]}, "properties": {"objectid": 669, "cre": 5, "designacao": 515064, "denominacao": "Escola Municipal Mestre Darcy do Jongo", "latitude": -22.864995999999998, "longitude": -43.329074, "tipo": "Escola Municipal"}}, {"type": "Feature", "id": 670, "geometry": {"type": "Point", "coordinates": [-43.37799499976135, -22.861624999509214]}, "properties": {"objectid": 670, "cre": 5, "designacao": 515501, "denominacao": "Ciep Augusto Pinheiro de Carvalho", "latitude": -22.861625, "longitude": -43.377995, "tipo": "CIEP"}}, {"type": "Feature", "id": 671, "geometry": {"type": "Point", "coordinates": [-43.32855199998189, -22.88605599899804]}, "properties": {"objectid": 671, "cre": 5, "designacao": 515502, "denominacao": "Ciep Professor Manoel Maurício Albuquerque", "latitude": -22.886056, "longitude": -43.328551999999995, "tipo": "CIEP"}}, {"type": "Feature", "id": 672, "geometry": {"type": "Point", "coordinates": [-43.32570800012748, -22.877128999695675]}, "properties": {"objectid": 672, "cre": 5, "designacao": 515503, "denominacao": "Ciep Metalúrgico Benedito Cerqueira", "latitude": -22.877129, "longitude": -43.325708, "tipo": "CIEP"}}, {"type": "Feature", "id": 673, "geometry": {"type": "Point", "coordinates": [-43.33934200010824, -22.853398999484078]}, "properties": {"objectid": 673, "cre": 5, "designacao": 515601, "denominacao": "Creche Municipal Olga Benário", "latitude": -22.853399, "longitude": -43.339342, "tipo": "Creche Municipal"}}, {"type": "Feature", "id": 674, "geometry": {"type": "Point", "coordinates": [-43.33174099973325, -22.860678999041294]}, "properties": {"objectid": 674, "cre": 5, "designacao": 515602, "denominacao": "Creche Municipal São Miguel Arcanjo", "latitude": -22.860679, "longitude": -43.331741, "tipo": "Creche Municipal"}}, {"type": "Feature", "id": 675, "geometry": {"type": "Point", "coordinates": [-43.332497999739296, -22.889689999300053]}, "properties": {"objectid": 675, "cre": 5, "designacao": 515604, "denominacao": "Creche Municipal Gercinda Rosa Fonseca", "latitude": -22.88969, "longitude": -43.332498, "tipo": "Creche Municipal"}}, {"type": "Feature", "id": 676, "geometry": {"type": "Point", "coordinates": [-43.3418209996172, -22.85514399966833]}, "properties": {"objectid": 676, "cre": 5, "designacao": 515605, "denominacao": "Creche Municipal José Raimundo de Souza Alves", "latitude": -22.855144, "longitude": -43.341820999999996, "tipo": "Creche Municipal"}}, {"type": "Feature", "id": 677, "geometry": {"type": "Point", "coordinates": [-43.33970699987058, -22.885980998916345]}, "properties": {"objectid": 677, "cre": 5, "designacao": 515606, "denominacao": "Creche Municipal Josué de Castro", "latitude": -22.885981, "longitude": -43.339707, "tipo": "Creche Municipal"}}, {"type": "Feature", "id": 678, "geometry": {"type": "Point", "coordinates": [-43.374677000442524, -22.869302999444006]}, "properties": {"objectid": 678, "cre": 5, "designacao": 515607, "denominacao": "Creche Municipal Mané Garrincha I", "latitude": -22.869303, "longitude": -43.374677, "tipo": "Creche Municipal"}}, {"type": "Feature", "id": 679, "geometry": {"type": "Point", "coordinates": [-43.33468900040226, -22.85719899938249]}, "properties": {"objectid": 679, "cre": 5, "designacao": 515608, "denominacao": "Creche Municipal Maria José de Paula de Jesus", "latitude": -22.857198999999998, "longitude": -43.334689000000004, "tipo": "Creche Municipal"}}, {"type": "Feature", "id": 680, "geometry": {"type": "Point", "coordinates": [-43.36396600013371, -22.849062999712157]}, "properties": {"objectid": 680, "cre": 5, "designacao": 515610, "denominacao": "Creche Municipal Sempre Vida Palmeirinha", "latitude": -22.849063, "longitude": -43.363966, "tipo": "Creche Municipal"}}, {"type": "Feature", "id": 681, "geometry": {"type": "Point", "coordinates": [-43.32991599956654, -22.864670999561408]}, "properties": {"objectid": 681, "cre": 5, "designacao": 515611, "denominacao": "Creche Municipal Vovó Maria Joana", "latitude": -22.864670999999998, "longitude": -43.329916000000004, "tipo": "Creche Municipal"}}, {"type": "Feature", "id": 682, "geometry": {"type": "Point", "coordinates": [-43.32910099970194, -22.868143999223864]}, "properties": {"objectid": 682, "cre": 5, "designacao": 515612, "denominacao": "Creche Municipal Tia Maria do Jongo", "latitude": -22.868143999999997, "longitude": -43.329100999999994, "tipo": "Creche Municipal"}}, {"type": "Feature", "id": 683, "geometry": {"type": "Point", "coordinates": [-43.316545000324055, -22.868758999563852]}, "properties": {"objectid": 683, "cre": 5, "designacao": 515613, "denominacao": "Creche Municipal Manoel da Rocha Aprisco", "latitude": -22.868759, "longitude": -43.316545, "tipo": "Creche Municipal"}}, {"type": "Feature", "id": 684, "geometry": {"type": "Point", "coordinates": [-43.376603689310286, -22.862504557270167]}, "properties": {"objectid": 684, "cre": 5, "designacao": 515701, "denominacao": "Clube Escolar Marechal Hermes", "latitude": -22.86250456, "longitude": -43.37660369, "tipo": "Clube Escolar"}}, {"type": "Feature", "id": 685, "geometry": {"type": "Point", "coordinates": [-43.35610799958303, -22.83945799960973]}, "properties": {"objectid": 685, "cre": 5, "designacao": 515801, "denominacao": "Espaço de Desenvolvimento Infantil Karine Lorraine Chagas de Oliveira", "latitude": -22.839458, "longitude": -43.356108, "tipo": "EDI"}}, {"type": "Feature", "id": 686, "geometry": {"type": "Point", "coordinates": [-43.347546999772746, -22.841023998991034]}, "properties": {"objectid": 686, "cre": 5, "designacao": 515802, "denominacao": "Espaço de Desenvolvimento Infantil Gustavo Lessa", "latitude": -22.841024, "longitude": -43.347547, "tipo": "EDI"}}, {"type": "Feature", "id": 687, "geometry": {"type": "Point", "coordinates": [-43.35116799994642, -22.8459229989269]}, "properties": {"objectid": 687, "cre": 5, "designacao": 515803, "denominacao": "Espaço de Desenvolvimento Infantil Pio XII", "latitude": -22.845923, "longitude": -43.351168, "tipo": "EDI"}}, {"type": "Feature", "id": 688, "geometry": {"type": "Point", "coordinates": [-43.3736579998732, -22.857064998978892]}, "properties": {"objectid": 688, "cre": 5, "designacao": 515804, "denominacao": "Espaço de Desenvolvimento Infantil Fernão Dias", "latitude": -22.857065, "longitude": -43.373658000000006, "tipo": "EDI"}}, {"type": "Feature", "id": 689, "geometry": {"type": "Point", "coordinates": [-43.31226900035078, -22.88650599906875]}, "properties": {"objectid": 689, "cre": 5, "designacao": 515805, "denominacao": "Espaço de Desenvolvimento Infantil Rocha Pombo", "latitude": -22.886506, "longitude": -43.312269, "tipo": "EDI"}}, {"type": "Feature", "id": 690, "geometry": {"type": "Point", "coordinates": [-43.33459700046502, -22.860398999190277]}, "properties": {"objectid": 690, "cre": 5, "designacao": 515807, "denominacao": "Espaço de Desenvolvimento Infantil Buriti Congonhas", "latitude": -22.860398999999997, "longitude": -43.334596999999995, "tipo": "EDI"}}, {"type": "Feature", "id": 691, "geometry": {"type": "Point", "coordinates": [-43.335166000136006, -22.86385199912364]}, "properties": {"objectid": 691, "cre": 5, "designacao": 515808, "denominacao": "Espaço de Desenvolvimento Infantil Guaraciara Rodrigues Diniz", "latitude": -22.863852, "longitude": -43.335165999999994, "tipo": "EDI"}}, {"type": "Feature", "id": 692, "geometry": {"type": "Point", "coordinates": [-43.361544000309486, -22.848430999494962]}, "properties": {"objectid": 692, "cre": 5, "designacao": 515809, "denominacao": "Espaço de Desenvolvimento Infantil Professor Ubirajara de Paula Castro", "latitude": -22.848431, "longitude": -43.361544, "tipo": "EDI"}}, {"type": "Feature", "id": 693, "geometry": {"type": "Point", "coordinates": [-43.33023100022861, -22.888525999379866]}, "properties": {"objectid": 693, "cre": 5, "designacao": 515810, "denominacao": "Espaço de Desenvolvimento Infantil Professora Teresinha Sardoux Henriques", "latitude": -22.888526, "longitude": -43.330231, "tipo": "EDI"}}, {"type": "Feature", "id": 694, "geometry": {"type": "Point", "coordinates": [-43.405186999867205, -22.831848999213562]}, "properties": {"objectid": 694, "cre": 6, "designacao": 622001, "denominacao": "Escola Municipal Guilherme Tell", "latitude": -22.831849000000002, "longitude": -43.405187, "tipo": "Escola Municipal"}}, {"type": "Feature", "id": 695, "geometry": {"type": "Point", "coordinates": [-43.4083670000985, -22.837228999116775]}, "properties": {"objectid": 695, "cre": 6, "designacao": 622002, "denominacao": "Escola Municipal Antônio Maceo", "latitude": -22.837229, "longitude": -43.408367, "tipo": "Escola Municipal"}}, {"type": "Feature", "id": 696, "geometry": {"type": "Point", "coordinates": [-43.402882999663426, -22.826362999613412]}, "properties": {"objectid": 696, "cre": 6, "designacao": 622004, "denominacao": "Escola Municipal Paraíba", "latitude": -22.826363, "longitude": -43.402882999999996, "tipo": "Escola Municipal"}}, {"type": "Feature", "id": 697, "geometry": {"type": "Point", "coordinates": [-43.40322000019153, -22.826953998880747]}, "properties": {"objectid": 697, "cre": 6, "designacao": 622005, "denominacao": "Escola Municipal Cyro Monteiro", "latitude": -22.826953999999997, "longitude": -43.40322, "tipo": "Escola Municipal"}}, {"type": "Feature", "id": 698, "geometry": {"type": "Point", "coordinates": [-43.40521200027537, -22.831542999669743]}, "properties": {"objectid": 698, "cre": 6, "designacao": 622006, "denominacao": "Escola Municipal Antenor Nascentes", "latitude": -22.831543, "longitude": -43.405212, "tipo": "Escola Municipal"}}, {"type": "Feature", "id": 699, "geometry": {"type": "Point", "coordinates": [-43.39657199987967, -22.835958999604482]}, "properties": {"objectid": 699, "cre": 6, "designacao": 622007, "denominacao": "Escola Municipal Alexandre Farah", "latitude": -22.835959, "longitude": -43.396572000000006, "tipo": "Escola Municipal"}}, {"type": "Feature", "id": 700, "geometry": {"type": "Point", "coordinates": [-43.39882199956671, -22.83705499974721]}, "properties": {"objectid": 700, "cre": 6, "designacao": 622008, "denominacao": "Escola Municipal Narbal Fontes", "latitude": -22.837055, "longitude": -43.398822, "tipo": "Escola Municipal"}}, {"type": "Feature", "id": 701, "geometry": {"type": "Point", "coordinates": [-43.39939699988941, -22.83727799896906]}, "properties": {"objectid": 701, "cre": 6, "designacao": 622009, "denominacao": "Escola Municipal Coelho Neto", "latitude": -22.837277999999998, "longitude": -43.39939699999999, "tipo": "Escola Municipal"}}, {"type": "Feature", "id": 702, "geometry": {"type": "Point", "coordinates": [-43.39040999955012, -22.833998999239423]}, "properties": {"objectid": 702, "cre": 6, "designacao": 622011, "denominacao": "Escola Municipal Professor Zituo Yoneshigue", "latitude": -22.833999, "longitude": -43.39041, "tipo": "Escola Municipal"}}, {"type": "Feature", "id": 703, "geometry": {"type": "Point", "coordinates": [-43.371296999753895, -22.836787999405587]}, "properties": {"objectid": 703, "cre": 6, "designacao": 622012, "denominacao": "Escola Municipal Professor Álvaro Espinheira", "latitude": -22.836788000000002, "longitude": -43.371297, "tipo": "Escola Municipal"}}, {"type": "Feature", "id": 704, "geometry": {"type": "Point", "coordinates": [-43.38045700031807, -22.840352999239986]}, "properties": {"objectid": 704, "cre": 6, "designacao": 622014, "denominacao": "Escola Municipal Bélgica", "latitude": -22.840353, "longitude": -43.380457, "tipo": "Escola Municipal"}}, {"type": "Feature", "id": 705, "geometry": {"type": "Point", "coordinates": [-43.37851999987023, -22.845414999180168]}, "properties": {"objectid": 705, "cre": 6, "designacao": 622016, "denominacao": "Escola Municipal Piauí", "latitude": -22.845415000000003, "longitude": -43.37852, "tipo": "Escola Municipal"}}, {"type": "Feature", "id": 706, "geometry": {"type": "Point", "coordinates": [-43.37636999995297, -22.846613999308904]}, "properties": {"objectid": 706, "cre": 6, "designacao": 622017, "denominacao": "Escola Municipal Lia Braga de Faria", "latitude": -22.846614, "longitude": -43.37637, "tipo": "Escola Municipal"}}, {"type": "Feature", "id": 707, "geometry": {"type": "Point", "coordinates": [-43.37653800034538, -22.846424999201325]}, "properties": {"objectid": 707, "cre": 6, "designacao": 622018, "denominacao": "Escola Municipal Baden Powell", "latitude": -22.846425, "longitude": -43.376538000000004, "tipo": "Escola Municipal"}}, {"type": "Feature", "id": 708, "geometry": {"type": "Point", "coordinates": [-43.365825000154445, -22.84430899910529]}, "properties": {"objectid": 708, "cre": 6, "designacao": 622019, "denominacao": "Escola Municipal Emilio Carlos", "latitude": -22.844309, "longitude": -43.365825, "tipo": "Escola Municipal"}}, {"type": "Feature", "id": 709, "geometry": {"type": "Point", "coordinates": [-43.3801290002559, -22.84028899965194]}, "properties": {"objectid": 709, "cre": 6, "designacao": 622020, "denominacao": "Escola Municipal Maurice Maeterlinck", "latitude": -22.840289, "longitude": -43.380129, "tipo": "Escola Municipal"}}, {"type": "Feature", "id": 710, "geometry": {"type": "Point", "coordinates": [-43.36540700046656, -22.84437599943952]}, "properties": {"objectid": 710, "cre": 6, "designacao": 622021, "denominacao": "Escola Municipal Isaias Alves", "latitude": -22.844376, "longitude": -43.365407, "tipo": "Escola Municipal"}}, {"type": "Feature", "id": 711, "geometry": {"type": "Point", "coordinates": [-43.372466000101234, -22.84654899923479]}, "properties": {"objectid": 711, "cre": 6, "designacao": 622022, "denominacao": "Escola Municipal Rose Klabin", "latitude": -22.846549, "longitude": -43.372465999999996, "tipo": "Escola Municipal"}}, {"type": "Feature", "id": 712, "geometry": {"type": "Point", "coordinates": [-43.37326100002443, -22.835027999635038]}, "properties": {"objectid": 712, "cre": 6, "designacao": 622023, "denominacao": "Escola Municipal Gilberto Amado", "latitude": -22.835028, "longitude": -43.373261, "tipo": "Escola Municipal"}}, {"type": "Feature", "id": 713, "geometry": {"type": "Point", "coordinates": [-43.392076000284476, -22.82558099930025]}, "properties": {"objectid": 713, "cre": 6, "designacao": 622024, "denominacao": "Escola Municipal Mario Piragibe", "latitude": -22.825581000000003, "longitude": -43.392076, "tipo": "Escola Municipal"}}, {"type": "Feature", "id": 714, "geometry": {"type": "Point", "coordinates": [-43.400246999919815, -22.817536999001558]}, "properties": {"objectid": 714, "cre": 6, "designacao": 622025, "denominacao": "Escola Municipal Lúcio de Mendonça", "latitude": -22.817536999999998, "longitude": -43.400247, "tipo": "Escola Municipal"}}, {"type": "Feature", "id": 715, "geometry": {"type": "Point", "coordinates": [-43.4160710000648, -22.827734999136787]}, "properties": {"objectid": 715, "cre": 6, "designacao": 622026, "denominacao": "Escola Municipal Cláudio Ganns", "latitude": -22.827735, "longitude": -43.416070999999995, "tipo": "Escola Municipal"}}, {"type": "Feature", "id": 716, "geometry": {"type": "Point", "coordinates": [-43.38645300018806, -22.820716999593667]}, "properties": {"objectid": 716, "cre": 6, "designacao": 622027, "denominacao": "Escola Municipal Hildegardo de Noronha", "latitude": -22.820717, "longitude": -43.386453, "tipo": "Escola Municipal"}}, {"type": "Feature", "id": 717, "geometry": {"type": "Point", "coordinates": [-43.41843099966021, -22.82946799951791]}, "properties": {"objectid": 717, "cre": 6, "designacao": 622201, "denominacao": "Ciep Poeta Fernando Pessoa", "latitude": -22.829468, "longitude": -43.418431, "tipo": "CIEP"}}, {"type": "Feature", "id": 718, "geometry": {"type": "Point", "coordinates": [-43.41507699975033, -22.835095999620897]}, "properties": {"objectid": 718, "cre": 6, "designacao": 622202, "denominacao": "Ciep General Augusto Cesar Sandino", "latitude": -22.835096, "longitude": -43.415077, "tipo": "CIEP"}}, {"type": "Feature", "id": 719, "geometry": {"type": "Point", "coordinates": [-43.398737999760776, -22.832685999513423]}, "properties": {"objectid": 719, "cre": 6, "designacao": 622203, "denominacao": "Ciep Oswald de Andrade", "latitude": -22.832686, "longitude": -43.398738, "tipo": "CIEP"}}, {"type": "Feature", "id": 720, "geometry": {"type": "Point", "coordinates": [-43.36555800012114, -22.845028999343707]}, "properties": {"objectid": 720, "cre": 6, "designacao": 622204, "denominacao": "Ciep João do Rio", "latitude": -22.845029, "longitude": -43.365558, "tipo": "CIEP"}}, {"type": "Feature", "id": 721, "geometry": {"type": "Point", "coordinates": [-43.39471899958883, -22.827193999451797]}, "properties": {"objectid": 721, "cre": 6, "designacao": 622601, "denominacao": "Creche Municipal José Goulart", "latitude": -22.827194000000002, "longitude": -43.394719, "tipo": "Creche Municipal"}}, {"type": "Feature", "id": 722, "geometry": {"type": "Point", "coordinates": [-43.38913300035518, -22.825832999118667]}, "properties": {"objectid": 722, "cre": 6, "designacao": 622602, "denominacao": "Creche Municipal Silvio Amancio", "latitude": -22.825833, "longitude": -43.389133, "tipo": "Creche Municipal"}}, {"type": "Feature", "id": 723, "geometry": {"type": "Point", "coordinates": [-43.38650600033845, -22.82006699968867]}, "properties": {"objectid": 723, "cre": 6, "designacao": 622603, "denominacao": "Creche Municipal Yara Amaral", "latitude": -22.820067, "longitude": -43.386506, "tipo": "Creche Municipal"}}, {"type": "Feature", "id": 724, "geometry": {"type": "Point", "coordinates": [-43.38076499988734, -22.840309999391497]}, "properties": {"objectid": 724, "cre": 6, "designacao": 622801, "denominacao": "Espaço de Desenvolvimento Infantil Ernani Cardoso", "latitude": -22.84031, "longitude": -43.380765, "tipo": "EDI"}}, {"type": "Feature", "id": 725, "geometry": {"type": "Point", "coordinates": [-43.37553100030671, -22.850417999498113]}, "properties": {"objectid": 725, "cre": 6, "designacao": 622802, "denominacao": "Espaço de Desenvolvimento Infantil Professora Miltolina da Silva", "latitude": -22.850418, "longitude": -43.375531, "tipo": "EDI"}}, {"type": "Feature", "id": 726, "geometry": {"type": "Point", "coordinates": [-43.393544999806, -22.83497699962766]}, "properties": {"objectid": 726, "cre": 6, "designacao": 622804, "denominacao": "Espaço de Desenvolvimento Infantil Medalhista Paralímpico Daniel Martins", "latitude": -22.834977000000002, "longitude": -43.393545, "tipo": "EDI"}}, {"type": "Feature", "id": 727, "geometry": {"type": "Point", "coordinates": [-43.41373999991861, -22.822347999661382]}, "properties": {"objectid": 727, "cre": 6, "designacao": 622805, "denominacao": "Espaço de Desenvolvimento Infantil Medalhista Olímpico Mauricio Luiz de Souza", "latitude": -22.822347999999998, "longitude": -43.41374, "tipo": "EDI"}}, {"type": "Feature", "id": 728, "geometry": {"type": "Point", "coordinates": [-43.40337999952653, -22.835599999429807]}, "properties": {"objectid": 728, "cre": 6, "designacao": 622809, "denominacao": "Escola Municipal Noronha Santos", "latitude": -22.8356, "longitude": -43.40338, "tipo": "Escola Municipal"}}, {"type": "Feature", "id": 729, "geometry": {"type": "Point", "coordinates": [-43.376768000131484, -22.8327749997497]}, "properties": {"objectid": 729, "cre": 6, "designacao": 622810, "denominacao": "Escola Municipal Antônio Francisco Lisboa", "latitude": -22.832774999999998, "longitude": -43.376768, "tipo": "Escola Municipal"}}, {"type": "Feature", "id": 730, "geometry": {"type": "Point", "coordinates": [-43.40003900002895, -22.82893399976993]}, "properties": {"objectid": 730, "cre": 6, "designacao": 622811, "denominacao": "Escola Municipal Abraham Lincoln", "latitude": -22.828934, "longitude": -43.400039, "tipo": "Escola Municipal"}}, {"type": "Feature", "id": 731, "geometry": {"type": "Point", "coordinates": [-43.358884000401865, -22.83636199887802]}, "properties": {"objectid": 731, "cre": 6, "designacao": 625001, "denominacao": "Escola Municipal Alípio Miranda Ribeiro", "latitude": -22.836362, "longitude": -43.358884, "tipo": "Escola Municipal"}}, {"type": "Feature", "id": 732, "geometry": {"type": "Point", "coordinates": [-43.348729000171794, -22.829412999337563]}, "properties": {"objectid": 732, "cre": 6, "designacao": 625003, "denominacao": "Escola Municipal Monte Castelo", "latitude": -22.829413, "longitude": -43.348729, "tipo": "Escola Municipal"}}, {"type": "Feature", "id": 733, "geometry": {"type": "Point", "coordinates": [-43.346602999780835, -22.829024999062092]}, "properties": {"objectid": 733, "cre": 6, "designacao": 625004, "denominacao": "Escola Municipal General Osório", "latitude": -22.829025, "longitude": -43.346603, "tipo": "Escola Municipal"}}, {"type": "Feature", "id": 734, "geometry": {"type": "Point", "coordinates": [-43.35231200018684, -22.828760999223444]}, "properties": {"objectid": 734, "cre": 6, "designacao": 625005, "denominacao": "Escola Municipal Charles Anderson Weaver", "latitude": -22.828761, "longitude": -43.352312, "tipo": "Escola Municipal"}}, {"type": "Feature", "id": 735, "geometry": {"type": "Point", "coordinates": [-43.35183899964345, -22.825034998902137]}, "properties": {"objectid": 735, "cre": 6, "designacao": 625006, "denominacao": "Escola Municipal Erico Veríssimo", "latitude": -22.825035, "longitude": -43.351839, "tipo": "Escola Municipal"}}, {"type": "Feature", "id": 736, "geometry": {"type": "Point", "coordinates": [-43.35301200028032, -22.82691399909373]}, "properties": {"objectid": 736, "cre": 6, "designacao": 625008, "denominacao": "Escola Municipal Virgilio Francisco Monteiro", "latitude": -22.826914, "longitude": -43.353012, "tipo": "Escola Municipal"}}, {"type": "Feature", "id": 737, "geometry": {"type": "Point", "coordinates": [-43.33942499965237, -22.825855998924276]}, "properties": {"objectid": 737, "cre": 6, "designacao": 625009, "denominacao": "Escola Municipal Cornélio Pena", "latitude": -22.825856, "longitude": -43.339425, "tipo": "Escola Municipal"}}, {"type": "Feature", "id": 738, "geometry": {"type": "Point", "coordinates": [-43.36190100015178, -22.82087799977669]}, "properties": {"objectid": 738, "cre": 6, "designacao": 625011, "denominacao": "Escola Municipal Professor Escragnolle Dória", "latitude": -22.820877999999997, "longitude": -43.361900999999996, "tipo": "Escola Municipal"}}, {"type": "Feature", "id": 739, "geometry": {"type": "Point", "coordinates": [-43.370807000021365, -22.827019999501026]}, "properties": {"objectid": 739, "cre": 6, "designacao": 625013, "denominacao": "Escola Municipal Fernando Rodrigues da Silveira", "latitude": -22.82702, "longitude": -43.370807, "tipo": "Escola Municipal"}}, {"type": "Feature", "id": 740, "geometry": {"type": "Point", "coordinates": [-43.37234399974948, -22.80808499892198]}, "properties": {"objectid": 740, "cre": 6, "designacao": 625014, "denominacao": "Escola Municipal Alberto José Sampaio", "latitude": -22.808085, "longitude": -43.372344000000005, "tipo": "Escola Municipal"}}, {"type": "Feature", "id": 741, "geometry": {"type": "Point", "coordinates": [-43.37045000044681, -22.80877899931049]}, "properties": {"objectid": 741, "cre": 6, "designacao": 625015, "denominacao": "Escola Municipal Max Fleiuss", "latitude": -22.808779, "longitude": -43.37045, "tipo": "Escola Municipal"}}, {"type": "Feature", "id": 742, "geometry": {"type": "Point", "coordinates": [-43.386055000039306, -22.817115999138778]}, "properties": {"objectid": 742, "cre": 6, "designacao": 625016, "denominacao": "Escola Municipal Mestre Valentim", "latitude": -22.817116, "longitude": -43.386055000000006, "tipo": "Escola Municipal"}}, {"type": "Feature", "id": 743, "geometry": {"type": "Point", "coordinates": [-43.37392599980561, -22.813889999674096]}, "properties": {"objectid": 743, "cre": 6, "designacao": 625017, "denominacao": "Escola Municipal Grandjean de Montigny", "latitude": -22.81389, "longitude": -43.373926, "tipo": "Escola Municipal"}}, {"type": "Feature", "id": 744, "geometry": {"type": "Point", "coordinates": [-43.37663499986109, -22.81321999929974]}, "properties": {"objectid": 744, "cre": 6, "designacao": 625018, "denominacao": "Escola Municipal Comandante Arnaldo Varella", "latitude": -22.813219999999998, "longitude": -43.376635, "tipo": "Escola Municipal"}}, {"type": "Feature", "id": 745, "geometry": {"type": "Point", "coordinates": [-43.360953000215645, -22.816169999440913]}, "properties": {"objectid": 745, "cre": 6, "designacao": 625019, "denominacao": "Escola Municipal Escultor Leão Velloso", "latitude": -22.81617, "longitude": -43.360953, "tipo": "Escola Municipal"}}, {"type": "Feature", "id": 746, "geometry": {"type": "Point", "coordinates": [-43.35666100008131, -22.81024599971418]}, "properties": {"objectid": 746, "cre": 6, "designacao": 625020, "denominacao": "Escola Municipal Artur Azevedo", "latitude": -22.810246000000003, "longitude": -43.356661, "tipo": "Escola Municipal"}}, {"type": "Feature", "id": 747, "geometry": {"type": "Point", "coordinates": [-43.35721100044755, -22.81043199923607]}, "properties": {"objectid": 747, "cre": 6, "designacao": 625021, "denominacao": "Escola Municipal Octavio Tarquinio de Souza", "latitude": -22.810432000000002, "longitude": -43.357211, "tipo": "Escola Municipal"}}, {"type": "Feature", "id": 748, "geometry": {"type": "Point", "coordinates": [-43.35702199996209, -22.803601999375775]}, "properties": {"objectid": 748, "cre": 6, "designacao": 625022, "denominacao": "Escola Municipal Manuel de Abreu", "latitude": -22.803601999999998, "longitude": -43.357022, "tipo": "Escola Municipal"}}, {"type": "Feature", "id": 749, "geometry": {"type": "Point", "coordinates": [-43.35239899996282, -22.819796998904415]}, "properties": {"objectid": 749, "cre": 6, "designacao": 625023, "denominacao": "Escola Municipal Thomas Jefferson", "latitude": -22.819797, "longitude": -43.352399, "tipo": "Escola Municipal"}}, {"type": "Feature", "id": 750, "geometry": {"type": "Point", "coordinates": [-43.33965000014044, -22.81627699947618]}, "properties": {"objectid": 750, "cre": 6, "designacao": 625024, "denominacao": "Escola Municipal Alexandre de Gusmão", "latitude": -22.816277, "longitude": -43.33965, "tipo": "Escola Municipal"}}, {"type": "Feature", "id": 751, "geometry": {"type": "Point", "coordinates": [-43.35805900039703, -22.80794799977407]}, "properties": {"objectid": 751, "cre": 6, "designacao": 625025, "denominacao": "Escola Municipal Otávio Kelly", "latitude": -22.807948, "longitude": -43.358059, "tipo": "Escola Municipal"}}, {"type": "Feature", "id": 752, "geometry": {"type": "Point", "coordinates": [-43.35262500031523, -22.817214999751464]}, "properties": {"objectid": 752, "cre": 6, "designacao": 625026, "denominacao": "Escola Municipal Eugenia Dutra Hamann", "latitude": -22.817215, "longitude": -43.352625, "tipo": "Escola Municipal"}}, {"type": "Feature", "id": 753, "geometry": {"type": "Point", "coordinates": [-43.340148999879, -22.81630999937716]}, "properties": {"objectid": 753, "cre": 6, "designacao": 625027, "denominacao": "Escola Municipal Andrea Fontes Peixoto", "latitude": -22.816309999999998, "longitude": -43.340149, "tipo": "Escola Municipal"}}, {"type": "Feature", "id": 754, "geometry": {"type": "Point", "coordinates": [-43.35775600044729, -22.807805999450007]}, "properties": {"objectid": 754, "cre": 6, "designacao": 625028, "denominacao": "Escola Municipal Deputado Hilton Gama", "latitude": -22.807806, "longitude": -43.357756, "tipo": "Escola Municipal"}}, {"type": "Feature", "id": 755, "geometry": {"type": "Point", "coordinates": [-43.36074200048048, -22.818779999201926]}, "properties": {"objectid": 755, "cre": 6, "designacao": 625029, "denominacao": "Escola Municipal José Pedro Varela", "latitude": -22.81878, "longitude": -43.360742, "tipo": "Escola Municipal"}}, {"type": "Feature", "id": 756, "geometry": {"type": "Point", "coordinates": [-43.35865500035742, -22.806870999718353]}, "properties": {"objectid": 756, "cre": 6, "designacao": 625030, "denominacao": "Escola Municipal Telêmaco Gonçalves Maia", "latitude": -22.806870999999997, "longitude": -43.358655000000006, "tipo": "Escola Municipal"}}, {"type": "Feature", "id": 757, "geometry": {"type": "Point", "coordinates": [-43.37762199992843, -22.81532399903696]}, "properties": {"objectid": 757, "cre": 6, "designacao": 625031, "denominacao": "Escola Municipal Levy Miranda", "latitude": -22.815324, "longitude": -43.377622, "tipo": "Escola Municipal"}}, {"type": "Feature", "id": 758, "geometry": {"type": "Point", "coordinates": [-43.37891400037821, -22.81734399915292]}, "properties": {"objectid": 758, "cre": 6, "designacao": 625032, "denominacao": "Escola Municipal Alziro Zarur", "latitude": -22.817344, "longitude": -43.378914, "tipo": "Escola Municipal"}}, {"type": "Feature", "id": 759, "geometry": {"type": "Point", "coordinates": [-43.37276399992123, -22.817742999266187]}, "properties": {"objectid": 759, "cre": 6, "designacao": 625033, "denominacao": "Escola Municipal Zilda Nunes da Costa", "latitude": -22.817743, "longitude": -43.372764000000004, "tipo": "Escola Municipal"}}, {"type": "Feature", "id": 760, "geometry": {"type": "Point", "coordinates": [-43.37746500041011, -22.82006599891696]}, "properties": {"objectid": 760, "cre": 6, "designacao": 625034, "denominacao": "Escola Municipal Motorista Paschoal André", "latitude": -22.820066, "longitude": -43.377465, "tipo": "Escola Municipal"}}, {"type": "Feature", "id": 761, "geometry": {"type": "Point", "coordinates": [-43.364676999831964, -22.815694999077923]}, "properties": {"objectid": 761, "cre": 6, "designacao": 625035, "denominacao": "Escola Municipal Prefeito Marcos Tamoyo", "latitude": -22.815695, "longitude": -43.364677, "tipo": "Escola Municipal"}}, {"type": "Feature", "id": 762, "geometry": {"type": "Point", "coordinates": [-43.353629000018174, -22.823837999040357]}, "properties": {"objectid": 762, "cre": 6, "designacao": 625041, "denominacao": "Escola Municipal Jornalista e Escritor Daniel Piza", "latitude": -22.823838, "longitude": -43.353629, "tipo": "Escola Municipal"}}, {"type": "Feature", "id": 763, "geometry": {"type": "Point", "coordinates": [-43.36794599973343, -22.83329399953596]}, "properties": {"objectid": 763, "cre": 6, "designacao": 625042, "denominacao": "EM Temistocles Dalmácio Pereira", "latitude": -22.833294000000002, "longitude": -43.367945999999996, "tipo": "Escola Municipal"}}, {"type": "Feature", "id": 764, "geometry": {"type": "Point", "coordinates": [-43.368571000210075, -22.82616399914231]}, "properties": {"objectid": 764, "cre": 6, "designacao": 625204, "denominacao": "Ciep Rubens Gomes", "latitude": -22.826164, "longitude": -43.368570999999996, "tipo": "CIEP"}}, {"type": "Feature", "id": 765, "geometry": {"type": "Point", "coordinates": [-43.344307000185566, -22.828921999099844]}, "properties": {"objectid": 765, "cre": 6, "designacao": 625205, "denominacao": "Ciep Antonio Candeia Filho", "latitude": -22.828922000000002, "longitude": -43.34430699999999, "tipo": "CIEP"}}, {"type": "Feature", "id": 766, "geometry": {"type": "Point", "coordinates": [-43.368898999702125, -22.821542999180473]}, "properties": {"objectid": 766, "cre": 6, "designacao": 625206, "denominacao": "Ciep Anton Makarenko", "latitude": -22.821543000000002, "longitude": -43.368899, "tipo": "CIEP"}}, {"type": "Feature", "id": 767, "geometry": {"type": "Point", "coordinates": [-43.33739700031641, -22.82542299935351]}, "properties": {"objectid": 767, "cre": 6, "designacao": 625501, "denominacao": "Ciep Doutor Adão Pereira Nunes", "latitude": -22.825422999999997, "longitude": -43.337396999999996, "tipo": "CIEP"}}, {"type": "Feature", "id": 768, "geometry": {"type": "Point", "coordinates": [-43.35611099998501, -22.826620999678983]}, "properties": {"objectid": 768, "cre": 6, "designacao": 625502, "denominacao": "Ciep Zumbi dos Palmares", "latitude": -22.826621, "longitude": -43.356111, "tipo": "CIEP"}}, {"type": "Feature", "id": 769, "geometry": {"type": "Point", "coordinates": [-43.354101000051585, -22.81060499895907]}, "properties": {"objectid": 769, "cre": 6, "designacao": 625503, "denominacao": "Ciep Glauber Rocha", "latitude": -22.810605000000002, "longitude": -43.354101, "tipo": "CIEP"}}, {"type": "Feature", "id": 770, "geometry": {"type": "Point", "coordinates": [-43.34404399960135, -22.8124089989632]}, "properties": {"objectid": 770, "cre": 6, "designacao": 625601, "denominacao": "Creche Municipal Os Sabidinhos", "latitude": -22.812409, "longitude": -43.344044000000004, "tipo": "Creche Municipal"}}, {"type": "Feature", "id": 771, "geometry": {"type": "Point", "coordinates": [-43.359569999750626, -22.822050999611037]}, "properties": {"objectid": 771, "cre": 6, "designacao": 625602, "denominacao": "Creche Municipal Professora Jurema Gomes Sampaio Delfim", "latitude": -22.822051, "longitude": -43.35957, "tipo": "Creche Municipal"}}, {"type": "Feature", "id": 772, "geometry": {"type": "Point", "coordinates": [-43.37078699965068, -22.82939799961961]}, "properties": {"objectid": 772, "cre": 6, "designacao": 625603, "denominacao": "Creche Municipal Dr. Albert Sabin", "latitude": -22.829398, "longitude": -43.370787, "tipo": "Creche Municipal"}}, {"type": "Feature", "id": 773, "geometry": {"type": "Point", "coordinates": [-43.3482390000098, -22.83663999940385]}, "properties": {"objectid": 773, "cre": 6, "designacao": 625604, "denominacao": "Creche Municipal Herbert de Souza - Betinho", "latitude": -22.83664, "longitude": -43.348239, "tipo": "Creche Municipal"}}, {"type": "Feature", "id": 774, "geometry": {"type": "Point", "coordinates": [-43.37983399960905, -22.818728998996907]}, "properties": {"objectid": 774, "cre": 6, "designacao": 625605, "denominacao": "Creche Municipal Luís Carlos Prestes", "latitude": -22.818729, "longitude": -43.379834, "tipo": "Creche Municipal"}}, {"type": "Feature", "id": 775, "geometry": {"type": "Point", "coordinates": [-43.36554900002716, -22.820706999515142]}, "properties": {"objectid": 775, "cre": 6, "designacao": 625606, "denominacao": "Creche Municipal Luís de Souza da Costa Barros", "latitude": -22.820707, "longitude": -43.365548999999994, "tipo": "Creche Municipal"}}, {"type": "Feature", "id": 776, "geometry": {"type": "Point", "coordinates": [-43.361920999612124, -22.8198099989648]}, "properties": {"objectid": 776, "cre": 6, "designacao": 625607, "denominacao": "Creche Municipal Luiza de Barros de Sá Freire", "latitude": -22.81981, "longitude": -43.361920999999995, "tipo": "Creche Municipal"}}, {"type": "Feature", "id": 777, "geometry": {"type": "Point", "coordinates": [-43.33880300047208, -22.826121999469272]}, "properties": {"objectid": 777, "cre": 6, "designacao": 625608, "denominacao": "Creche Municipal Major Celestino R. dos Santos", "latitude": -22.826122, "longitude": -43.338803, "tipo": "Creche Municipal"}}, {"type": "Feature", "id": 778, "geometry": {"type": "Point", "coordinates": [-43.35311900019776, -22.81346599952382]}, "properties": {"objectid": 778, "cre": 6, "designacao": 625609, "denominacao": "Creche Municipal Sônia Maria de M. Angel Jones", "latitude": -22.813466000000002, "longitude": -43.353119, "tipo": "Creche Municipal"}}, {"type": "Feature", "id": 779, "geometry": {"type": "Point", "coordinates": [-43.34312799980109, -22.83858499896409]}, "properties": {"objectid": 779, "cre": 6, "designacao": 625610, "denominacao": "Creche Municipal Zuzu Angel", "latitude": -22.838585, "longitude": -43.343128, "tipo": "Creche Municipal"}}, {"type": "Feature", "id": 780, "geometry": {"type": "Point", "coordinates": [-43.34569200032285, -22.824264999684534]}, "properties": {"objectid": 780, "cre": 6, "designacao": 625611, "denominacao": "Creche Municipal Zilka Salaberry", "latitude": -22.824265, "longitude": -43.345692, "tipo": "Creche Municipal"}}, {"type": "Feature", "id": 781, "geometry": {"type": "Point", "coordinates": [-43.34294999965776, -22.826135999344864]}, "properties": {"objectid": 781, "cre": 6, "designacao": 625612, "denominacao": "Creche Municipal Yedda Marques Lamounier de Andrade Maciel", "latitude": -22.826136, "longitude": -43.34295, "tipo": "Creche Municipal"}}, {"type": "Feature", "id": 782, "geometry": {"type": "Point", "coordinates": [-43.36749299975815, -22.814684999105907]}, "properties": {"objectid": 782, "cre": 6, "designacao": 625614, "denominacao": "Creche Municipal Simone de Beauvoir", "latitude": -22.814684999999997, "longitude": -43.367493, "tipo": "Creche Municipal"}}, {"type": "Feature", "id": 783, "geometry": {"type": "Point", "coordinates": [-43.33912500038642, -22.82351399935998]}, "properties": {"objectid": 783, "cre": 6, "designacao": 625615, "denominacao": "Creche Municipal Edna Lotte", "latitude": -22.823514, "longitude": -43.339125, "tipo": "Creche Municipal"}}, {"type": "Feature", "id": 784, "geometry": {"type": "Point", "coordinates": [-43.3522970001739, -22.825476999039644]}, "properties": {"objectid": 784, "cre": 6, "designacao": 625616, "denominacao": "Creche Municipal Professor Rogério Pedro Batista", "latitude": -22.825477, "longitude": -43.352297, "tipo": "Creche Municipal"}}, {"type": "Feature", "id": 785, "geometry": {"type": "Point", "coordinates": [-43.34922699969346, -22.828683998989273]}, "properties": {"objectid": 785, "cre": 6, "designacao": 625701, "denominacao": "Centro de Educação de Jovens e Adultos CEJA Acari", "latitude": -22.828684000000003, "longitude": -43.349227000000006, "tipo": "CEJA - Centro de Educação de Jovens e Adultos"}}, {"type": "Feature", "id": 786, "geometry": {"type": "Point", "coordinates": [-43.36765400000684, -22.838140999200945]}, "properties": {"objectid": 786, "cre": 6, "designacao": 625801, "denominacao": "Espaço de Desenvolvimento Infantil Professora Rosenice Rocha Roque", "latitude": -22.838141, "longitude": -43.367654, "tipo": "EDI"}}, {"type": "Feature", "id": 787, "geometry": {"type": "Point", "coordinates": [-43.368983000301256, -22.82087699926355]}, "properties": {"objectid": 787, "cre": 6, "designacao": 625802, "denominacao": "Espaço de Desenvolvimento Infantil Wesley Guilber Rodrigues de Andrade", "latitude": -22.820877, "longitude": -43.36898299999999, "tipo": "EDI"}}, {"type": "Feature", "id": 788, "geometry": {"type": "Point", "coordinates": [-43.361692999648305, -22.823881999394114]}, "properties": {"objectid": 788, "cre": 6, "designacao": 625803, "denominacao": "Espaço de Desenvolvimento Infantil Professora Beatriz de Souza Madeira", "latitude": -22.823881999999998, "longitude": -43.361693, "tipo": "EDI"}}, {"type": "Feature", "id": 789, "geometry": {"type": "Point", "coordinates": [-43.36193299965142, -22.821306999412602]}, "properties": {"objectid": 789, "cre": 6, "designacao": 625804, "denominacao": "Espaço de Desenvolvimento Infantil Professora Helia Lúcia Moreno Ferreira", "latitude": -22.821307, "longitude": -43.361933, "tipo": "EDI"}}, {"type": "Feature", "id": 790, "geometry": {"type": "Point", "coordinates": [-43.35963300017512, -22.8357479989676]}, "properties": {"objectid": 790, "cre": 6, "designacao": 625805, "denominacao": "Espaço de Desenvolvimento Infantil Firmino Costa", "latitude": -22.835748, "longitude": -43.359633, "tipo": "EDI"}}, {"type": "Feature", "id": 791, "geometry": {"type": "Point", "coordinates": [-43.348681000240234, -22.82857999957831]}, "properties": {"objectid": 791, "cre": 6, "designacao": 625806, "denominacao": "Espaço de Desenvolvimento Infantil Ana de Barros Câmara", "latitude": -22.82858, "longitude": -43.348681, "tipo": "EDI"}}, {"type": "Feature", "id": 792, "geometry": {"type": "Point", "coordinates": [-43.37327399996175, -22.823908999357965]}, "properties": {"objectid": 792, "cre": 6, "designacao": 625807, "denominacao": "Espaço de Desenvolvimento Infantil Frota Pessoa", "latitude": -22.823909, "longitude": -43.373273999999995, "tipo": "EDI"}}, {"type": "Feature", "id": 793, "geometry": {"type": "Point", "coordinates": [-43.35291100037418, -22.827185999385947]}, "properties": {"objectid": 793, "cre": 6, "designacao": 625808, "denominacao": "Espaço de Desenvolvimento Infantil Deputado Pedro Fernandes Filho", "latitude": -22.827186, "longitude": -43.352911, "tipo": "EDI"}}, {"type": "Feature", "id": 794, "geometry": {"type": "Point", "coordinates": [-43.360768000380304, -22.821492999701167]}, "properties": {"objectid": 794, "cre": 6, "designacao": 625809, "denominacao": "Espaço de Desenvolvimento Infantil Sebastião Tavares do Nascimento", "latitude": -22.821493, "longitude": -43.360768, "tipo": "EDI"}}, {"type": "Feature", "id": 795, "geometry": {"type": "Point", "coordinates": [-43.35408600021525, -22.81713699936009]}, "properties": {"objectid": 795, "cre": 6, "designacao": 625810, "denominacao": "Espaço de Desenvolvimento Infantil Professora Marise Garcia Miranda", "latitude": -22.817137, "longitude": -43.354086, "tipo": "EDI"}}, {"type": "Feature", "id": 796, "geometry": {"type": "Point", "coordinates": [-43.352447999934526, -22.829417998966992]}, "properties": {"objectid": 796, "cre": 6, "designacao": 625811, "denominacao": "Espaço de Desenvolvimento Infantil Ana Maria Cristina Marques Ribeiro", "latitude": -22.829418, "longitude": -43.352448, "tipo": "EDI"}}, {"type": "Feature", "id": 797, "geometry": {"type": "Point", "coordinates": [-43.33927400039574, -22.826097999090006]}, "properties": {"objectid": 797, "cre": 6, "designacao": 625812, "denominacao": "Espaço de Desenvolvimento Infantil Amarelinho", "latitude": -22.826098, "longitude": -43.339273999999996, "tipo": "EDI"}}, {"type": "Feature", "id": 798, "geometry": {"type": "Point", "coordinates": [-43.36491300024591, -22.812381999147703]}, "properties": {"objectid": 798, "cre": 6, "designacao": 625813, "denominacao": "Espaço de Desenvolvimento Infantil Professora Gracília Rosa de Belém Mayor", "latitude": -22.812382, "longitude": -43.364913, "tipo": "EDI"}}, {"type": "Feature", "id": 799, "geometry": {"type": "Point", "coordinates": [-43.367418000250495, -22.83287999898017]}, "properties": {"objectid": 799, "cre": 6, "designacao": 625814, "denominacao": "Espaço de Desenvolvimento Infantil Professora Roseane Vasconcellos", "latitude": -22.83288, "longitude": -43.367418, "tipo": "EDI"}}, {"type": "Feature", "id": 800, "geometry": {"type": "Point", "coordinates": [-43.35383800043908, -22.823447999395025]}, "properties": {"objectid": 800, "cre": 6, "designacao": 625815, "denominacao": "Espaço de Desenvolvimento Infantil Professora Kristina Romolo Kiffer", "latitude": -22.823448, "longitude": -43.353838, "tipo": "EDI"}}, {"type": "Feature", "id": 801, "geometry": {"type": "Point", "coordinates": [-43.35525699967484, -22.81474199965132]}, "properties": {"objectid": 801, "cre": 6, "designacao": 625816, "denominacao": "Espaço de Desenvolvimento Infantil Professora Regina Celi Rabelo de Almeida", "latitude": -22.814742, "longitude": -43.355257, "tipo": "EDI"}}, {"type": "Feature", "id": 802, "geometry": {"type": "Point", "coordinates": [-43.352120000445794, -22.82055899939668]}, "properties": {"objectid": 802, "cre": 6, "designacao": 625817, "denominacao": "Espaço de Desenvolvimento Infantil Professora Daniele Simões de Souza Lopes", "latitude": -22.820559, "longitude": -43.35212, "tipo": "EDI"}}, {"type": "Feature", "id": 803, "geometry": {"type": "Point", "coordinates": [-43.37222600017253, -22.816733999130033]}, "properties": {"objectid": 803, "cre": 6, "designacao": 625818, "denominacao": "Espaço de Desenvolvimento Infantil Maria Eugenia Canelhas", "latitude": -22.816734, "longitude": -43.372226, "tipo": "EDI"}}, {"type": "Feature", "id": 804, "geometry": {"type": "Point", "coordinates": [-43.37704100031927, -22.819859999563068]}, "properties": {"objectid": 804, "cre": 6, "designacao": 625819, "denominacao": "Espaço de Desenvolvimento Infantil Professora Mariza Pimenta", "latitude": -22.819860000000002, "longitude": -43.377041000000006, "tipo": "EDI"}}, {"type": "Feature", "id": 805, "geometry": {"type": "Point", "coordinates": [-43.36713000009683, -22.810839999730103]}, "properties": {"objectid": 805, "cre": 6, "designacao": 625820, "denominacao": "EDI BETH CARVALHO", "latitude": -22.81084, "longitude": -43.36713, "tipo": "EDI"}}, {"type": "Feature", "id": 806, "geometry": {"type": "Point", "coordinates": [-43.4162500002906, -22.918830999762196]}, "properties": {"objectid": 806, "cre": 7, "designacao": 716001, "denominacao": "Escola Municipal Francis Hime", "latitude": -22.918831, "longitude": -43.416250000000005, "tipo": "Escola Municipal"}}, {"type": "Feature", "id": 807, "geometry": {"type": "Point", "coordinates": [-43.42179799978153, -22.914649999385578]}, "properties": {"objectid": 807, "cre": 7, "designacao": 716002, "denominacao": "Escola Municipal Luiz Camillo", "latitude": -22.91465, "longitude": -43.421798, "tipo": "Escola Municipal"}}, {"type": "Feature", "id": 808, "geometry": {"type": "Point", "coordinates": [-43.4084479998839, -22.963569999547776]}, "properties": {"objectid": 808, "cre": 7, "designacao": 716003, "denominacao": "Escola Municipal Jornalista Campos Ribeiro", "latitude": -22.96357, "longitude": -43.408448, "tipo": "Escola Municipal"}}, {"type": "Feature", "id": 809, "geometry": {"type": "Point", "coordinates": [-43.394499999868174, -22.933252999381942]}, "properties": {"objectid": 809, "cre": 7, "designacao": 716004, "denominacao": "Escola Municipal Juliano Moreira", "latitude": -22.933253, "longitude": -43.3945, "tipo": "Escola Municipal"}}, {"type": "Feature", "id": 810, "geometry": {"type": "Point", "coordinates": [-43.327544999752384, -22.972794999538262]}, "properties": {"objectid": 810, "cre": 7, "designacao": 716005, "denominacao": "Escola Municipal Adalgisa Monteiro", "latitude": -22.972795, "longitude": -43.327545, "tipo": "Escola Municipal"}}, {"type": "Feature", "id": 811, "geometry": {"type": "Point", "coordinates": [-43.41284599956226, -22.968916999583985]}, "properties": {"objectid": 811, "cre": 7, "designacao": 716006, "denominacao": "Escola Municipal Desembargador Ney Palmeiro", "latitude": -22.968917, "longitude": -43.412845999999995, "tipo": "Escola Municipal"}}, {"type": "Feature", "id": 812, "geometry": {"type": "Point", "coordinates": [-43.41011299970176, -22.971987999120124]}, "properties": {"objectid": 812, "cre": 7, "designacao": 716007, "denominacao": "Escola Municipal Finlândia", "latitude": -22.971988000000003, "longitude": -43.410113, "tipo": "Escola Municipal"}}, {"type": "Feature", "id": 813, "geometry": {"type": "Point", "coordinates": [-43.378171999539, -22.95166699891664]}, "properties": {"objectid": 813, "cre": 7, "designacao": 716008, "denominacao": "Escola Municipal Mano Décio da Viola", "latitude": -22.951667, "longitude": -43.378172000000006, "tipo": "Escola Municipal"}}, {"type": "Feature", "id": 814, "geometry": {"type": "Point", "coordinates": [-43.408197000362804, -22.920872999456158]}, "properties": {"objectid": 814, "cre": 7, "designacao": 716009, "denominacao": "Escola Municipal Denise Maria Torres", "latitude": -22.920873, "longitude": -43.408196999999994, "tipo": "Escola Municipal"}}, {"type": "Feature", "id": 815, "geometry": {"type": "Point", "coordinates": [-43.33318100040391, -22.952007999658527]}, "properties": {"objectid": 815, "cre": 7, "designacao": 716010, "denominacao": "Escola Municipal Maria Florinda Paiva da Cruz", "latitude": -22.952008000000003, "longitude": -43.333181, "tipo": "Escola Municipal"}}, {"type": "Feature", "id": 816, "geometry": {"type": "Point", "coordinates": [-43.34089599997198, -22.955799999550354]}, "properties": {"objectid": 816, "cre": 7, "designacao": 716011, "denominacao": "Escola Municipal Marechal Canrobert Pereira da Costa", "latitude": -22.9558, "longitude": -43.340896, "tipo": "Escola Municipal"}}, {"type": "Feature", "id": 817, "geometry": {"type": "Point", "coordinates": [-43.338593999969795, -22.963824999179515]}, "properties": {"objectid": 817, "cre": 7, "designacao": 716012, "denominacao": "Escola Municipal Victor Hugo", "latitude": -22.963825, "longitude": -43.338594, "tipo": "Escola Municipal"}}, {"type": "Feature", "id": 818, "geometry": {"type": "Point", "coordinates": [-43.34148199995955, -22.955592999274852]}, "properties": {"objectid": 818, "cre": 7, "designacao": 716013, "denominacao": "Escola Municipal Naturalista Augusto Ruschi", "latitude": -22.955593, "longitude": -43.341482, "tipo": "Escola Municipal"}}, {"type": "Feature", "id": 819, "geometry": {"type": "Point", "coordinates": [-43.35343700024309, -22.960719998956556]}, "properties": {"objectid": 819, "cre": 7, "designacao": 716014, "denominacao": "Escola Municipal Professora Helena Lopes Abranches", "latitude": -22.96072, "longitude": -43.353437, "tipo": "Escola Municipal"}}, {"type": "Feature", "id": 820, "geometry": {"type": "Point", "coordinates": [-43.342456999631644, -22.93860999952281]}, "properties": {"objectid": 820, "cre": 7, "designacao": 716025, "denominacao": "Escola Municipal Edgard Werneck", "latitude": -22.93861, "longitude": -43.342456999999996, "tipo": "Escola Municipal"}}, {"type": "Feature", "id": 821, "geometry": {"type": "Point", "coordinates": [-43.33896899991024, -22.942654998961746]}, "properties": {"objectid": 821, "cre": 7, "designacao": 716026, "denominacao": "Escola Municipal Menezes Cortes", "latitude": -22.942655, "longitude": -43.338969000000006, "tipo": "Escola Municipal"}}, {"type": "Feature", "id": 822, "geometry": {"type": "Point", "coordinates": [-43.34257899999198, -22.93816499907654]}, "properties": {"objectid": 822, "cre": 7, "designacao": 716027, "denominacao": "Escola Municipal 25 de Abril", "latitude": -22.938164999999998, "longitude": -43.342579, "tipo": "Escola Municipal"}}, {"type": "Feature", "id": 823, "geometry": {"type": "Point", "coordinates": [-43.347926000407185, -22.93884999936986]}, "properties": {"objectid": 823, "cre": 7, "designacao": 716028, "denominacao": "Escola Municipal Paroquial Nossa Senhora do Loreto", "latitude": -22.938850000000002, "longitude": -43.347926, "tipo": "Escola Municipal"}}, {"type": "Feature", "id": 824, "geometry": {"type": "Point", "coordinates": [-43.351129999877834, -22.932529999038348]}, "properties": {"objectid": 824, "cre": 7, "designacao": 716029, "denominacao": "Escola Municipal Virgilio Várzea", "latitude": -22.93253, "longitude": -43.351130000000005, "tipo": "Escola Municipal"}}, {"type": "Feature", "id": 825, "geometry": {"type": "Point", "coordinates": [-43.3603769998124, -22.941554999614524]}, "properties": {"objectid": 825, "cre": 7, "designacao": 716030, "denominacao": "Escola Municipal Dorcelina Gomes da Costa", "latitude": -22.941555, "longitude": -43.360377, "tipo": "Escola Municipal"}}, {"type": "Feature", "id": 826, "geometry": {"type": "Point", "coordinates": [-43.3545730003163, -22.923539999590165]}, "properties": {"objectid": 826, "cre": 7, "designacao": 716031, "denominacao": "Escola Municipal General João Mendonça Lima", "latitude": -22.92354, "longitude": -43.354573, "tipo": "Escola Municipal"}}, {"type": "Feature", "id": 827, "geometry": {"type": "Point", "coordinates": [-43.34963300032647, -22.949614999145087]}, "properties": {"objectid": 827, "cre": 7, "designacao": 716032, "denominacao": "Escola Municipal Compositor Luiz Gonzaga", "latitude": -22.949615, "longitude": -43.349633000000004, "tipo": "Escola Municipal"}}, {"type": "Feature", "id": 828, "geometry": {"type": "Point", "coordinates": [-43.32956100005728, -22.973199999586562]}, "properties": {"objectid": 828, "cre": 7, "designacao": 716033, "denominacao": "Escola Municipal Rio das Pedras", "latitude": -22.9732, "longitude": -43.329561000000005, "tipo": "Escola Municipal"}}, {"type": "Feature", "id": 829, "geometry": {"type": "Point", "coordinates": [-43.382957000163444, -22.958212999059544]}, "properties": {"objectid": 829, "cre": 7, "designacao": 716034, "denominacao": "Escola Municipal Alina de Britto", "latitude": -22.958213, "longitude": -43.382957, "tipo": "Escola Municipal"}}, {"type": "Feature", "id": 830, "geometry": {"type": "Point", "coordinates": [-43.39056800034118, -22.95055299961397]}, "properties": {"objectid": 830, "cre": 7, "designacao": 716035, "denominacao": "Escola Municipal Silveira Sampaio", "latitude": -22.950553000000003, "longitude": -43.390568, "tipo": "Escola Municipal"}}, {"type": "Feature", "id": 831, "geometry": {"type": "Point", "coordinates": [-43.38437399997518, -22.94376199945675]}, "properties": {"objectid": 831, "cre": 7, "designacao": 716036, "denominacao": "Escola Municipal Lincoln Bicalho Roque", "latitude": -22.943762, "longitude": -43.384374, "tipo": "Escola Municipal"}}, {"type": "Feature", "id": 832, "geometry": {"type": "Point", "coordinates": [-43.36355900040534, -22.9304729988796]}, "properties": {"objectid": 832, "cre": 7, "designacao": 716037, "denominacao": "Escola Municipal Julio Verne", "latitude": -22.930473, "longitude": -43.363559, "tipo": "Escola Municipal"}}, {"type": "Feature", "id": 833, "geometry": {"type": "Point", "coordinates": [-43.38371700011078, -22.92490099895139]}, "properties": {"objectid": 833, "cre": 7, "designacao": 716038, "denominacao": "Escola Municipal Pedro Américo", "latitude": -22.924901000000002, "longitude": -43.383717, "tipo": "Escola Municipal"}}, {"type": "Feature", "id": 834, "geometry": {"type": "Point", "coordinates": [-43.368383000022824, -22.93611499946424]}, "properties": {"objectid": 834, "cre": 7, "designacao": 716039, "denominacao": "Escola Municipal Vítor Meireles", "latitude": -22.936115, "longitude": -43.368382999999994, "tipo": "Escola Municipal"}}, {"type": "Feature", "id": 835, "geometry": {"type": "Point", "coordinates": [-43.38404500025793, -22.924441999760095]}, "properties": {"objectid": 835, "cre": 7, "designacao": 716040, "denominacao": "Escola Municipal Eunice Weaver", "latitude": -22.924442, "longitude": -43.384045, "tipo": "Escola Municipal"}}, {"type": "Feature", "id": 836, "geometry": {"type": "Point", "coordinates": [-43.37146999983113, -22.92234599945103]}, "properties": {"objectid": 836, "cre": 7, "designacao": 716041, "denominacao": "Escola Municipal Barão da Taquara", "latitude": -22.922346, "longitude": -43.37147, "tipo": "Escola Municipal"}}, {"type": "Feature", "id": 837, "geometry": {"type": "Point", "coordinates": [-43.38684999986348, -22.91732699921884]}, "properties": {"objectid": 837, "cre": 7, "designacao": 716042, "denominacao": "Escola Municipal Marechal Thaumaturgo de Azevedo", "latitude": -22.917327, "longitude": -43.38685, "tipo": "Escola Municipal"}}, {"type": "Feature", "id": 838, "geometry": {"type": "Point", "coordinates": [-43.39133200036792, -22.911686999516288]}, "properties": {"objectid": 838, "cre": 7, "designacao": 716043, "denominacao": "Escola Municipal Gastão Monteiro Moutinho", "latitude": -22.911687, "longitude": -43.391332, "tipo": "Escola Municipal"}}, {"type": "Feature", "id": 839, "geometry": {"type": "Point", "coordinates": [-43.3713910002613, -22.92274699890599]}, "properties": {"objectid": 839, "cre": 7, "designacao": 716044, "denominacao": "Escola Municipal Juan Montalvo", "latitude": -22.922746999999998, "longitude": -43.371390999999996, "tipo": "Escola Municipal"}}, {"type": "Feature", "id": 840, "geometry": {"type": "Point", "coordinates": [-43.386818000092866, -22.9176749991431]}, "properties": {"objectid": 840, "cre": 7, "designacao": 716045, "denominacao": "Escola Municipal General Carlos Caetano Miragaya", "latitude": -22.917675, "longitude": -43.386818, "tipo": "Escola Municipal"}}, {"type": "Feature", "id": 841, "geometry": {"type": "Point", "coordinates": [-43.3654710001248, -22.93188399976627]}, "properties": {"objectid": 841, "cre": 7, "designacao": 716046, "denominacao": "Escola Municipal Professora Felicidade de Moura Castro", "latitude": -22.931884, "longitude": -43.365471, "tipo": "Escola Municipal"}}, {"type": "Feature", "id": 842, "geometry": {"type": "Point", "coordinates": [-43.37235299953323, -22.929184999494325]}, "properties": {"objectid": 842, "cre": 7, "designacao": 716047, "denominacao": "Escola Municipal Governador Carlos Lacerda", "latitude": -22.929184999999997, "longitude": -43.372353000000004, "tipo": "Escola Municipal"}}, {"type": "Feature", "id": 843, "geometry": {"type": "Point", "coordinates": [-43.36972800043632, -22.93532799958011]}, "properties": {"objectid": 843, "cre": 7, "designacao": 716048, "denominacao": "Escola Municipal Nelson Rodrigues", "latitude": -22.935328000000002, "longitude": -43.369728, "tipo": "Escola Municipal"}}, {"type": "Feature", "id": 844, "geometry": {"type": "Point", "coordinates": [-43.36929700017619, -22.933508999312682]}, "properties": {"objectid": 844, "cre": 7, "designacao": 716049, "denominacao": "Escola Municipal Renato Leite", "latitude": -22.933508999999997, "longitude": -43.369296999999996, "tipo": "Escola Municipal"}}, {"type": "Feature", "id": 845, "geometry": {"type": "Point", "coordinates": [-43.364711000441204, -22.918016999762475]}, "properties": {"objectid": 845, "cre": 7, "designacao": 716051, "denominacao": "Escola Municipal Professor Augusto Cony", "latitude": -22.918017, "longitude": -43.364711, "tipo": "Escola Municipal"}}, {"type": "Feature", "id": 846, "geometry": {"type": "Point", "coordinates": [-43.38027900048065, -22.91382299932779]}, "properties": {"objectid": 846, "cre": 7, "designacao": 716052, "denominacao": "Escola Municipal Rosa do Povo", "latitude": -22.913822999999997, "longitude": -43.380279, "tipo": "Escola Municipal"}}, {"type": "Feature", "id": 847, "geometry": {"type": "Point", "coordinates": [-43.364401999792676, -22.937438999233382]}, "properties": {"objectid": 847, "cre": 7, "designacao": 716053, "denominacao": "Escola Municipal Professora Dyla Sylvia de Sá", "latitude": -22.937439, "longitude": -43.364402000000005, "tipo": "Escola Municipal"}}, {"type": "Feature", "id": 848, "geometry": {"type": "Point", "coordinates": [-43.362175000355265, -22.92298199929774]}, "properties": {"objectid": 848, "cre": 7, "designacao": 716054, "denominacao": "Escola Municipal Pio X", "latitude": -22.922981999999998, "longitude": -43.362175, "tipo": "Escola Municipal"}}, {"type": "Feature", "id": 849, "geometry": {"type": "Point", "coordinates": [-43.3719500002837, -22.91350299950394]}, "properties": {"objectid": 849, "cre": 7, "designacao": 716055, "denominacao": "Escola Municipal Maestro Lorenzo Fernandes", "latitude": -22.913503, "longitude": -43.37195, "tipo": "Escola Municipal"}}, {"type": "Feature", "id": 850, "geometry": {"type": "Point", "coordinates": [-43.371682999718495, -22.913200999700276]}, "properties": {"objectid": 850, "cre": 7, "designacao": 716056, "denominacao": "Escola Municipal Noel Nutels", "latitude": -22.913201, "longitude": -43.371683, "tipo": "Escola Municipal"}}, {"type": "Feature", "id": 851, "geometry": {"type": "Point", "coordinates": [-43.36027100041725, -22.9190889992393]}, "properties": {"objectid": 851, "cre": 7, "designacao": 716057, "denominacao": "Escola Municipal Embaixador Dias Carneiro", "latitude": -22.919089, "longitude": -43.360271, "tipo": "Escola Municipal"}}, {"type": "Feature", "id": 852, "geometry": {"type": "Point", "coordinates": [-43.35266699954752, -22.896930998967918]}, "properties": {"objectid": 852, "cre": 7, "designacao": 716059, "denominacao": "Escola Municipal Honduras", "latitude": -22.896931, "longitude": -43.352667000000004, "tipo": "Escola Municipal"}}, {"type": "Feature", "id": 853, "geometry": {"type": "Point", "coordinates": [-43.35198299978306, -22.89845999911221]}, "properties": {"objectid": 853, "cre": 7, "designacao": 716060, "denominacao": "Escola Municipal Dom Armando Lombardy", "latitude": -22.89846, "longitude": -43.351983, "tipo": "Escola Municipal"}}, {"type": "Feature", "id": 854, "geometry": {"type": "Point", "coordinates": [-43.346681000428084, -22.903197999654274]}, "properties": {"objectid": 854, "cre": 7, "designacao": 716061, "denominacao": "Escola Municipal Morvan de Figueiredo", "latitude": -22.903198, "longitude": -43.346681000000004, "tipo": "Escola Municipal"}}, {"type": "Feature", "id": 855, "geometry": {"type": "Point", "coordinates": [-43.355004000172556, -22.890466999500262]}, "properties": {"objectid": 855, "cre": 7, "designacao": 716062, "denominacao": "Escola Municipal José Joaquim de Queiroz Junior", "latitude": -22.890467, "longitude": -43.355003999999994, "tipo": "Escola Municipal"}}, {"type": "Feature", "id": 856, "geometry": {"type": "Point", "coordinates": [-43.354074999664576, -22.897146999258457]}, "properties": {"objectid": 856, "cre": 7, "designacao": 716063, "denominacao": "Escola Municipal Sobral Pinto", "latitude": -22.897147, "longitude": -43.354075, "tipo": "Escola Municipal"}}, {"type": "Feature", "id": 857, "geometry": {"type": "Point", "coordinates": [-43.36687600022152, -22.88007499970103]}, "properties": {"objectid": 857, "cre": 7, "designacao": 716065, "denominacao": "Escola Municipal Carlos de Laet", "latitude": -22.880074999999998, "longitude": -43.366876, "tipo": "Escola Municipal"}}, {"type": "Feature", "id": 858, "geometry": {"type": "Point", "coordinates": [-43.36723000006192, -22.88683799938186]}, "properties": {"objectid": 858, "cre": 7, "designacao": 716066, "denominacao": "Escola Municipal José Enrique Rodó", "latitude": -22.886838, "longitude": -43.36723, "tipo": "Escola Municipal"}}, {"type": "Feature", "id": 859, "geometry": {"type": "Point", "coordinates": [-43.368247000467676, -22.881999999689324]}, "properties": {"objectid": 859, "cre": 7, "designacao": 716067, "denominacao": "Escola Municipal Cândido Campos", "latitude": -22.882, "longitude": -43.368247000000004, "tipo": "Escola Municipal"}}, {"type": "Feature", "id": 860, "geometry": {"type": "Point", "coordinates": [-43.36680400020621, -22.89532699965305]}, "properties": {"objectid": 860, "cre": 7, "designacao": 716068, "denominacao": "Escola Municipal Maria da Silva França", "latitude": -22.895326999999998, "longitude": -43.366803999999995, "tipo": "Escola Municipal"}}, {"type": "Feature", "id": 861, "geometry": {"type": "Point", "coordinates": [-43.32861999957654, -22.975676999523067]}, "properties": {"objectid": 861, "cre": 7, "designacao": 716069, "denominacao": "Escola Municipal Jorge Amado", "latitude": -22.975677, "longitude": -43.32862, "tipo": "Escola Municipal"}}, {"type": "Feature", "id": 862, "geometry": {"type": "Point", "coordinates": [-43.33537499981947, -22.94369099922736]}, "properties": {"objectid": 862, "cre": 7, "designacao": 716070, "denominacao": "Escola Especial Municipal Professora Maria Therezinha de Carvalho Machado", "latitude": -22.943691, "longitude": -43.335375, "tipo": "Escola Especial Municipal"}}, {"type": "Feature", "id": 863, "geometry": {"type": "Point", "coordinates": [-43.34667500011381, -22.95302899977161]}, "properties": {"objectid": 863, "cre": 7, "designacao": 716071, "denominacao": "Escola Municipal Poeta Mário Quintana", "latitude": -22.953029, "longitude": -43.346675000000005, "tipo": "Escola Municipal"}}, {"type": "Feature", "id": 864, "geometry": {"type": "Point", "coordinates": [-43.37679900043438, -22.95320299920499]}, "properties": {"objectid": 864, "cre": 7, "designacao": 716072, "denominacao": "Escola Municipal Madre Tereza de Calcutá", "latitude": -22.953203, "longitude": -43.376799, "tipo": "Escola Municipal"}}, {"type": "Feature", "id": 865, "geometry": {"type": "Point", "coordinates": [-43.38986800035858, -22.968622999524833]}, "properties": {"objectid": 865, "cre": 7, "designacao": 716073, "denominacao": "Escola Municipal Roberto Burle Marx", "latitude": -22.968622999999997, "longitude": -43.389868, "tipo": "Escola Municipal"}}, {"type": "Feature", "id": 866, "geometry": {"type": "Point", "coordinates": [-43.3291559996352, -22.97335499938039]}, "properties": {"objectid": 866, "cre": 7, "designacao": 716075, "denominacao": "Escola Municipal Claudio Besserman Vianna", "latitude": -22.973355, "longitude": -43.329156, "tipo": "Escola Municipal"}}, {"type": "Feature", "id": 867, "geometry": {"type": "Point", "coordinates": [-43.33641700032453, -22.958028999629793]}, "properties": {"objectid": 867, "cre": 7, "designacao": 716076, "denominacao": "Escola Municipal Octavio Frias de Oliveira", "latitude": -22.958029, "longitude": -43.336417, "tipo": "Escola Municipal"}}, {"type": "Feature", "id": 868, "geometry": {"type": "Point", "coordinates": [-43.33500999978392, -22.973091999392857]}, "properties": {"objectid": 868, "cre": 7, "designacao": 716077, "denominacao": "Escola Municipal Professora Marisa Vargas Menezes", "latitude": -22.973091999999998, "longitude": -43.335010000000004, "tipo": "Escola Municipal"}}, {"type": "Feature", "id": 869, "geometry": {"type": "Point", "coordinates": [-43.35744300007504, -22.900643999471306]}, "properties": {"objectid": 869, "cre": 7, "designacao": 716078, "denominacao": "Escola Municipal Domingos Paschoal Cegalla", "latitude": -22.900644, "longitude": -43.357442999999996, "tipo": "Escola Municipal"}}, {"type": "Feature", "id": 870, "geometry": {"type": "Point", "coordinates": [-43.34673900006338, -22.954308999182913]}, "properties": {"objectid": 870, "cre": 7, "designacao": 716079, "denominacao": "Escola Municipal Primário Azerbaijão", "latitude": -22.954309, "longitude": -43.346739, "tipo": "Escola Municipal"}}, {"type": "Feature", "id": 871, "geometry": {"type": "Point", "coordinates": [-43.34402600040981, -22.96284899967716]}, "properties": {"objectid": 871, "cre": 7, "designacao": 716080, "denominacao": "Escola Municipal Ginásio Aleksander Henryk Laks", "latitude": -22.962849000000002, "longitude": -43.344026, "tipo": "Escola Municipal"}}, {"type": "Feature", "id": 872, "geometry": {"type": "Point", "coordinates": [-43.428510999530516, -22.884577999081312]}, "properties": {"objectid": 872, "cre": 7, "designacao": 716081, "denominacao": "Escola Municipal Primário Vereador Átila Nunes", "latitude": -22.884577999999998, "longitude": -43.428511, "tipo": "Escola Municipal"}}, {"type": "Feature", "id": 873, "geometry": {"type": "Point", "coordinates": [-43.33513900007433, -22.973095999614603]}, "properties": {"objectid": 873, "cre": 7, "designacao": 716203, "denominacao": "Ciep Professor Lauro de Oliveira Lima", "latitude": -22.973095999999998, "longitude": -43.335139, "tipo": "CIEP"}}, {"type": "Feature", "id": 874, "geometry": {"type": "Point", "coordinates": [-43.32892499966047, -22.97543299899272]}, "properties": {"objectid": 874, "cre": 7, "designacao": 716204, "denominacao": "Ciep Governador Roberto da Silveira", "latitude": -22.975433, "longitude": -43.328925, "tipo": "CIEP"}}, {"type": "Feature", "id": 875, "geometry": {"type": "Point", "coordinates": [-43.38279300028075, -22.953839998897372]}, "properties": {"objectid": 875, "cre": 7, "designacao": 716205, "denominacao": "Ciep Rubens Paiva", "latitude": -22.95384, "longitude": -43.382793, "tipo": "CIEP"}}, {"type": "Feature", "id": 876, "geometry": {"type": "Point", "coordinates": [-43.387881000248385, -22.92687999946268]}, "properties": {"objectid": 876, "cre": 7, "designacao": 716207, "denominacao": "Ciep Pablo Neruda", "latitude": -22.92688, "longitude": -43.387881, "tipo": "CIEP"}}, {"type": "Feature", "id": 877, "geometry": {"type": "Point", "coordinates": [-43.37783799983985, -22.94525899891441]}, "properties": {"objectid": 877, "cre": 7, "designacao": 716210, "denominacao": "Ciep Dr. Joaquim Pimenta", "latitude": -22.945259, "longitude": -43.377838000000004, "tipo": "CIEP"}}, {"type": "Feature", "id": 878, "geometry": {"type": "Point", "coordinates": [-43.402803999929176, -22.915548999384335]}, "properties": {"objectid": 878, "cre": 7, "designacao": 716211, "denominacao": "Ciep Compositor Donga", "latitude": -22.915549000000002, "longitude": -43.402803999999996, "tipo": "CIEP"}}, {"type": "Feature", "id": 879, "geometry": {"type": "Point", "coordinates": [-43.357066000441726, -22.90669199974119]}, "properties": {"objectid": 879, "cre": 7, "designacao": 716501, "denominacao": "Ciep Carlos Drumond de Andrade", "latitude": -22.906692, "longitude": -43.357065999999996, "tipo": "CIEP"}}, {"type": "Feature", "id": 880, "geometry": {"type": "Point", "coordinates": [-43.372440999937474, -22.88511999908773]}, "properties": {"objectid": 880, "cre": 7, "designacao": 716502, "denominacao": "Ciep Almir Bonfim de Andrade", "latitude": -22.88512, "longitude": -43.372441, "tipo": "CIEP"}}, {"type": "Feature", "id": 881, "geometry": {"type": "Point", "coordinates": [-43.34630000002536, -22.88956299903887]}, "properties": {"objectid": 881, "cre": 7, "designacao": 716503, "denominacao": "Ciep Dr. Adelino da Palma Carlos", "latitude": -22.889563000000003, "longitude": -43.3463, "tipo": "CIEP"}}, {"type": "Feature", "id": 882, "geometry": {"type": "Point", "coordinates": [-43.331014999535505, -22.9749339992685]}, "properties": {"objectid": 882, "cre": 7, "designacao": 716601, "denominacao": "Creche Municipal Otávio Henrique de Oliveira", "latitude": -22.974934, "longitude": -43.331015, "tipo": "Creche Municipal"}}, {"type": "Feature", "id": 883, "geometry": {"type": "Point", "coordinates": [-43.37142100039257, -22.910161999575806]}, "properties": {"objectid": 883, "cre": 7, "designacao": 716602, "denominacao": "Creche Municipal Tia Tereza", "latitude": -22.910162, "longitude": -43.371421, "tipo": "Creche Municipal"}}, {"type": "Feature", "id": 884, "geometry": {"type": "Point", "coordinates": [-43.384456000023434, -22.944253999547342]}, "properties": {"objectid": 884, "cre": 7, "designacao": 716603, "denominacao": "Creche Municipal Criança do Futuro", "latitude": -22.944253999999997, "longitude": -43.384456, "tipo": "Creche Municipal"}}, {"type": "Feature", "id": 885, "geometry": {"type": "Point", "coordinates": [-43.352684999725064, -22.960453998963573]}, "properties": {"objectid": 885, "cre": 7, "designacao": 716604, "denominacao": "Creche Municipal Germinio de Souza Estrela", "latitude": -22.960454, "longitude": -43.352685, "tipo": "Creche Municipal"}}, {"type": "Feature", "id": 886, "geometry": {"type": "Point", "coordinates": [-43.35206300003343, -22.94313599967183]}, "properties": {"objectid": 886, "cre": 7, "designacao": 716605, "denominacao": "Creche Municipal Sempre Vida Nise da Silveira", "latitude": -22.943136000000003, "longitude": -43.352062999999994, "tipo": "Creche Municipal"}}, {"type": "Feature", "id": 887, "geometry": {"type": "Point", "coordinates": [-43.37441200045761, -22.947958999672327]}, "properties": {"objectid": 887, "cre": 7, "designacao": 716606, "denominacao": "Creche Municipal Amiguinhos da Vila Sapê", "latitude": -22.947959, "longitude": -43.374412, "tipo": "Creche Municipal"}}, {"type": "Feature", "id": 888, "geometry": {"type": "Point", "coordinates": [-43.353033000365095, -22.90755499929349]}, "properties": {"objectid": 888, "cre": 7, "designacao": 716607, "denominacao": "Creche Municipal Emília Joana da Fonseca Marques", "latitude": -22.907555, "longitude": -43.353033, "tipo": "Creche Municipal"}}, {"type": "Feature", "id": 889, "geometry": {"type": "Point", "coordinates": [-43.36246599981117, -22.90093499916035]}, "properties": {"objectid": 889, "cre": 7, "designacao": 716608, "denominacao": "Creche Municipal Irmã Dulce", "latitude": -22.900935, "longitude": -43.362466, "tipo": "Creche Municipal"}}, {"type": "Feature", "id": 890, "geometry": {"type": "Point", "coordinates": [-43.33492799989673, -22.972271999436504]}, "properties": {"objectid": 890, "cre": 7, "designacao": 716609, "denominacao": "Creche Municipal Rio Novo - Rio das Flores", "latitude": -22.972272, "longitude": -43.334928, "tipo": "Creche Municipal"}}, {"type": "Feature", "id": 891, "geometry": {"type": "Point", "coordinates": [-43.41006900026045, -22.918417999610618]}, "properties": {"objectid": 891, "cre": 7, "designacao": 716610, "denominacao": "Creche Municipal Tia Malu", "latitude": -22.918418, "longitude": -43.410069, "tipo": "Creche Municipal"}}, {"type": "Feature", "id": 892, "geometry": {"type": "Point", "coordinates": [-43.372317999726285, -22.884512999536646]}, "properties": {"objectid": 892, "cre": 7, "designacao": 716611, "denominacao": "Creche Municipal Vitorino Freire", "latitude": -22.884513, "longitude": -43.372318, "tipo": "Creche Municipal"}}, {"type": "Feature", "id": 893, "geometry": {"type": "Point", "coordinates": [-43.4205879996136, -22.915652999607733]}, "properties": {"objectid": 893, "cre": 7, "designacao": 716612, "denominacao": "Creche Municipal Tia Auta", "latitude": -22.915653000000002, "longitude": -43.420587999999995, "tipo": "Creche Municipal"}}, {"type": "Feature", "id": 894, "geometry": {"type": "Point", "coordinates": [-43.38947799972709, -22.96856599967004]}, "properties": {"objectid": 894, "cre": 7, "designacao": 716613, "denominacao": "Creche Municipal Maria da Conceição Silveira de Carvalho", "latitude": -22.968566, "longitude": -43.389478000000004, "tipo": "Creche Municipal"}}, {"type": "Feature", "id": 895, "geometry": {"type": "Point", "coordinates": [-43.390376999971856, -22.955266999130785]}, "properties": {"objectid": 895, "cre": 7, "designacao": 716614, "denominacao": "Creche Municipal Augusto de Carvalho Torres Filho", "latitude": -22.955267000000003, "longitude": -43.390377, "tipo": "Creche Municipal"}}, {"type": "Feature", "id": 896, "geometry": {"type": "Point", "coordinates": [-43.39141800020429, -22.94101599890606]}, "properties": {"objectid": 896, "cre": 7, "designacao": 716801, "denominacao": "Espaço de Desenvolvimento Infantil Doutora Zilda Arns", "latitude": -22.941015999999998, "longitude": -43.391417999999994, "tipo": "EDI"}}, {"type": "Feature", "id": 897, "geometry": {"type": "Point", "coordinates": [-43.39037599959396, -22.937249999433327]}, "properties": {"objectid": 897, "cre": 7, "designacao": 716802, "denominacao": "Espaço de Desenvolvimento Infantil Arthur Bispo do Rosário", "latitude": -22.937250000000002, "longitude": -43.390376, "tipo": "EDI"}}, {"type": "Feature", "id": 898, "geometry": {"type": "Point", "coordinates": [-43.33143199963962, -22.957615998969732]}, "properties": {"objectid": 898, "cre": 7, "designacao": 716803, "denominacao": "Espaço de Desenvolvimento Infantil Compositor Roberto Ribeiro", "latitude": -22.957615999999998, "longitude": -43.331432, "tipo": "EDI"}}, {"type": "Feature", "id": 899, "geometry": {"type": "Point", "coordinates": [-43.3786259995597, -22.94565899949956]}, "properties": {"objectid": 899, "cre": 7, "designacao": 716804, "denominacao": "Espaço de Desenvolvimento Infantil Rodrigo Lopes da Silva - Tikinho", "latitude": -22.945659, "longitude": -43.378626, "tipo": "EDI"}}, {"type": "Feature", "id": 900, "geometry": {"type": "Point", "coordinates": [-43.332263999766354, -22.97749299916358]}, "properties": {"objectid": 900, "cre": 7, "designacao": 716805, "denominacao": "Espaço de Desenvolvimento Infantil Anna Maria Niemeyer", "latitude": -22.977493, "longitude": -43.332264, "tipo": "EDI"}}, {"type": "Feature", "id": 901, "geometry": {"type": "Point", "coordinates": [-43.419526000459676, -22.912041998936154]}, "properties": {"objectid": 901, "cre": 7, "designacao": 716806, "denominacao": "Espaço de Desenvolvimento Infantil Professora Edília Coelho Garcia", "latitude": -22.912042, "longitude": -43.419526, "tipo": "EDI"}}, {"type": "Feature", "id": 902, "geometry": {"type": "Point", "coordinates": [-43.392305999597404, -22.95486799917495]}, "properties": {"objectid": 902, "cre": 7, "designacao": 716807, "denominacao": "Espaço de Desenvolvimento Infantil Leila Diniz", "latitude": -22.954867999999998, "longitude": -43.392306, "tipo": "EDI"}}, {"type": "Feature", "id": 903, "geometry": {"type": "Point", "coordinates": [-43.351378000431545, -22.958905999220352]}, "properties": {"objectid": 903, "cre": 7, "designacao": 716808, "denominacao": "Espaço de Desenvolvimento Infantil Professora Maria Berenice Parente", "latitude": -22.958906, "longitude": -43.351378000000004, "tipo": "EDI"}}, {"type": "Feature", "id": 904, "geometry": {"type": "Point", "coordinates": [-43.34563000029713, -22.90453799940398]}, "properties": {"objectid": 904, "cre": 7, "designacao": 716809, "denominacao": "Espaço de Desenvolvimento Infantil Professor Roberto Luiz Pereira", "latitude": -22.904538, "longitude": -43.34563, "tipo": "EDI"}}, {"type": "Feature", "id": 905, "geometry": {"type": "Point", "coordinates": [-43.354767000396784, -22.901770999033964]}, "properties": {"objectid": 905, "cre": 7, "designacao": 716810, "denominacao": "Espaço de Desenvolvimento Infantil Eu Sou", "latitude": -22.901771, "longitude": -43.354767, "tipo": "EDI"}}, {"type": "Feature", "id": 906, "geometry": {"type": "Point", "coordinates": [-43.3631760003052, -22.927398999456777]}, "properties": {"objectid": 906, "cre": 7, "designacao": 716811, "denominacao": "Espaço de Desenvolvimento Infantil Cidade de Lídice", "latitude": -22.927398999999998, "longitude": -43.363176, "tipo": "EDI"}}, {"type": "Feature", "id": 907, "geometry": {"type": "Point", "coordinates": [-43.325333999832054, -22.97626099966088]}, "properties": {"objectid": 907, "cre": 7, "designacao": 716812, "denominacao": "Espaço de Desenvolvimento Infantil Escritora Clarice Lispector", "latitude": -22.976260999999997, "longitude": -43.325334, "tipo": "EDI"}}, {"type": "Feature", "id": 908, "geometry": {"type": "Point", "coordinates": [-43.413066000465406, -22.964856999430054]}, "properties": {"objectid": 908, "cre": 7, "designacao": 716813, "denominacao": "Espaço de Desenvolvimento Infantil Professora Kenia Mendes dos Santos Machado", "latitude": -22.964857000000002, "longitude": -43.41306599999999, "tipo": "EDI"}}, {"type": "Feature", "id": 909, "geometry": {"type": "Point", "coordinates": [-43.33109899997573, -22.97418799928444]}, "properties": {"objectid": 909, "cre": 7, "designacao": 716814, "denominacao": "Espaço de Desenvolvimento Infantil Professora Emilia Maria Vieira de Oliveira", "latitude": -22.974188, "longitude": -43.331099, "tipo": "EDI"}}, {"type": "Feature", "id": 910, "geometry": {"type": "Point", "coordinates": [-43.34986099981599, -22.890917999057603]}, "properties": {"objectid": 910, "cre": 7, "designacao": 716815, "denominacao": "Espaço de Desenvolvimento Infantil Evaristo da Veiga", "latitude": -22.890918, "longitude": -43.349861000000004, "tipo": "EDI"}}, {"type": "Feature", "id": 911, "geometry": {"type": "Point", "coordinates": [-43.36735899973079, -22.879868999374857]}, "properties": {"objectid": 911, "cre": 7, "designacao": 716816, "denominacao": "Espaço de Desenvolvimento Infantil Debret", "latitude": -22.879869, "longitude": -43.367359, "tipo": "EDI"}}, {"type": "Feature", "id": 912, "geometry": {"type": "Point", "coordinates": [-43.35047000031731, -22.957609999332778]}, "properties": {"objectid": 912, "cre": 7, "designacao": 716818, "denominacao": "Espaço de Desenvolvimento Infantil Professora Claudia Pires Contino", "latitude": -22.95761, "longitude": -43.35047, "tipo": "EDI"}}, {"type": "Feature", "id": 913, "geometry": {"type": "Point", "coordinates": [-43.34376900032672, -22.962259999249703]}, "properties": {"objectid": 913, "cre": 7, "designacao": 716819, "denominacao": "Espaço de Desenvolvimento Infantil Professora Norma Andrade Nogueira", "latitude": -22.96226, "longitude": -43.343769, "tipo": "EDI"}}, {"type": "Feature", "id": 914, "geometry": {"type": "Point", "coordinates": [-43.382778999718326, -22.95443199933847]}, "properties": {"objectid": 914, "cre": 7, "designacao": 716820, "denominacao": "Espaço de Desenvolvimento Infantil Medalhista Olímpica Agatha Bednarczuk Rippel", "latitude": -22.954432, "longitude": -43.382779, "tipo": "EDI"}}, {"type": "Feature", "id": 915, "geometry": {"type": "Point", "coordinates": [-43.38469200015757, -22.933394999718224]}, "properties": {"objectid": 915, "cre": 7, "designacao": 716821, "denominacao": "Espaço de Desenvolvimento Infantil Medalhista Paralímpico Felipe de Souza Gomes", "latitude": -22.933395, "longitude": -43.384692, "tipo": "EDI"}}, {"type": "Feature", "id": 916, "geometry": {"type": "Point", "coordinates": [-43.34318600034995, -22.966021999542463]}, "properties": {"objectid": 916, "cre": 7, "designacao": 716822, "denominacao": "Espaço de Desenvolvimento Infantil Marcelo Parente", "latitude": -22.966022000000002, "longitude": -43.343186, "tipo": "EDI"}}, {"type": "Feature", "id": 917, "geometry": {"type": "Point", "coordinates": [-43.39123299953133, -22.952746999697723]}, "properties": {"objectid": 917, "cre": 7, "designacao": 716823, "denominacao": "Espaço de Desenvolvimento Infantil Professor Eitel Seixas", "latitude": -22.952747, "longitude": -43.391233, "tipo": "EDI"}}, {"type": "Feature", "id": 918, "geometry": {"type": "Point", "coordinates": [-43.3111349997701, -22.987391998974083]}, "properties": {"objectid": 918, "cre": 7, "designacao": 724001, "denominacao": "Escola Municipal Lopes Trovão", "latitude": -22.987392, "longitude": -43.311135, "tipo": "Escola Municipal"}}, {"type": "Feature", "id": 919, "geometry": {"type": "Point", "coordinates": [-43.302767000032254, -23.01304399889451]}, "properties": {"objectid": 919, "cre": 7, "designacao": 724002, "denominacao": "Escola Municipal Almeida Garret", "latitude": -23.013044, "longitude": -43.302767, "tipo": "Escola Municipal"}}, {"type": "Feature", "id": 920, "geometry": {"type": "Point", "coordinates": [-43.29960600034165, -23.008142999224614]}, "properties": {"objectid": 920, "cre": 7, "designacao": 724003, "denominacao": "Escola Municipal Jackson de Figueiredo", "latitude": -23.008143, "longitude": -43.299606, "tipo": "Escola Municipal"}}, {"type": "Feature", "id": 921, "geometry": {"type": "Point", "coordinates": [-43.302700999872, -23.012525999500692]}, "properties": {"objectid": 921, "cre": 7, "designacao": 724004, "denominacao": "Escola Municipal Rodrigues Alves", "latitude": -23.012525999999998, "longitude": -43.302701, "tipo": "Escola Municipal"}}, {"type": "Feature", "id": 922, "geometry": {"type": "Point", "coordinates": [-43.34072899967601, -23.00320799927761]}, "properties": {"objectid": 922, "cre": 7, "designacao": 724005, "denominacao": "Escola Municipal República da Colômbia", "latitude": -23.003208, "longitude": -43.340728999999996, "tipo": "Escola Municipal"}}, {"type": "Feature", "id": 923, "geometry": {"type": "Point", "coordinates": [-43.38329000019914, -23.00315299893507]}, "properties": {"objectid": 923, "cre": 7, "designacao": 724006, "denominacao": "Escola Municipal Professor Albert Einstein", "latitude": -23.003153, "longitude": -43.38329, "tipo": "Escola Municipal"}}, {"type": "Feature", "id": 924, "geometry": {"type": "Point", "coordinates": [-43.32786000010574, -23.01088599975065]}, "properties": {"objectid": 924, "cre": 7, "designacao": 724007, "denominacao": "Escola Municipal Golda Meir", "latitude": -23.010886, "longitude": -43.32786, "tipo": "Escola Municipal"}}, {"type": "Feature", "id": 925, "geometry": {"type": "Point", "coordinates": [-43.3211779998594, -23.009497999009973]}, "properties": {"objectid": 925, "cre": 7, "designacao": 724008, "denominacao": "Escola Municipal Dom Pedro I", "latitude": -23.009498, "longitude": -43.321178, "tipo": "Escola Municipal"}}, {"type": "Feature", "id": 926, "geometry": {"type": "Point", "coordinates": [-43.42778799951778, -23.007991999345894]}, "properties": {"objectid": 926, "cre": 7, "designacao": 724009, "denominacao": "Escola Municipal Professora Margarida Glória de Faria", "latitude": -23.007991999999998, "longitude": -43.427788, "tipo": "Escola Municipal"}}, {"type": "Feature", "id": 927, "geometry": {"type": "Point", "coordinates": [-43.42791899996172, -23.007587998891882]}, "properties": {"objectid": 927, "cre": 7, "designacao": 724010, "denominacao": "Escola Municipal Frederico Trotta", "latitude": -23.007588000000002, "longitude": -43.427919, "tipo": "Escola Municipal"}}, {"type": "Feature", "id": 928, "geometry": {"type": "Point", "coordinates": [-43.42989100030281, -23.008306999461606]}, "properties": {"objectid": 928, "cre": 7, "designacao": 724011, "denominacao": "Escola Municipal Vice Almirante Alvaro Alberto da Motta e Silva", "latitude": -23.008307, "longitude": -43.429891, "tipo": "Escola Municipal"}}, {"type": "Feature", "id": 929, "geometry": {"type": "Point", "coordinates": [-43.369849000072016, -23.0092499993051]}, "properties": {"objectid": 929, "cre": 7, "designacao": 724013, "denominacao": "Escola Municipal Professora Zuleika Nunes de Alencar", "latitude": -23.00925, "longitude": -43.369848999999995, "tipo": "Escola Municipal"}}, {"type": "Feature", "id": 930, "geometry": {"type": "Point", "coordinates": [-43.368623000240426, -23.009205999138786]}, "properties": {"objectid": 930, "cre": 7, "designacao": 724014, "denominacao": "Escola Municipal Professora Didia Machado Fortes", "latitude": -23.009206, "longitude": -43.368623, "tipo": "Escola Municipal"}}, {"type": "Feature", "id": 931, "geometry": {"type": "Point", "coordinates": [-43.34709799991736, -23.005163999741498]}, "properties": {"objectid": 931, "cre": 7, "designacao": 724015, "denominacao": "Escola Municipal Sérgio Buarque de Holanda", "latitude": -23.005163999999997, "longitude": -43.347098, "tipo": "Escola Municipal"}}, {"type": "Feature", "id": 932, "geometry": {"type": "Point", "coordinates": [-43.41360700010384, -22.972333998923375]}, "properties": {"objectid": 932, "cre": 7, "designacao": 724016, "denominacao": "Escola Municipal Hemetério dos Santos", "latitude": -22.972334, "longitude": -43.413607, "tipo": "Escola Municipal"}}, {"type": "Feature", "id": 933, "geometry": {"type": "Point", "coordinates": [-43.46227700014428, -22.983602998985607]}, "properties": {"objectid": 933, "cre": 7, "designacao": 724017, "denominacao": "Escola Municipal Professor Olegário Domingues", "latitude": -22.983603, "longitude": -43.462277, "tipo": "Escola Municipal"}}, {"type": "Feature", "id": 934, "geometry": {"type": "Point", "coordinates": [-43.46119400037071, -22.981643998877633]}, "properties": {"objectid": 934, "cre": 7, "designacao": 724018, "denominacao": "Escola Municipal São Sebastião", "latitude": -22.981644, "longitude": -43.461194, "tipo": "Escola Municipal"}}, {"type": "Feature", "id": 935, "geometry": {"type": "Point", "coordinates": [-43.49163900029869, -22.981725999771644]}, "properties": {"objectid": 935, "cre": 7, "designacao": 724019, "denominacao": "Escola Municipal Professor Teófilo Moreira da Costa", "latitude": -22.981726, "longitude": -43.491639, "tipo": "Escola Municipal"}}, {"type": "Feature", "id": 936, "geometry": {"type": "Point", "coordinates": [-43.509892000375444, -22.98452099955576]}, "properties": {"objectid": 936, "cre": 7, "designacao": 724020, "denominacao": "Escola Municipal Engenheiro Álvaro Sodré", "latitude": -22.984521, "longitude": -43.509892, "tipo": "Escola Municipal"}}, {"type": "Feature", "id": 937, "geometry": {"type": "Point", "coordinates": [-43.49033700014064, -22.975716999074876]}, "properties": {"objectid": 937, "cre": 7, "designacao": 724021, "denominacao": "Escola Municipal Pérola Byington", "latitude": -22.975717, "longitude": -43.490337, "tipo": "Escola Municipal"}}, {"type": "Feature", "id": 938, "geometry": {"type": "Point", "coordinates": [-43.49715799959778, -22.98329399954484]}, "properties": {"objectid": 938, "cre": 7, "designacao": 724022, "denominacao": "Escola Municipal Comunidade de Vargem Grande", "latitude": -22.983294, "longitude": -43.497158000000006, "tipo": "Escola Municipal"}}, {"type": "Feature", "id": 939, "geometry": {"type": "Point", "coordinates": [-43.52133500030012, -23.0265849993471]}, "properties": {"objectid": 939, "cre": 7, "designacao": 724023, "denominacao": "Escola Municipal Professor Jurandir Paes Leme", "latitude": -23.026584999999997, "longitude": -43.52133499999999, "tipo": "Escola Municipal"}}, {"type": "Feature", "id": 940, "geometry": {"type": "Point", "coordinates": [-43.4803060001442, -23.019775999510863]}, "properties": {"objectid": 940, "cre": 7, "designacao": 724024, "denominacao": "Escola Municipal Professor Carlos Delgado de Carvalho", "latitude": -23.019776, "longitude": -43.480306, "tipo": "Escola Municipal"}}, {"type": "Feature", "id": 941, "geometry": {"type": "Point", "coordinates": [-43.43336899964724, -22.989806999151057]}, "properties": {"objectid": 941, "cre": 7, "designacao": 724026, "denominacao": "Escola Municipal Embaixador Ítalo Zappa", "latitude": -22.989807, "longitude": -43.433369000000006, "tipo": "Escola Municipal"}}, {"type": "Feature", "id": 942, "geometry": {"type": "Point", "coordinates": [-43.307636999649375, -22.98686699972598]}, "properties": {"objectid": 942, "cre": 7, "designacao": 724027, "denominacao": "Escola Municipal Maria Clara Machado", "latitude": -22.986867, "longitude": -43.307637, "tipo": "Escola Municipal"}}, {"type": "Feature", "id": 943, "geometry": {"type": "Point", "coordinates": [-43.49305099990993, -23.001075998987176]}, "properties": {"objectid": 943, "cre": 7, "designacao": 724028, "denominacao": "Escola Municipal Frei Gaspar", "latitude": -23.001076, "longitude": -43.493051, "tipo": "Escola Municipal"}}, {"type": "Feature", "id": 944, "geometry": {"type": "Point", "coordinates": [-43.42978099982506, -23.008653999146134]}, "properties": {"objectid": 944, "cre": 7, "designacao": 724501, "denominacao": "Escola Municipal Vice Almirante Paulo Castro Moreira da Silva", "latitude": -23.008654, "longitude": -43.429781, "tipo": "Escola Municipal"}}, {"type": "Feature", "id": 945, "geometry": {"type": "Point", "coordinates": [-43.48172099999231, -23.019810999704653]}, "properties": {"objectid": 945, "cre": 7, "designacao": 724502, "denominacao": "Ciep Margaret Mee", "latitude": -23.019811, "longitude": -43.481721, "tipo": "CIEP"}}, {"type": "Feature", "id": 946, "geometry": {"type": "Point", "coordinates": [-43.48578899994276, -23.027023998874554]}, "properties": {"objectid": 946, "cre": 7, "designacao": 724601, "denominacao": "Creche Municipal Maria Vieira Bazani", "latitude": -23.027024, "longitude": -43.485789000000004, "tipo": "Creche Municipal"}}, {"type": "Feature", "id": 947, "geometry": {"type": "Point", "coordinates": [-43.29727500007139, -22.989202999274458]}, "properties": {"objectid": 947, "cre": 7, "designacao": 724602, "denominacao": "Creche Municipal Dina Sfat", "latitude": -22.989203, "longitude": -43.297275, "tipo": "Creche Municipal"}}, {"type": "Feature", "id": 948, "geometry": {"type": "Point", "coordinates": [-43.30746099966733, -22.987159999041957]}, "properties": {"objectid": 948, "cre": 7, "designacao": 724603, "denominacao": "Creche Municipal Benedita Siqueira Lopes", "latitude": -22.987160000000003, "longitude": -43.307461, "tipo": "Creche Municipal"}}, {"type": "Feature", "id": 949, "geometry": {"type": "Point", "coordinates": [-43.2972409999255, -22.98900499942488]}, "properties": {"objectid": 949, "cre": 7, "designacao": 724604, "denominacao": "Creche Municipal Edson Luiz", "latitude": -22.989005000000002, "longitude": -43.297241, "tipo": "Creche Municipal"}}, {"type": "Feature", "id": 950, "geometry": {"type": "Point", "coordinates": [-43.432685000106616, -22.991384999460674]}, "properties": {"objectid": 950, "cre": 7, "designacao": 724605, "denominacao": "Creche Municipal Sebastião Bernardes de Souza Prata", "latitude": -22.991384999999998, "longitude": -43.432685, "tipo": "Creche Municipal"}}, {"type": "Feature", "id": 951, "geometry": {"type": "Point", "coordinates": [-43.432395999905516, -22.991853999752024]}, "properties": {"objectid": 951, "cre": 7, "designacao": 724606, "denominacao": "Creche Municipal Rogério Cardoso Furtado", "latitude": -22.991854, "longitude": -43.432396, "tipo": "Creche Municipal"}}, {"type": "Feature", "id": 952, "geometry": {"type": "Point", "coordinates": [-43.48995900041011, -23.023983999252668]}, "properties": {"objectid": 952, "cre": 7, "designacao": 724801, "denominacao": "Espaço de Desenvolvimento Infantil Milena Santos Nascimento", "latitude": -23.023984000000002, "longitude": -43.489959, "tipo": "EDI"}}, {"type": "Feature", "id": 953, "geometry": {"type": "Point", "coordinates": [-43.48427399980048, -22.975933999090536]}, "properties": {"objectid": 953, "cre": 7, "designacao": 724802, "denominacao": "Espaço de Desenvolvimento Infantil Porfírio Dias", "latitude": -22.975934, "longitude": -43.484274, "tipo": "EDI"}}, {"type": "Feature", "id": 954, "geometry": {"type": "Point", "coordinates": [-43.48266000036417, -23.02002299927698]}, "properties": {"objectid": 954, "cre": 7, "designacao": 724803, "denominacao": "Espaço de Desenvolvimento Infantil Vera Lucia Martins Costa", "latitude": -23.020023, "longitude": -43.482659999999996, "tipo": "EDI"}}, {"type": "Feature", "id": 955, "geometry": {"type": "Point", "coordinates": [-43.32245099986622, -22.988366999362533]}, "properties": {"objectid": 955, "cre": 7, "designacao": 724804, "denominacao": "Espaço de Desenvolvimento Infantil Professora Matilde Rosa Lopes de Araujo", "latitude": -22.988367, "longitude": -43.322451, "tipo": "EDI"}}, {"type": "Feature", "id": 956, "geometry": {"type": "Point", "coordinates": [-43.37580499975732, -23.00296199967982]}, "properties": {"objectid": 956, "cre": 7, "designacao": 724805, "denominacao": "Espaço de Desenvolvimento Infantil Tristão de Athayde", "latitude": -23.002962, "longitude": -43.375805, "tipo": "EDI"}}, {"type": "Feature", "id": 957, "geometry": {"type": "Point", "coordinates": [-43.47280400011154, -23.01422999942833]}, "properties": {"objectid": 957, "cre": 7, "designacao": 724806, "denominacao": "Espaço de Desenvolvimento Infantill Professora Ruth Cardoso", "latitude": -23.014229999999998, "longitude": -43.472804, "tipo": "EDI"}}, {"type": "Feature", "id": 958, "geometry": {"type": "Point", "coordinates": [-43.33563300016389, -22.99710399925163]}, "properties": {"objectid": 958, "cre": 7, "designacao": 724807, "denominacao": "Espaço de Desenvolvimento Infantil Carmen Miranda", "latitude": -22.997104, "longitude": -43.335633, "tipo": "EDI"}}, {"type": "Feature", "id": 959, "geometry": {"type": "Point", "coordinates": [-43.47897099969125, -23.02419299902235]}, "properties": {"objectid": 959, "cre": 7, "designacao": 724808, "denominacao": "Espaço de Desenvolvimento Infantil do Amor", "latitude": -23.024193, "longitude": -43.478971, "tipo": "EDI"}}, {"type": "Feature", "id": 960, "geometry": {"type": "Point", "coordinates": [-43.46274499991344, -22.979893999713102]}, "properties": {"objectid": 960, "cre": 7, "designacao": 724809, "denominacao": "Espaço de Desenvolvimento Infantil Ugocione José de Medeiros \"Seu Ugo\"", "latitude": -22.979894, "longitude": -43.462745, "tipo": "EDI"}}, {"type": "Feature", "id": 961, "geometry": {"type": "Point", "coordinates": [-43.36220299977173, -22.950945999061958]}, "properties": {"objectid": 961, "cre": 7, "designacao": 734001, "denominacao": "Escola Municipal Augusto Magne", "latitude": -22.950946000000002, "longitude": -43.362203, "tipo": "Escola Municipal"}}, {"type": "Feature", "id": 962, "geometry": {"type": "Point", "coordinates": [-43.36437699952425, -22.948773999431314]}, "properties": {"objectid": 962, "cre": 7, "designacao": 734002, "denominacao": "Escola Municipal Professoranda Leila Barcellos de Carvalho", "latitude": -22.948774, "longitude": -43.364377, "tipo": "Escola Municipal"}}, {"type": "Feature", "id": 963, "geometry": {"type": "Point", "coordinates": [-43.36018600044085, -22.94416899951836]}, "properties": {"objectid": 963, "cre": 7, "designacao": 734003, "denominacao": "Escola Municipal Avertano Rocha", "latitude": -22.944169, "longitude": -43.360186000000006, "tipo": "Escola Municipal"}}, {"type": "Feature", "id": 964, "geometry": {"type": "Point", "coordinates": [-43.35877300007832, -22.950552999693763]}, "properties": {"objectid": 964, "cre": 7, "designacao": 734005, "denominacao": "Escola Municipal Alphonsus de Guimaraens", "latitude": -22.950553000000003, "longitude": -43.358773, "tipo": "Escola Municipal"}}, {"type": "Feature", "id": 965, "geometry": {"type": "Point", "coordinates": [-43.3605330001089, -22.94430199970089]}, "properties": {"objectid": 965, "cre": 7, "designacao": 734006, "denominacao": "Escola Municipal Frederico Eyer", "latitude": -22.944301999999997, "longitude": -43.360533000000004, "tipo": "Escola Municipal"}}, {"type": "Feature", "id": 966, "geometry": {"type": "Point", "coordinates": [-43.362900000130956, -22.949382999220546]}, "properties": {"objectid": 966, "cre": 7, "designacao": 734007, "denominacao": "Escola Municipal Alberto Rangel", "latitude": -22.949383, "longitude": -43.3629, "tipo": "Escola Municipal"}}, {"type": "Feature", "id": 967, "geometry": {"type": "Point", "coordinates": [-43.3696540002726, -22.94807899924875]}, "properties": {"objectid": 967, "cre": 7, "designacao": 734008, "denominacao": "Escola Municipal Joaquim Fontes", "latitude": -22.948079, "longitude": -43.369654, "tipo": "Escola Municipal"}}, {"type": "Feature", "id": 968, "geometry": {"type": "Point", "coordinates": [-43.369141000471025, -22.94823699910117]}, "properties": {"objectid": 968, "cre": 7, "designacao": 734009, "denominacao": "Escola Municipal José Clemente Pereira", "latitude": -22.948237, "longitude": -43.369141000000006, "tipo": "Escola Municipal"}}, {"type": "Feature", "id": 969, "geometry": {"type": "Point", "coordinates": [-43.354695000400085, -22.950828999434396]}, "properties": {"objectid": 969, "cre": 7, "designacao": 734010, "denominacao": "Escola Municipal Pedro Aleixo", "latitude": -22.950829000000002, "longitude": -43.354695, "tipo": "Escola Municipal"}}, {"type": "Feature", "id": 970, "geometry": {"type": "Point", "coordinates": [-43.35414199971955, -22.949141998958]}, "properties": {"objectid": 970, "cre": 7, "designacao": 734501, "denominacao": "Ciep Luiz Carlos Prestes", "latitude": -22.949142000000002, "longitude": -43.354142, "tipo": "CIEP"}}, {"type": "Feature", "id": 971, "geometry": {"type": "Point", "coordinates": [-43.35973899979525, -22.9471059997025]}, "properties": {"objectid": 971, "cre": 7, "designacao": 734502, "denominacao": "Ciep João Batista dos Santos", "latitude": -22.947105999999998, "longitude": -43.359739, "tipo": "CIEP"}}, {"type": "Feature", "id": 972, "geometry": {"type": "Point", "coordinates": [-43.36489100001254, -22.95293899901357]}, "properties": {"objectid": 972, "cre": 7, "designacao": 734601, "denominacao": "Creche Municipal Luzes do Amanhã", "latitude": -22.952939, "longitude": -43.364891, "tipo": "Creche Municipal"}}, {"type": "Feature", "id": 973, "geometry": {"type": "Point", "coordinates": [-43.355759000021145, -22.95079199915698]}, "properties": {"objectid": 973, "cre": 7, "designacao": 734602, "denominacao": "Creche Municipal Margarida Gabinal", "latitude": -22.950792, "longitude": -43.355759, "tipo": "Creche Municipal"}}, {"type": "Feature", "id": 974, "geometry": {"type": "Point", "coordinates": [-43.36384799996037, -22.9428919990611]}, "properties": {"objectid": 974, "cre": 7, "designacao": 734603, "denominacao": "Creche Municipal Sempre Vida Josué", "latitude": -22.942891999999997, "longitude": -43.363848, "tipo": "Creche Municipal"}}, {"type": "Feature", "id": 975, "geometry": {"type": "Point", "coordinates": [-43.3704309999573, -22.949403999277923]}, "properties": {"objectid": 975, "cre": 7, "designacao": 734801, "denominacao": "Espaço de Desenvolvimento Infantil Jardim do Amanhã", "latitude": -22.949404, "longitude": -43.370430999999996, "tipo": "EDI"}}, {"type": "Feature", "id": 976, "geometry": {"type": "Point", "coordinates": [-43.35663599994688, -22.949649999410404]}, "properties": {"objectid": 976, "cre": 7, "designacao": 734802, "denominacao": "Espaço de Desenvolvimento Infantil Senhora Perciliana Pereira de Alvarenga", "latitude": -22.949650000000002, "longitude": -43.356636, "tipo": "EDI"}}, {"type": "Feature", "id": 977, "geometry": {"type": "Point", "coordinates": [-43.36555699977533, -22.947425999276362]}, "properties": {"objectid": 977, "cre": 7, "designacao": 734803, "denominacao": "Espaço de Desenvolvimento Infantil Ana Carolina Pacheco da Silva", "latitude": -22.947426, "longitude": -43.365556999999995, "tipo": "EDI"}}, {"type": "Feature", "id": 978, "geometry": {"type": "Point", "coordinates": [-43.360432999817036, -22.94896999965468]}, "properties": {"objectid": 978, "cre": 7, "designacao": 734804, "denominacao": "Espaço de Desenvolvimento Infantil Maria Beralda", "latitude": -22.948970000000003, "longitude": -43.360433, "tipo": "EDI"}}, {"type": "Feature", "id": 979, "geometry": {"type": "Point", "coordinates": [-43.36192499998932, -22.9512299989617]}, "properties": {"objectid": 979, "cre": 7, "designacao": 734805, "denominacao": "Espaço de Desenvolvimento Infantil Monsenhor Cordioli", "latitude": -22.95123, "longitude": -43.361925, "tipo": "EDI"}}, {"type": "Feature", "id": 980, "geometry": {"type": "Point", "coordinates": [-43.446282999645774, -22.889414999189082]}, "properties": {"objectid": 980, "cre": 8, "designacao": 817008, "denominacao": "Escola Municipal Frei Vicente do Salvador", "latitude": -22.889415, "longitude": -43.446282999999994, "tipo": "Escola Municipal"}}, {"type": "Feature", "id": 981, "geometry": {"type": "Point", "coordinates": [-43.45055300042633, -22.891084999358007]}, "properties": {"objectid": 981, "cre": 8, "designacao": 817009, "denominacao": "Escola Municipal José Maria Bello", "latitude": -22.891084999999997, "longitude": -43.450553, "tipo": "Escola Municipal"}}, {"type": "Feature", "id": 982, "geometry": {"type": "Point", "coordinates": [-43.4464399999673, -22.88207299898794]}, "properties": {"objectid": 982, "cre": 8, "designacao": 817010, "denominacao": "Escola Municipal Lauro Muller", "latitude": -22.882073000000002, "longitude": -43.446439999999996, "tipo": "Escola Municipal"}}, {"type": "Feature", "id": 983, "geometry": {"type": "Point", "coordinates": [-43.44672899999356, -22.889509999339495]}, "properties": {"objectid": 983, "cre": 8, "designacao": 817011, "denominacao": "Escola Municipal Professor Wan-tuyl da Silva Cardoso", "latitude": -22.88951, "longitude": -43.446729, "tipo": "Escola Municipal"}}, {"type": "Feature", "id": 984, "geometry": {"type": "Point", "coordinates": [-43.47180399959121, -22.877286999236137]}, "properties": {"objectid": 984, "cre": 8, "designacao": 817012, "denominacao": "Escola Municipal Antônio Austragésilo", "latitude": -22.877287, "longitude": -43.471804, "tipo": "Escola Municipal"}}, {"type": "Feature", "id": 985, "geometry": {"type": "Point", "coordinates": [-43.481741000107775, -22.881095999722007]}, "properties": {"objectid": 985, "cre": 8, "designacao": 817013, "denominacao": "Escola Municipal Collechio", "latitude": -22.881096, "longitude": -43.48174100000001, "tipo": "Escola Municipal"}}, {"type": "Feature", "id": 986, "geometry": {"type": "Point", "coordinates": [-43.4725749999677, -22.892424999194013]}, "properties": {"objectid": 986, "cre": 8, "designacao": 817014, "denominacao": "Escola Municipal Comenius", "latitude": -22.892425, "longitude": -43.472575, "tipo": "Escola Municipal"}}, {"type": "Feature", "id": 987, "geometry": {"type": "Point", "coordinates": [-43.46325699956707, -22.88545099896201]}, "properties": {"objectid": 987, "cre": 8, "designacao": 817015, "denominacao": "Escola Municipal Conselheiro Zacarias de Góis", "latitude": -22.885451, "longitude": -43.463257, "tipo": "Escola Municipal"}}, {"type": "Feature", "id": 988, "geometry": {"type": "Point", "coordinates": [-43.46782199997543, -22.875886999349394]}, "properties": {"objectid": 988, "cre": 8, "designacao": 817016, "denominacao": "Escola Municipal Getúlio Vargas", "latitude": -22.875887000000002, "longitude": -43.467822, "tipo": "Escola Municipal"}}, {"type": "Feature", "id": 989, "geometry": {"type": "Point", "coordinates": [-43.472953999688535, -22.892526999351094]}, "properties": {"objectid": 989, "cre": 8, "designacao": 817017, "denominacao": "Escola Municipal Leonardo da Vinci", "latitude": -22.892526999999998, "longitude": -43.472954, "tipo": "Escola Municipal"}}, {"type": "Feature", "id": 990, "geometry": {"type": "Point", "coordinates": [-43.46304000011361, -22.88555899893463]}, "properties": {"objectid": 990, "cre": 8, "designacao": 817018, "denominacao": "Escola Municipal Leonidas Sobrinho Porto", "latitude": -22.885559, "longitude": -43.46304, "tipo": "Escola Municipal"}}, {"type": "Feature", "id": 991, "geometry": {"type": "Point", "coordinates": [-43.47008599974669, -22.887495998986854]}, "properties": {"objectid": 991, "cre": 8, "designacao": 817019, "denominacao": "Escola Municipal Milton Campos", "latitude": -22.887496, "longitude": -43.470086, "tipo": "Escola Municipal"}}, {"type": "Feature", "id": 992, "geometry": {"type": "Point", "coordinates": [-43.4762910001526, -22.888145999356652]}, "properties": {"objectid": 992, "cre": 8, "designacao": 817020, "denominacao": "Escola Municipal Nações Unidas", "latitude": -22.888146000000003, "longitude": -43.476290999999996, "tipo": "Escola Municipal"}}, {"type": "Feature", "id": 993, "geometry": {"type": "Point", "coordinates": [-43.476329000418446, -22.888411999446426]}, "properties": {"objectid": 993, "cre": 8, "designacao": 817021, "denominacao": "Escola Municipal O'higgins", "latitude": -22.888412000000002, "longitude": -43.476329, "tipo": "Escola Municipal"}}, {"type": "Feature", "id": 994, "geometry": {"type": "Point", "coordinates": [-43.456562000369935, -22.88307999960464]}, "properties": {"objectid": 994, "cre": 8, "designacao": 817022, "denominacao": "Escola Municipal Professor Júlio de Mesquita", "latitude": -22.88308, "longitude": -43.456562, "tipo": "Escola Municipal"}}, {"type": "Feature", "id": 995, "geometry": {"type": "Point", "coordinates": [-43.45633200010136, -22.882831999308937]}, "properties": {"objectid": 995, "cre": 8, "designacao": 817023, "denominacao": "Escola Municipal Roquete Pinto", "latitude": -22.882832, "longitude": -43.456331999999996, "tipo": "Escola Municipal"}}, {"type": "Feature", "id": 996, "geometry": {"type": "Point", "coordinates": [-43.470533000349725, -22.8867339997108]}, "properties": {"objectid": 996, "cre": 8, "designacao": 817024, "denominacao": "Escola Municipal Waldir Azevedo Franco", "latitude": -22.886734, "longitude": -43.470533, "tipo": "Escola Municipal"}}, {"type": "Feature", "id": 997, "geometry": {"type": "Point", "coordinates": [-43.457662999861675, -22.878438999741373]}, "properties": {"objectid": 997, "cre": 8, "designacao": 817026, "denominacao": "Escola Especial Municipal Ação Cristã Vicente Moretti", "latitude": -22.878439, "longitude": -43.457663, "tipo": "Escola Especial Municipal"}}, {"type": "Feature", "id": 998, "geometry": {"type": "Point", "coordinates": [-43.470956000240754, -22.878042999708786]}, "properties": {"objectid": 998, "cre": 8, "designacao": 817027, "denominacao": "Escola Municipal Henrique de Magalhães", "latitude": -22.878043, "longitude": -43.470956, "tipo": "Escola Municipal"}}, {"type": "Feature", "id": 999, "geometry": {"type": "Point", "coordinates": [-43.478183000450166, -22.883426999661328]}, "properties": {"objectid": 999, "cre": 8, "designacao": 817028, "denominacao": "Escola Municipal Presidente Médici", "latitude": -22.883427, "longitude": -43.478182999999994, "tipo": "Escola Municipal"}}, {"type": "Feature", "id": 1000, "geometry": {"type": "Point", "coordinates": [-43.48783399961155, -22.884805999354242]}, "properties": {"objectid": 1000, "cre": 8, "designacao": 817029, "denominacao": "Escola Municipal Antônio Bandeira", "latitude": -22.884805999999998, "longitude": -43.487834, "tipo": "Escola Municipal"}}, {"type": "Feature", "id": 1001, "geometry": {"type": "Point", "coordinates": [-43.48477900031105, -22.884003999218585]}, "properties": {"objectid": 1001, "cre": 8, "designacao": 817030, "denominacao": "Escola Municipal Dias Martins", "latitude": -22.884004, "longitude": -43.484778999999996, "tipo": "Escola Municipal"}}, {"type": "Feature", "id": 1002, "geometry": {"type": "Point", "coordinates": [-43.48449399986016, -22.880927998883553]}, "properties": {"objectid": 1002, "cre": 8, "designacao": 817031, "denominacao": "Escola Municipal Engenheiro Pires do Rio", "latitude": -22.880928, "longitude": -43.484494, "tipo": "Escola Municipal"}}, {"type": "Feature", "id": 1003, "geometry": {"type": "Point", "coordinates": [-43.488764999911844, -22.89145599905703]}, "properties": {"objectid": 1003, "cre": 8, "designacao": 817032, "denominacao": "Escola Municipal Ernesto Franciscone", "latitude": -22.891456, "longitude": -43.488765, "tipo": "Escola Municipal"}}, {"type": "Feature", "id": 1004, "geometry": {"type": "Point", "coordinates": [-43.48248799958175, -22.890277999530475]}, "properties": {"objectid": 1004, "cre": 8, "designacao": 817033, "denominacao": "Escola Municipal Henrique da Silva Fontes", "latitude": -22.890278, "longitude": -43.482488, "tipo": "Escola Municipal"}}, {"type": "Feature", "id": 1005, "geometry": {"type": "Point", "coordinates": [-43.49299900003107, -22.878601999245802]}, "properties": {"objectid": 1005, "cre": 8, "designacao": 817034, "denominacao": "Escola Municipal Jorge Jabour", "latitude": -22.878601999999997, "longitude": -43.492999, "tipo": "Escola Municipal"}}, {"type": "Feature", "id": 1006, "geometry": {"type": "Point", "coordinates": [-43.498978999593064, -22.878128999637614]}, "properties": {"objectid": 1006, "cre": 8, "designacao": 817035, "denominacao": "Escola Municipal Mário Fernandes Pinheiro", "latitude": -22.878129, "longitude": -43.498979, "tipo": "Escola Municipal"}}, {"type": "Feature", "id": 1007, "geometry": {"type": "Point", "coordinates": [-43.49833200029258, -22.883939999667973]}, "properties": {"objectid": 1007, "cre": 8, "designacao": 817036, "denominacao": "Escola Municipal Oscar Thompsom", "latitude": -22.88394, "longitude": -43.498332, "tipo": "Escola Municipal"}}, {"type": "Feature", "id": 1008, "geometry": {"type": "Point", "coordinates": [-43.48282199953045, -22.889049999277383]}, "properties": {"objectid": 1008, "cre": 8, "designacao": 817037, "denominacao": "Escola Municipal Presidente Wilson", "latitude": -22.88905, "longitude": -43.482822, "tipo": "Escola Municipal"}}, {"type": "Feature", "id": 1009, "geometry": {"type": "Point", "coordinates": [-43.49290799954261, -22.879017999535474]}, "properties": {"objectid": 1009, "cre": 8, "designacao": 817038, "denominacao": "Escola Municipal Rainha Fabíola", "latitude": -22.879018000000002, "longitude": -43.492908, "tipo": "Escola Municipal"}}, {"type": "Feature", "id": 1010, "geometry": {"type": "Point", "coordinates": [-43.48704700037321, -22.87429099977634]}, "properties": {"objectid": 1010, "cre": 8, "designacao": 817039, "denominacao": "Escola Municipal Sampaio Corrêa", "latitude": -22.874291000000003, "longitude": -43.487047000000004, "tipo": "Escola Municipal"}}, {"type": "Feature", "id": 1011, "geometry": {"type": "Point", "coordinates": [-43.495318000058745, -22.87644399946544]}, "properties": {"objectid": 1011, "cre": 8, "designacao": 817040, "denominacao": "Escola Municipal Santa Francisca Xavier Cabrini", "latitude": -22.876444, "longitude": -43.495318, "tipo": "Escola Municipal"}}, {"type": "Feature", "id": 1012, "geometry": {"type": "Point", "coordinates": [-43.49271299996429, -22.8793929994358]}, "properties": {"objectid": 1012, "cre": 8, "designacao": 817041, "denominacao": "Escola Municipal Abrahão Jabour", "latitude": -22.879393, "longitude": -43.492713, "tipo": "Escola Municipal"}}, {"type": "Feature", "id": 1013, "geometry": {"type": "Point", "coordinates": [-43.48458499962981, -22.87923299911742]}, "properties": {"objectid": 1013, "cre": 8, "designacao": 817042, "denominacao": "Escola Municipal Thomé de Souza", "latitude": -22.879233, "longitude": -43.484584999999996, "tipo": "Escola Municipal"}}, {"type": "Feature", "id": 1014, "geometry": {"type": "Point", "coordinates": [-43.50433099977679, -22.882466999307894]}, "properties": {"objectid": 1014, "cre": 8, "designacao": 817043, "denominacao": "Escola Municipal Evaristo de Moraes", "latitude": -22.882467000000002, "longitude": -43.504331, "tipo": "Escola Municipal"}}, {"type": "Feature", "id": 1015, "geometry": {"type": "Point", "coordinates": [-43.504408999646245, -22.87817799926059]}, "properties": {"objectid": 1015, "cre": 8, "designacao": 817044, "denominacao": "Escola Municipal Fernando Maximiliano", "latitude": -22.878178, "longitude": -43.504408999999995, "tipo": "Escola Municipal"}}, {"type": "Feature", "id": 1016, "geometry": {"type": "Point", "coordinates": [-43.491223999619045, -22.892189999515637]}, "properties": {"objectid": 1016, "cre": 8, "designacao": 817045, "denominacao": "Escola Municipal Ariena Vianna da Silva", "latitude": -22.89219, "longitude": -43.491224, "tipo": "Escola Municipal"}}, {"type": "Feature", "id": 1017, "geometry": {"type": "Point", "coordinates": [-43.4947149997762, -22.869763999621938]}, "properties": {"objectid": 1017, "cre": 8, "designacao": 817046, "denominacao": "Escola Municipal Raul Francisco Ryff", "latitude": -22.869764, "longitude": -43.494715, "tipo": "Escola Municipal"}}, {"type": "Feature", "id": 1018, "geometry": {"type": "Point", "coordinates": [-43.45176800019205, -22.873607999383125]}, "properties": {"objectid": 1018, "cre": 8, "designacao": 817047, "denominacao": "Escola Municipal Bangu", "latitude": -22.873608, "longitude": -43.451768, "tipo": "Escola Municipal"}}, {"type": "Feature", "id": 1019, "geometry": {"type": "Point", "coordinates": [-43.4469689998703, -22.86712399912295]}, "properties": {"objectid": 1019, "cre": 8, "designacao": 817048, "denominacao": "Escola Municipal Engenheiro João Thomé", "latitude": -22.867124, "longitude": -43.446969, "tipo": "Escola Municipal"}}, {"type": "Feature", "id": 1020, "geometry": {"type": "Point", "coordinates": [-43.44921099957876, -22.862275999163952]}, "properties": {"objectid": 1020, "cre": 8, "designacao": 817049, "denominacao": "Escola Municipal Euzebio de Queiroz", "latitude": -22.862276, "longitude": -43.449211, "tipo": "Escola Municipal"}}, {"type": "Feature", "id": 1021, "geometry": {"type": "Point", "coordinates": [-43.45065200020728, -22.868765999602765]}, "properties": {"objectid": 1021, "cre": 8, "designacao": 817050, "denominacao": "Escola Municipal Moacyr Padilha", "latitude": -22.868766, "longitude": -43.450652, "tipo": "Escola Municipal"}}, {"type": "Feature", "id": 1022, "geometry": {"type": "Point", "coordinates": [-43.44950000031417, -22.870520999204814]}, "properties": {"objectid": 1022, "cre": 8, "designacao": 817051, "denominacao": "Escola Municipal Pedro Moacyr", "latitude": -22.870521, "longitude": -43.4495, "tipo": "Escola Municipal"}}, {"type": "Feature", "id": 1023, "geometry": {"type": "Point", "coordinates": [-43.44649199980169, -22.86742799927175]}, "properties": {"objectid": 1023, "cre": 8, "designacao": 817052, "denominacao": "Escola Municipal Villa Lobos", "latitude": -22.867428, "longitude": -43.446492, "tipo": "Escola Municipal"}}, {"type": "Feature", "id": 1024, "geometry": {"type": "Point", "coordinates": [-43.455521000296926, -22.856151999609768]}, "properties": {"objectid": 1024, "cre": 8, "designacao": 817054, "denominacao": "Escola Municipal Professor Joaquim da Costa Ribeiro", "latitude": -22.856152, "longitude": -43.455521, "tipo": "Escola Municipal"}}, {"type": "Feature", "id": 1025, "geometry": {"type": "Point", "coordinates": [-43.457989000340504, -22.853841999557385]}, "properties": {"objectid": 1025, "cre": 8, "designacao": 817055, "denominacao": "Escola Municipal Professor Lauro Travassos", "latitude": -22.853842, "longitude": -43.457989000000005, "tipo": "Escola Municipal"}}, {"type": "Feature", "id": 1026, "geometry": {"type": "Point", "coordinates": [-43.459784999684885, -22.871901999283796]}, "properties": {"objectid": 1026, "cre": 8, "designacao": 817056, "denominacao": "Escola Municipal Anna Amélia Queiroz Carneiro de Mendonça", "latitude": -22.871902, "longitude": -43.459785, "tipo": "Escola Municipal"}}, {"type": "Feature", "id": 1027, "geometry": {"type": "Point", "coordinates": [-43.46167699991575, -22.870356999563715]}, "properties": {"objectid": 1027, "cre": 8, "designacao": 817057, "denominacao": "Escola Municipal Clementino Fraga", "latitude": -22.870357000000002, "longitude": -43.461676999999995, "tipo": "Escola Municipal"}}, {"type": "Feature", "id": 1028, "geometry": {"type": "Point", "coordinates": [-43.4835249999291, -22.853046999342702]}, "properties": {"objectid": 1028, "cre": 8, "designacao": 817058, "denominacao": "Escola Municipal Guilherme da Silveira", "latitude": -22.853047, "longitude": -43.483525, "tipo": "Escola Municipal"}}, {"type": "Feature", "id": 1029, "geometry": {"type": "Point", "coordinates": [-43.48810599996627, -22.856910999047088]}, "properties": {"objectid": 1029, "cre": 8, "designacao": 817059, "denominacao": "Escola Municipal Joana Angélica", "latitude": -22.856911, "longitude": -43.488106, "tipo": "Escola Municipal"}}, {"type": "Feature", "id": 1030, "geometry": {"type": "Point", "coordinates": [-43.49502199992244, -22.855781999305147]}, "properties": {"objectid": 1030, "cre": 8, "designacao": 817060, "denominacao": "Escola Municipal João Daudt de Oliveira", "latitude": -22.855781999999998, "longitude": -43.495022, "tipo": "Escola Municipal"}}, {"type": "Feature", "id": 1031, "geometry": {"type": "Point", "coordinates": [-43.49325199964409, -22.860884999638976]}, "properties": {"objectid": 1031, "cre": 8, "designacao": 817061, "denominacao": "Escola Municipal Joaquim Edson de Camargo", "latitude": -22.860885, "longitude": -43.493252, "tipo": "Escola Municipal"}}, {"type": "Feature", "id": 1032, "geometry": {"type": "Point", "coordinates": [-43.45513599958719, -22.86293599956026]}, "properties": {"objectid": 1032, "cre": 8, "designacao": 817062, "denominacao": "Escola Municipal José Piquet Carneiro", "latitude": -22.862936, "longitude": -43.455136, "tipo": "Escola Municipal"}}, {"type": "Feature", "id": 1033, "geometry": {"type": "Point", "coordinates": [-43.47058899996963, -22.851832999150794]}, "properties": {"objectid": 1033, "cre": 8, "designacao": 817063, "denominacao": "Escola Municipal Maria Quitéria", "latitude": -22.851833, "longitude": -43.470589000000004, "tipo": "Escola Municipal"}}, {"type": "Feature", "id": 1034, "geometry": {"type": "Point", "coordinates": [-43.477741000101574, -22.868787999275735]}, "properties": {"objectid": 1034, "cre": 8, "designacao": 817064, "denominacao": "Escola Municipal Marieta da Cunha da Silva", "latitude": -22.868788000000002, "longitude": -43.477741, "tipo": "Escola Municipal"}}, {"type": "Feature", "id": 1035, "geometry": {"type": "Point", "coordinates": [-43.45235399992431, -22.866722999637798]}, "properties": {"objectid": 1035, "cre": 8, "designacao": 817065, "denominacao": "Escola Municipal Pablo Picasso", "latitude": -22.866723, "longitude": -43.452354, "tipo": "Escola Municipal"}}, {"type": "Feature", "id": 1036, "geometry": {"type": "Point", "coordinates": [-43.472692000366585, -22.875006998992358]}, "properties": {"objectid": 1036, "cre": 8, "designacao": 817066, "denominacao": "Escola Municipal Pracinha João da Silva", "latitude": -22.875007, "longitude": -43.472692, "tipo": "Escola Municipal"}}, {"type": "Feature", "id": 1037, "geometry": {"type": "Point", "coordinates": [-43.493019000047255, -22.852467999156925]}, "properties": {"objectid": 1037, "cre": 8, "designacao": 817067, "denominacao": "Escola Municipal Presidente Café Filho", "latitude": -22.852468, "longitude": -43.493019000000004, "tipo": "Escola Municipal"}}, {"type": "Feature", "id": 1038, "geometry": {"type": "Point", "coordinates": [-43.4567270000822, -22.86586799942493]}, "properties": {"objectid": 1038, "cre": 8, "designacao": 817068, "denominacao": "Escola Municipal Professor Firmo Costa", "latitude": -22.865868, "longitude": -43.456727, "tipo": "Escola Municipal"}}, {"type": "Feature", "id": 1039, "geometry": {"type": "Point", "coordinates": [-43.461381000044966, -22.85985499933086]}, "properties": {"objectid": 1039, "cre": 8, "designacao": 817069, "denominacao": "Escola Municipal Rafael Corrêa de Oliveira", "latitude": -22.859855, "longitude": -43.461381, "tipo": "Escola Municipal"}}, {"type": "Feature", "id": 1040, "geometry": {"type": "Point", "coordinates": [-43.45536499985049, -22.868985999312134]}, "properties": {"objectid": 1040, "cre": 8, "designacao": 817070, "denominacao": "Escola Municipal Roberto Simonsen", "latitude": -22.868986, "longitude": -43.455365, "tipo": "Escola Municipal"}}, {"type": "Feature", "id": 1041, "geometry": {"type": "Point", "coordinates": [-43.479343000137575, -22.87192099932293]}, "properties": {"objectid": 1041, "cre": 8, "designacao": 817071, "denominacao": "Escola Municipal Rubem Berta", "latitude": -22.871921, "longitude": -43.479343, "tipo": "Escola Municipal"}}, {"type": "Feature", "id": 1042, "geometry": {"type": "Point", "coordinates": [-43.46247700007287, -22.8683669992103]}, "properties": {"objectid": 1042, "cre": 8, "designacao": 817072, "denominacao": "Escola Municipal Ubaldo de Oliveira", "latitude": -22.868367000000003, "longitude": -43.462477, "tipo": "Escola Municipal"}}, {"type": "Feature", "id": 1043, "geometry": {"type": "Point", "coordinates": [-43.48640599996351, -22.856867999347674]}, "properties": {"objectid": 1043, "cre": 8, "designacao": 817074, "denominacao": "Escola Municipal Marechal Alcides Etchegoyen", "latitude": -22.856868, "longitude": -43.486406, "tipo": "Escola Municipal"}}, {"type": "Feature", "id": 1044, "geometry": {"type": "Point", "coordinates": [-43.451417999637776, -22.869031999245056]}, "properties": {"objectid": 1044, "cre": 8, "designacao": 817075, "denominacao": "Escola Municipal General Tasso Fragoso", "latitude": -22.869032, "longitude": -43.451418, "tipo": "Escola Municipal"}}, {"type": "Feature", "id": 1045, "geometry": {"type": "Point", "coordinates": [-43.493058000342145, -22.85222099970213]}, "properties": {"objectid": 1045, "cre": 8, "designacao": 817076, "denominacao": "Escola Municipal Orestes Barbosa", "latitude": -22.852221, "longitude": -43.493058000000005, "tipo": "Escola Municipal"}}, {"type": "Feature", "id": 1046, "geometry": {"type": "Point", "coordinates": [-43.518252000409454, -22.843699999457122]}, "properties": {"objectid": 1046, "cre": 8, "designacao": 817077, "denominacao": "Escola Municipal Wolf Klabin", "latitude": -22.8437, "longitude": -43.518252, "tipo": "Escola Municipal"}}, {"type": "Feature", "id": 1047, "geometry": {"type": "Point", "coordinates": [-43.48346399994845, -22.86839499957611]}, "properties": {"objectid": 1047, "cre": 8, "designacao": 817078, "denominacao": "Escola Municipal Edson Carneiro", "latitude": -22.868395000000003, "longitude": -43.483464000000005, "tipo": "Escola Municipal"}}, {"type": "Feature", "id": 1048, "geometry": {"type": "Point", "coordinates": [-43.49034999953929, -22.8533639993608]}, "properties": {"objectid": 1048, "cre": 8, "designacao": 817079, "denominacao": "Escola Municipal Jorge Zarur", "latitude": -22.853364, "longitude": -43.49035, "tipo": "Escola Municipal"}}, {"type": "Feature", "id": 1049, "geometry": {"type": "Point", "coordinates": [-43.46514600004452, -22.86279399890512]}, "properties": {"objectid": 1049, "cre": 8, "designacao": 817080, "denominacao": "Escola Municipal Astrojildo Pereira", "latitude": -22.862794, "longitude": -43.465146, "tipo": "Escola Municipal"}}, {"type": "Feature", "id": 1050, "geometry": {"type": "Point", "coordinates": [-43.4867199997149, -22.860350999177868]}, "properties": {"objectid": 1050, "cre": 8, "designacao": 817081, "denominacao": "Escola Municipal Coronel José Gomes Moreira", "latitude": -22.860350999999998, "longitude": -43.48672, "tipo": "Escola Municipal"}}, {"type": "Feature", "id": 1051, "geometry": {"type": "Point", "coordinates": [-43.46685599962184, -22.850437999100063]}, "properties": {"objectid": 1051, "cre": 8, "designacao": 817082, "denominacao": "Escola Municipal José Mauro de Vasconcelos", "latitude": -22.850438, "longitude": -43.466856, "tipo": "Escola Municipal"}}, {"type": "Feature", "id": 1052, "geometry": {"type": "Point", "coordinates": [-43.46388899962793, -22.8500109992504]}, "properties": {"objectid": 1052, "cre": 8, "designacao": 817083, "denominacao": "Escola Municipal Jornalista Sandro Moreyra", "latitude": -22.850011000000002, "longitude": -43.463889, "tipo": "Escola Municipal"}}, {"type": "Feature", "id": 1053, "geometry": {"type": "Point", "coordinates": [-43.48988900045082, -22.844900999036675]}, "properties": {"objectid": 1053, "cre": 8, "designacao": 817084, "denominacao": "Escola Municipal Prefeito Juarez Antunes", "latitude": -22.844901, "longitude": -43.489889000000005, "tipo": "Escola Municipal"}}, {"type": "Feature", "id": 1054, "geometry": {"type": "Point", "coordinates": [-43.47815300026539, -22.864161998888665]}, "properties": {"objectid": 1054, "cre": 8, "designacao": 817127, "denominacao": "Escola Municipal Ayrton Senna da Silva", "latitude": -22.864162, "longitude": -43.478153, "tipo": "Escola Municipal"}}, {"type": "Feature", "id": 1055, "geometry": {"type": "Point", "coordinates": [-43.4815240004067, -22.86907099923103]}, "properties": {"objectid": 1055, "cre": 8, "designacao": 817128, "denominacao": "Escola Municipal Austragésilo de Atayde", "latitude": -22.869070999999998, "longitude": -43.481524, "tipo": "Escola Municipal"}}, {"type": "Feature", "id": 1056, "geometry": {"type": "Point", "coordinates": [-43.464166999542726, -22.84512699923448]}, "properties": {"objectid": 1056, "cre": 8, "designacao": 817132, "denominacao": "Escola Municipal Raphael Almeida Magalhães", "latitude": -22.845126999999998, "longitude": -43.464167, "tipo": "Escola Municipal"}}, {"type": "Feature", "id": 1057, "geometry": {"type": "Point", "coordinates": [-43.48720500024184, -22.879027998881238]}, "properties": {"objectid": 1057, "cre": 8, "designacao": 817133, "denominacao": "Escola Municipal Professora Ivone Nunes Ferreira", "latitude": -22.879028, "longitude": -43.487205, "tipo": "Escola Municipal"}}, {"type": "Feature", "id": 1058, "geometry": {"type": "Point", "coordinates": [-43.47261600009626, -22.89412199890823]}, "properties": {"objectid": 1058, "cre": 8, "designacao": 817202, "denominacao": "Ciep Amilcar Cabral", "latitude": -22.894122000000003, "longitude": -43.472616, "tipo": "CIEP"}}, {"type": "Feature", "id": 1059, "geometry": {"type": "Point", "coordinates": [-43.49047000047682, -22.852778999134436]}, "properties": {"objectid": 1059, "cre": 8, "designacao": 817207, "denominacao": "Ciep Vila Kennedy", "latitude": -22.852778999999998, "longitude": -43.49047, "tipo": "CIEP"}}, {"type": "Feature", "id": 1060, "geometry": {"type": "Point", "coordinates": [-43.4926410004213, -22.870827999581042]}, "properties": {"objectid": 1060, "cre": 8, "designacao": 817501, "denominacao": "Ciep Gilberto Freyre", "latitude": -22.870828, "longitude": -43.492641000000006, "tipo": "CIEP"}}, {"type": "Feature", "id": 1061, "geometry": {"type": "Point", "coordinates": [-43.47052599963898, -22.888525999002297]}, "properties": {"objectid": 1061, "cre": 8, "designacao": 817502, "denominacao": "Ciep Professora Célia Martins Menna Barreto", "latitude": -22.888526, "longitude": -43.470526, "tipo": "CIEP"}}, {"type": "Feature", "id": 1062, "geometry": {"type": "Point", "coordinates": [-43.450944000476156, -22.89140999895669]}, "properties": {"objectid": 1062, "cre": 8, "designacao": 817503, "denominacao": "Ciep Padre Paulo Corrêa de Sá", "latitude": -22.89141, "longitude": -43.450944, "tipo": "CIEP"}}, {"type": "Feature", "id": 1063, "geometry": {"type": "Point", "coordinates": [-43.48732599975606, -22.881792999078424]}, "properties": {"objectid": 1063, "cre": 8, "designacao": 817504, "denominacao": "Ciep Antonio Evaristo de Moraes", "latitude": -22.881793, "longitude": -43.487325999999996, "tipo": "CIEP"}}, {"type": "Feature", "id": 1064, "geometry": {"type": "Point", "coordinates": [-43.47904500001222, -22.883930998895238]}, "properties": {"objectid": 1064, "cre": 8, "designacao": 817505, "denominacao": "Ciep Marechal Julio Caetano Horta Barbosa", "latitude": -22.883931, "longitude": -43.479045, "tipo": "CIEP"}}, {"type": "Feature", "id": 1065, "geometry": {"type": "Point", "coordinates": [-43.4745009996742, -22.865063999751865]}, "properties": {"objectid": 1065, "cre": 8, "designacao": 817506, "denominacao": "Ciep Olof Palme", "latitude": -22.865063999999997, "longitude": -43.474501, "tipo": "CIEP"}}, {"type": "Feature", "id": 1066, "geometry": {"type": "Point", "coordinates": [-43.448375000320105, -22.8742169994681]}, "properties": {"objectid": 1066, "cre": 8, "designacao": 817507, "denominacao": "Ciep Mestre André", "latitude": -22.874217, "longitude": -43.448375000000006, "tipo": "CIEP"}}, {"type": "Feature", "id": 1067, "geometry": {"type": "Point", "coordinates": [-43.459058000262765, -22.869101999148143]}, "properties": {"objectid": 1067, "cre": 8, "designacao": 817508, "denominacao": "Ciep Poeta Cruz e Sousa", "latitude": -22.869101999999998, "longitude": -43.459058000000006, "tipo": "CIEP"}}, {"type": "Feature", "id": 1068, "geometry": {"type": "Point", "coordinates": [-43.47103899975282, -22.866544999542498]}, "properties": {"objectid": 1068, "cre": 8, "designacao": 817509, "denominacao": "Ciep Maestrina Chiquinha Gonzaga", "latitude": -22.866545, "longitude": -43.471039, "tipo": "CIEP"}}, {"type": "Feature", "id": 1069, "geometry": {"type": "Point", "coordinates": [-43.50381500032101, -22.874813999543434]}, "properties": {"objectid": 1069, "cre": 8, "designacao": 817601, "denominacao": "Creche Municipal José Félix", "latitude": -22.874814, "longitude": -43.503814999999996, "tipo": "Creche Municipal"}}, {"type": "Feature", "id": 1070, "geometry": {"type": "Point", "coordinates": [-43.49427700004991, -22.860474998998185]}, "properties": {"objectid": 1070, "cre": 8, "designacao": 817602, "denominacao": "Creche Municipal Vila Progresso", "latitude": -22.860474999999997, "longitude": -43.494277, "tipo": "Creche Municipal"}}, {"type": "Feature", "id": 1071, "geometry": {"type": "Point", "coordinates": [-43.46071799963609, -22.84992199970528]}, "properties": {"objectid": 1071, "cre": 8, "designacao": 817603, "denominacao": "Creche Municipal Dente de Leite", "latitude": -22.849922000000003, "longitude": -43.460718, "tipo": "Creche Municipal"}}, {"type": "Feature", "id": 1072, "geometry": {"type": "Point", "coordinates": [-43.46773199984401, -22.843663999037908]}, "properties": {"objectid": 1072, "cre": 8, "designacao": 817604, "denominacao": "Creche Municipal Dramaturgo Alfredo de Freitas Dias Gomes", "latitude": -22.843663999999997, "longitude": -43.467732, "tipo": "Creche Municipal"}}, {"type": "Feature", "id": 1073, "geometry": {"type": "Point", "coordinates": [-43.48067499998091, -22.878108999753664]}, "properties": {"objectid": 1073, "cre": 8, "designacao": 817605, "denominacao": "Creche Municipal Mané Garrincha II", "latitude": -22.878109, "longitude": -43.480675000000005, "tipo": "Creche Municipal"}}, {"type": "Feature", "id": 1074, "geometry": {"type": "Point", "coordinates": [-43.44507799999058, -22.863291999133427]}, "properties": {"objectid": 1074, "cre": 8, "designacao": 817606, "denominacao": "Creche Municipal Meimei", "latitude": -22.863291999999998, "longitude": -43.445078, "tipo": "Creche Municipal"}}, {"type": "Feature", "id": 1075, "geometry": {"type": "Point", "coordinates": [-43.487379000016176, -22.849652999707793]}, "properties": {"objectid": 1075, "cre": 8, "designacao": 817607, "denominacao": "Creche Municipal Mulheres do Quafá", "latitude": -22.849653, "longitude": -43.487379, "tipo": "Creche Municipal"}}, {"type": "Feature", "id": 1076, "geometry": {"type": "Point", "coordinates": [-43.48157100031039, -22.872317999740382]}, "properties": {"objectid": 1076, "cre": 8, "designacao": 817608, "denominacao": "Creche Municipal Nova Aliança", "latitude": -22.872318, "longitude": -43.481570999999995, "tipo": "Creche Municipal"}}, {"type": "Feature", "id": 1077, "geometry": {"type": "Point", "coordinates": [-43.45829099994864, -22.86932999911722]}, "properties": {"objectid": 1077, "cre": 8, "designacao": 817609, "denominacao": "Creche Municipal Recanto Feliz", "latitude": -22.869329999999998, "longitude": -43.458290999999996, "tipo": "Creche Municipal"}}, {"type": "Feature", "id": 1078, "geometry": {"type": "Point", "coordinates": [-43.50287600016542, -22.8695789997545]}, "properties": {"objectid": 1078, "cre": 8, "designacao": 817610, "denominacao": "Creche Municipal Sempre Vida Fazenda Coqueiros", "latitude": -22.869578999999998, "longitude": -43.502876, "tipo": "Creche Municipal"}}, {"type": "Feature", "id": 1079, "geometry": {"type": "Point", "coordinates": [-43.45545200028164, -22.868854999061554]}, "properties": {"objectid": 1079, "cre": 8, "designacao": 817611, "denominacao": "Creche Municipal Tia Elza", "latitude": -22.868855, "longitude": -43.455451999999994, "tipo": "Creche Municipal"}}, {"type": "Feature", "id": 1080, "geometry": {"type": "Point", "coordinates": [-43.48529100030914, -22.85674399969944]}, "properties": {"objectid": 1080, "cre": 8, "designacao": 817612, "denominacao": "Creche Municipal Vila Kennedy", "latitude": -22.856744, "longitude": -43.485291, "tipo": "Creche Municipal"}}, {"type": "Feature", "id": 1081, "geometry": {"type": "Point", "coordinates": [-43.441092000248304, -22.875706999587145]}, "properties": {"objectid": 1081, "cre": 8, "designacao": 817613, "denominacao": "Creche Municipal Célia Alencar", "latitude": -22.875707, "longitude": -43.441092000000005, "tipo": "Creche Municipal"}}, {"type": "Feature", "id": 1082, "geometry": {"type": "Point", "coordinates": [-43.49553599981001, -22.8693909995148]}, "properties": {"objectid": 1082, "cre": 8, "designacao": 817614, "denominacao": "Creche Municipal Fazenda Coqueiros II", "latitude": -22.869391, "longitude": -43.495536, "tipo": "Creche Municipal"}}, {"type": "Feature", "id": 1083, "geometry": {"type": "Point", "coordinates": [-43.45750999983661, -22.862987999702945]}, "properties": {"objectid": 1083, "cre": 8, "designacao": 817615, "denominacao": "Creche Municipal Vila União da Paz", "latitude": -22.862988, "longitude": -43.457510000000006, "tipo": "Creche Municipal"}}, {"type": "Feature", "id": 1084, "geometry": {"type": "Point", "coordinates": [-43.468276999655856, -22.86475899932434]}, "properties": {"objectid": 1084, "cre": 8, "designacao": 817616, "denominacao": "Creche Municipal Professora Maria Assumpção", "latitude": -22.864759, "longitude": -43.468277, "tipo": "Creche Municipal"}}, {"type": "Feature", "id": 1085, "geometry": {"type": "Point", "coordinates": [-43.472658999589925, -22.847609999343923]}, "properties": {"objectid": 1085, "cre": 8, "designacao": 817617, "denominacao": "Creche Municipal José Manoel Ibarra Perez", "latitude": -22.84761, "longitude": -43.472659, "tipo": "Creche Municipal"}}, {"type": "Feature", "id": 1086, "geometry": {"type": "Point", "coordinates": [-43.49973100015323, -22.877425999082938]}, "properties": {"objectid": 1086, "cre": 8, "designacao": 817618, "denominacao": "Creche Municipal Janete Clair", "latitude": -22.877426, "longitude": -43.499731, "tipo": "Creche Municipal"}}, {"type": "Feature", "id": 1087, "geometry": {"type": "Point", "coordinates": [-43.47457600027733, -22.868026999624625]}, "properties": {"objectid": 1087, "cre": 8, "designacao": 817619, "denominacao": "Creche Municipal Professora Regina Maria da Matta Montezano", "latitude": -22.868026999999998, "longitude": -43.474576, "tipo": "Creche Municipal"}}, {"type": "Feature", "id": 1088, "geometry": {"type": "Point", "coordinates": [-43.47073299984253, -22.88887199971641]}, "properties": {"objectid": 1088, "cre": 8, "designacao": 817801, "denominacao": "Espaço de Desenvolvimento Infantil Professora Tânia Maria Larrubia Gomes", "latitude": -22.888872, "longitude": -43.470733, "tipo": "EDI"}}, {"type": "Feature", "id": 1089, "geometry": {"type": "Point", "coordinates": [-43.46400500036528, -22.849624999593992]}, "properties": {"objectid": 1089, "cre": 8, "designacao": 817802, "denominacao": "Espaço de Desenvolvimento Infantil Professor Reinaldo José de Aragão Barbosa", "latitude": -22.849625, "longitude": -43.464005, "tipo": "EDI"}}, {"type": "Feature", "id": 1090, "geometry": {"type": "Point", "coordinates": [-43.48583600031613, -22.869047999719115]}, "properties": {"objectid": 1090, "cre": 8, "designacao": 817803, "denominacao": "Espaço de Desenvolvimento Infantil José Ephim Mindlin", "latitude": -22.869048, "longitude": -43.485836, "tipo": "EDI"}}, {"type": "Feature", "id": 1091, "geometry": {"type": "Point", "coordinates": [-43.45674999954631, -22.868070998925962]}, "properties": {"objectid": 1091, "cre": 8, "designacao": 817804, "denominacao": "Espaço de Desenvolvimento Infantil Professora Edith Marques de Souza", "latitude": -22.868070999999997, "longitude": -43.45675, "tipo": "EDI"}}, {"type": "Feature", "id": 1092, "geometry": {"type": "Point", "coordinates": [-43.45354899988318, -22.857178999549447]}, "properties": {"objectid": 1092, "cre": 8, "designacao": 817805, "denominacao": "Espaço de Desenvolvimento Infantil Rafael Pereira da Silva", "latitude": -22.857179, "longitude": -43.453548999999995, "tipo": "EDI"}}, {"type": "Feature", "id": 1093, "geometry": {"type": "Point", "coordinates": [-43.465671999866636, -22.846972999200585]}, "properties": {"objectid": 1093, "cre": 8, "designacao": 817806, "denominacao": "Espaço de Desenvolvimento Infantil Professora Maria Yedda Leite Linhares", "latitude": -22.846973000000002, "longitude": -43.465672000000005, "tipo": "EDI"}}, {"type": "Feature", "id": 1094, "geometry": {"type": "Point", "coordinates": [-43.47172300025667, -22.863766999243825]}, "properties": {"objectid": 1094, "cre": 8, "designacao": 817807, "denominacao": "Espaço de Desenvolvimento Infantil Maria do Carmo Souza Piran", "latitude": -22.863767000000003, "longitude": -43.471723, "tipo": "EDI"}}, {"type": "Feature", "id": 1095, "geometry": {"type": "Point", "coordinates": [-43.49004399967456, -22.87988199904229]}, "properties": {"objectid": 1095, "cre": 8, "designacao": 817808, "denominacao": "Espaço de Desenvolvimento Infantil Professor Antônio Flávio Pierucci", "latitude": -22.879882, "longitude": -43.490044000000005, "tipo": "EDI"}}, {"type": "Feature", "id": 1096, "geometry": {"type": "Point", "coordinates": [-43.468583000059944, -22.875855998973915]}, "properties": {"objectid": 1096, "cre": 8, "designacao": 817809, "denominacao": "Espaço de Desenvolvimento Infantil República Árabe Unida", "latitude": -22.875856000000002, "longitude": -43.468582999999995, "tipo": "EDI"}}, {"type": "Feature", "id": 1097, "geometry": {"type": "Point", "coordinates": [-43.44929900028259, -22.87124999897276]}, "properties": {"objectid": 1097, "cre": 8, "designacao": 817810, "denominacao": "Espaço de Desenvolvimento Infantil Vila do Vintém", "latitude": -22.871250000000003, "longitude": -43.449298999999996, "tipo": "EDI"}}, {"type": "Feature", "id": 1098, "geometry": {"type": "Point", "coordinates": [-43.48538100007562, -22.855899999487402]}, "properties": {"objectid": 1098, "cre": 8, "designacao": 817811, "denominacao": "Espaço de Desenvolvimento Infantil Norbertina de Souza Gouveia", "latitude": -22.8559, "longitude": -43.485381000000004, "tipo": "EDI"}}, {"type": "Feature", "id": 1099, "geometry": {"type": "Point", "coordinates": [-43.48406000040303, -22.868584999403936]}, "properties": {"objectid": 1099, "cre": 8, "designacao": 817812, "denominacao": "Espaço de Desenvolvimento Infantil Taquaral", "latitude": -22.868585, "longitude": -43.48406, "tipo": "EDI"}}, {"type": "Feature", "id": 1100, "geometry": {"type": "Point", "coordinates": [-43.48686100034734, -22.860021998955176]}, "properties": {"objectid": 1100, "cre": 8, "designacao": 817813, "denominacao": "Espaço de Desenvolvimento Infantil Vila Kennedy", "latitude": -22.860022, "longitude": -43.486861000000005, "tipo": "EDI"}}, {"type": "Feature", "id": 1101, "geometry": {"type": "Point", "coordinates": [-43.49035500040712, -22.89504899900457]}, "properties": {"objectid": 1101, "cre": 8, "designacao": 817814, "denominacao": "Espaço de Desenvolvimento Infantil Professora Giovana Bansi", "latitude": -22.895049, "longitude": -43.490355, "tipo": "EDI"}}, {"type": "Feature", "id": 1102, "geometry": {"type": "Point", "coordinates": [-43.47833200019275, -22.869534999467017]}, "properties": {"objectid": 1102, "cre": 8, "designacao": 817815, "denominacao": "Espaço de desenvolvimento Infantil Senhor João Gomes", "latitude": -22.869535, "longitude": -43.478331999999995, "tipo": "EDI"}}, {"type": "Feature", "id": 1103, "geometry": {"type": "Point", "coordinates": [-43.44983999957838, -22.8707599996734]}, "properties": {"objectid": 1103, "cre": 8, "designacao": 817816, "denominacao": "Espaço de Desenvolvimento Infantil  Pedro Moacyr", "latitude": -22.87076, "longitude": -43.44984, "tipo": "EDI"}}, {"type": "Feature", "id": 1104, "geometry": {"type": "Point", "coordinates": [-43.38324799990096, -22.849743999334834]}, "properties": {"objectid": 1104, "cre": 8, "designacao": 833001, "denominacao": "Escola Municipal Madre Benedita", "latitude": -22.849743999999998, "longitude": -43.383248, "tipo": "Escola Municipal"}}, {"type": "Feature", "id": 1105, "geometry": {"type": "Point", "coordinates": [-43.38240599972005, -22.853533999490857]}, "properties": {"objectid": 1105, "cre": 8, "designacao": 833002, "denominacao": "Escola Municipal Professora Juracy Silveira", "latitude": -22.853534, "longitude": -43.382405999999996, "tipo": "Escola Municipal"}}, {"type": "Feature", "id": 1106, "geometry": {"type": "Point", "coordinates": [-43.38660799995532, -22.85608699925019]}, "properties": {"objectid": 1106, "cre": 8, "designacao": 833004, "denominacao": "Escola Municipal Engenheiro Lafayette de Andrade", "latitude": -22.856087000000002, "longitude": -43.386608, "tipo": "Escola Municipal"}}, {"type": "Feature", "id": 1107, "geometry": {"type": "Point", "coordinates": [-43.38571100038023, -22.855151999327575]}, "properties": {"objectid": 1107, "cre": 8, "designacao": 833005, "denominacao": "Escola Especial Municipal Marechal Mascarenhas de Moraes", "latitude": -22.855152, "longitude": -43.385711, "tipo": "Escola Especial Municipal"}}, {"type": "Feature", "id": 1108, "geometry": {"type": "Point", "coordinates": [-43.39647100005152, -22.853558999238523]}, "properties": {"objectid": 1108, "cre": 8, "designacao": 833006, "denominacao": "Escola Municipal Condessa Pereira Carneiro", "latitude": -22.853559, "longitude": -43.396471, "tipo": "Escola Municipal"}}, {"type": "Feature", "id": 1109, "geometry": {"type": "Point", "coordinates": [-43.403255000046386, -22.864286999596015]}, "properties": {"objectid": 1109, "cre": 8, "designacao": 833007, "denominacao": "Escola Municipal Rosa da Fonseca", "latitude": -22.864287, "longitude": -43.403255, "tipo": "Escola Municipal"}}, {"type": "Feature", "id": 1110, "geometry": {"type": "Point", "coordinates": [-43.39665999969471, -22.885153999103515]}, "properties": {"objectid": 1110, "cre": 8, "designacao": 833009, "denominacao": "Escola Municipal Cel. Pm. Flavio Martins Albuquerque", "latitude": -22.885154, "longitude": -43.39666, "tipo": "Escola Municipal"}}, {"type": "Feature", "id": 1111, "geometry": {"type": "Point", "coordinates": [-43.37719700015587, -22.880238999431484]}, "properties": {"objectid": 1111, "cre": 8, "designacao": 833010, "denominacao": "Escola Municipal Campo dos Afonsos", "latitude": -22.880239, "longitude": -43.377196999999995, "tipo": "Escola Municipal"}}, {"type": "Feature", "id": 1112, "geometry": {"type": "Point", "coordinates": [-43.39247999975171, -22.88907599917584]}, "properties": {"objectid": 1112, "cre": 8, "designacao": 833011, "denominacao": "Escola Municipal Visconde de Porto Seguro", "latitude": -22.889076, "longitude": -43.39248, "tipo": "Escola Municipal"}}, {"type": "Feature", "id": 1113, "geometry": {"type": "Point", "coordinates": [-43.41839299989982, -22.86591199945755]}, "properties": {"objectid": 1113, "cre": 8, "designacao": 833012, "denominacao": "Escola Municipal Alvaro Alvim", "latitude": -22.865912, "longitude": -43.418393, "tipo": "Escola Municipal"}}, {"type": "Feature", "id": 1114, "geometry": {"type": "Point", "coordinates": [-43.41057100028483, -22.878275999762856]}, "properties": {"objectid": 1114, "cre": 8, "designacao": 833013, "denominacao": "Escola Municipal Polônia", "latitude": -22.878276, "longitude": -43.410571, "tipo": "Escola Municipal"}}, {"type": "Feature", "id": 1115, "geometry": {"type": "Point", "coordinates": [-43.41654000025179, -22.874110999614977]}, "properties": {"objectid": 1115, "cre": 8, "designacao": 833014, "denominacao": "Escola Municipal Churchill", "latitude": -22.874111, "longitude": -43.41654, "tipo": "Escola Municipal"}}, {"type": "Feature", "id": 1116, "geometry": {"type": "Point", "coordinates": [-43.41188300004123, -22.880131999468723]}, "properties": {"objectid": 1116, "cre": 8, "designacao": 833015, "denominacao": "Escola Municipal Aracy Muniz Freire", "latitude": -22.880132, "longitude": -43.411882999999996, "tipo": "Escola Municipal"}}, {"type": "Feature", "id": 1117, "geometry": {"type": "Point", "coordinates": [-43.416846999512494, -22.874235999441584]}, "properties": {"objectid": 1117, "cre": 8, "designacao": 833016, "denominacao": "Escola Municipal Mário Casasanta", "latitude": -22.874236000000003, "longitude": -43.416847000000004, "tipo": "Escola Municipal"}}, {"type": "Feature", "id": 1118, "geometry": {"type": "Point", "coordinates": [-43.410684999975686, -22.874155999512237]}, "properties": {"objectid": 1118, "cre": 8, "designacao": 833017, "denominacao": "Escola Municipal Guimarães Rosa", "latitude": -22.874156, "longitude": -43.410685, "tipo": "Escola Municipal"}}, {"type": "Feature", "id": 1119, "geometry": {"type": "Point", "coordinates": [-43.41315999963583, -22.881163999519348]}, "properties": {"objectid": 1119, "cre": 8, "designacao": 833018, "denominacao": "Escola Municipal Presidente Humberto de Alencar Castelo Branco", "latitude": -22.881164, "longitude": -43.41316, "tipo": "Escola Municipal"}}, {"type": "Feature", "id": 1120, "geometry": {"type": "Point", "coordinates": [-43.42449099977399, -22.867065998960005]}, "properties": {"objectid": 1120, "cre": 8, "designacao": 833019, "denominacao": "Escola Municipal Lima Barreto", "latitude": -22.867066, "longitude": -43.424490999999996, "tipo": "Escola Municipal"}}, {"type": "Feature", "id": 1121, "geometry": {"type": "Point", "coordinates": [-43.44387400034798, -22.85894499923106]}, "properties": {"objectid": 1121, "cre": 8, "designacao": 833020, "denominacao": "Escola Municipal Corintho da Fonseca", "latitude": -22.858945, "longitude": -43.443874, "tipo": "Escola Municipal"}}, {"type": "Feature", "id": 1122, "geometry": {"type": "Point", "coordinates": [-43.436482000349955, -22.875024999585346]}, "properties": {"objectid": 1122, "cre": 8, "designacao": 833021, "denominacao": "Escola Municipal Coronel Corsino do Amarante", "latitude": -22.875025, "longitude": -43.436482, "tipo": "Escola Municipal"}}, {"type": "Feature", "id": 1123, "geometry": {"type": "Point", "coordinates": [-43.433438999618446, -22.878442999597308]}, "properties": {"objectid": 1123, "cre": 8, "designacao": 833022, "denominacao": "Escola Municipal Nicarágua", "latitude": -22.878443, "longitude": -43.433439, "tipo": "Escola Municipal"}}, {"type": "Feature", "id": 1124, "geometry": {"type": "Point", "coordinates": [-43.44017100023846, -22.877240999244393]}, "properties": {"objectid": 1124, "cre": 8, "designacao": 833023, "denominacao": "Escola Municipal Pintor Lazar Segall", "latitude": -22.877240999999998, "longitude": -43.440171, "tipo": "Escola Municipal"}}, {"type": "Feature", "id": 1125, "geometry": {"type": "Point", "coordinates": [-43.438838999919305, -22.870094999566067]}, "properties": {"objectid": 1125, "cre": 8, "designacao": 833024, "denominacao": "Escola Municipal Presidente Roosevelt", "latitude": -22.870095000000003, "longitude": -43.438839, "tipo": "Escola Municipal"}}, {"type": "Feature", "id": 1126, "geometry": {"type": "Point", "coordinates": [-43.437538999685835, -22.87558499910572]}, "properties": {"objectid": 1126, "cre": 8, "designacao": 833025, "denominacao": "Escola Municipal Gil Vicente", "latitude": -22.875584999999997, "longitude": -43.437539, "tipo": "Escola Municipal"}}, {"type": "Feature", "id": 1127, "geometry": {"type": "Point", "coordinates": [-43.4168930002532, -22.880966999255808]}, "properties": {"objectid": 1127, "cre": 8, "designacao": 833026, "denominacao": "Escola Municipal Ramiz Galvão", "latitude": -22.880967000000002, "longitude": -43.416893, "tipo": "Escola Municipal"}}, {"type": "Feature", "id": 1128, "geometry": {"type": "Point", "coordinates": [-43.41492599990774, -22.886027999771795]}, "properties": {"objectid": 1128, "cre": 8, "designacao": 833027, "denominacao": "Escola Municipal José Pancetti", "latitude": -22.886028, "longitude": -43.414926, "tipo": "Escola Municipal"}}, {"type": "Feature", "id": 1129, "geometry": {"type": "Point", "coordinates": [-43.42410400018896, -22.880281999116757]}, "properties": {"objectid": 1129, "cre": 8, "designacao": 833028, "denominacao": "Escola Municipal Gabriel Soares de Souza", "latitude": -22.880281999999998, "longitude": -43.424104, "tipo": "Escola Municipal"}}, {"type": "Feature", "id": 1130, "geometry": {"type": "Point", "coordinates": [-43.417859999912494, -22.888207999022857]}, "properties": {"objectid": 1130, "cre": 8, "designacao": 833029, "denominacao": "Escola Municipal Azul e Branco", "latitude": -22.888208000000002, "longitude": -43.41786, "tipo": "Escola Municipal"}}, {"type": "Feature", "id": 1131, "geometry": {"type": "Point", "coordinates": [-43.426768000297535, -22.879308999163232]}, "properties": {"objectid": 1131, "cre": 8, "designacao": 833030, "denominacao": "Escola Municipal Jacques Raimundo", "latitude": -22.879309, "longitude": -43.426767999999996, "tipo": "Escola Municipal"}}, {"type": "Feature", "id": 1132, "geometry": {"type": "Point", "coordinates": [-43.41733000024367, -22.883858999308156]}, "properties": {"objectid": 1132, "cre": 8, "designacao": 833031, "denominacao": "Escola Municipal Tasso da Silveira", "latitude": -22.883859, "longitude": -43.41733, "tipo": "Escola Municipal"}}, {"type": "Feature", "id": 1133, "geometry": {"type": "Point", "coordinates": [-43.42664599976069, -22.883367999147264]}, "properties": {"objectid": 1133, "cre": 8, "designacao": 833032, "denominacao": "Escola Municipal Stella Guerra Duval", "latitude": -22.883367999999997, "longitude": -43.426646, "tipo": "Escola Municipal"}}, {"type": "Feature", "id": 1134, "geometry": {"type": "Point", "coordinates": [-43.418877999565005, -22.892739999589867]}, "properties": {"objectid": 1134, "cre": 8, "designacao": 833033, "denominacao": "Escola Municipal Dalva de Oliveira", "latitude": -22.89274, "longitude": -43.418878, "tipo": "Escola Municipal"}}, {"type": "Feature", "id": 1135, "geometry": {"type": "Point", "coordinates": [-43.430003000093585, -22.86744299949249]}, "properties": {"objectid": 1135, "cre": 8, "designacao": 833034, "denominacao": "Escola Municipal Senador Camará", "latitude": -22.867443, "longitude": -43.430003, "tipo": "Escola Municipal"}}, {"type": "Feature", "id": 1136, "geometry": {"type": "Point", "coordinates": [-43.43243199991326, -22.871849999484983]}, "properties": {"objectid": 1136, "cre": 8, "designacao": 833035, "denominacao": "Escola Municipal Baronesa de Saavedra", "latitude": -22.871850000000002, "longitude": -43.432432, "tipo": "Escola Municipal"}}, {"type": "Feature", "id": 1137, "geometry": {"type": "Point", "coordinates": [-43.44121900041597, -22.892990999468854]}, "properties": {"objectid": 1137, "cre": 8, "designacao": 833036, "denominacao": "Escola Municipal Paulo Maranhão", "latitude": -22.892991000000002, "longitude": -43.441219000000004, "tipo": "Escola Municipal"}}, {"type": "Feature", "id": 1138, "geometry": {"type": "Point", "coordinates": [-43.4282769998597, -22.882598998871465]}, "properties": {"objectid": 1138, "cre": 8, "designacao": 833037, "denominacao": "Escola Municipal Carlos Maul", "latitude": -22.882599, "longitude": -43.428276999999994, "tipo": "Escola Municipal"}}, {"type": "Feature", "id": 1139, "geometry": {"type": "Point", "coordinates": [-43.434620000143084, -22.886823999002836]}, "properties": {"objectid": 1139, "cre": 8, "designacao": 833038, "denominacao": "Escola Municipal Estado de Israel", "latitude": -22.886824, "longitude": -43.43462, "tipo": "Escola Municipal"}}, {"type": "Feature", "id": 1140, "geometry": {"type": "Point", "coordinates": [-43.425157999731084, -22.885893999584233]}, "properties": {"objectid": 1140, "cre": 8, "designacao": 833039, "denominacao": "Escola Municipal Átila Nunes", "latitude": -22.885894, "longitude": -43.425158, "tipo": "Escola Municipal"}}, {"type": "Feature", "id": 1141, "geometry": {"type": "Point", "coordinates": [-43.44521199998984, -22.894308999314234]}, "properties": {"objectid": 1141, "cre": 8, "designacao": 833040, "denominacao": "Escola Municipal Rondon", "latitude": -22.894309, "longitude": -43.445212, "tipo": "Escola Municipal"}}, {"type": "Feature", "id": 1142, "geometry": {"type": "Point", "coordinates": [-43.43159299966969, -22.89106599934141]}, "properties": {"objectid": 1142, "cre": 8, "designacao": 833041, "denominacao": "Escola Municipal Miguel Ramalho Novo", "latitude": -22.891066, "longitude": -43.431593, "tipo": "Escola Municipal"}}, {"type": "Feature", "id": 1143, "geometry": {"type": "Point", "coordinates": [-43.42945099974313, -22.88345699900516]}, "properties": {"objectid": 1143, "cre": 8, "designacao": 833042, "denominacao": "Escola Municipal Padre Leonel Franca", "latitude": -22.883457000000003, "longitude": -43.429451, "tipo": "Escola Municipal"}}, {"type": "Feature", "id": 1144, "geometry": {"type": "Point", "coordinates": [-43.43318699999214, -22.894567998879502]}, "properties": {"objectid": 1144, "cre": 8, "designacao": 833043, "denominacao": "Escola Municipal Tenente Cel. PM Eduardo Villaça", "latitude": -22.894568, "longitude": -43.433187000000004, "tipo": "Escola Municipal"}}, {"type": "Feature", "id": 1145, "geometry": {"type": "Point", "coordinates": [-43.417344999797244, -22.889039999635177]}, "properties": {"objectid": 1145, "cre": 8, "designacao": 833044, "denominacao": "Escola Municipal Eduardo de Almeida Cardoso", "latitude": -22.889039999999998, "longitude": -43.417345, "tipo": "Escola Municipal"}}, {"type": "Feature", "id": 1146, "geometry": {"type": "Point", "coordinates": [-43.425093000306354, -22.864903999737393]}, "properties": {"objectid": 1146, "cre": 8, "designacao": 833045, "denominacao": "Escola Municipal Costa do Marfim", "latitude": -22.864904, "longitude": -43.425093, "tipo": "Escola Municipal"}}, {"type": "Feature", "id": 1147, "geometry": {"type": "Point", "coordinates": [-43.426474999791374, -22.884449999488993]}, "properties": {"objectid": 1147, "cre": 8, "designacao": 833046, "denominacao": "Escola Municipal Professor Afonso Henrique Saldanha", "latitude": -22.88445, "longitude": -43.426475, "tipo": "Escola Municipal"}}, {"type": "Feature", "id": 1148, "geometry": {"type": "Point", "coordinates": [-43.416418000086296, -22.881572999246455]}, "properties": {"objectid": 1148, "cre": 8, "designacao": 833048, "denominacao": "Escola Municipal Luiz da Câmara Cascudo", "latitude": -22.881573, "longitude": -43.416418, "tipo": "Escola Municipal"}}, {"type": "Feature", "id": 1149, "geometry": {"type": "Point", "coordinates": [-43.42693299984619, -22.88197599907388]}, "properties": {"objectid": 1149, "cre": 8, "designacao": 833201, "denominacao": "Ciep Frei Veloso", "latitude": -22.881976, "longitude": -43.426933000000005, "tipo": "CIEP"}}, {"type": "Feature", "id": 1150, "geometry": {"type": "Point", "coordinates": [-43.39567900021854, -22.853521999013193]}, "properties": {"objectid": 1150, "cre": 8, "designacao": 833501, "denominacao": "Escola Municipal Professor Ivan Rocco Marchi", "latitude": -22.853522, "longitude": -43.395679, "tipo": "Escola Municipal"}}, {"type": "Feature", "id": 1151, "geometry": {"type": "Point", "coordinates": [-43.445358999841126, -22.863105999108324]}, "properties": {"objectid": 1151, "cre": 8, "designacao": 833502, "denominacao": "Ciep Marechal Henrique Teixeira Lott", "latitude": -22.863106, "longitude": -43.445359, "tipo": "CIEP"}}, {"type": "Feature", "id": 1152, "geometry": {"type": "Point", "coordinates": [-43.425148999856255, -22.866521999014385]}, "properties": {"objectid": 1152, "cre": 8, "designacao": 833503, "denominacao": "Ciep Thomas Jefferson", "latitude": -22.866522, "longitude": -43.425149, "tipo": "CIEP"}}, {"type": "Feature", "id": 1153, "geometry": {"type": "Point", "coordinates": [-43.43062299970064, -22.890366999526666]}, "properties": {"objectid": 1153, "cre": 8, "designacao": 833504, "denominacao": "Ciep Francisco Solano Trindade", "latitude": -22.890367, "longitude": -43.430623, "tipo": "CIEP"}}, {"type": "Feature", "id": 1154, "geometry": {"type": "Point", "coordinates": [-43.38437500033169, -22.88941699894259]}, "properties": {"objectid": 1154, "cre": 8, "designacao": 833505, "denominacao": "Ciep Aracy de Almeida (cantora)", "latitude": -22.889416999999998, "longitude": -43.384375000000006, "tipo": "CIEP"}}, {"type": "Feature", "id": 1155, "geometry": {"type": "Point", "coordinates": [-43.430643999774816, -22.880627999393155]}, "properties": {"objectid": 1155, "cre": 8, "designacao": 833601, "denominacao": "Creche Municipal Casa de Realengo", "latitude": -22.880628, "longitude": -43.430644, "tipo": "Creche Municipal"}}, {"type": "Feature", "id": 1156, "geometry": {"type": "Point", "coordinates": [-43.4171870003273, -22.883526999107833]}, "properties": {"objectid": 1156, "cre": 8, "designacao": 833602, "denominacao": "Creche Municipal Julinho Cacau", "latitude": -22.883527, "longitude": -43.417187, "tipo": "Creche Municipal"}}, {"type": "Feature", "id": 1157, "geometry": {"type": "Point", "coordinates": [-43.39609399965963, -22.85302399919424]}, "properties": {"objectid": 1157, "cre": 8, "designacao": 833603, "denominacao": "Creche Municipal Silveirinha", "latitude": -22.853024, "longitude": -43.396094, "tipo": "Creche Municipal"}}, {"type": "Feature", "id": 1158, "geometry": {"type": "Point", "coordinates": [-43.41070699981236, -22.887659999645475]}, "properties": {"objectid": 1158, "cre": 8, "designacao": 833801, "denominacao": "Espaço de Desenvolvimento Infantil Gessica Guedes Pereira", "latitude": -22.88766, "longitude": -43.410706999999995, "tipo": "EDI"}}, {"type": "Feature", "id": 1159, "geometry": {"type": "Point", "coordinates": [-43.44524400005729, -22.86393399959082]}, "properties": {"objectid": 1159, "cre": 8, "designacao": 833802, "denominacao": "Espaço de Desenvolvimento Infantil Professora Zena Elian", "latitude": -22.863934, "longitude": -43.445244, "tipo": "EDI"}}, {"type": "Feature", "id": 1160, "geometry": {"type": "Point", "coordinates": [-43.39094199979767, -22.85992699941759]}, "properties": {"objectid": 1160, "cre": 8, "designacao": 833803, "denominacao": "Espaço de Desenvolvimento Infantil Frei Orlando", "latitude": -22.859927, "longitude": -43.390942, "tipo": "EDI"}}, {"type": "Feature", "id": 1161, "geometry": {"type": "Point", "coordinates": [-43.417751000479555, -22.88858299937589]}, "properties": {"objectid": 1161, "cre": 8, "designacao": 833804, "denominacao": "Espaço de Desenvolvimento Infantil Orígenes Lessa", "latitude": -22.888583, "longitude": -43.417751, "tipo": "EDI"}}, {"type": "Feature", "id": 1162, "geometry": {"type": "Point", "coordinates": [-43.38985699990389, -22.855757999139385]}, "properties": {"objectid": 1162, "cre": 8, "designacao": 833805, "denominacao": "Espaço de Desenvolvimento Infantil Deodoro", "latitude": -22.855757999999998, "longitude": -43.389857, "tipo": "EDI"}}, {"type": "Feature", "id": 1163, "geometry": {"type": "Point", "coordinates": [-43.4479459997006, -22.895021999111865]}, "properties": {"objectid": 1163, "cre": 8, "designacao": 833806, "denominacao": "Espaço de Desenvolvimento Infantil Professor Cristiano Pinto de Moraes Bispo", "latitude": -22.895022, "longitude": -43.447945999999995, "tipo": "EDI"}}, {"type": "Feature", "id": 1164, "geometry": {"type": "Point", "coordinates": [-43.419502999734696, -22.893767999348018]}, "properties": {"objectid": 1164, "cre": 8, "designacao": 833807, "denominacao": "Espaço de Desenvolvimento Infantil Luiza Paula da Silveira Machado", "latitude": -22.893767999999998, "longitude": -43.419503, "tipo": "EDI"}}, {"type": "Feature", "id": 1165, "geometry": {"type": "Point", "coordinates": [-43.44653900046659, -22.860858999164634]}, "properties": {"objectid": 1165, "cre": 8, "designacao": 833808, "denominacao": "Espaço de Desenvolvimento Infantil Professora Vanuzia Bastos da Silva", "latitude": -22.860859, "longitude": -43.446539, "tipo": "EDI"}}, {"type": "Feature", "id": 1166, "geometry": {"type": "Point", "coordinates": [-43.44395999980706, -22.85936899932657]}, "properties": {"objectid": 1166, "cre": 8, "designacao": 833809, "denominacao": "Espaço de Desenvolvimento Infantil Maria Cecília Ferreira", "latitude": -22.859369, "longitude": -43.44396, "tipo": "EDI"}}, {"type": "Feature", "id": 1167, "geometry": {"type": "Point", "coordinates": [-43.43052600011441, -22.859012999605454]}, "properties": {"objectid": 1167, "cre": 8, "designacao": 833810, "denominacao": "Espaço de Desenvolvimento Infantil Medalhista Olímpico Sérgio Dutra Santos", "latitude": -22.859013, "longitude": -43.430526, "tipo": "EDI"}}, {"type": "Feature", "id": 1168, "geometry": {"type": "Point", "coordinates": [-43.414360999604995, -22.86893699926335]}, "properties": {"objectid": 1168, "cre": 8, "designacao": 833811, "denominacao": "Espaço de Desenvolvimento Infantil Medalhista Olímpica Rafaela Lopes Silva", "latitude": -22.868937, "longitude": -43.414361, "tipo": "EDI"}}, {"type": "Feature", "id": 1169, "geometry": {"type": "Point", "coordinates": [-43.39640000048842, -22.853679999012144]}, "properties": {"objectid": 1169, "cre": 8, "designacao": 833812, "denominacao": "Espaço de Desenvolvimento Infantil  Condessa Pereira Carneiro", "latitude": -22.85368, "longitude": -43.3964, "tipo": "EDI"}}, {"type": "Feature", "id": 1170, "geometry": {"type": "Point", "coordinates": [-43.41215000020387, -22.880279998952417]}, "properties": {"objectid": 1170, "cre": 8, "designacao": 833813, "denominacao": "Espaço de Desenvolvimento Infantil  Aracy Muniz Freire", "latitude": -22.88028, "longitude": -43.412150000000004, "tipo": "EDI"}}, {"type": "Feature", "id": 1171, "geometry": {"type": "Point", "coordinates": [-43.42373999953546, -22.88026999914827]}, "properties": {"objectid": 1171, "cre": 8, "designacao": 833814, "denominacao": "Espaço de Desenvolvimento Infantil  Gabriel Soares de Souza", "latitude": -22.88027, "longitude": -43.423739999999995, "tipo": "EDI"}}, {"type": "Feature", "id": 1172, "geometry": {"type": "Point", "coordinates": [-43.419629999735164, -22.892799998905115]}, "properties": {"objectid": 1172, "cre": 8, "designacao": 833815, "denominacao": "Espaço de Desenvolvimento Infantil  Eduardo de Almeida Cardoso", "latitude": -22.8928, "longitude": -43.419630000000005, "tipo": "EDI"}}, {"type": "Feature", "id": 1173, "geometry": {"type": "Point", "coordinates": [-43.59580099988709, -22.910565999441726]}, "properties": {"objectid": 1173, "cre": 9, "designacao": 918001, "denominacao": "Escola Municipal Alba Canizares do Nascimento", "latitude": -22.910566, "longitude": -43.595800999999994, "tipo": "Escola Municipal"}}, {"type": "Feature", "id": 1174, "geometry": {"type": "Point", "coordinates": [-43.595817999730116, -22.910263999630562]}, "properties": {"objectid": 1174, "cre": 9, "designacao": 918002, "denominacao": "Escola Municipal Professora Orminda Rodrigues", "latitude": -22.910263999999998, "longitude": -43.595817999999994, "tipo": "Escola Municipal"}}, {"type": "Feature", "id": 1175, "geometry": {"type": "Point", "coordinates": [-43.58503800022872, -22.91426799900153]}, "properties": {"objectid": 1175, "cre": 9, "designacao": 918003, "denominacao": "Escola Municipal Iva Gomes Ribeiro", "latitude": -22.914268, "longitude": -43.585038000000004, "tipo": "Escola Municipal"}}, {"type": "Feature", "id": 1176, "geometry": {"type": "Point", "coordinates": [-43.5921679999161, -22.896525999731335]}, "properties": {"objectid": 1176, "cre": 9, "designacao": 918004, "denominacao": "Escola Municipal Primário Atenas", "latitude": -22.896525999999998, "longitude": -43.592168, "tipo": "Escola Municipal"}}, {"type": "Feature", "id": 1177, "geometry": {"type": "Point", "coordinates": [-43.596117999826554, -22.891384999430432]}, "properties": {"objectid": 1177, "cre": 9, "designacao": 918005, "denominacao": "Escola Municipal Lycio de Souza Carvalho", "latitude": -22.891385, "longitude": -43.596118, "tipo": "Escola Municipal"}}, {"type": "Feature", "id": 1178, "geometry": {"type": "Point", "coordinates": [-43.60008600024869, -22.90150899977387]}, "properties": {"objectid": 1178, "cre": 9, "designacao": 918006, "denominacao": "Escola Municipal Primário Professor Augusto José Machado (Antiga EM Jardim Guararapes)", "latitude": -22.901508999999997, "longitude": -43.600086000000005, "tipo": "Escola Municipal"}}, {"type": "Feature", "id": 1179, "geometry": {"type": "Point", "coordinates": [-43.616052999947655, -22.910968999431148]}, "properties": {"objectid": 1179, "cre": 9, "designacao": 918007, "denominacao": "Escola Municipal Presidente Antônio Carlos", "latitude": -22.910969, "longitude": -43.616053, "tipo": "Escola Municipal"}}, {"type": "Feature", "id": 1180, "geometry": {"type": "Point", "coordinates": [-43.60748800010233, -22.914698999521327]}, "properties": {"objectid": 1180, "cre": 9, "designacao": 918008, "denominacao": "Escola Municipal Alberto Nepomuceno", "latitude": -22.914699, "longitude": -43.607488, "tipo": "Escola Municipal"}}, {"type": "Feature", "id": 1181, "geometry": {"type": "Point", "coordinates": [-43.601577000086934, -22.888995999193696]}, "properties": {"objectid": 1181, "cre": 9, "designacao": 918009, "denominacao": "Escola Municipal Rômulo Gallegos", "latitude": -22.888996, "longitude": -43.601577, "tipo": "Escola Municipal"}}, {"type": "Feature", "id": 1182, "geometry": {"type": "Point", "coordinates": [-43.6045579997019, -22.888892999670826]}, "properties": {"objectid": 1182, "cre": 9, "designacao": 918010, "denominacao": "Escola Municipal Barão de Santa Margarida", "latitude": -22.888893, "longitude": -43.604558000000004, "tipo": "Escola Municipal"}}, {"type": "Feature", "id": 1183, "geometry": {"type": "Point", "coordinates": [-43.60957499984056, -22.88715799914876]}, "properties": {"objectid": 1183, "cre": 9, "designacao": 918011, "denominacao": "Escola Municipal Professor Manoel Maurício", "latitude": -22.887158, "longitude": -43.609575, "tipo": "Escola Municipal"}}, {"type": "Feature", "id": 1184, "geometry": {"type": "Point", "coordinates": [-43.61287500007115, -22.91525199967221]}, "properties": {"objectid": 1184, "cre": 9, "designacao": 918012, "denominacao": "Escola Municipal Professora Maria Luiza Lima e Silva", "latitude": -22.915252, "longitude": -43.612875, "tipo": "Escola Municipal"}}, {"type": "Feature", "id": 1185, "geometry": {"type": "Point", "coordinates": [-43.560740000308485, -22.906253999547392]}, "properties": {"objectid": 1185, "cre": 9, "designacao": 918013, "denominacao": "Escola Municipal Venezuela", "latitude": -22.906253999999997, "longitude": -43.560739999999996, "tipo": "Escola Municipal"}}, {"type": "Feature", "id": 1186, "geometry": {"type": "Point", "coordinates": [-43.549236999591, -22.90545699953815]}, "properties": {"objectid": 1186, "cre": 9, "designacao": 918016, "denominacao": "Escola Municipal Ubaldina Dias Jacaré", "latitude": -22.905457000000002, "longitude": -43.549237, "tipo": "Escola Municipal"}}, {"type": "Feature", "id": 1187, "geometry": {"type": "Point", "coordinates": [-43.51877300028266, -22.92315399938198]}, "properties": {"objectid": 1187, "cre": 9, "designacao": 918017, "denominacao": "Escola Municipal Alfredo Cesário Alvim", "latitude": -22.923154, "longitude": -43.518773, "tipo": "Escola Municipal"}}, {"type": "Feature", "id": 1188, "geometry": {"type": "Point", "coordinates": [-43.55835600033615, -22.917491999446394]}, "properties": {"objectid": 1188, "cre": 9, "designacao": 918019, "denominacao": "Escola Municipal João Proença", "latitude": -22.917492, "longitude": -43.558356, "tipo": "Escola Municipal"}}, {"type": "Feature", "id": 1189, "geometry": {"type": "Point", "coordinates": [-43.54897499995803, -22.90156799975971]}, "properties": {"objectid": 1189, "cre": 9, "designacao": 918020, "denominacao": "Escola Municipal Rosaria Trotta", "latitude": -22.901567999999997, "longitude": -43.548975000000006, "tipo": "Escola Municipal"}}, {"type": "Feature", "id": 1190, "geometry": {"type": "Point", "coordinates": [-43.559982000345194, -22.933313999239907]}, "properties": {"objectid": 1190, "cre": 9, "designacao": 918021, "denominacao": "Escola Municipal Professor Felipe Santiago", "latitude": -22.933314, "longitude": -43.559982, "tipo": "Escola Municipal"}}, {"type": "Feature", "id": 1191, "geometry": {"type": "Point", "coordinates": [-43.53836299968447, -22.917587999066274]}, "properties": {"objectid": 1191, "cre": 9, "designacao": 918022, "denominacao": "Escola Municipal Castro Alves", "latitude": -22.917588000000002, "longitude": -43.538363, "tipo": "Escola Municipal"}}, {"type": "Feature", "id": 1192, "geometry": {"type": "Point", "coordinates": [-43.54966499996818, -22.91048699945078]}, "properties": {"objectid": 1192, "cre": 9, "designacao": 918024, "denominacao": "Escola Municipal Dom Meinrado", "latitude": -22.910487, "longitude": -43.549665, "tipo": "Escola Municipal"}}, {"type": "Feature", "id": 1193, "geometry": {"type": "Point", "coordinates": [-43.56623299996148, -22.925135999735055]}, "properties": {"objectid": 1193, "cre": 9, "designacao": 918025, "denominacao": "Escola Municipal Miguel de Larreinaga", "latitude": -22.925136000000002, "longitude": -43.566233000000004, "tipo": "Escola Municipal"}}, {"type": "Feature", "id": 1194, "geometry": {"type": "Point", "coordinates": [-43.53567600022182, -22.909176999202817]}, "properties": {"objectid": 1194, "cre": 9, "designacao": 918026, "denominacao": "Escola Municipal Mafalda Teixeira de Alvarenga", "latitude": -22.909177, "longitude": -43.535676, "tipo": "Escola Municipal"}}, {"type": "Feature", "id": 1195, "geometry": {"type": "Point", "coordinates": [-43.53227700027987, -22.915046999004794]}, "properties": {"objectid": 1195, "cre": 9, "designacao": 918027, "denominacao": "Escola Municipal Rubens de Farias Neves", "latitude": -22.915046999999998, "longitude": -43.532277, "tipo": "Escola Municipal"}}, {"type": "Feature", "id": 1196, "geometry": {"type": "Point", "coordinates": [-43.571676000102, -22.906363999235825]}, "properties": {"objectid": 1196, "cre": 9, "designacao": 918028, "denominacao": "Escola Municipal Almirante Saldanha da Gama", "latitude": -22.906364, "longitude": -43.571676, "tipo": "Escola Municipal"}}, {"type": "Feature", "id": 1197, "geometry": {"type": "Point", "coordinates": [-43.56454200026515, -22.921061999501628]}, "properties": {"objectid": 1197, "cre": 9, "designacao": 918029, "denominacao": "Escola Municipal Presidente Arthur Bernardes", "latitude": -22.921062, "longitude": -43.564542, "tipo": "Escola Municipal"}}, {"type": "Feature", "id": 1198, "geometry": {"type": "Point", "coordinates": [-43.57494700022681, -22.932022999672686]}, "properties": {"objectid": 1198, "cre": 9, "designacao": 918030, "denominacao": "Escola Municipal Raymundo Corrêa", "latitude": -22.932022999999997, "longitude": -43.574947, "tipo": "Escola Municipal"}}, {"type": "Feature", "id": 1199, "geometry": {"type": "Point", "coordinates": [-43.57554300031837, -22.91158099928366]}, "properties": {"objectid": 1199, "cre": 9, "designacao": 918031, "denominacao": "Escola Municipal George Washington", "latitude": -22.911581, "longitude": -43.575542999999996, "tipo": "Escola Municipal"}}, {"type": "Feature", "id": 1200, "geometry": {"type": "Point", "coordinates": [-43.5603080003295, -22.923074999281834]}, "properties": {"objectid": 1200, "cre": 9, "designacao": 918032, "denominacao": "Escola Municipal Doutor Nelcy Noronha", "latitude": -22.923075, "longitude": -43.560308, "tipo": "Escola Municipal"}}, {"type": "Feature", "id": 1201, "geometry": {"type": "Point", "coordinates": [-43.54330199979443, -22.90736799975595]}, "properties": {"objectid": 1201, "cre": 9, "designacao": 918033, "denominacao": "Escola Municipal Professor Gilberto Bento da Silva", "latitude": -22.907367999999998, "longitude": -43.543302000000004, "tipo": "Escola Municipal"}}, {"type": "Feature", "id": 1202, "geometry": {"type": "Point", "coordinates": [-43.546837999743246, -22.919592999239832]}, "properties": {"objectid": 1202, "cre": 9, "designacao": 918034, "denominacao": "Escola Municipal Jesus Soares Pereira", "latitude": -22.919593, "longitude": -43.546838, "tipo": "Escola Municipal"}}, {"type": "Feature", "id": 1203, "geometry": {"type": "Point", "coordinates": [-43.57325699989907, -22.93993199909642]}, "properties": {"objectid": 1203, "cre": 9, "designacao": 918035, "denominacao": "Escola Municipal Mane Garrincha - Alegria do Povo", "latitude": -22.939932000000002, "longitude": -43.573257, "tipo": "Escola Municipal"}}, {"type": "Feature", "id": 1204, "geometry": {"type": "Point", "coordinates": [-43.58473500039515, -22.908585999761073]}, "properties": {"objectid": 1204, "cre": 9, "designacao": 918036, "denominacao": "Escola Municipal Professor Paulo Silva", "latitude": -22.908586, "longitude": -43.584734999999995, "tipo": "Escola Municipal"}}, {"type": "Feature", "id": 1205, "geometry": {"type": "Point", "coordinates": [-43.585640999780615, -22.9106719997046]}, "properties": {"objectid": 1205, "cre": 9, "designacao": 918037, "denominacao": "Escola Municipal Santa Isabel", "latitude": -22.910671999999998, "longitude": -43.585641, "tipo": "Escola Municipal"}}, {"type": "Feature", "id": 1206, "geometry": {"type": "Point", "coordinates": [-43.55166900040006, -22.910372999167148]}, "properties": {"objectid": 1206, "cre": 9, "designacao": 918038, "denominacao": "Escola Municipal Pugilista Virgulino Isaias de Oliveira", "latitude": -22.910373, "longitude": -43.551669000000004, "tipo": "Escola Municipal"}}, {"type": "Feature", "id": 1207, "geometry": {"type": "Point", "coordinates": [-43.58106099976068, -22.916718999444587]}, "properties": {"objectid": 1207, "cre": 9, "designacao": 918039, "denominacao": "Escola Municipal São Camilo de Lelis", "latitude": -22.916719, "longitude": -43.581061000000005, "tipo": "Escola Municipal"}}, {"type": "Feature", "id": 1208, "geometry": {"type": "Point", "coordinates": [-43.55046600030524, -22.90080999934746]}, "properties": {"objectid": 1208, "cre": 9, "designacao": 918040, "denominacao": "Escola Municipal Professora Marita de Vasconcelos", "latitude": -22.90081, "longitude": -43.550466, "tipo": "Escola Municipal"}}, {"type": "Feature", "id": 1209, "geometry": {"type": "Point", "coordinates": [-43.610764999544905, -22.892076999131064]}, "properties": {"objectid": 1209, "cre": 9, "designacao": 918041, "denominacao": "Escola Municipal Antonia Vargas Cuquejo", "latitude": -22.892077, "longitude": -43.610765, "tipo": "Escola Municipal"}}, {"type": "Feature", "id": 1210, "geometry": {"type": "Point", "coordinates": [-43.51200500042215, -22.8809089996119]}, "properties": {"objectid": 1210, "cre": 9, "designacao": 918042, "denominacao": "Escola Municipal Fernando Barata Ribeiro", "latitude": -22.880909, "longitude": -43.512005, "tipo": "Escola Municipal"}}, {"type": "Feature", "id": 1211, "geometry": {"type": "Point", "coordinates": [-43.523423999539126, -22.862575999664095]}, "properties": {"objectid": 1211, "cre": 9, "designacao": 918043, "denominacao": "Escola Municipal Tenente Góes Monteiro", "latitude": -22.862576, "longitude": -43.523424000000006, "tipo": "Escola Municipal"}}, {"type": "Feature", "id": 1212, "geometry": {"type": "Point", "coordinates": [-43.53058000042296, -22.876761999541245]}, "properties": {"objectid": 1212, "cre": 9, "designacao": 918044, "denominacao": "Escola Municipal Ernesto Nazareth", "latitude": -22.876762, "longitude": -43.53058, "tipo": "Escola Municipal"}}, {"type": "Feature", "id": 1213, "geometry": {"type": "Point", "coordinates": [-43.551248000268096, -22.884392998908677]}, "properties": {"objectid": 1213, "cre": 9, "designacao": 918045, "denominacao": "Escola Municipal Visconde do Rio Branco", "latitude": -22.884393, "longitude": -43.551248, "tipo": "Escola Municipal"}}, {"type": "Feature", "id": 1214, "geometry": {"type": "Point", "coordinates": [-43.51311499958663, -22.867450999740587]}, "properties": {"objectid": 1214, "cre": 9, "designacao": 918046, "denominacao": "Escola Municipal Primário Samuel Wainer", "latitude": -22.867451, "longitude": -43.513115, "tipo": "Escola Municipal"}}, {"type": "Feature", "id": 1215, "geometry": {"type": "Point", "coordinates": [-43.541386999906635, -22.897826999213358]}, "properties": {"objectid": 1215, "cre": 9, "designacao": 918047, "denominacao": "Escola Municipal Belisário Pena", "latitude": -22.897827, "longitude": -43.541387, "tipo": "Escola Municipal"}}, {"type": "Feature", "id": 1216, "geometry": {"type": "Point", "coordinates": [-43.54443500031007, -22.893846999373263]}, "properties": {"objectid": 1216, "cre": 9, "designacao": 918048, "denominacao": "Escola Municipal Teodoro Sampaio", "latitude": -22.893846999999997, "longitude": -43.544435, "tipo": "Escola Municipal"}}, {"type": "Feature", "id": 1217, "geometry": {"type": "Point", "coordinates": [-43.542338000309506, -22.89611499939331]}, "properties": {"objectid": 1217, "cre": 9, "designacao": 918049, "denominacao": "Escola Municipal Rio Grande do Norte", "latitude": -22.896115, "longitude": -43.542338, "tipo": "Escola Municipal"}}, {"type": "Feature", "id": 1218, "geometry": {"type": "Point", "coordinates": [-43.55284599960068, -22.836339999263622]}, "properties": {"objectid": 1218, "cre": 9, "designacao": 918051, "denominacao": "Escola Municipal Professor Floriano de Brito", "latitude": -22.83634, "longitude": -43.552845999999995, "tipo": "Escola Municipal"}}, {"type": "Feature", "id": 1219, "geometry": {"type": "Point", "coordinates": [-43.54096499980667, -22.85722299941447]}, "properties": {"objectid": 1219, "cre": 9, "designacao": 918052, "denominacao": "Escola Municipal Casemiro de Abreu", "latitude": -22.857222999999998, "longitude": -43.540965, "tipo": "Escola Municipal"}}, {"type": "Feature", "id": 1220, "geometry": {"type": "Point", "coordinates": [-43.56025600012633, -22.87565999957158]}, "properties": {"objectid": 1220, "cre": 9, "designacao": 918053, "denominacao": "Escola Municipal Professor Manuel Said Ali", "latitude": -22.87566, "longitude": -43.560256, "tipo": "Escola Municipal"}}, {"type": "Feature", "id": 1221, "geometry": {"type": "Point", "coordinates": [-43.560379999823276, -22.884552999533486]}, "properties": {"objectid": 1221, "cre": 9, "designacao": 918054, "denominacao": "Escola Municipal Baltazar Lisboa", "latitude": -22.884553, "longitude": -43.560379999999995, "tipo": "Escola Municipal"}}, {"type": "Feature", "id": 1222, "geometry": {"type": "Point", "coordinates": [-43.5632649998213, -22.890667998956783]}, "properties": {"objectid": 1222, "cre": 9, "designacao": 918055, "denominacao": "Escola Municipal Charles Peguy", "latitude": -22.890667999999998, "longitude": -43.563265, "tipo": "Escola Municipal"}}, {"type": "Feature", "id": 1223, "geometry": {"type": "Point", "coordinates": [-43.558844000255206, -22.89740099960568]}, "properties": {"objectid": 1223, "cre": 9, "designacao": 918056, "denominacao": "Escola Municipal Augusto Vasconcelos", "latitude": -22.897401000000002, "longitude": -43.558844, "tipo": "Escola Municipal"}}, {"type": "Feature", "id": 1224, "geometry": {"type": "Point", "coordinates": [-43.555641999838315, -22.868903999519677]}, "properties": {"objectid": 1224, "cre": 9, "designacao": 918057, "denominacao": "Escola Municipal Tóquio", "latitude": -22.868904, "longitude": -43.555642, "tipo": "Escola Municipal"}}, {"type": "Feature", "id": 1225, "geometry": {"type": "Point", "coordinates": [-43.55788399988827, -22.88742399910775]}, "properties": {"objectid": 1225, "cre": 9, "designacao": 918058, "denominacao": "Escola Municipal Almirante Frontin", "latitude": -22.887424, "longitude": -43.557884, "tipo": "Escola Municipal"}}, {"type": "Feature", "id": 1226, "geometry": {"type": "Point", "coordinates": [-43.56886099975968, -22.89780699947232]}, "properties": {"objectid": 1226, "cre": 9, "designacao": 918059, "denominacao": "Escola Municipal Halfeld", "latitude": -22.897807, "longitude": -43.568861000000005, "tipo": "Escola Municipal"}}, {"type": "Feature", "id": 1227, "geometry": {"type": "Point", "coordinates": [-43.565862000142765, -22.881367999490656]}, "properties": {"objectid": 1227, "cre": 9, "designacao": 918060, "denominacao": "Escola Municipal Jorge de Lima", "latitude": -22.881368, "longitude": -43.565862, "tipo": "Escola Municipal"}}, {"type": "Feature", "id": 1228, "geometry": {"type": "Point", "coordinates": [-43.56941199990126, -22.884066998992488]}, "properties": {"objectid": 1228, "cre": 9, "designacao": 918061, "denominacao": "Escola Municipal Amazonas", "latitude": -22.884067, "longitude": -43.569412, "tipo": "Escola Municipal"}}, {"type": "Feature", "id": 1229, "geometry": {"type": "Point", "coordinates": [-43.58359499993779, -22.877670999318994]}, "properties": {"objectid": 1229, "cre": 9, "designacao": 918062, "denominacao": "Escola Municipal Luiz Edmundo", "latitude": -22.877671, "longitude": -43.583595, "tipo": "Escola Municipal"}}, {"type": "Feature", "id": 1230, "geometry": {"type": "Point", "coordinates": [-43.581043999920226, -22.889898999647713]}, "properties": {"objectid": 1230, "cre": 9, "designacao": 918064, "denominacao": "Escola Municipal Rainha Vitoria", "latitude": -22.889899, "longitude": -43.581044000000006, "tipo": "Escola Municipal"}}, {"type": "Feature", "id": 1231, "geometry": {"type": "Point", "coordinates": [-43.593990999785944, -22.89035999923092]}, "properties": {"objectid": 1231, "cre": 9, "designacao": 918065, "denominacao": "Escola Municipal Fernando Costa", "latitude": -22.89036, "longitude": -43.593990999999995, "tipo": "Escola Municipal"}}, {"type": "Feature", "id": 1232, "geometry": {"type": "Point", "coordinates": [-43.576395999541944, -22.885085999245316]}, "properties": {"objectid": 1232, "cre": 9, "designacao": 918068, "denominacao": "Escola Municipal Benjamin Franklin", "latitude": -22.885086, "longitude": -43.576396, "tipo": "Escola Municipal"}}, {"type": "Feature", "id": 1233, "geometry": {"type": "Point", "coordinates": [-43.58193200034989, -22.880056999711687]}, "properties": {"objectid": 1233, "cre": 9, "designacao": 918069, "denominacao": "Escola Municipal Professora Jurema Peçanha Giraud", "latitude": -22.880057, "longitude": -43.581931999999995, "tipo": "Escola Municipal"}}, {"type": "Feature", "id": 1234, "geometry": {"type": "Point", "coordinates": [-43.57149500037837, -22.890682999187444]}, "properties": {"objectid": 1234, "cre": 9, "designacao": 918070, "denominacao": "Escola Municipal Von Martius", "latitude": -22.890683, "longitude": -43.571495, "tipo": "Escola Municipal"}}, {"type": "Feature", "id": 1235, "geometry": {"type": "Point", "coordinates": [-43.5578230003865, -22.894265999177044]}, "properties": {"objectid": 1235, "cre": 9, "designacao": 918071, "denominacao": "Escola Municipal Charles Dickens", "latitude": -22.894266000000002, "longitude": -43.557823, "tipo": "Escola Municipal"}}, {"type": "Feature", "id": 1236, "geometry": {"type": "Point", "coordinates": [-43.605810000091374, -22.841380998914207]}, "properties": {"objectid": 1236, "cre": 9, "designacao": 918072, "denominacao": "Escola Municipal Guandu", "latitude": -22.841381000000002, "longitude": -43.605810000000005, "tipo": "Escola Municipal"}}, {"type": "Feature", "id": 1237, "geometry": {"type": "Point", "coordinates": [-43.614371999858214, -22.879534999617007]}, "properties": {"objectid": 1237, "cre": 9, "designacao": 918073, "denominacao": "Escola Municipal Ministro Adauto Lúcio Cardoso", "latitude": -22.879535, "longitude": -43.614372, "tipo": "Escola Municipal"}}, {"type": "Feature", "id": 1238, "geometry": {"type": "Point", "coordinates": [-43.578632999901316, -22.888986999528605]}, "properties": {"objectid": 1238, "cre": 9, "designacao": 918074, "denominacao": "Escola Municipal Embaixador Araújo Castro", "latitude": -22.888987, "longitude": -43.578633, "tipo": "Escola Municipal"}}, {"type": "Feature", "id": 1239, "geometry": {"type": "Point", "coordinates": [-43.55679000038191, -22.86829699977445]}, "properties": {"objectid": 1239, "cre": 9, "designacao": 918075, "denominacao": "Escola Municipal Ministro Alcides Carneiro", "latitude": -22.868297000000002, "longitude": -43.55679, "tipo": "Escola Municipal"}}, {"type": "Feature", "id": 1240, "geometry": {"type": "Point", "coordinates": [-43.567732999962246, -22.88935699963431]}, "properties": {"objectid": 1240, "cre": 9, "designacao": 918076, "denominacao": "Escola Municipal Dr. Jair Tavares de Oliveira", "latitude": -22.889357, "longitude": -43.567733000000004, "tipo": "Escola Municipal"}}, {"type": "Feature", "id": 1241, "geometry": {"type": "Point", "coordinates": [-43.5870930002555, -22.89533599948398]}, "properties": {"objectid": 1241, "cre": 9, "designacao": 918077, "denominacao": "Escola Municipal Gastão Penalva", "latitude": -22.895336, "longitude": -43.587093, "tipo": "Escola Municipal"}}, {"type": "Feature", "id": 1242, "geometry": {"type": "Point", "coordinates": [-43.548813999835545, -22.886415999105512]}, "properties": {"objectid": 1242, "cre": 9, "designacao": 918078, "denominacao": "Escola Municipal Alzira Araujo", "latitude": -22.886416, "longitude": -43.548814, "tipo": "Escola Municipal"}}, {"type": "Feature", "id": 1243, "geometry": {"type": "Point", "coordinates": [-43.542867000190085, -22.85195899951163]}, "properties": {"objectid": 1243, "cre": 9, "designacao": 918079, "denominacao": "Escola Municipal Constantino Magalhães", "latitude": -22.851959, "longitude": -43.542867, "tipo": "Escola Municipal"}}, {"type": "Feature", "id": 1244, "geometry": {"type": "Point", "coordinates": [-43.56144300013002, -22.87051399922416]}, "properties": {"objectid": 1244, "cre": 9, "designacao": 918080, "denominacao": "Escola Municipal Comunidade Jardim Pedregoso", "latitude": -22.870514, "longitude": -43.561443, "tipo": "Escola Municipal"}}, {"type": "Feature", "id": 1245, "geometry": {"type": "Point", "coordinates": [-43.537046999823005, -22.85878099893694]}, "properties": {"objectid": 1245, "cre": 9, "designacao": 918081, "denominacao": "Escola Municipal Cora Coralina", "latitude": -22.858781, "longitude": -43.537047, "tipo": "Escola Municipal"}}, {"type": "Feature", "id": 1246, "geometry": {"type": "Point", "coordinates": [-43.56547099956124, -22.899782999753647]}, "properties": {"objectid": 1246, "cre": 9, "designacao": 918082, "denominacao": "Escola Especial Municipal Maria Montessori", "latitude": -22.899783, "longitude": -43.565470999999995, "tipo": "Escola Especial Municipal"}}, {"type": "Feature", "id": 1247, "geometry": {"type": "Point", "coordinates": [-43.616621000438776, -22.884915999138364]}, "properties": {"objectid": 1247, "cre": 9, "designacao": 918083, "denominacao": "Escola Municipal Professor Castro Rebello", "latitude": -22.884916, "longitude": -43.616620999999995, "tipo": "Escola Municipal"}}, {"type": "Feature", "id": 1248, "geometry": {"type": "Point", "coordinates": [-43.57642300008705, -22.93054099926502]}, "properties": {"objectid": 1248, "cre": 9, "designacao": 918084, "denominacao": "Escola Municipal Professor Alfredo de Pires Flores", "latitude": -22.930540999999998, "longitude": -43.576423, "tipo": "Escola Municipal"}}, {"type": "Feature", "id": 1249, "geometry": {"type": "Point", "coordinates": [-43.51489199977184, -22.875771999474377]}, "properties": {"objectid": 1249, "cre": 9, "designacao": 918085, "denominacao": "Escola Municipal Professor Helton Alvares Veloso de Castro", "latitude": -22.875771999999998, "longitude": -43.514892, "tipo": "Escola Municipal"}}, {"type": "Feature", "id": 1250, "geometry": {"type": "Point", "coordinates": [-43.53149999993443, -22.85509799905172]}, "properties": {"objectid": 1250, "cre": 9, "designacao": 918086, "denominacao": "Escola Municipal Professor Fábio César Pacífico", "latitude": -22.855098, "longitude": -43.5315, "tipo": "Escola Municipal"}}, {"type": "Feature", "id": 1251, "geometry": {"type": "Point", "coordinates": [-43.54741299980581, -22.919505998916584]}, "properties": {"objectid": 1251, "cre": 9, "designacao": 918087, "denominacao": "Escola Municipal Professora Sonia Maria Maltez Fernandez", "latitude": -22.919506, "longitude": -43.547413000000006, "tipo": "Escola Municipal"}}, {"type": "Feature", "id": 1252, "geometry": {"type": "Point", "coordinates": [-43.607661999926705, -22.906488998880857]}, "properties": {"objectid": 1252, "cre": 9, "designacao": 918088, "denominacao": "Escola Municipal Apolônio de Carvalho", "latitude": -22.906489, "longitude": -43.607662, "tipo": "Escola Municipal"}}, {"type": "Feature", "id": 1253, "geometry": {"type": "Point", "coordinates": [-43.61870500010863, -22.917182999077312]}, "properties": {"objectid": 1253, "cre": 9, "designacao": 918094, "denominacao": "Escola Municipal Paulo Renato Souza", "latitude": -22.917183, "longitude": -43.618705, "tipo": "Escola Municipal"}}, {"type": "Feature", "id": 1254, "geometry": {"type": "Point", "coordinates": [-43.58244700043937, -22.89653799951341]}, "properties": {"objectid": 1254, "cre": 9, "designacao": 918095, "denominacao": "Escola Municipal Moacyr Scliar", "latitude": -22.896538, "longitude": -43.582447, "tipo": "Escola Municipal"}}, {"type": "Feature", "id": 1255, "geometry": {"type": "Point", "coordinates": [-43.617474999963434, -22.915128998941647]}, "properties": {"objectid": 1255, "cre": 9, "designacao": 918096, "denominacao": "Escola Municipal Professora Norma Chamarelli Marques", "latitude": -22.915129, "longitude": -43.617475000000006, "tipo": "Escola Municipal"}}, {"type": "Feature", "id": 1256, "geometry": {"type": "Point", "coordinates": [-43.59677599969498, -22.899554998915097]}, "properties": {"objectid": 1256, "cre": 9, "designacao": 918097, "denominacao": "Escola Municipal Ginásio Professora Célia Maria de Oliveira Camargo (abrigando a antiga EM Jardim Guararapes)", "latitude": -22.899555, "longitude": -43.596776, "tipo": "Escola Municipal"}}, {"type": "Feature", "id": 1257, "geometry": {"type": "Point", "coordinates": [-43.60477800005022, -22.920054999430416]}, "properties": {"objectid": 1257, "cre": 9, "designacao": 918098, "denominacao": "Escola Municipal Ginásio Miguel de Oliveira", "latitude": -22.920055, "longitude": -43.604778, "tipo": "Escola Municipal"}}, {"type": "Feature", "id": 1258, "geometry": {"type": "Point", "coordinates": [-43.580618999630126, -22.89771899936898]}, "properties": {"objectid": 1258, "cre": 9, "designacao": 918099, "denominacao": "Escola Municipal Primário Professor Antônio Boa Ventura", "latitude": -22.897719000000002, "longitude": -43.580619, "tipo": "Escola Municipal"}}, {"type": "Feature", "id": 1259, "geometry": {"type": "Point", "coordinates": [-43.53853299963106, -22.877829999556905]}, "properties": {"objectid": 1259, "cre": 9, "designacao": 918100, "denominacao": "Escola Municipal Primário Dulce de Araújo - Tia Dulce", "latitude": -22.87783, "longitude": -43.538533, "tipo": "Escola Municipal"}}, {"type": "Feature", "id": 1260, "geometry": {"type": "Point", "coordinates": [-43.604990999815925, -22.915209999208965]}, "properties": {"objectid": 1260, "cre": 9, "designacao": 918101, "denominacao": "Escola Municipal Primário Yólis da Silva", "latitude": -22.91521, "longitude": -43.604991, "tipo": "Escola Municipal"}}, {"type": "Feature", "id": 1261, "geometry": {"type": "Point", "coordinates": [-43.61819000025633, -22.906622999040085]}, "properties": {"objectid": 1261, "cre": 9, "designacao": 918102, "denominacao": "Escola Municipal Primário Professora Dalva Lazaroni", "latitude": -22.906623, "longitude": -43.61819, "tipo": "Escola Municipal"}}, {"type": "Feature", "id": 1262, "geometry": {"type": "Point", "coordinates": [-43.58806999977747, -22.90706399937247]}, "properties": {"objectid": 1262, "cre": 9, "designacao": 918103, "denominacao": "Escola Municipal Ginásio Medalhista Diego Matias Hypólito", "latitude": -22.907064, "longitude": -43.58807, "tipo": "Escola Municipal"}}, {"type": "Feature", "id": 1263, "geometry": {"type": "Point", "coordinates": [-43.61823600024312, -22.88385799963207]}, "properties": {"objectid": 1263, "cre": 9, "designacao": 918104, "denominacao": "Escola Municipal Ginásio Medalhista Olímpico Mayra Aguiar da Silva", "latitude": -22.883858, "longitude": -43.618236, "tipo": "Escola Municipal"}}, {"type": "Feature", "id": 1264, "geometry": {"type": "Point", "coordinates": [-43.522640000361655, -22.87548199971917]}, "properties": {"objectid": 1264, "cre": 9, "designacao": 918105, "denominacao": "Escola Municipal Ginásio Medalhista Olímpico Douglas Correia de Souza", "latitude": -22.875481999999998, "longitude": -43.522639999999996, "tipo": "Escola Municipal"}}, {"type": "Feature", "id": 1265, "geometry": {"type": "Point", "coordinates": [-43.601687999531926, -22.914538999350235]}, "properties": {"objectid": 1265, "cre": 9, "designacao": 918201, "denominacao": "Ciep Engenheiro Wagner Gaspar Emery", "latitude": -22.914539, "longitude": -43.601687999999996, "tipo": "CIEP"}}, {"type": "Feature", "id": 1266, "geometry": {"type": "Point", "coordinates": [-43.566649000070726, -22.925292999754454]}, "properties": {"objectid": 1266, "cre": 9, "designacao": 918203, "denominacao": "Ciep Clementina de Jesus", "latitude": -22.925293, "longitude": -43.566649, "tipo": "CIEP"}}, {"type": "Feature", "id": 1267, "geometry": {"type": "Point", "coordinates": [-43.61890600010069, -22.91244499890366]}, "properties": {"objectid": 1267, "cre": 9, "designacao": 918205, "denominacao": "Ciep Claudio Manoel da Costa", "latitude": -22.912445, "longitude": -43.618905999999996, "tipo": "CIEP"}}, {"type": "Feature", "id": 1268, "geometry": {"type": "Point", "coordinates": [-43.54341799959955, -22.91320999887071]}, "properties": {"objectid": 1268, "cre": 9, "designacao": 918501, "denominacao": "Escola Municipal Professor Gonçalves", "latitude": -22.91321, "longitude": -43.543417999999996, "tipo": "Escola Municipal"}}, {"type": "Feature", "id": 1269, "geometry": {"type": "Point", "coordinates": [-43.54872599954614, -22.930733999617416]}, "properties": {"objectid": 1269, "cre": 9, "designacao": 918502, "denominacao": "Escola Municipal Presidente Nereu Ramos", "latitude": -22.930734, "longitude": -43.548725999999995, "tipo": "Escola Municipal"}}, {"type": "Feature", "id": 1270, "geometry": {"type": "Point", "coordinates": [-43.54057199971203, -22.908789999531752]}, "properties": {"objectid": 1270, "cre": 9, "designacao": 918503, "denominacao": "Ciep Lamartine Babo", "latitude": -22.90879, "longitude": -43.540572000000004, "tipo": "CIEP"}}, {"type": "Feature", "id": 1271, "geometry": {"type": "Point", "coordinates": [-43.5351880004061, -22.898745999532213]}, "properties": {"objectid": 1271, "cre": 9, "designacao": 918504, "denominacao": "Ciep Francisco Cavalcante Pontes de Miranda", "latitude": -22.898746000000003, "longitude": -43.535188, "tipo": "CIEP"}}, {"type": "Feature", "id": 1272, "geometry": {"type": "Point", "coordinates": [-43.55634399978777, -22.927413999563843]}, "properties": {"objectid": 1272, "cre": 9, "designacao": 918505, "denominacao": "Ciep Anita Malfatti", "latitude": -22.927414, "longitude": -43.556344, "tipo": "CIEP"}}, {"type": "Feature", "id": 1273, "geometry": {"type": "Point", "coordinates": [-43.583970999524645, -22.911322999133343]}, "properties": {"objectid": 1273, "cre": 9, "designacao": 918506, "denominacao": "Ciep Raymundo Ottoni de Castro Maya", "latitude": -22.911323, "longitude": -43.583971, "tipo": "CIEP"}}, {"type": "Feature", "id": 1274, "geometry": {"type": "Point", "coordinates": [-43.58735900034417, -22.887296999224187]}, "properties": {"objectid": 1274, "cre": 9, "designacao": 918507, "denominacao": "Ciep Professor Darcy Ribeiro", "latitude": -22.887297, "longitude": -43.587359, "tipo": "CIEP"}}, {"type": "Feature", "id": 1275, "geometry": {"type": "Point", "coordinates": [-43.55656000025629, -22.886759999348385]}, "properties": {"objectid": 1275, "cre": 9, "designacao": 918508, "denominacao": "Ciep Dr. Ernesto (Che) Guevara", "latitude": -22.886760000000002, "longitude": -43.55656, "tipo": "CIEP"}}, {"type": "Feature", "id": 1276, "geometry": {"type": "Point", "coordinates": [-43.57050799986239, -22.89557499964347]}, "properties": {"objectid": 1276, "cre": 9, "designacao": 918509, "denominacao": "Ciep Nelson Mandela", "latitude": -22.895574999999997, "longitude": -43.570508000000004, "tipo": "CIEP"}}, {"type": "Feature", "id": 1277, "geometry": {"type": "Point", "coordinates": [-43.58082899994719, -22.890594999145538]}, "properties": {"objectid": 1277, "cre": 9, "designacao": 918510, "denominacao": "Ciep Armindo Marcílio Doutel de Andrade", "latitude": -22.890595, "longitude": -43.580828999999994, "tipo": "CIEP"}}, {"type": "Feature", "id": 1278, "geometry": {"type": "Point", "coordinates": [-43.52880199979924, -22.886488999137516]}, "properties": {"objectid": 1278, "cre": 9, "designacao": 918511, "denominacao": "Ciep Herivelto Martins", "latitude": -22.886489, "longitude": -43.528802, "tipo": "CIEP"}}, {"type": "Feature", "id": 1279, "geometry": {"type": "Point", "coordinates": [-43.59062700044124, -22.903146999144827]}, "properties": {"objectid": 1279, "cre": 9, "designacao": 918601, "denominacao": "Creche Municipal Alegria de Nova Cidade", "latitude": -22.903146999999997, "longitude": -43.590627000000005, "tipo": "Creche Municipal"}}, {"type": "Feature", "id": 1280, "geometry": {"type": "Point", "coordinates": [-43.60199399983671, -22.91970599901515]}, "properties": {"objectid": 1280, "cre": 9, "designacao": 918602, "denominacao": "Creche Municipal Vitória da Paz", "latitude": -22.919705999999998, "longitude": -43.601994, "tipo": "Creche Municipal"}}, {"type": "Feature", "id": 1281, "geometry": {"type": "Point", "coordinates": [-43.62134599991761, -22.91860499924444]}, "properties": {"objectid": 1281, "cre": 9, "designacao": 918603, "denominacao": "Creche Municipal Sempre Vida Elza Rabelo de Andrade", "latitude": -22.918605000000003, "longitude": -43.621345999999996, "tipo": "Creche Municipal"}}, {"type": "Feature", "id": 1282, "geometry": {"type": "Point", "coordinates": [-43.585319999976775, -22.914583999294]}, "properties": {"objectid": 1282, "cre": 9, "designacao": 918604, "denominacao": "Creche Municipal Vera Pacheco Jordão", "latitude": -22.914584, "longitude": -43.585319999999996, "tipo": "Creche Municipal"}}, {"type": "Feature", "id": 1283, "geometry": {"type": "Point", "coordinates": [-43.5925649996306, -22.8968219990049]}, "properties": {"objectid": 1283, "cre": 9, "designacao": 918605, "denominacao": "Creche Municipal Sempre Vida Professora Eugenia Maria Veloso Marchese", "latitude": -22.896822, "longitude": -43.592565, "tipo": "Creche Municipal"}}, {"type": "Feature", "id": 1284, "geometry": {"type": "Point", "coordinates": [-43.56163100028989, -22.891833999543817]}, "properties": {"objectid": 1284, "cre": 9, "designacao": 918606, "denominacao": "Creche Municipal Cecília Meireles", "latitude": -22.891834, "longitude": -43.561631, "tipo": "Creche Municipal"}}, {"type": "Feature", "id": 1285, "geometry": {"type": "Point", "coordinates": [-43.528905999901795, -22.854591999033957]}, "properties": {"objectid": 1285, "cre": 9, "designacao": 918607, "denominacao": "Creche Municipal Sonho Feliz", "latitude": -22.854592, "longitude": -43.528906, "tipo": "Creche Municipal"}}, {"type": "Feature", "id": 1286, "geometry": {"type": "Point", "coordinates": [-43.532947999859154, -22.912351999594726]}, "properties": {"objectid": 1286, "cre": 9, "designacao": 918608, "denominacao": "Creche Municipal Jardim Monte Santo", "latitude": -22.912352, "longitude": -43.532948, "tipo": "Creche Municipal"}}, {"type": "Feature", "id": 1287, "geometry": {"type": "Point", "coordinates": [-43.58722499951984, -22.888012999701022]}, "properties": {"objectid": 1287, "cre": 9, "designacao": 918609, "denominacao": "Creche Municipal Adélia Vieira", "latitude": -22.888013, "longitude": -43.587225000000004, "tipo": "Creche Municipal"}}, {"type": "Feature", "id": 1288, "geometry": {"type": "Point", "coordinates": [-43.61823899967597, -22.903306999637987]}, "properties": {"objectid": 1288, "cre": 9, "designacao": 918610, "denominacao": "Creche Municipal Esperança do Amanhã", "latitude": -22.903307, "longitude": -43.618239, "tipo": "Creche Municipal"}}, {"type": "Feature", "id": 1289, "geometry": {"type": "Point", "coordinates": [-43.60459200012891, -22.883529999354508]}, "properties": {"objectid": 1289, "cre": 9, "designacao": 918611, "denominacao": "Creche Municipal Mário Lombardi", "latitude": -22.88353, "longitude": -43.604592000000004, "tipo": "Creche Municipal"}}, {"type": "Feature", "id": 1290, "geometry": {"type": "Point", "coordinates": [-43.52370000007326, -22.87783499890331]}, "properties": {"objectid": 1290, "cre": 9, "designacao": 918613, "denominacao": "Creche Municipal Professora Flora Santina Ferrari Braz", "latitude": -22.877835, "longitude": -43.5237, "tipo": "Creche Municipal"}}, {"type": "Feature", "id": 1291, "geometry": {"type": "Point", "coordinates": [-43.53091099983955, -22.91354399902821]}, "properties": {"objectid": 1291, "cre": 9, "designacao": 918614, "denominacao": "Creche Municipal Zélia Chauke Curi", "latitude": -22.913543999999998, "longitude": -43.530911, "tipo": "Creche Municipal"}}, {"type": "Feature", "id": 1292, "geometry": {"type": "Point", "coordinates": [-43.60398800033296, -22.907750999471205]}, "properties": {"objectid": 1292, "cre": 9, "designacao": 918615, "denominacao": "Creche Municipal Marcelo Cardoso Tomé", "latitude": -22.907750999999998, "longitude": -43.603988, "tipo": "Creche Municipal"}}, {"type": "Feature", "id": 1293, "geometry": {"type": "Point", "coordinates": [-43.5804900003871, -22.877051999226985]}, "properties": {"objectid": 1293, "cre": 9, "designacao": 918616, "denominacao": "Creche Municipal Padre Valter da Costa Santos", "latitude": -22.877052, "longitude": -43.58049, "tipo": "Creche Municipal"}}, {"type": "Feature", "id": 1294, "geometry": {"type": "Point", "coordinates": [-43.59020299952075, -22.911153999560224]}, "properties": {"objectid": 1294, "cre": 9, "designacao": 918617, "denominacao": "Creche Municipal Criando o Futuro", "latitude": -22.911154, "longitude": -43.590203, "tipo": "Creche Municipal"}}, {"type": "Feature", "id": 1295, "geometry": {"type": "Point", "coordinates": [-43.606667000411136, -22.91425299893234]}, "properties": {"objectid": 1295, "cre": 9, "designacao": 918618, "denominacao": "Creche Municipal Esperança da Vila São Jorge", "latitude": -22.914253000000002, "longitude": -43.606667, "tipo": "Creche Municipal"}}, {"type": "Feature", "id": 1296, "geometry": {"type": "Point", "coordinates": [-43.534142999571586, -22.899665999227757]}, "properties": {"objectid": 1296, "cre": 9, "designacao": 918619, "denominacao": "Creche Muncipal Raul Cortez", "latitude": -22.899666, "longitude": -43.534143, "tipo": "Creche Municipal"}}, {"type": "Feature", "id": 1297, "geometry": {"type": "Point", "coordinates": [-43.55544400029102, -22.919906999754332]}, "properties": {"objectid": 1297, "cre": 9, "designacao": 918620, "denominacao": "Creche Municipal Emilio Ibrahim Lázaro Jubram Dib", "latitude": -22.919907, "longitude": -43.555444, "tipo": "Creche Municipal"}}, {"type": "Feature", "id": 1298, "geometry": {"type": "Point", "coordinates": [-43.531442999580285, -22.884106999696996]}, "properties": {"objectid": 1298, "cre": 9, "designacao": 918621, "denominacao": "Creche Municipal Elizabeth Tavares de Souza - Betinha", "latitude": -22.884107, "longitude": -43.531442999999996, "tipo": "Creche Municipal"}}, {"type": "Feature", "id": 1299, "geometry": {"type": "Point", "coordinates": [-43.61806499991583, -22.91744799914152]}, "properties": {"objectid": 1299, "cre": 9, "designacao": 918801, "denominacao": "Espaço de Desenvolvimento Infantil Bianca Rocha Tavares", "latitude": -22.917448, "longitude": -43.618065, "tipo": "EDI"}}, {"type": "Feature", "id": 1300, "geometry": {"type": "Point", "coordinates": [-43.61335899988532, -22.88127399930614]}, "properties": {"objectid": 1300, "cre": 9, "designacao": 918802, "denominacao": "Espaço de Desenvolvimento Infantil Pintando o Sete", "latitude": -22.881274, "longitude": -43.613359, "tipo": "EDI"}}, {"type": "Feature", "id": 1301, "geometry": {"type": "Point", "coordinates": [-43.57854700024867, -22.91263599931455]}, "properties": {"objectid": 1301, "cre": 9, "designacao": 918803, "denominacao": "Espaço de Desenvolvimento Infantil Ludmila Máximo Moreira Cardoso", "latitude": -22.912636000000003, "longitude": -43.578547, "tipo": "EDI"}}, {"type": "Feature", "id": 1302, "geometry": {"type": "Point", "coordinates": [-43.61400099958889, -22.87939899896605]}, "properties": {"objectid": 1302, "cre": 9, "designacao": 918804, "denominacao": "Espaço de Desenvolvimento Infantil Renan de Souza Leal", "latitude": -22.879399, "longitude": -43.614000999999995, "tipo": "EDI"}}, {"type": "Feature", "id": 1303, "geometry": {"type": "Point", "coordinates": [-43.58587600018431, -22.900122999415004]}, "properties": {"objectid": 1303, "cre": 9, "designacao": 918805, "denominacao": "Espaço de Desenvolvimento Infantil Cantora Cesária Évora", "latitude": -22.900122999999997, "longitude": -43.585876, "tipo": "EDI"}}, {"type": "Feature", "id": 1304, "geometry": {"type": "Point", "coordinates": [-43.61880099990861, -22.909560998875257]}, "properties": {"objectid": 1304, "cre": 9, "designacao": 918806, "denominacao": "Espaço de Desenvolvimento Infantil Comendador Serafim Sofia", "latitude": -22.909561, "longitude": -43.618801, "tipo": "EDI"}}, {"type": "Feature", "id": 1305, "geometry": {"type": "Point", "coordinates": [-43.567797999755776, -22.8931979995066]}, "properties": {"objectid": 1305, "cre": 9, "designacao": 918807, "denominacao": "Espaço de Desenvolvimento Infantil Urbano de Freitas", "latitude": -22.893198, "longitude": -43.567798, "tipo": "EDI"}}, {"type": "Feature", "id": 1306, "geometry": {"type": "Point", "coordinates": [-43.56639300001911, -22.929638999699506]}, "properties": {"objectid": 1306, "cre": 9, "designacao": 918808, "denominacao": "Espaço de Desenvolvimento Infantil Professora Marta Regina Perrota", "latitude": -22.929639, "longitude": -43.566393, "tipo": "EDI"}}, {"type": "Feature", "id": 1307, "geometry": {"type": "Point", "coordinates": [-43.55938299966627, -22.909045999188336]}, "properties": {"objectid": 1307, "cre": 9, "designacao": 918809, "denominacao": "Espaço de Desenvolvimento Infantil Campo Grande", "latitude": -22.909046, "longitude": -43.559383, "tipo": "EDI"}}, {"type": "Feature", "id": 1308, "geometry": {"type": "Point", "coordinates": [-43.57906700045908, -22.88906399968855]}, "properties": {"objectid": 1308, "cre": 9, "designacao": 918810, "denominacao": "Espaço de Desenvolvimento Infantil Dom Bosco", "latitude": -22.889063999999998, "longitude": -43.579067, "tipo": "EDI"}}, {"type": "Feature", "id": 1309, "geometry": {"type": "Point", "coordinates": [-43.58581499973902, -22.910323999119388]}, "properties": {"objectid": 1309, "cre": 9, "designacao": 918811, "denominacao": "Espaço de Desenvolvimento Infantil Isabel", "latitude": -22.910324, "longitude": -43.585815, "tipo": "EDI"}}, {"type": "Feature", "id": 1310, "geometry": {"type": "Point", "coordinates": [-43.60015899969523, -22.901909999542177]}, "properties": {"objectid": 1310, "cre": 9, "designacao": 918812, "denominacao": "Espaço de Desenvolvimento Infantil Professor Jorge Euclides Pereira Nunes", "latitude": -22.90191, "longitude": -43.600159, "tipo": "EDI"}}, {"type": "Feature", "id": 1311, "geometry": {"type": "Point", "coordinates": [-43.52743199970779, -22.84794199965167]}, "properties": {"objectid": 1311, "cre": 9, "designacao": 918813, "denominacao": "Espaço de Desenvolvimento Infantil Professor Marco Altino de Oliveira", "latitude": -22.847942, "longitude": -43.527432, "tipo": "EDI"}}, {"type": "Feature", "id": 1312, "geometry": {"type": "Point", "coordinates": [-43.541169999849934, -22.92282199894196]}, "properties": {"objectid": 1312, "cre": 9, "designacao": 918814, "denominacao": "Espaço de Desenvolvimento Infantil Professor Nestor Manoel Pinto", "latitude": -22.922822, "longitude": -43.54117, "tipo": "EDI"}}, {"type": "Feature", "id": 1313, "geometry": {"type": "Point", "coordinates": [-43.5521149997945, -22.869528998970406]}, "properties": {"objectid": 1313, "cre": 9, "designacao": 918815, "denominacao": "Espaço de Desenvolvimento Infantil Professora Sirléia Silva Reis", "latitude": -22.869529, "longitude": -43.552115, "tipo": "EDI"}}, {"type": "Feature", "id": 1314, "geometry": {"type": "Point", "coordinates": [-43.55758200037318, -22.894132998988287]}, "properties": {"objectid": 1314, "cre": 9, "designacao": 918816, "denominacao": "Espaço de Desenvolvimento Infantil Professor João Fernandes Filho", "latitude": -22.894133, "longitude": -43.557582, "tipo": "EDI"}}, {"type": "Feature", "id": 1315, "geometry": {"type": "Point", "coordinates": [-43.573068999753296, -22.873565999698197]}, "properties": {"objectid": 1315, "cre": 9, "designacao": 918817, "denominacao": "Espaço de Desenvolvimento Infantil Professora Eugênia de Almeida Azevedo", "latitude": -22.873566, "longitude": -43.573069000000004, "tipo": "EDI"}}, {"type": "Feature", "id": 1316, "geometry": {"type": "Point", "coordinates": [-43.62110300016625, -22.88471099957869]}, "properties": {"objectid": 1316, "cre": 9, "designacao": 918818, "denominacao": "Espaço de Desenvolvimento Infantil Francisco José de Moraes", "latitude": -22.884711, "longitude": -43.621103, "tipo": "EDI"}}, {"type": "Feature", "id": 1317, "geometry": {"type": "Point", "coordinates": [-43.552315999683394, -22.913849999139824]}, "properties": {"objectid": 1317, "cre": 9, "designacao": 918819, "denominacao": "Espaço de Desenvolvimento Infantil Joari", "latitude": -22.91385, "longitude": -43.552316000000005, "tipo": "EDI"}}, {"type": "Feature", "id": 1318, "geometry": {"type": "Point", "coordinates": [-43.58060500013903, -22.91675299899462]}, "properties": {"objectid": 1318, "cre": 9, "designacao": 918820, "denominacao": "Espaço de Desenvolvimento Infantil Professor Almo Saturnino", "latitude": -22.916753, "longitude": -43.580605, "tipo": "EDI"}}, {"type": "Feature", "id": 1319, "geometry": {"type": "Point", "coordinates": [-43.53661400038883, -22.859154999757823]}, "properties": {"objectid": 1319, "cre": 9, "designacao": 918821, "denominacao": "Espaço de Desenvolvimento Infantil Professora Enyr Portilho Avellar", "latitude": -22.859155, "longitude": -43.536614, "tipo": "EDI"}}, {"type": "Feature", "id": 1320, "geometry": {"type": "Point", "coordinates": [-43.55994899977749, -22.916865999345667]}, "properties": {"objectid": 1320, "cre": 9, "designacao": 918822, "denominacao": "Espaço de Desenvolvimento Infantil Professor André Luiz Gils", "latitude": -22.916866, "longitude": -43.559948999999996, "tipo": "EDI"}}, {"type": "Feature", "id": 1321, "geometry": {"type": "Point", "coordinates": [-43.538850999950306, -22.8826409997236]}, "properties": {"objectid": 1321, "cre": 9, "designacao": 918823, "denominacao": "Espaço de Desenvolvimento Infantil Professor Dersu Gabriel Bicego", "latitude": -22.882641, "longitude": -43.538851, "tipo": "EDI"}}, {"type": "Feature", "id": 1322, "geometry": {"type": "Point", "coordinates": [-43.560291999932616, -22.933227999094807]}, "properties": {"objectid": 1322, "cre": 9, "designacao": 918824, "denominacao": "Espaço de Desenvolvimento Infantil Alberto Ferreira Pinto", "latitude": -22.933228, "longitude": -43.560292000000004, "tipo": "EDI"}}, {"type": "Feature", "id": 1323, "geometry": {"type": "Point", "coordinates": [-43.53681800009366, -22.875421999504137]}, "properties": {"objectid": 1323, "cre": 9, "designacao": 918825, "denominacao": "Espaço de Desenvolvimento Infantil Professora Terezinha de Jesus Siqueira Brown", "latitude": -22.875422, "longitude": -43.536818, "tipo": "EDI"}}, {"type": "Feature", "id": 1324, "geometry": {"type": "Point", "coordinates": [-43.60371700038641, -22.895336998936397]}, "properties": {"objectid": 1324, "cre": 9, "designacao": 918826, "denominacao": "Espaço de Desenvolvimento Infantil Professora Marly dos Santos Marinho (abrigando a EM Prof. Jorge Euclides Pereira Nunes)", "latitude": -22.895336999999998, "longitude": -43.603717, "tipo": "EDI"}}, {"type": "Feature", "id": 1325, "geometry": {"type": "Point", "coordinates": [-43.61107100015219, -22.894071998971935]}, "properties": {"objectid": 1325, "cre": 9, "designacao": 918827, "denominacao": "Espaço de Desenvolvimento Infantil Ataulfo Alves", "latitude": -22.894071999999998, "longitude": -43.611070999999995, "tipo": "EDI"}}, {"type": "Feature", "id": 1326, "geometry": {"type": "Point", "coordinates": [-43.58840900048066, -22.893648999059582]}, "properties": {"objectid": 1326, "cre": 9, "designacao": 918828, "denominacao": "Espaço de Desenvolvimento Infantil Dr. Alyrio Cavalieri", "latitude": -22.893649, "longitude": -43.588409, "tipo": "EDI"}}, {"type": "Feature", "id": 1327, "geometry": {"type": "Point", "coordinates": [-43.592499999938155, -22.897049999059]}, "properties": {"objectid": 1327, "cre": 9, "designacao": 918829, "denominacao": "Espaço de Desenvolvimento Infantil Rubem Azevedo Alves", "latitude": -22.89705, "longitude": -43.5925, "tipo": "EDI"}}, {"type": "Feature", "id": 1328, "geometry": {"type": "Point", "coordinates": [-43.554264999529394, -22.904028999233944]}, "properties": {"objectid": 1328, "cre": 9, "designacao": 918830, "denominacao": "Espaço de Desenvolvimento Infantil Henrique Dias", "latitude": -22.904029, "longitude": -43.554265, "tipo": "EDI"}}, {"type": "Feature", "id": 1329, "geometry": {"type": "Point", "coordinates": [-43.591003000036345, -22.903284999388696]}, "properties": {"objectid": 1329, "cre": 9, "designacao": 918831, "denominacao": "Espaço de Desenvolvimento Infantil Elflodizio dos Santos", "latitude": -22.903284999999997, "longitude": -43.591003, "tipo": "EDI"}}, {"type": "Feature", "id": 1330, "geometry": {"type": "Point", "coordinates": [-43.620743999604876, -22.92270799928872]}, "properties": {"objectid": 1330, "cre": 9, "designacao": 918832, "denominacao": "Espaço de Desenvolvimento Infantil Jacintha Reis Ferreira", "latitude": -22.922708, "longitude": -43.620744, "tipo": "EDI"}}, {"type": "Feature", "id": 1331, "geometry": {"type": "Point", "coordinates": [-43.61874599956213, -22.906844998944614]}, "properties": {"objectid": 1331, "cre": 9, "designacao": 918833, "denominacao": "Espaço de Desenvolvimento Infantil Profº Wison Choeri", "latitude": -22.906845, "longitude": -43.618745999999994, "tipo": "EDI"}}, {"type": "Feature", "id": 1332, "geometry": {"type": "Point", "coordinates": [-43.597355000120054, -22.8870109991304]}, "properties": {"objectid": 1332, "cre": 9, "designacao": 918834, "denominacao": "Espaço de Desenvolvimento Infantil  Engenheira Elaine Monsores Pires", "latitude": -22.887011, "longitude": -43.597355, "tipo": "EDI"}}, {"type": "Feature", "id": 1333, "geometry": {"type": "Point", "coordinates": [-43.58870199980281, -22.906239999462578]}, "properties": {"objectid": 1333, "cre": 9, "designacao": 918835, "denominacao": "Espaço de Desenvolvimento Infantil Medalhista Artur Nory", "latitude": -22.906239999999997, "longitude": -43.588702000000005, "tipo": "EDI"}}, {"type": "Feature", "id": 1334, "geometry": {"type": "Point", "coordinates": [-43.533793999960885, -22.87538599956926]}, "properties": {"objectid": 1334, "cre": 9, "designacao": 918836, "denominacao": "Espaço de Desenvolvimento Infantil Medalhista Rafael Silva", "latitude": -22.875386, "longitude": -43.533794, "tipo": "EDI"}}, {"type": "Feature", "id": 1335, "geometry": {"type": "Point", "coordinates": [-43.51129000041049, -22.87042799909055]}, "properties": {"objectid": 1335, "cre": 9, "designacao": 918837, "denominacao": "Espaço de Desenvolvimento Infantil Medalhista Olímpico Wallace Leandro de Souza", "latitude": -22.870428, "longitude": -43.51129, "tipo": "EDI"}}, {"type": "Feature", "id": 1336, "geometry": {"type": "Point", "coordinates": [-43.552539000001964, -22.894483999139773]}, "properties": {"objectid": 1336, "cre": 9, "designacao": 918838, "denominacao": "Espaço de Desenvolvimento Infantil Eustorgio Wanderley", "latitude": -22.894484000000002, "longitude": -43.552539, "tipo": "EDI"}}, {"type": "Feature", "id": 1337, "geometry": {"type": "Point", "coordinates": [-43.57145999996152, -22.891539999283744]}, "properties": {"objectid": 1337, "cre": 9, "designacao": 918839, "denominacao": "Espaço de Desenvolvimento Infantil Dalila Tavares", "latitude": -22.89154, "longitude": -43.571459999999995, "tipo": "EDI"}}, {"type": "Feature", "id": 1338, "geometry": {"type": "Point", "coordinates": [-43.68086599952127, -22.922130998874973]}, "properties": {"objectid": 1338, "cre": 10, "designacao": 1019001, "denominacao": "Escola Municipal Professor Coqueiro", "latitude": -22.922131, "longitude": -43.680865999999995, "tipo": "Escola Municipal"}}, {"type": "Feature", "id": 1339, "geometry": {"type": "Point", "coordinates": [-43.66504199964449, -22.934716999150083]}, "properties": {"objectid": 1339, "cre": 10, "designacao": 1019002, "denominacao": "Escola Municipal General Gomes Carneiro", "latitude": -22.934717, "longitude": -43.665042, "tipo": "Escola Municipal"}}, {"type": "Feature", "id": 1340, "geometry": {"type": "Point", "coordinates": [-43.64547699980113, -22.948962998975897]}, "properties": {"objectid": 1340, "cre": 10, "designacao": 1019003, "denominacao": "Escola Municipal Professor Arthur Thire", "latitude": -22.948963000000003, "longitude": -43.645477, "tipo": "Escola Municipal"}}, {"type": "Feature", "id": 1341, "geometry": {"type": "Point", "coordinates": [-43.62366499974727, -22.920357999600604]}, "properties": {"objectid": 1341, "cre": 10, "designacao": 1019004, "denominacao": "Escola Municipal Professor João Gualberto Jorge do Amaral", "latitude": -22.920358, "longitude": -43.623665, "tipo": "Escola Municipal"}}, {"type": "Feature", "id": 1342, "geometry": {"type": "Point", "coordinates": [-43.639651000080775, -22.921738999564706]}, "properties": {"objectid": 1342, "cre": 10, "designacao": 1019005, "denominacao": "Escola Municipal República Árabe da Síria", "latitude": -22.921739000000002, "longitude": -43.639651, "tipo": "Escola Municipal"}}, {"type": "Feature", "id": 1343, "geometry": {"type": "Point", "coordinates": [-43.64012300030524, -22.921163998924175]}, "properties": {"objectid": 1343, "cre": 10, "designacao": 1019006, "denominacao": "Escola Municipal Vivaldo Ramos de Vasconcelos", "latitude": -22.921163999999997, "longitude": -43.640122999999996, "tipo": "Escola Municipal"}}, {"type": "Feature", "id": 1344, "geometry": {"type": "Point", "coordinates": [-43.680579999731854, -22.921389999215847]}, "properties": {"objectid": 1344, "cre": 10, "designacao": 1019007, "denominacao": "Escola Municipal André Vidal de Negreiros", "latitude": -22.92139, "longitude": -43.68058, "tipo": "Escola Municipal"}}, {"type": "Feature", "id": 1345, "geometry": {"type": "Point", "coordinates": [-43.665346999656784, -22.935093999279285]}, "properties": {"objectid": 1345, "cre": 10, "designacao": 1019008, "denominacao": "Escola Municipal Eduardo Rabelo", "latitude": -22.935094, "longitude": -43.665347000000004, "tipo": "Escola Municipal"}}, {"type": "Feature", "id": 1346, "geometry": {"type": "Point", "coordinates": [-43.69118499952449, -22.923861999638017]}, "properties": {"objectid": 1346, "cre": 10, "designacao": 1019009, "denominacao": "Escola Municipal Prefeito João Carlos Vital", "latitude": -22.923862, "longitude": -43.691185, "tipo": "Escola Municipal"}}, {"type": "Feature", "id": 1347, "geometry": {"type": "Point", "coordinates": [-43.68920100041206, -22.923104999061206]}, "properties": {"objectid": 1347, "cre": 10, "designacao": 1019010, "denominacao": "Escola Municipal José de Mello", "latitude": -22.923105000000003, "longitude": -43.689201, "tipo": "Escola Municipal"}}, {"type": "Feature", "id": 1348, "geometry": {"type": "Point", "coordinates": [-43.70021000009483, -22.93655899927583]}, "properties": {"objectid": 1348, "cre": 10, "designacao": 1019011, "denominacao": "Escola Municipal Ronald de Carvalho", "latitude": -22.936559, "longitude": -43.700210000000006, "tipo": "Escola Municipal"}}, {"type": "Feature", "id": 1349, "geometry": {"type": "Point", "coordinates": [-43.68618200013019, -22.939173999575626]}, "properties": {"objectid": 1349, "cre": 10, "designacao": 1019012, "denominacao": "Escola Municipal Tenente Renato César", "latitude": -22.939174, "longitude": -43.686182, "tipo": "Escola Municipal"}}, {"type": "Feature", "id": 1350, "geometry": {"type": "Point", "coordinates": [-43.68664499978105, -22.939360998942984]}, "properties": {"objectid": 1350, "cre": 10, "designacao": 1019013, "denominacao": "Escola Municipal Bento do Amaral Coutinho", "latitude": -22.939360999999998, "longitude": -43.686645, "tipo": "Escola Municipal"}}, {"type": "Feature", "id": 1351, "geometry": {"type": "Point", "coordinates": [-43.704725000012665, -22.924232999619345]}, "properties": {"objectid": 1351, "cre": 10, "designacao": 1019014, "denominacao": "Escola Municipal Coronel Berthier", "latitude": -22.924232999999997, "longitude": -43.704725, "tipo": "Escola Municipal"}}, {"type": "Feature", "id": 1352, "geometry": {"type": "Point", "coordinates": [-43.693032999593676, -22.92365399921907]}, "properties": {"objectid": 1352, "cre": 10, "designacao": 1019015, "denominacao": "Escola Municipal Princesa Isabel", "latitude": -22.923654, "longitude": -43.693033, "tipo": "Escola Municipal"}}, {"type": "Feature", "id": 1353, "geometry": {"type": "Point", "coordinates": [-43.65548300044503, -22.92235699912517]}, "properties": {"objectid": 1353, "cre": 10, "designacao": 1019016, "denominacao": "Escola Municipal Aldebarã", "latitude": -22.922357, "longitude": -43.655483, "tipo": "Escola Municipal"}}, {"type": "Feature", "id": 1354, "geometry": {"type": "Point", "coordinates": [-43.6615949996017, -22.92161399951113]}, "properties": {"objectid": 1354, "cre": 10, "designacao": 1019017, "denominacao": "Escola Municipal Otelo de Souza Reis", "latitude": -22.921614, "longitude": -43.661595, "tipo": "Escola Municipal"}}, {"type": "Feature", "id": 1355, "geometry": {"type": "Point", "coordinates": [-43.65077900022157, -22.930025999031557]}, "properties": {"objectid": 1355, "cre": 10, "designacao": 1019018, "denominacao": "Escola Municipal Haydea Vianna Fiuza de Castro", "latitude": -22.930025999999998, "longitude": -43.650779, "tipo": "Escola Municipal"}}, {"type": "Feature", "id": 1356, "geometry": {"type": "Point", "coordinates": [-43.69233199995729, -22.923064998898102]}, "properties": {"objectid": 1356, "cre": 10, "designacao": 1019019, "denominacao": "Escola Municipal Fernando de Azevedo", "latitude": -22.923065, "longitude": -43.692332, "tipo": "Escola Municipal"}}, {"type": "Feature", "id": 1357, "geometry": {"type": "Point", "coordinates": [-43.672492999624694, -22.93188099902498]}, "properties": {"objectid": 1357, "cre": 10, "designacao": 1019020, "denominacao": "Escola Municipal Professora Maria Santiago", "latitude": -22.931881, "longitude": -43.672493, "tipo": "Escola Municipal"}}, {"type": "Feature", "id": 1358, "geometry": {"type": "Point", "coordinates": [-43.65289900031566, -22.930110998875985]}, "properties": {"objectid": 1358, "cre": 10, "designacao": 1019021, "denominacao": "Escola Municipal Professora Silvia de Araujo Toledo", "latitude": -22.930111, "longitude": -43.652899, "tipo": "Escola Municipal"}}, {"type": "Feature", "id": 1359, "geometry": {"type": "Point", "coordinates": [-43.66362600026816, -22.935913999031353]}, "properties": {"objectid": 1359, "cre": 10, "designacao": 1019022, "denominacao": "Escola Municipal Luís Caetano de Oliveira", "latitude": -22.935914, "longitude": -43.663626, "tipo": "Escola Municipal"}}, {"type": "Feature", "id": 1360, "geometry": {"type": "Point", "coordinates": [-43.67975300022755, -22.91571699933163]}, "properties": {"objectid": 1360, "cre": 10, "designacao": 1019023, "denominacao": "Escola Municipal Pestalozzi", "latitude": -22.915717, "longitude": -43.679753, "tipo": "Escola Municipal"}}, {"type": "Feature", "id": 1361, "geometry": {"type": "Point", "coordinates": [-43.68327699997497, -22.95424799888182]}, "properties": {"objectid": 1361, "cre": 10, "designacao": 1019024, "denominacao": "Escola Municipal Júlio Cesário de Melo", "latitude": -22.954248, "longitude": -43.683277, "tipo": "Escola Municipal"}}, {"type": "Feature", "id": 1362, "geometry": {"type": "Point", "coordinates": [-43.707939999541026, -22.96899699922755]}, "properties": {"objectid": 1362, "cre": 10, "designacao": 1019025, "denominacao": "Escola Municipal Nair da Fonseca", "latitude": -22.968997, "longitude": -43.70794, "tipo": "Escola Municipal"}}, {"type": "Feature", "id": 1363, "geometry": {"type": "Point", "coordinates": [-43.697353999844296, -22.971738999454274]}, "properties": {"objectid": 1363, "cre": 10, "designacao": 1019026, "denominacao": "Escola Municipal Nelson Romero", "latitude": -22.971739, "longitude": -43.697354, "tipo": "Escola Municipal"}}, {"type": "Feature", "id": 1364, "geometry": {"type": "Point", "coordinates": [-43.694835999511106, -22.976202999736124]}, "properties": {"objectid": 1364, "cre": 10, "designacao": 1019027, "denominacao": "Escola Municipal Felipe Camarão", "latitude": -22.976202999999998, "longitude": -43.694836, "tipo": "Escola Municipal"}}, {"type": "Feature", "id": 1365, "geometry": {"type": "Point", "coordinates": [-43.67972099961414, -22.916152999260934]}, "properties": {"objectid": 1365, "cre": 10, "designacao": 1019028, "denominacao": "Escola Municipal Professor Darcy Araújo de Miranda", "latitude": -22.916153, "longitude": -43.679720999999994, "tipo": "Escola Municipal"}}, {"type": "Feature", "id": 1366, "geometry": {"type": "Point", "coordinates": [-43.6802029998768, -22.921811999214825]}, "properties": {"objectid": 1366, "cre": 10, "designacao": 1019029, "denominacao": "Escola Especial Municipal Doutor Hélio Pellegrino", "latitude": -22.921812000000003, "longitude": -43.680203, "tipo": "Escola Especial Municipal"}}, {"type": "Feature", "id": 1367, "geometry": {"type": "Point", "coordinates": [-43.722632999786796, -22.899543999413105]}, "properties": {"objectid": 1367, "cre": 10, "designacao": 1019030, "denominacao": "Escola Municipal Professora Maria Helena Alves Portilho", "latitude": -22.899544, "longitude": -43.722633, "tipo": "Escola Municipal"}}, {"type": "Feature", "id": 1368, "geometry": {"type": "Point", "coordinates": [-43.63289099993517, -22.924852999673337]}, "properties": {"objectid": 1368, "cre": 10, "designacao": 1019031, "denominacao": "Escola Municipal Marechal Pedro Cavalcanti", "latitude": -22.924853000000002, "longitude": -43.632891, "tipo": "Escola Municipal"}}, {"type": "Feature", "id": 1369, "geometry": {"type": "Point", "coordinates": [-43.63470800017733, -22.92251399928122]}, "properties": {"objectid": 1369, "cre": 10, "designacao": 1019032, "denominacao": "Escola Municipal Miguel Calmon", "latitude": -22.922514, "longitude": -43.634708, "tipo": "Escola Municipal"}}, {"type": "Feature", "id": 1370, "geometry": {"type": "Point", "coordinates": [-43.637118999871234, -22.91510599923629]}, "properties": {"objectid": 1370, "cre": 10, "designacao": 1019033, "denominacao": "Escola Municipal Espanha", "latitude": -22.915105999999998, "longitude": -43.637119, "tipo": "Escola Municipal"}}, {"type": "Feature", "id": 1371, "geometry": {"type": "Point", "coordinates": [-43.64217400040092, -22.917661999514507]}, "properties": {"objectid": 1371, "cre": 10, "designacao": 1019034, "denominacao": "Escola Municipal Ribeiro Couto", "latitude": -22.917662, "longitude": -43.642174, "tipo": "Escola Municipal"}}, {"type": "Feature", "id": 1372, "geometry": {"type": "Point", "coordinates": [-43.63865699988656, -22.886551999406635]}, "properties": {"objectid": 1372, "cre": 10, "designacao": 1019035, "denominacao": "Escola Municipal IPEG", "latitude": -22.886552000000002, "longitude": -43.638656999999995, "tipo": "Escola Municipal"}}, {"type": "Feature", "id": 1373, "geometry": {"type": "Point", "coordinates": [-43.629766000326995, -22.91393299922644]}, "properties": {"objectid": 1373, "cre": 10, "designacao": 1019036, "denominacao": "Escola Municipal Doutor José Antônio Ciraudo", "latitude": -22.913933, "longitude": -43.629766, "tipo": "Escola Municipal"}}, {"type": "Feature", "id": 1374, "geometry": {"type": "Point", "coordinates": [-43.65136099952986, -22.913083999328475]}, "properties": {"objectid": 1374, "cre": 10, "designacao": 1019037, "denominacao": "Escola Municipal Francisco Caldeira de Alvarenga", "latitude": -22.913084, "longitude": -43.651361, "tipo": "Escola Municipal"}}, {"type": "Feature", "id": 1375, "geometry": {"type": "Point", "coordinates": [-43.618649999835704, -22.905480998978312]}, "properties": {"objectid": 1375, "cre": 10, "designacao": 1019038, "denominacao": "Escola Municipal Pedro Mota Lima", "latitude": -22.905481, "longitude": -43.61865, "tipo": "Escola Municipal"}}, {"type": "Feature", "id": 1376, "geometry": {"type": "Point", "coordinates": [-43.6277309995799, -22.873186999568656]}, "properties": {"objectid": 1376, "cre": 10, "designacao": 1019039, "denominacao": "Escola Municipal Professora Leila Mehl Menezes de Mattos", "latitude": -22.873187, "longitude": -43.627731, "tipo": "Escola Municipal"}}, {"type": "Feature", "id": 1377, "geometry": {"type": "Point", "coordinates": [-43.63124400023797, -22.87487199914076]}, "properties": {"objectid": 1377, "cre": 10, "designacao": 1019040, "denominacao": "Escola Municipal Gandhi", "latitude": -22.874872, "longitude": -43.631244, "tipo": "Escola Municipal"}}, {"type": "Feature", "id": 1378, "geometry": {"type": "Point", "coordinates": [-43.65504300034277, -22.902128999653613]}, "properties": {"objectid": 1378, "cre": 10, "designacao": 1019041, "denominacao": "Escola Municipal Lourdes de Lima Rocha", "latitude": -22.902129000000002, "longitude": -43.655043, "tipo": "Escola Municipal"}}, {"type": "Feature", "id": 1379, "geometry": {"type": "Point", "coordinates": [-43.643683000317814, -22.87787299900579]}, "properties": {"objectid": 1379, "cre": 10, "designacao": 1019042, "denominacao": "Escola Municipal Franklin Távora", "latitude": -22.877873, "longitude": -43.643682999999996, "tipo": "Escola Municipal"}}, {"type": "Feature", "id": 1380, "geometry": {"type": "Point", "coordinates": [-43.65343600022371, -22.914026999621896]}, "properties": {"objectid": 1380, "cre": 10, "designacao": 1019043, "denominacao": "Escola Municipal Professora Flávia dos Santos Soares", "latitude": -22.914027, "longitude": -43.653436, "tipo": "Escola Municipal"}}, {"type": "Feature", "id": 1381, "geometry": {"type": "Point", "coordinates": [-43.69357900043597, -22.918359999420993]}, "properties": {"objectid": 1381, "cre": 10, "designacao": 1019044, "denominacao": "Escola Municipal Sócrates Galvêas", "latitude": -22.91836, "longitude": -43.693579, "tipo": "Escola Municipal"}}, {"type": "Feature", "id": 1382, "geometry": {"type": "Point", "coordinates": [-43.67661299979954, -22.87351899936331]}, "properties": {"objectid": 1382, "cre": 10, "designacao": 1019045, "denominacao": "Escola Municipal Ponte dos Jesuítas", "latitude": -22.873519, "longitude": -43.676613, "tipo": "Escola Municipal"}}, {"type": "Feature", "id": 1383, "geometry": {"type": "Point", "coordinates": [-43.7122600000334, -22.90162599929435]}, "properties": {"objectid": 1383, "cre": 10, "designacao": 1019046, "denominacao": "Escola Municipal Professora Zulmira Telles da Costa", "latitude": -22.901625999999997, "longitude": -43.71226, "tipo": "Escola Municipal"}}, {"type": "Feature", "id": 1384, "geometry": {"type": "Point", "coordinates": [-43.688133000288175, -22.910175999743696]}, "properties": {"objectid": 1384, "cre": 10, "designacao": 1019047, "denominacao": "Escola Municipal Joaquim da Silva Gomes", "latitude": -22.910176, "longitude": -43.688133, "tipo": "Escola Municipal"}}, {"type": "Feature", "id": 1385, "geometry": {"type": "Point", "coordinates": [-43.71820399999237, -22.902597999172247]}, "properties": {"objectid": 1385, "cre": 10, "designacao": 1019048, "denominacao": "Escola Municipal Japão", "latitude": -22.902598, "longitude": -43.718204, "tipo": "Escola Municipal"}}, {"type": "Feature", "id": 1386, "geometry": {"type": "Point", "coordinates": [-43.68174400021066, -22.90737999902797]}, "properties": {"objectid": 1386, "cre": 10, "designacao": 1019049, "denominacao": "Escola Municipal Meralina de Castro", "latitude": -22.90738, "longitude": -43.681744, "tipo": "Escola Municipal"}}, {"type": "Feature", "id": 1387, "geometry": {"type": "Point", "coordinates": [-43.71394799984905, -22.89554399889469]}, "properties": {"objectid": 1387, "cre": 10, "designacao": 1019050, "denominacao": "Escola Municipal Roberto Coelho", "latitude": -22.895543999999997, "longitude": -43.713948, "tipo": "Escola Municipal"}}, {"type": "Feature", "id": 1388, "geometry": {"type": "Point", "coordinates": [-43.7035200002228, -22.899960999162282]}, "properties": {"objectid": 1388, "cre": 10, "designacao": 1019051, "denominacao": "Escola Municipal Marinheiro João Cândido", "latitude": -22.899960999999998, "longitude": -43.70352, "tipo": "Escola Municipal"}}, {"type": "Feature", "id": 1389, "geometry": {"type": "Point", "coordinates": [-43.70861100005807, -22.903582999619335]}, "properties": {"objectid": 1389, "cre": 10, "designacao": 1019052, "denominacao": "Escola Municipal Liberdade", "latitude": -22.903583, "longitude": -43.708611, "tipo": "Escola Municipal"}}, {"type": "Feature", "id": 1390, "geometry": {"type": "Point", "coordinates": [-43.67256300040394, -22.90417899892824]}, "properties": {"objectid": 1390, "cre": 10, "designacao": 1019053, "denominacao": "Escola Municipal Emiliano Galdino", "latitude": -22.904179, "longitude": -43.672563, "tipo": "Escola Municipal"}}, {"type": "Feature", "id": 1391, "geometry": {"type": "Point", "coordinates": [-43.71631500010365, -22.88880999918969]}, "properties": {"objectid": 1391, "cre": 10, "designacao": 1019054, "denominacao": "Escola Municipal Adalgiza Neri", "latitude": -22.88881, "longitude": -43.716314999999994, "tipo": "Escola Municipal"}}, {"type": "Feature", "id": 1392, "geometry": {"type": "Point", "coordinates": [-43.702841000169, -22.907197998900408]}, "properties": {"objectid": 1392, "cre": 10, "designacao": 1019055, "denominacao": "Escola Municipal Sindicalista Chico Mendes", "latitude": -22.907198, "longitude": -43.70284100000001, "tipo": "Escola Municipal"}}, {"type": "Feature", "id": 1393, "geometry": {"type": "Point", "coordinates": [-43.63509800009649, -22.928066999181105]}, "properties": {"objectid": 1393, "cre": 10, "designacao": 1019056, "denominacao": "Escola Municipal Professora Sonia Mota Molisani", "latitude": -22.928067000000002, "longitude": -43.635098, "tipo": "Escola Municipal"}}, {"type": "Feature", "id": 1394, "geometry": {"type": "Point", "coordinates": [-43.68767599966602, -22.910502999692337]}, "properties": {"objectid": 1394, "cre": 10, "designacao": 1019057, "denominacao": "Escola Municipal Professora Dione Freitas Felisberto de Carvalho", "latitude": -22.910503, "longitude": -43.687676, "tipo": "Escola Municipal"}}, {"type": "Feature", "id": 1395, "geometry": {"type": "Point", "coordinates": [-43.62358000012848, -22.912169999748343]}, "properties": {"objectid": 1395, "cre": 10, "designacao": 1019058, "denominacao": "Escola Municipal Jornalista Carlos Castelo Branco", "latitude": -22.91217, "longitude": -43.62358, "tipo": "Escola Municipal"}}, {"type": "Feature", "id": 1396, "geometry": {"type": "Point", "coordinates": [-43.6581699995546, -22.932484999014054]}, "properties": {"objectid": 1396, "cre": 10, "designacao": 1019059, "denominacao": "Escola Municipal Professor Jorge Gonçalves Farinha", "latitude": -22.932485, "longitude": -43.65817, "tipo": "Escola Municipal"}}, {"type": "Feature", "id": 1397, "geometry": {"type": "Point", "coordinates": [-43.63061100000523, -22.920958998898666]}, "properties": {"objectid": 1397, "cre": 10, "designacao": 1019060, "denominacao": "Escola Municipal Manoel Porto Filho", "latitude": -22.920959, "longitude": -43.630611, "tipo": "Escola Municipal"}}, {"type": "Feature", "id": 1398, "geometry": {"type": "Point", "coordinates": [-43.6771610003552, -22.92804799893006]}, "properties": {"objectid": 1398, "cre": 10, "designacao": 1019062, "denominacao": "Escola Municipal Professora Zélia Carolina da Silva Pinho", "latitude": -22.928048, "longitude": -43.677161000000005, "tipo": "Escola Municipal"}}, {"type": "Feature", "id": 1399, "geometry": {"type": "Point", "coordinates": [-43.67086699977774, -22.914898999211836]}, "properties": {"objectid": 1399, "cre": 10, "designacao": 1019064, "denominacao": "Escola Municipal Álvaro Valle", "latitude": -22.914899, "longitude": -43.670867, "tipo": "Escola Municipal"}}, {"type": "Feature", "id": 1400, "geometry": {"type": "Point", "coordinates": [-43.63100099997081, -22.87246299892648]}, "properties": {"objectid": 1400, "cre": 10, "designacao": 1019065, "denominacao": "Escola Municipal Mario Lago", "latitude": -22.872463, "longitude": -43.631001, "tipo": "Escola Municipal"}}, {"type": "Feature", "id": 1401, "geometry": {"type": "Point", "coordinates": [-43.67199500034124, -22.90456299951983]}, "properties": {"objectid": 1401, "cre": 10, "designacao": 1019072, "denominacao": "Escola Municipal Maria de Jesus Oliveira", "latitude": -22.904563, "longitude": -43.671995, "tipo": "Escola Municipal"}}, {"type": "Feature", "id": 1402, "geometry": {"type": "Point", "coordinates": [-43.66654099990245, -22.9411749990621]}, "properties": {"objectid": 1402, "cre": 10, "designacao": 1019073, "denominacao": "Escola Municipal Professor Francisco José Antônio", "latitude": -22.941174999999998, "longitude": -43.666541, "tipo": "Escola Municipal"}}, {"type": "Feature", "id": 1403, "geometry": {"type": "Point", "coordinates": [-43.690040000017916, -22.891648999069364]}, "properties": {"objectid": 1403, "cre": 10, "designacao": 1019074, "denominacao": "Escola Municipal Ricardo Brentani", "latitude": -22.891649, "longitude": -43.690039999999996, "tipo": "Escola Municipal"}}, {"type": "Feature", "id": 1404, "geometry": {"type": "Point", "coordinates": [-43.666847999879785, -22.88491099970761]}, "properties": {"objectid": 1404, "cre": 10, "designacao": 1019075, "denominacao": "Escola Municipal Roberto Civita", "latitude": -22.884911000000002, "longitude": -43.666848, "tipo": "Escola Municipal"}}, {"type": "Feature", "id": 1405, "geometry": {"type": "Point", "coordinates": [-43.70095399959063, -22.921045999415007]}, "properties": {"objectid": 1405, "cre": 10, "designacao": 1019076, "denominacao": "Escola Municipal Professora Eulália Rodrigues de Oliveira Vieira", "latitude": -22.921046, "longitude": -43.700953999999996, "tipo": "Escola Municipal"}}, {"type": "Feature", "id": 1406, "geometry": {"type": "Point", "coordinates": [-43.688852000180304, -22.957040999439418]}, "properties": {"objectid": 1406, "cre": 10, "designacao": 1019078, "denominacao": "EM Primário Paralimpíadas Rio 2016", "latitude": -22.957041, "longitude": -43.688852, "tipo": "Escola Municipal"}}, {"type": "Feature", "id": 1407, "geometry": {"type": "Point", "coordinates": [-43.68357200023961, -22.95463099914163]}, "properties": {"objectid": 1407, "cre": 10, "designacao": 1019079, "denominacao": "EM Ginásio Emilinha Borba", "latitude": -22.954631, "longitude": -43.683572000000005, "tipo": "Escola Municipal"}}, {"type": "Feature", "id": 1408, "geometry": {"type": "Point", "coordinates": [-43.684136000135965, -22.954342999137168]}, "properties": {"objectid": 1408, "cre": 10, "designacao": 1019080, "denominacao": "Escola Municipal Ginásio Professor Neemias Rodrigues de Mello", "latitude": -22.954343, "longitude": -43.684136, "tipo": "Escola Municipal"}}, {"type": "Feature", "id": 1409, "geometry": {"type": "Point", "coordinates": [-43.68674600035384, -22.95601399913082]}, "properties": {"objectid": 1409, "cre": 10, "designacao": 1019081, "denominacao": "EM Primário Walquir Pereira", "latitude": -22.956014, "longitude": -43.686746, "tipo": "Escola Municipal"}}, {"type": "Feature", "id": 1410, "geometry": {"type": "Point", "coordinates": [-43.68618899989482, -22.95553099968206]}, "properties": {"objectid": 1410, "cre": 10, "designacao": 1019082, "denominacao": "EM Primário Professora Clara Lucia de Souza", "latitude": -22.955531, "longitude": -43.686189000000006, "tipo": "Escola Municipal"}}, {"type": "Feature", "id": 1411, "geometry": {"type": "Point", "coordinates": [-43.659356000082454, -22.933139999701606]}, "properties": {"objectid": 1411, "cre": 10, "designacao": 1019084, "denominacao": "EM Primário Medalhista Olímpico Robson Donato Conceição", "latitude": -22.933139999999998, "longitude": -43.659356, "tipo": "Escola Municipal"}}, {"type": "Feature", "id": 1412, "geometry": {"type": "Point", "coordinates": [-43.65938699961472, -22.93361099929829]}, "properties": {"objectid": 1412, "cre": 10, "designacao": 1019085, "denominacao": "EM Ginásio Medalhista Olímpico Thiago Braz da Silva", "latitude": -22.933611, "longitude": -43.659387, "tipo": "Escola Municipal"}}, {"type": "Feature", "id": 1413, "geometry": {"type": "Point", "coordinates": [-43.66096000036673, -22.883019999522062]}, "properties": {"objectid": 1413, "cre": 10, "designacao": 1019086, "denominacao": "Escola Municipal Armando Klabin", "latitude": -22.88302, "longitude": -43.660959999999996, "tipo": "Escola Municipal"}}, {"type": "Feature", "id": 1414, "geometry": {"type": "Point", "coordinates": [-43.652929000239844, -22.917173999083694]}, "properties": {"objectid": 1414, "cre": 10, "designacao": 1019092, "denominacao": "Escola Municipal Primário Vera Lucia Chaves da Costa", "latitude": -22.917174000000003, "longitude": -43.652929, "tipo": "Escola Municipal"}}, {"type": "Feature", "id": 1415, "geometry": {"type": "Point", "coordinates": [-43.694281000145736, -22.9752989997674]}, "properties": {"objectid": 1415, "cre": 10, "designacao": 1019201, "denominacao": "Ciep Ministro Marcos Freire", "latitude": -22.975299, "longitude": -43.694281000000004, "tipo": "CIEP"}}, {"type": "Feature", "id": 1416, "geometry": {"type": "Point", "coordinates": [-43.662130000151116, -22.93415699898819]}, "properties": {"objectid": 1416, "cre": 10, "designacao": 1019202, "denominacao": "Ciep Ismael Nery", "latitude": -22.934157000000003, "longitude": -43.662130000000005, "tipo": "CIEP"}}, {"type": "Feature", "id": 1417, "geometry": {"type": "Point", "coordinates": [-43.645025000453444, -22.92199499898894]}, "properties": {"objectid": 1417, "cre": 10, "designacao": 1019205, "denominacao": "Ciep Roberto Morena", "latitude": -22.921995000000003, "longitude": -43.645025000000004, "tipo": "CIEP"}}, {"type": "Feature", "id": 1418, "geometry": {"type": "Point", "coordinates": [-43.69406100012876, -22.92728799976606]}, "properties": {"objectid": 1418, "cre": 10, "designacao": 1019206, "denominacao": "Ciep Barão de Itararé", "latitude": -22.927288, "longitude": -43.694061000000005, "tipo": "CIEP"}}, {"type": "Feature", "id": 1419, "geometry": {"type": "Point", "coordinates": [-43.693063000404855, -22.975170999234113]}, "properties": {"objectid": 1419, "cre": 10, "designacao": 1019207, "denominacao": "Ciep Deputado Ulysses Guimarães", "latitude": -22.975171, "longitude": -43.693062999999995, "tipo": "CIEP"}}, {"type": "Feature", "id": 1420, "geometry": {"type": "Point", "coordinates": [-43.70370100009547, -22.906701999664577]}, "properties": {"objectid": 1420, "cre": 10, "designacao": 1019209, "denominacao": "Ciep Papa João XXIII", "latitude": -22.906702, "longitude": -43.703700999999995, "tipo": "CIEP"}}, {"type": "Feature", "id": 1421, "geometry": {"type": "Point", "coordinates": [-43.65645999954886, -22.913188999622424]}, "properties": {"objectid": 1421, "cre": 10, "designacao": 1019210, "denominacao": "Ciep Alberto Pasqualine", "latitude": -22.913189, "longitude": -43.656459999999996, "tipo": "CIEP"}}, {"type": "Feature", "id": 1422, "geometry": {"type": "Point", "coordinates": [-43.63805200000949, -22.888548999346913]}, "properties": {"objectid": 1422, "cre": 10, "designacao": 1019211, "denominacao": "Ciep Major Manuel Gomes Archer", "latitude": -22.888549, "longitude": -43.638051999999995, "tipo": "CIEP"}}, {"type": "Feature", "id": 1423, "geometry": {"type": "Point", "coordinates": [-43.66941499954449, -22.922032999605126]}, "properties": {"objectid": 1423, "cre": 10, "designacao": 1019501, "denominacao": "Ciep 1o. de Maio", "latitude": -22.922033, "longitude": -43.669415, "tipo": "CIEP"}}, {"type": "Feature", "id": 1424, "geometry": {"type": "Point", "coordinates": [-43.653253000375614, -22.921570999349154]}, "properties": {"objectid": 1424, "cre": 10, "designacao": 1019502, "denominacao": "Ciep Maestro Heitor Villa Lobos", "latitude": -22.921571, "longitude": -43.653253, "tipo": "CIEP"}}, {"type": "Feature", "id": 1425, "geometry": {"type": "Point", "coordinates": [-43.62558600033247, -22.922079999371764]}, "properties": {"objectid": 1425, "cre": 10, "designacao": 1019503, "denominacao": "Ciep Dr. Nelson Hungria", "latitude": -22.92208, "longitude": -43.625586000000006, "tipo": "CIEP"}}, {"type": "Feature", "id": 1426, "geometry": {"type": "Point", "coordinates": [-43.70584099986427, -22.90302099902797]}, "properties": {"objectid": 1426, "cre": 10, "designacao": 1019601, "denominacao": "Creche Municipal Sempre Vida Vale do Sol", "latitude": -22.903021, "longitude": -43.705841, "tipo": "Creche Municipal"}}, {"type": "Feature", "id": 1427, "geometry": {"type": "Point", "coordinates": [-43.66210199990028, -22.9213799995168]}, "properties": {"objectid": 1427, "cre": 10, "designacao": 1019602, "denominacao": "Creche Municipal Sempre Vida Antares", "latitude": -22.92138, "longitude": -43.662102000000004, "tipo": "Creche Municipal"}}, {"type": "Feature", "id": 1428, "geometry": {"type": "Point", "coordinates": [-43.62844299987387, -22.92419199914622]}, "properties": {"objectid": 1428, "cre": 10, "designacao": 1019603, "denominacao": "Creche Municipal Jardim dos Vieiras", "latitude": -22.924191999999998, "longitude": -43.628443, "tipo": "Creche Municipal"}}, {"type": "Feature", "id": 1429, "geometry": {"type": "Point", "coordinates": [-43.705531000181665, -22.902827999176743]}, "properties": {"objectid": 1429, "cre": 10, "designacao": 1019604, "denominacao": "Creche Municipal Ayrton Senna", "latitude": -22.902828, "longitude": -43.705531, "tipo": "Creche Municipal"}}, {"type": "Feature", "id": 1430, "geometry": {"type": "Point", "coordinates": [-43.65836300012682, -22.932953999264427]}, "properties": {"objectid": 1430, "cre": 10, "designacao": 1019605, "denominacao": "Creche Municipal Marlene da Silva Cardoso", "latitude": -22.932954, "longitude": -43.658362999999994, "tipo": "Creche Municipal"}}, {"type": "Feature", "id": 1431, "geometry": {"type": "Point", "coordinates": [-43.63721499958046, -22.917667999651297]}, "properties": {"objectid": 1431, "cre": 10, "designacao": 1019606, "denominacao": "Creche Municipal Trinta e Um de Outubro", "latitude": -22.917668, "longitude": -43.637215, "tipo": "Creche Municipal"}}, {"type": "Feature", "id": 1432, "geometry": {"type": "Point", "coordinates": [-43.634912000159844, -22.92750499900883]}, "properties": {"objectid": 1432, "cre": 10, "designacao": 1019607, "denominacao": "Creche Municipal Adalto Bastos", "latitude": -22.927505, "longitude": -43.634912, "tipo": "Creche Municipal"}}, {"type": "Feature", "id": 1433, "geometry": {"type": "Point", "coordinates": [-43.70883299979923, -22.90389399898923]}, "properties": {"objectid": 1433, "cre": 10, "designacao": 1019608, "denominacao": "Creche Municipal Amanhecer de Luz", "latitude": -22.903894, "longitude": -43.708833, "tipo": "Creche Municipal"}}, {"type": "Feature", "id": 1434, "geometry": {"type": "Point", "coordinates": [-43.715864999911595, -22.888958999732843]}, "properties": {"objectid": 1434, "cre": 10, "designacao": 1019609, "denominacao": "Creche Municipal Cantinho da Tia Dolores", "latitude": -22.888959, "longitude": -43.715865, "tipo": "Creche Municipal"}}, {"type": "Feature", "id": 1435, "geometry": {"type": "Point", "coordinates": [-43.68158500034739, -22.979982999002214]}, "properties": {"objectid": 1435, "cre": 10, "designacao": 1019610, "denominacao": "Creche Municipal Chave do Tamanho", "latitude": -22.979983, "longitude": -43.681585, "tipo": "Creche Municipal"}}, {"type": "Feature", "id": 1436, "geometry": {"type": "Point", "coordinates": [-43.67208899994969, -22.918624999443182]}, "properties": {"objectid": 1436, "cre": 10, "designacao": 1019611, "denominacao": "Creche Municipal Criança Feliz", "latitude": -22.918625000000002, "longitude": -43.672089, "tipo": "Creche Municipal"}}, {"type": "Feature", "id": 1437, "geometry": {"type": "Point", "coordinates": [-43.64476099968506, -22.924632999153975]}, "properties": {"objectid": 1437, "cre": 10, "designacao": 1019612, "denominacao": "Creche Municipal Daniela Perez", "latitude": -22.924633, "longitude": -43.644761, "tipo": "Creche Municipal"}}, {"type": "Feature", "id": 1438, "geometry": {"type": "Point", "coordinates": [-43.64109100033318, -22.926767999114237]}, "properties": {"objectid": 1438, "cre": 10, "designacao": 1019613, "denominacao": "Creche Municipal Djanira Maria Ramos", "latitude": -22.926768, "longitude": -43.641090999999996, "tipo": "Creche Municipal"}}, {"type": "Feature", "id": 1439, "geometry": {"type": "Point", "coordinates": [-43.631460999968674, -22.87426299950111]}, "properties": {"objectid": 1439, "cre": 10, "designacao": 1019614, "denominacao": "Creche Municipal Inspetor Heraldo Carvalho de Sousa", "latitude": -22.874263000000003, "longitude": -43.631461, "tipo": "Creche Municipal"}}, {"type": "Feature", "id": 1440, "geometry": {"type": "Point", "coordinates": [-43.66255500033737, -22.929634999145478]}, "properties": {"objectid": 1440, "cre": 10, "designacao": 1019615, "denominacao": "Creche Municipal Marcolina", "latitude": -22.929635, "longitude": -43.662555000000005, "tipo": "Creche Municipal"}}, {"type": "Feature", "id": 1441, "geometry": {"type": "Point", "coordinates": [-43.65006199977065, -22.933319998926383]}, "properties": {"objectid": 1441, "cre": 10, "designacao": 1019616, "denominacao": "Creche Municipal Maria Helena Papera Monteiro", "latitude": -22.93332, "longitude": -43.650062, "tipo": "Creche Municipal"}}, {"type": "Feature", "id": 1442, "geometry": {"type": "Point", "coordinates": [-43.70170799978081, -22.90498099950501]}, "properties": {"objectid": 1442, "cre": 10, "designacao": 1019618, "denominacao": "Creche Municipal Leuza Marins Novaes S. Santos", "latitude": -22.904981000000003, "longitude": -43.701708, "tipo": "Creche Municipal"}}, {"type": "Feature", "id": 1443, "geometry": {"type": "Point", "coordinates": [-43.72332600020263, -22.9007679988933]}, "properties": {"objectid": 1443, "cre": 10, "designacao": 1019619, "denominacao": "Creche Municipal Santa Terezinha", "latitude": -22.900768, "longitude": -43.723326, "tipo": "Creche Municipal"}}, {"type": "Feature", "id": 1444, "geometry": {"type": "Point", "coordinates": [-43.67290400045844, -22.920080999001243]}, "properties": {"objectid": 1444, "cre": 10, "designacao": 1019620, "denominacao": "Creche Municipal Sementinha do Amor", "latitude": -22.920081000000003, "longitude": -43.672903999999996, "tipo": "Creche Municipal"}}, {"type": "Feature", "id": 1445, "geometry": {"type": "Point", "coordinates": [-43.69324399980633, -22.974871998953397]}, "properties": {"objectid": 1445, "cre": 10, "designacao": 1019621, "denominacao": "Creche Municipal Sempre Vida Estrela do Alagado", "latitude": -22.974871999999998, "longitude": -43.693244, "tipo": "Creche Municipal"}}, {"type": "Feature", "id": 1446, "geometry": {"type": "Point", "coordinates": [-43.67630799978507, -22.93461099971858]}, "properties": {"objectid": 1446, "cre": 10, "designacao": 1019622, "denominacao": "Creche Municipal Sempre Vida Parque de Santa Cruz", "latitude": -22.934611, "longitude": -43.676308, "tipo": "Creche Municipal"}}, {"type": "Feature", "id": 1447, "geometry": {"type": "Point", "coordinates": [-43.63006500046732, -22.92114199924352]}, "properties": {"objectid": 1447, "cre": 10, "designacao": 1019623, "denominacao": "Creche Municipal Sempre Vida Terra da Paz", "latitude": -22.921142, "longitude": -43.630065, "tipo": "Creche Municipal"}}, {"type": "Feature", "id": 1448, "geometry": {"type": "Point", "coordinates": [-43.71456599967053, -22.903752999310715]}, "properties": {"objectid": 1448, "cre": 10, "designacao": 1019624, "denominacao": "Creche Municipal Zacarias - O Trapalhão", "latitude": -22.903753000000002, "longitude": -43.714566, "tipo": "Creche Municipal"}}, {"type": "Feature", "id": 1449, "geometry": {"type": "Point", "coordinates": [-43.689819000187434, -22.961618999390335]}, "properties": {"objectid": 1449, "cre": 10, "designacao": 1019625, "denominacao": "Creche Municipal Narizinho", "latitude": -22.961619000000002, "longitude": -43.689819, "tipo": "Creche Municipal"}}, {"type": "Feature", "id": 1450, "geometry": {"type": "Point", "coordinates": [-43.682820000354646, -22.958717999515304]}, "properties": {"objectid": 1450, "cre": 10, "designacao": 1019626, "denominacao": "Creche Municipal Pedrinho", "latitude": -22.958718, "longitude": -43.68282, "tipo": "Creche Municipal"}}, {"type": "Feature", "id": 1451, "geometry": {"type": "Point", "coordinates": [-43.69130100006847, -22.95625799939562]}, "properties": {"objectid": 1451, "cre": 10, "designacao": 1019627, "denominacao": "Creche Municipal Vovó Benta", "latitude": -22.956258, "longitude": -43.691300999999996, "tipo": "Creche Municipal"}}, {"type": "Feature", "id": 1452, "geometry": {"type": "Point", "coordinates": [-43.673065000400044, -22.926997998955823]}, "properties": {"objectid": 1452, "cre": 10, "designacao": 1019628, "denominacao": "Creche Municipal Irinéa dos Santos Paiva", "latitude": -22.926998, "longitude": -43.673065, "tipo": "Creche Municipal"}}, {"type": "Feature", "id": 1453, "geometry": {"type": "Point", "coordinates": [-43.66770800032343, -22.911518999158694]}, "properties": {"objectid": 1453, "cre": 10, "designacao": 1019630, "denominacao": "Creche Municipal Estrela Dalva", "latitude": -22.911519000000002, "longitude": -43.667708000000005, "tipo": "Creche Municipal"}}, {"type": "Feature", "id": 1454, "geometry": {"type": "Point", "coordinates": [-43.6545730004076, -22.911348999438363]}, "properties": {"objectid": 1454, "cre": 10, "designacao": 1019631, "denominacao": "Creche Municipal Mãos Pequenas", "latitude": -22.911349, "longitude": -43.654573, "tipo": "Creche Municipal"}}, {"type": "Feature", "id": 1455, "geometry": {"type": "Point", "coordinates": [-43.63561200043946, -22.888020999040794]}, "properties": {"objectid": 1455, "cre": 10, "designacao": 1019632, "denominacao": "Creche Municipal Miriam Pires", "latitude": -22.888021000000002, "longitude": -43.635611999999995, "tipo": "Creche Municipal"}}, {"type": "Feature", "id": 1456, "geometry": {"type": "Point", "coordinates": [-43.681027999653885, -22.946387999233743]}, "properties": {"objectid": 1456, "cre": 10, "designacao": 1019633, "denominacao": "Creche Municipal Meriluce de Oliveira Müller", "latitude": -22.946388000000002, "longitude": -43.681028, "tipo": "Creche Municipal"}}, {"type": "Feature", "id": 1457, "geometry": {"type": "Point", "coordinates": [-43.6560749995918, -22.91340899959997]}, "properties": {"objectid": 1457, "cre": 10, "designacao": 1019801, "denominacao": "Espaço de Desenvolvimento Infantil Sargento Izo Gomes Patrício", "latitude": -22.913408999999998, "longitude": -43.656075, "tipo": "EDI"}}, {"type": "Feature", "id": 1458, "geometry": {"type": "Point", "coordinates": [-43.64534099988271, -22.921658999532596]}, "properties": {"objectid": 1458, "cre": 10, "designacao": 1019802, "denominacao": "Espaço de Desenvolvimento Infantil Larissa dos Santos Atanazio", "latitude": -22.921659000000002, "longitude": -43.645341, "tipo": "EDI"}}, {"type": "Feature", "id": 1459, "geometry": {"type": "Point", "coordinates": [-43.70172199996158, -22.907538999719087]}, "properties": {"objectid": 1459, "cre": 10, "designacao": 1019803, "denominacao": "Espaço de Desenvolvimento Infantil Laryssa Silva Martins", "latitude": -22.907539, "longitude": -43.701722000000004, "tipo": "EDI"}}, {"type": "Feature", "id": 1460, "geometry": {"type": "Point", "coordinates": [-43.69406499960066, -22.97678999958446]}, "properties": {"objectid": 1460, "cre": 10, "designacao": 1019804, "denominacao": "Espaço de Desenvolvimento Infantil Professora Maria Luiza Jobim de Queiroz", "latitude": -22.97679, "longitude": -43.694065, "tipo": "EDI"}}, {"type": "Feature", "id": 1461, "geometry": {"type": "Point", "coordinates": [-43.690048999960204, -22.92516499923466]}, "properties": {"objectid": 1461, "cre": 10, "designacao": 1019805, "denominacao": "Espaço de Desenvolvimento Infantil Professor Celso de Almeida Chaves", "latitude": -22.925165, "longitude": -43.690048999999995, "tipo": "EDI"}}, {"type": "Feature", "id": 1462, "geometry": {"type": "Point", "coordinates": [-43.666210000149675, -22.88630899969501]}, "properties": {"objectid": 1462, "cre": 10, "designacao": 1019806, "denominacao": "Espaço de Desenvolvimento Infantil Professor Rubem Gonçalves", "latitude": -22.886308999999997, "longitude": -43.66621000000001, "tipo": "EDI"}}, {"type": "Feature", "id": 1463, "geometry": {"type": "Point", "coordinates": [-43.66100399982825, -22.883480999714834]}, "properties": {"objectid": 1463, "cre": 10, "designacao": 1019807, "denominacao": "Espaço de Desenvolvimento Infantil Professor Antonio Alfredo Mercadante", "latitude": -22.883481000000003, "longitude": -43.661004, "tipo": "EDI"}}, {"type": "Feature", "id": 1464, "geometry": {"type": "Point", "coordinates": [-43.63860000011764, -22.894293999464256]}, "properties": {"objectid": 1464, "cre": 10, "designacao": 1019808, "denominacao": "Espaço de Desenvolvimento Infantil Geógrafo Aziz Ab'Saber", "latitude": -22.894294000000002, "longitude": -43.6386, "tipo": "EDI"}}, {"type": "Feature", "id": 1465, "geometry": {"type": "Point", "coordinates": [-43.68027999965168, -22.940352999343375]}, "properties": {"objectid": 1465, "cre": 10, "designacao": 1019809, "denominacao": "Espaço de Desenvolvimento Infantil Professora Carmen Fraga de Araújo", "latitude": -22.940353, "longitude": -43.680279999999996, "tipo": "EDI"}}, {"type": "Feature", "id": 1466, "geometry": {"type": "Point", "coordinates": [-43.671304999551324, -22.91442499894901]}, "properties": {"objectid": 1466, "cre": 10, "designacao": 1019810, "denominacao": "Espaço de Desenvolvimento Infantil Professora Rosele Nicolau Jorge Coutinho", "latitude": -22.914425, "longitude": -43.671305000000004, "tipo": "EDI"}}, {"type": "Feature", "id": 1467, "geometry": {"type": "Point", "coordinates": [-43.63450299959419, -22.875659999598476]}, "properties": {"objectid": 1467, "cre": 10, "designacao": 1019811, "denominacao": "Espaço de Desenvolvimento Infantil Professora Raquel Kelly Lanera", "latitude": -22.87566, "longitude": -43.634503, "tipo": "EDI"}}, {"type": "Feature", "id": 1468, "geometry": {"type": "Point", "coordinates": [-43.6329899998335, -22.917907999404385]}, "properties": {"objectid": 1468, "cre": 10, "designacao": 1019812, "denominacao": "Espaço de Desenvolvimento Infantil Elizabeth Papera", "latitude": -22.917908, "longitude": -43.63299, "tipo": "EDI"}}, {"type": "Feature", "id": 1469, "geometry": {"type": "Point", "coordinates": [-43.62364200026372, -22.92062099961893]}, "properties": {"objectid": 1469, "cre": 10, "designacao": 1019813, "denominacao": "Espaço de Desenvolvimento Infantil Gouveias", "latitude": -22.920621, "longitude": -43.623642000000004, "tipo": "EDI"}}, {"type": "Feature", "id": 1470, "geometry": {"type": "Point", "coordinates": [-43.63996700042674, -22.92175399962214]}, "properties": {"objectid": 1470, "cre": 10, "designacao": 1019814, "denominacao": "Espaço de Desenvolvimento Infantil Cesarinho", "latitude": -22.921754, "longitude": -43.639967, "tipo": "EDI"}}, {"type": "Feature", "id": 1471, "geometry": {"type": "Point", "coordinates": [-43.651918000194705, -22.916107999303687]}, "properties": {"objectid": 1471, "cre": 10, "designacao": 1019815, "denominacao": "Espaço de Desenvolvimento Infantil João Corrêa", "latitude": -22.916108, "longitude": -43.651917999999995, "tipo": "EDI"}}, {"type": "Feature", "id": 1472, "geometry": {"type": "Point", "coordinates": [-43.703263000203926, -22.90021299941452]}, "properties": {"objectid": 1472, "cre": 10, "designacao": 1019816, "denominacao": "Espaço de Desenvolvimento Infantil Guandu", "latitude": -22.900213, "longitude": -43.703263, "tipo": "EDI"}}, {"type": "Feature", "id": 1473, "geometry": {"type": "Point", "coordinates": [-43.702404000076555, -22.90638599946224]}, "properties": {"objectid": 1473, "cre": 10, "designacao": 1019817, "denominacao": "Espaço de Desenvolvimento Infantil Professora Rosa Maria Alves de Oliveira", "latitude": -22.906386, "longitude": -43.702403999999994, "tipo": "EDI"}}, {"type": "Feature", "id": 1474, "geometry": {"type": "Point", "coordinates": [-43.62428199993522, -22.91960799894766]}, "properties": {"objectid": 1474, "cre": 10, "designacao": 1019818, "denominacao": "Espaço de Desenvolvimento Infantil Renée Biscaia Raposo", "latitude": -22.919608, "longitude": -43.624282, "tipo": "EDI"}}, {"type": "Feature", "id": 1475, "geometry": {"type": "Point", "coordinates": [-43.717337000194185, -22.88934599937998]}, "properties": {"objectid": 1475, "cre": 10, "designacao": 1019819, "denominacao": "Espaço de Desenvolvimento Infantil São Fernando", "latitude": -22.889346, "longitude": -43.717337, "tipo": "EDI"}}, {"type": "Feature", "id": 1476, "geometry": {"type": "Point", "coordinates": [-43.706790000238286, -22.96288599962169]}, "properties": {"objectid": 1476, "cre": 10, "designacao": 1019820, "denominacao": "Espaço de Desenvolvimento Infantil Professora Inaiá Wanderley Carmo (abrigando a Creche Municipal Nair da Fonseca)", "latitude": -22.962886, "longitude": -43.70679, "tipo": "EDI"}}, {"type": "Feature", "id": 1477, "geometry": {"type": "Point", "coordinates": [-43.70784500030706, -22.90352299928849]}, "properties": {"objectid": 1477, "cre": 10, "designacao": 1019821, "denominacao": "Espaço de Desenvolvimento Infantil Professora Solange Inácia de Sá de Lacerda", "latitude": -22.903523, "longitude": -43.707845, "tipo": "EDI"}}, {"type": "Feature", "id": 1478, "geometry": {"type": "Point", "coordinates": [-43.68736799998052, -22.95638899913865]}, "properties": {"objectid": 1478, "cre": 10, "designacao": 1019822, "denominacao": "Espaço de Desenvolvimento Infantil Professora Katia Mirando dos Santos", "latitude": -22.956388999999998, "longitude": -43.687368, "tipo": "EDI"}}, {"type": "Feature", "id": 1479, "geometry": {"type": "Point", "coordinates": [-43.68774700015247, -22.956511999628145]}, "properties": {"objectid": 1479, "cre": 10, "designacao": 1019823, "denominacao": "Espaço de Desenvolvimento Infantil Maria Rosangela Oliveira \"Tia Neguinha\"", "latitude": -22.956512, "longitude": -43.687747, "tipo": "EDI"}}, {"type": "Feature", "id": 1480, "geometry": {"type": "Point", "coordinates": [-43.688209999651804, -22.95664699917369]}, "properties": {"objectid": 1480, "cre": 10, "designacao": 1019824, "denominacao": "Espaço de Desenvolvimento Infantil Professora Lilia Chaves da Costa", "latitude": -22.956647, "longitude": -43.688210000000005, "tipo": "EDI"}}, {"type": "Feature", "id": 1481, "geometry": {"type": "Point", "coordinates": [-43.69470700041318, -22.976462998939745]}, "properties": {"objectid": 1481, "cre": 10, "designacao": 1019826, "denominacao": "Espaço de Desenvolvimento Indantil Thamiris de Andrade da Silva Santos", "latitude": -22.976463000000003, "longitude": -43.694706999999994, "tipo": "EDI"}}, {"type": "Feature", "id": 1482, "geometry": {"type": "Point", "coordinates": [-43.6597199998464, -22.933611998889102]}, "properties": {"objectid": 1482, "cre": 10, "designacao": 1019827, "denominacao": "Espaço de Desenvolvimento Infantil Medalhista Olímpica Poliana Okimoto", "latitude": -22.933612, "longitude": -43.65972, "tipo": "EDI"}}, {"type": "Feature", "id": 1483, "geometry": {"type": "Point", "coordinates": [-43.65956099999581, -22.934044999448577]}, "properties": {"objectid": 1483, "cre": 10, "designacao": 1019828, "denominacao": "Espaço de Desenvolvimento Infantil Medalhista Olímpico Erlon de Souza Silva", "latitude": -22.934045, "longitude": -43.659561000000004, "tipo": "EDI"}}, {"type": "Feature", "id": 1484, "geometry": {"type": "Point", "coordinates": [-43.67329552994871, -22.92302999915274]}, "properties": {"objectid": 1484, "cre": 10, "designacao": 1019829, "denominacao": "Espaço de Desenvolvimento Infantil Erasmo Carlos", "latitude": -22.92303, "longitude": -43.673295530000004, "tipo": "EDI"}}, {"type": "Feature", "id": 1485, "geometry": {"type": "Point", "coordinates": [-43.67329552994871, -22.92302999915274]}, "properties": {"objectid": 1485, "cre": 10, "designacao": 1019830, "denominacao": "Espaço de Desenvolvimento Infantil Gal Costa", "latitude": -22.92303, "longitude": -43.673295530000004, "tipo": "EDI"}}, {"type": "Feature", "id": 1486, "geometry": {"type": "Point", "coordinates": [-43.66071699978314, -22.882891999173914]}, "properties": {"objectid": 1486, "cre": 10, "designacao": 1019831, "denominacao": "Espaço de Desenvolvimento Infantil Professora Maria Mesquita de Siqueira", "latitude": -22.882892, "longitude": -43.660717, "tipo": "EDI"}}, {"type": "Feature", "id": 1487, "geometry": {"type": "Point", "coordinates": [-43.19882548966027, -22.912231078439632]}, "properties": {"objectid": 1487, "cre": 1, "designacao": 1025041, "denominacao": "Núcleo de Arte Avenida dos Desfiles", "latitude": -22.912231079999998, "longitude": -43.19882549, "tipo": "Núcleo de Arte"}}, {"type": "Feature", "id": 1488, "geometry": {"type": "Point", "coordinates": [-43.577409000314994, -22.953162999388226]}, "properties": {"objectid": 1488, "cre": 10, "designacao": 1026001, "denominacao": "Escola Municipal Jonatas Serrano", "latitude": -22.953163, "longitude": -43.577408999999996, "tipo": "Escola Municipal"}}, {"type": "Feature", "id": 1489, "geometry": {"type": "Point", "coordinates": [-43.585634999630756, -22.972945999623796]}, "properties": {"objectid": 1489, "cre": 10, "designacao": 1026002, "denominacao": "Escola Municipal Monteiro Lobato", "latitude": -22.972946, "longitude": -43.585634999999996, "tipo": "Escola Municipal"}}, {"type": "Feature", "id": 1490, "geometry": {"type": "Point", "coordinates": [-43.59368299989145, -22.994123999416175]}, "properties": {"objectid": 1490, "cre": 10, "designacao": 1026003, "denominacao": "Escola Municipal Professor Castilho", "latitude": -22.994124, "longitude": -43.593683, "tipo": "Escola Municipal"}}, {"type": "Feature", "id": 1491, "geometry": {"type": "Point", "coordinates": [-43.54629399962759, -22.973922999239893]}, "properties": {"objectid": 1491, "cre": 10, "designacao": 1026004, "denominacao": "Escola Municipal Leôncio Correia", "latitude": -22.973923, "longitude": -43.546293999999996, "tipo": "Escola Municipal"}}, {"type": "Feature", "id": 1492, "geometry": {"type": "Point", "coordinates": [-43.53758199983147, -23.009083998897644]}, "properties": {"objectid": 1492, "cre": 10, "designacao": 1026005, "denominacao": "Escola Municipal Narcisa Amália", "latitude": -23.009084, "longitude": -43.537582, "tipo": "Escola Municipal"}}, {"type": "Feature", "id": 1493, "geometry": {"type": "Point", "coordinates": [-43.602534999715935, -22.9487059996265]}, "properties": {"objectid": 1493, "cre": 10, "designacao": 1026006, "denominacao": "Escola Municipal Euclides da Cunha", "latitude": -22.948705999999998, "longitude": -43.602534999999996, "tipo": "Escola Municipal"}}, {"type": "Feature", "id": 1494, "geometry": {"type": "Point", "coordinates": [-43.63797199990401, -22.977195999758973]}, "properties": {"objectid": 1494, "cre": 10, "designacao": 1026007, "denominacao": "Escola Municipal Professora Leocádia Torres", "latitude": -22.977196, "longitude": -43.637972000000005, "tipo": "Escola Municipal"}}, {"type": "Feature", "id": 1495, "geometry": {"type": "Point", "coordinates": [-43.64354500043481, -22.98045999906609]}, "properties": {"objectid": 1495, "cre": 10, "designacao": 1026008, "denominacao": "Escola Municipal Engenheiro Gastão Rangel", "latitude": -22.98046, "longitude": -43.643545, "tipo": "Escola Municipal"}}, {"type": "Feature", "id": 1496, "geometry": {"type": "Point", "coordinates": [-43.59778000007458, -22.944306999724972]}, "properties": {"objectid": 1496, "cre": 10, "designacao": 1026009, "denominacao": "Escola Municipal Padre José Maurício", "latitude": -22.944307, "longitude": -43.59778, "tipo": "Escola Municipal"}}, {"type": "Feature", "id": 1497, "geometry": {"type": "Point", "coordinates": [-43.67057999954732, -22.97906399938732]}, "properties": {"objectid": 1497, "cre": 10, "designacao": 1026010, "denominacao": "Escola Municipal Bertha Lutz", "latitude": -22.979063999999997, "longitude": -43.670579999999994, "tipo": "Escola Municipal"}}, {"type": "Feature", "id": 1498, "geometry": {"type": "Point", "coordinates": [-43.55488399992208, -23.053063999465124]}, "properties": {"objectid": 1498, "cre": 10, "designacao": 1026011, "denominacao": "Escola Municipal Floripes Angladas Lucas", "latitude": -23.053064, "longitude": -43.554884, "tipo": "Escola Municipal"}}, {"type": "Feature", "id": 1499, "geometry": {"type": "Point", "coordinates": [-43.56816899968677, -23.061044999141252]}, "properties": {"objectid": 1499, "cre": 10, "designacao": 1026012, "denominacao": "Escola Municipal Professor Vieira Fazenda", "latitude": -23.061045, "longitude": -43.568169000000005, "tipo": "Escola Municipal"}}, {"type": "Feature", "id": 1500, "geometry": {"type": "Point", "coordinates": [-43.56723700004259, -23.06807299965044]}, "properties": {"objectid": 1500, "cre": 10, "designacao": 1026013, "denominacao": "Escola Municipal Ana Neri", "latitude": -23.068073000000002, "longitude": -43.567237, "tipo": "Escola Municipal"}}, {"type": "Feature", "id": 1501, "geometry": {"type": "Point", "coordinates": [-43.54485400005854, -23.019937999294932]}, "properties": {"objectid": 1501, "cre": 10, "designacao": 1026014, "denominacao": "Escola Municipal Euclides Roxo", "latitude": -23.019938, "longitude": -43.544854, "tipo": "Escola Municipal"}}, {"type": "Feature", "id": 1502, "geometry": {"type": "Point", "coordinates": [-43.64941599983925, -22.995968999235252]}, "properties": {"objectid": 1502, "cre": 10, "designacao": 1026015, "denominacao": "Escola Municipal Nestor Victor", "latitude": -22.995969, "longitude": -43.649416, "tipo": "Escola Municipal"}}, {"type": "Feature", "id": 1503, "geometry": {"type": "Point", "coordinates": [-43.638757000465624, -23.001415999665326]}, "properties": {"objectid": 1503, "cre": 10, "designacao": 1026016, "denominacao": "Escola Municipal Deborah Mendes de Moraes", "latitude": -23.001416, "longitude": -43.638757, "tipo": "Escola Municipal"}}, {"type": "Feature", "id": 1504, "geometry": {"type": "Point", "coordinates": [-43.60305299961912, -22.94811999932681]}, "properties": {"objectid": 1504, "cre": 10, "designacao": 1026017, "denominacao": "Escola Municipal Giuseppe Melchiori - Padre José", "latitude": -22.94812, "longitude": -43.603053, "tipo": "Escola Municipal"}}, {"type": "Feature", "id": 1505, "geometry": {"type": "Point", "coordinates": [-43.63601800015626, -22.98632699922139]}, "properties": {"objectid": 1505, "cre": 10, "designacao": 1026018, "denominacao": "Escola Municipal Emma D'Avila de Camillis", "latitude": -22.986327, "longitude": -43.636018, "tipo": "Escola Municipal"}}, {"type": "Feature", "id": 1506, "geometry": {"type": "Point", "coordinates": [-43.642738999634645, -22.98021999888881]}, "properties": {"objectid": 1506, "cre": 10, "designacao": 1026019, "denominacao": "Escola Municipal Professora Maria Helena Sampaio Marques", "latitude": -22.98022, "longitude": -43.642739, "tipo": "Escola Municipal"}}, {"type": "Feature", "id": 1507, "geometry": {"type": "Point", "coordinates": [-43.627970000473425, -23.001635999328887]}, "properties": {"objectid": 1507, "cre": 10, "designacao": 1026020, "denominacao": "Escola Municipal Professora Elisa Joaquina Daltro Peixoto", "latitude": -23.001636, "longitude": -43.62797, "tipo": "Escola Municipal"}}, {"type": "Feature", "id": 1508, "geometry": {"type": "Point", "coordinates": [-43.62896200032486, -23.004017999141354]}, "properties": {"objectid": 1508, "cre": 10, "designacao": 1026021, "denominacao": "Escola Municipal Professora Myrthes Wenzel", "latitude": -23.004018000000002, "longitude": -43.628962, "tipo": "Escola Municipal"}}, {"type": "Feature", "id": 1509, "geometry": {"type": "Point", "coordinates": [-43.6080659996719, -22.95838799959567]}, "properties": {"objectid": 1509, "cre": 10, "designacao": 1026024, "denominacao": "Escola Municipal Tatiana Chagas Memória", "latitude": -22.958388000000003, "longitude": -43.608065999999994, "tipo": "Escola Municipal"}}, {"type": "Feature", "id": 1510, "geometry": {"type": "Point", "coordinates": [-43.631465999730786, -22.998711999633436]}, "properties": {"objectid": 1510, "cre": 10, "designacao": 1026025, "denominacao": "Escola Municipal Rivadávia Manoel Pinto", "latitude": -22.998712, "longitude": -43.631465999999996, "tipo": "Escola Municipal"}}, {"type": "Feature", "id": 1511, "geometry": {"type": "Point", "coordinates": [-43.60715400047839, -22.993690999533836]}, "properties": {"objectid": 1511, "cre": 10, "designacao": 1026026, "denominacao": "Escola Municipal Doutor Sócrates", "latitude": -22.993691000000002, "longitude": -43.607154, "tipo": "Escola Municipal"}}, {"type": "Feature", "id": 1512, "geometry": {"type": "Point", "coordinates": [-43.67020800022135, -22.979217999546634]}, "properties": {"objectid": 1512, "cre": 10, "designacao": 1026027, "denominacao": "Escola Municipal Paulo Vanzolini", "latitude": -22.979218, "longitude": -43.670208, "tipo": "Escola Municipal"}}, {"type": "Feature", "id": 1513, "geometry": {"type": "Point", "coordinates": [-43.67065799993667, -22.97655299957155]}, "properties": {"objectid": 1513, "cre": 10, "designacao": 1026028, "denominacao": "Escola Municipal Ginásio Professor Jorge Luiz Itaboraí de Almeida", "latitude": -22.976553000000003, "longitude": -43.670658, "tipo": "Escola Municipal"}}, {"type": "Feature", "id": 1514, "geometry": {"type": "Point", "coordinates": [-43.582469999641894, -22.940690999180017]}, "properties": {"objectid": 1514, "cre": 10, "designacao": 1026029, "denominacao": "Escola Municipal Ginásio Professor Ari Marques Pontes", "latitude": -22.940691, "longitude": -43.58247, "tipo": "Escola Municipal"}}, {"type": "Feature", "id": 1515, "geometry": {"type": "Point", "coordinates": [-43.626868999772064, -22.985479999666698]}, "properties": {"objectid": 1515, "cre": 10, "designacao": 1026030, "denominacao": "Escola Municipal Ginásio Medalhista Olímpica Bárbara Seixas", "latitude": -22.98548, "longitude": -43.626869000000006, "tipo": "Escola Municipal"}}, {"type": "Feature", "id": 1516, "geometry": {"type": "Point", "coordinates": [-43.60967799969177, -22.963752999023377]}, "properties": {"objectid": 1516, "cre": 10, "designacao": 1026201, "denominacao": "Ciep Posseiro Mário Vaz", "latitude": -22.963753, "longitude": -43.609678, "tipo": "CIEP"}}, {"type": "Feature", "id": 1517, "geometry": {"type": "Point", "coordinates": [-43.64817099975633, -22.974505998999767]}, "properties": {"objectid": 1517, "cre": 10, "designacao": 1026202, "denominacao": "Ciep Hildebrando de Araujo Goes", "latitude": -22.974505999999998, "longitude": -43.648171, "tipo": "CIEP"}}, {"type": "Feature", "id": 1518, "geometry": {"type": "Point", "coordinates": [-43.59014900004852, -22.972750999269852]}, "properties": {"objectid": 1518, "cre": 10, "designacao": 1026601, "denominacao": "Creche Municipal Sonho de Criança", "latitude": -22.972751, "longitude": -43.590149, "tipo": "Creche Municipal"}}, {"type": "Feature", "id": 1519, "geometry": {"type": "Point", "coordinates": [-43.61214499999161, -22.999507999465436]}, "properties": {"objectid": 1519, "cre": 10, "designacao": 1026602, "denominacao": "Creche Municipal Nossa Senhora da Glória", "latitude": -22.999508000000002, "longitude": -43.612145, "tipo": "Creche Municipal"}}, {"type": "Feature", "id": 1520, "geometry": {"type": "Point", "coordinates": [-43.63741099963012, -23.000729999079034]}, "properties": {"objectid": 1520, "cre": 10, "designacao": 1026603, "denominacao": "Creche Municipal Sempre Vida Colônia dos Pescadores", "latitude": -23.000729999999997, "longitude": -43.637411, "tipo": "Creche Municipal"}}, {"type": "Feature", "id": 1521, "geometry": {"type": "Point", "coordinates": [-43.58259899994063, -22.954725998981182]}, "properties": {"objectid": 1521, "cre": 10, "designacao": 1026604, "denominacao": "Creche Municipal Josepha Ferreira da Costa", "latitude": -22.954725999999997, "longitude": -43.582599, "tipo": "Creche Municipal"}}, {"type": "Feature", "id": 1522, "geometry": {"type": "Point", "coordinates": [-43.65977300001953, -22.984620998989033]}, "properties": {"objectid": 1522, "cre": 10, "designacao": 1026801, "denominacao": "Espaço de Desenvolvimento Infantil Samira Pires Ribeiro", "latitude": -22.984621, "longitude": -43.659773, "tipo": "EDI"}}, {"type": "Feature", "id": 1523, "geometry": {"type": "Point", "coordinates": [-43.64450599987019, -22.981151999325945]}, "properties": {"objectid": 1523, "cre": 10, "designacao": 1026802, "denominacao": "Espaço de Desenvolvimento Infantil Professor Marcos Flamínio Portugal Pinto", "latitude": -22.981152, "longitude": -43.644506, "tipo": "EDI"}}, {"type": "Feature", "id": 1524, "geometry": {"type": "Point", "coordinates": [-43.61040699967423, -22.963642999010446]}, "properties": {"objectid": 1524, "cre": 10, "designacao": 1026803, "denominacao": "Espaço de Desenvolvimento Infantil Padre Carlos Henrique de Souza", "latitude": -22.963643, "longitude": -43.610406999999995, "tipo": "EDI"}}, {"type": "Feature", "id": 1525, "geometry": {"type": "Point", "coordinates": [-43.58917000042448, -22.96766999896264]}, "properties": {"objectid": 1525, "cre": 10, "designacao": 1026804, "denominacao": "Espaço de Desenvolvimento Infantil Professora Luzia Maria Moreira do Nascimento", "latitude": -22.967670000000002, "longitude": -43.58917, "tipo": "EDI"}}, {"type": "Feature", "id": 1526, "geometry": {"type": "Point", "coordinates": [-43.582756999576205, -22.942743998895608]}, "properties": {"objectid": 1526, "cre": 10, "designacao": 1026805, "denominacao": "Espaço de Desenvolvimento Infantil Medalhista Olímpico Izaquias Queiroz", "latitude": -22.942743999999998, "longitude": -43.582757, "tipo": "EDI"}}, {"type": "Feature", "id": 1527, "geometry": {"type": "Point", "coordinates": [-43.645917000415764, -22.983840999198087]}, "properties": {"objectid": 1527, "cre": 10, "designacao": 1026806, "denominacao": "Espaço de Desenvolvimento Infantil Medalhista Felipe Wu", "latitude": -22.983840999999998, "longitude": -43.645917, "tipo": "EDI"}}, {"type": "Feature", "id": 1528, "geometry": {"type": "Point", "coordinates": [-43.608041000183924, -22.958120999443654]}, "properties": {"objectid": 1528, "cre": 10, "designacao": 1026807, "denominacao": "Espaço de Desenvolvimento Infantil Alfredo Fernando Vaz Guimarães Junior", "latitude": -22.958121000000002, "longitude": -43.608041, "tipo": "EDI"}}, {"type": "Feature", "id": 1529, "geometry": {"type": "Point", "coordinates": [-43.61026800025496, -22.964107999701497]}, "properties": {"objectid": 1529, "cre": 10, "designacao": 1026809, "denominacao": "Espaço de Desenvolvimento Infantil Medalhista Paralímpico Ricardo Costa de Oliveira", "latitude": -22.964108, "longitude": -43.610268, "tipo": "EDI"}}, {"type": "Feature", "id": 1530, "geometry": {"type": "Point", "coordinates": [-43.648573999564455, -22.974411999600953]}, "properties": {"objectid": 1530, "cre": 10, "designacao": 1026810, "denominacao": "Espaço de Desenvolvimento Infantil Alcebíades Franscisco Rosa", "latitude": -22.974412, "longitude": -43.648573999999996, "tipo": "EDI"}}, {"type": "Feature", "id": 1531, "geometry": {"type": "Point", "coordinates": [-43.62891599970041, -22.986273998973793]}, "properties": {"objectid": 1531, "cre": 10, "designacao": 1026811, "denominacao": "Espaço de Desenvolvimento Infantil Germano Thomé de Oliveira", "latitude": -22.986274, "longitude": -43.628916000000004, "tipo": "EDI"}}, {"type": "Feature", "id": 1532, "geometry": {"type": "Point", "coordinates": [-43.17389899965925, -22.82119999931913]}, "properties": {"objectid": 1532, "cre": 11, "designacao": 1120001, "denominacao": "Escola Municipal Cuba", "latitude": -22.8212, "longitude": -43.173899, "tipo": "Escola Municipal"}}, {"type": "Feature", "id": 1533, "geometry": {"type": "Point", "coordinates": [-43.17958700013748, -22.81870199922459]}, "properties": {"objectid": 1533, "cre": 11, "designacao": 1120002, "denominacao": "Escola Municipal Cândido Portinari", "latitude": -22.818702, "longitude": -43.179587, "tipo": "Escola Municipal"}}, {"type": "Feature", "id": 1534, "geometry": {"type": "Point", "coordinates": [-43.18155799992612, -22.807691999189288]}, "properties": {"objectid": 1534, "cre": 11, "designacao": 1120003, "denominacao": "Escola Municipal Abeilard Feijó", "latitude": -22.807692, "longitude": -43.181558, "tipo": "Escola Municipal"}}, {"type": "Feature", "id": 1535, "geometry": {"type": "Point", "coordinates": [-43.18241600024869, -22.791118999252465]}, "properties": {"objectid": 1535, "cre": 11, "designacao": 1120004, "denominacao": "Escola Municipal Jornalista Orlando Dantas", "latitude": -22.791119000000002, "longitude": -43.182416, "tipo": "Escola Municipal"}}, {"type": "Feature", "id": 1536, "geometry": {"type": "Point", "coordinates": [-43.182770999809215, -22.790374999596047]}, "properties": {"objectid": 1536, "cre": 11, "designacao": 1120005, "denominacao": "Escola Municipal Dunshee de Abranches", "latitude": -22.790374999999997, "longitude": -43.182770999999995, "tipo": "Escola Municipal"}}, {"type": "Feature", "id": 1537, "geometry": {"type": "Point", "coordinates": [-43.17623500010355, -22.79521699957468]}, "properties": {"objectid": 1537, "cre": 11, "designacao": 1120006, "denominacao": "Escola Municipal Amadeu Rocha", "latitude": -22.795217, "longitude": -43.176235, "tipo": "Escola Municipal"}}, {"type": "Feature", "id": 1538, "geometry": {"type": "Point", "coordinates": [-43.17316900008757, -22.794400998938233]}, "properties": {"objectid": 1538, "cre": 11, "designacao": 1120007, "denominacao": "Escola Municipal Rotary", "latitude": -22.794401, "longitude": -43.173169, "tipo": "Escola Municipal"}}, {"type": "Feature", "id": 1539, "geometry": {"type": "Point", "coordinates": [-43.196551000471445, -22.81004799952331]}, "properties": {"objectid": 1539, "cre": 11, "designacao": 1120008, "denominacao": "Escola Municipal Álvaro Moreira", "latitude": -22.810048, "longitude": -43.196551, "tipo": "Escola Municipal"}}, {"type": "Feature", "id": 1540, "geometry": {"type": "Point", "coordinates": [-43.20063600036757, -22.81472899925164]}, "properties": {"objectid": 1540, "cre": 11, "designacao": 1120009, "denominacao": "Escola Municipal Padre José de Anchieta", "latitude": -22.814729, "longitude": -43.200636, "tipo": "Escola Municipal"}}, {"type": "Feature", "id": 1541, "geometry": {"type": "Point", "coordinates": [-43.19718700025281, -22.8165079994907]}, "properties": {"objectid": 1541, "cre": 11, "designacao": 1120010, "denominacao": "Escola Municipal Costa Rica", "latitude": -22.816508000000002, "longitude": -43.197187, "tipo": "Escola Municipal"}}, {"type": "Feature", "id": 1542, "geometry": {"type": "Point", "coordinates": [-43.207055999836406, -22.809936998975527]}, "properties": {"objectid": 1542, "cre": 11, "designacao": 1120012, "denominacao": "Escola Municipal Brigadeiro Eduardo Gomes", "latitude": -22.809936999999998, "longitude": -43.207056, "tipo": "Escola Municipal"}}, {"type": "Feature", "id": 1543, "geometry": {"type": "Point", "coordinates": [-43.18940499967602, -22.80220699944285]}, "properties": {"objectid": 1543, "cre": 11, "designacao": 1120013, "denominacao": "Escola Municipal Alice Tibiriçá", "latitude": -22.802207, "longitude": -43.189405, "tipo": "Escola Municipal"}}, {"type": "Feature", "id": 1544, "geometry": {"type": "Point", "coordinates": [-43.19273200028978, -22.80548999945702]}, "properties": {"objectid": 1544, "cre": 11, "designacao": 1120014, "denominacao": "Escola Municipal Holanda", "latitude": -22.80549, "longitude": -43.192732, "tipo": "Escola Municipal"}}, {"type": "Feature", "id": 1545, "geometry": {"type": "Point", "coordinates": [-43.20199900046972, -22.798665999180887]}, "properties": {"objectid": 1545, "cre": 11, "designacao": 1120015, "denominacao": "Escola Municipal Leonel Azevedo", "latitude": -22.798666, "longitude": -43.201999, "tipo": "Escola Municipal"}}, {"type": "Feature", "id": 1546, "geometry": {"type": "Point", "coordinates": [-43.18290800015769, -22.792240999691398]}, "properties": {"objectid": 1546, "cre": 11, "designacao": 1120016, "denominacao": "Escola Municipal Sun-Yat-Sen", "latitude": -22.792241, "longitude": -43.182908, "tipo": "Escola Municipal"}}, {"type": "Feature", "id": 1547, "geometry": {"type": "Point", "coordinates": [-43.18212900035482, -22.79735499939909]}, "properties": {"objectid": 1547, "cre": 11, "designacao": 1120017, "denominacao": "Escola Municipal Capitão de Fragata Didier Barbosa Vianna", "latitude": -22.797355, "longitude": -43.182128999999996, "tipo": "Escola Municipal"}}, {"type": "Feature", "id": 1548, "geometry": {"type": "Point", "coordinates": [-43.17988199973562, -22.79739699941261]}, "properties": {"objectid": 1548, "cre": 11, "designacao": 1120018, "denominacao": "Escola Municipal Magdalena Tagliaferro", "latitude": -22.797397, "longitude": -43.179882, "tipo": "Escola Municipal"}}, {"type": "Feature", "id": 1549, "geometry": {"type": "Point", "coordinates": [-43.19894599993607, -22.798510998979477]}, "properties": {"objectid": 1549, "cre": 11, "designacao": 1120019, "denominacao": "Escola Municipal Rodrigo Otávio", "latitude": -22.798511, "longitude": -43.198946, "tipo": "Escola Municipal"}}, {"type": "Feature", "id": 1550, "geometry": {"type": "Point", "coordinates": [-43.19943999963332, -22.798528999525313]}, "properties": {"objectid": 1550, "cre": 11, "designacao": 1120020, "denominacao": "Escola Municipal Belmiro Medeiros", "latitude": -22.798529000000002, "longitude": -43.199439999999996, "tipo": "Escola Municipal"}}, {"type": "Feature", "id": 1551, "geometry": {"type": "Point", "coordinates": [-43.20715500008216, -22.799351999228623]}, "properties": {"objectid": 1551, "cre": 11, "designacao": 1120021, "denominacao": "Escola Municipal Gurgel do Amaral", "latitude": -22.799352, "longitude": -43.207155, "tipo": "Escola Municipal"}}, {"type": "Feature", "id": 1552, "geometry": {"type": "Point", "coordinates": [-43.20964699954926, -22.79974599966373]}, "properties": {"objectid": 1552, "cre": 11, "designacao": 1120022, "denominacao": "Escola Municipal Maestro Francisco Braga", "latitude": -22.799746000000003, "longitude": -43.209647000000004, "tipo": "Escola Municipal"}}, {"type": "Feature", "id": 1553, "geometry": {"type": "Point", "coordinates": [-43.207846999550874, -22.80588999912175]}, "properties": {"objectid": 1553, "cre": 11, "designacao": 1120023, "denominacao": "Escola Especial Municipal Rotary Club", "latitude": -22.80589, "longitude": -43.207847, "tipo": "Escola Especial Municipal"}}, {"type": "Feature", "id": 1554, "geometry": {"type": "Point", "coordinates": [-43.22596700036069, -22.81585899890864]}, "properties": {"objectid": 1554, "cre": 11, "designacao": 1120024, "denominacao": "Escola Municipal Anita Garibaldi", "latitude": -22.815859, "longitude": -43.225967000000004, "tipo": "Escola Municipal"}}, {"type": "Feature", "id": 1555, "geometry": {"type": "Point", "coordinates": [-43.237758999754476, -22.81220799971855]}, "properties": {"objectid": 1555, "cre": 11, "designacao": 1120025, "denominacao": "Escola Municipal Alberto de Oliveira", "latitude": -22.812208000000002, "longitude": -43.237759, "tipo": "Escola Municipal"}}, {"type": "Feature", "id": 1556, "geometry": {"type": "Point", "coordinates": [-43.22583099967113, -22.785985999531075]}, "properties": {"objectid": 1556, "cre": 11, "designacao": 1120028, "denominacao": "Escola Municipal Comandante Guilherme Fischer Presser", "latitude": -22.785986, "longitude": -43.225831, "tipo": "Escola Municipal"}}, {"type": "Feature", "id": 1557, "geometry": {"type": "Point", "coordinates": [-43.22619699985432, -22.816800999284915]}, "properties": {"objectid": 1557, "cre": 11, "designacao": 1120029, "denominacao": "Escola Municipal Professora Lavínia de Oliveira Escragnolle Dória", "latitude": -22.816801, "longitude": -43.226197, "tipo": "Escola Municipal"}}, {"type": "Feature", "id": 1558, "geometry": {"type": "Point", "coordinates": [-43.218730000311865, -22.85989299966705]}, "properties": {"objectid": 1558, "cre": 11, "designacao": 1120030, "denominacao": "Escola Municipal Tenente Antônio João", "latitude": -22.859893, "longitude": -43.21873, "tipo": "Escola Municipal"}}, {"type": "Feature", "id": 1559, "geometry": {"type": "Point", "coordinates": [-43.18022200018421, -22.809467999000084]}, "properties": {"objectid": 1559, "cre": 11, "designacao": 1120031, "denominacao": "Escola Municipal Conjunto Praia da Bandeira", "latitude": -22.809468, "longitude": -43.180222, "tipo": "Escola Municipal"}}, {"type": "Feature", "id": 1560, "geometry": {"type": "Point", "coordinates": [-43.18630199983654, -22.816755999313475]}, "properties": {"objectid": 1560, "cre": 11, "designacao": 1120032, "denominacao": "Escola Municipal Nelson Prudêncio", "latitude": -22.816756, "longitude": -43.186302000000005, "tipo": "Escola Municipal"}}, {"type": "Feature", "id": 1561, "geometry": {"type": "Point", "coordinates": [-43.18258500000172, -22.814274999379982]}, "properties": {"objectid": 1561, "cre": 11, "designacao": 1120201, "denominacao": "Ciep Olga Benário Prestes", "latitude": -22.814275, "longitude": -43.182584999999996, "tipo": "CIEP"}}, {"type": "Feature", "id": 1562, "geometry": {"type": "Point", "coordinates": [-43.20965799993136, -22.812440999618]}, "properties": {"objectid": 1562, "cre": 11, "designacao": 1120501, "denominacao": "Escola Municipal Anísio Teixeira", "latitude": -22.812441, "longitude": -43.209658000000005, "tipo": "Escola Municipal"}}, {"type": "Feature", "id": 1563, "geometry": {"type": "Point", "coordinates": [-43.18421199990154, -22.788104999414646]}, "properties": {"objectid": 1563, "cre": 11, "designacao": 1120502, "denominacao": "Ciep João Mangabeira", "latitude": -22.788105, "longitude": -43.184211999999995, "tipo": "CIEP"}}, {"type": "Feature", "id": 1564, "geometry": {"type": "Point", "coordinates": [-43.20345200041327, -22.796121999269293]}, "properties": {"objectid": 1564, "cre": 11, "designacao": 1120503, "denominacao": "Ciep Doutor João Ramos de Souza", "latitude": -22.796122, "longitude": -43.203452, "tipo": "CIEP"}}, {"type": "Feature", "id": 1565, "geometry": {"type": "Point", "coordinates": [-43.23986499995199, -22.804969998950984]}, "properties": {"objectid": 1565, "cre": 11, "designacao": 1120601, "denominacao": "Creche Municipal Stella Maris", "latitude": -22.80497, "longitude": -43.239865, "tipo": "Creche Municipal"}}, {"type": "Feature", "id": 1566, "geometry": {"type": "Point", "coordinates": [-43.19096499962121, -22.79664099890068]}, "properties": {"objectid": 1566, "cre": 11, "designacao": 1120602, "denominacao": "Creche Municipal Cora Coralina", "latitude": -22.796641, "longitude": -43.190965, "tipo": "Creche Municipal"}}, {"type": "Feature", "id": 1567, "geometry": {"type": "Point", "coordinates": [-43.20961499964724, -22.79566899893774]}, "properties": {"objectid": 1567, "cre": 11, "designacao": 1120603, "denominacao": "Creche Municipal Doutor Antônio Monteiro", "latitude": -22.795669, "longitude": -43.209615, "tipo": "Creche Municipal"}}, {"type": "Feature", "id": 1568, "geometry": {"type": "Point", "coordinates": [-43.18671600017855, -22.78656499930125]}, "properties": {"objectid": 1568, "cre": 11, "designacao": 1120604, "denominacao": "Creche Municipal Maria Arminda F. Souza Aguiar", "latitude": -22.786565, "longitude": -43.186716000000004, "tipo": "Creche Municipal"}}, {"type": "Feature", "id": 1569, "geometry": {"type": "Point", "coordinates": [-43.22562200039119, -22.81481399962699]}, "properties": {"objectid": 1569, "cre": 11, "designacao": 1120605, "denominacao": "Creche Municipal Sempre Vida Loreto", "latitude": -22.814814000000002, "longitude": -43.225622, "tipo": "Creche Municipal"}}, {"type": "Feature", "id": 1570, "geometry": {"type": "Point", "coordinates": [-43.17959999961984, -22.796874999402306]}, "properties": {"objectid": 1570, "cre": 11, "designacao": 1120606, "denominacao": "Creche Municipal Tauá", "latitude": -22.796875, "longitude": -43.1796, "tipo": "Creche Municipal"}}, {"type": "Feature", "id": 1571, "geometry": {"type": "Point", "coordinates": [-43.193199999997994, -22.80550299926914]}, "properties": {"objectid": 1571, "cre": 11, "designacao": 1120801, "denominacao": "Espaço de Desenvolvimento Infantil José de Souza Ramos", "latitude": -22.805502999999998, "longitude": -43.1932, "tipo": "EDI"}}, {"type": "Feature", "id": 1572, "geometry": {"type": "Point", "coordinates": [-43.185002000182706, -22.78853699924385]}, "properties": {"objectid": 1572, "cre": 11, "designacao": 1120802, "denominacao": "Espaço de Desenvolvimento Infantil Neusa Maria Goulart Brizola", "latitude": -22.788536999999998, "longitude": -43.185002000000004, "tipo": "EDI"}}, {"type": "Feature", "id": 1573, "geometry": {"type": "Point", "coordinates": [-43.227871999611935, -22.81800099938427]}, "properties": {"objectid": 1573, "cre": 11, "designacao": 1120803, "denominacao": "Espaço de Desenvolvimento Infantil Tenente Pedro de Lima Mendes", "latitude": -22.818001000000002, "longitude": -43.227872000000005, "tipo": "EDI"}}, {"type": "Feature", "id": 1574, "geometry": {"type": "Point", "coordinates": [-43.17514200034361, -22.787577999417596]}, "properties": {"objectid": 1574, "cre": 11, "designacao": 1120804, "denominacao": "Espaço de Desenvolvimento Infantil Professora Anna Maria Jesus Conceição", "latitude": -22.787578, "longitude": -43.175142, "tipo": "EDI"}}, {"type": "Feature", "id": 1575, "geometry": {"type": "Point", "coordinates": [-43.181774000352036, -22.903200999463472]}, "properties": {"objectid": 1575, "cre": 12, "designacao": 1202701, "denominacao": "CENTRO MUNICIPAL DE REFERÊNCIA DE EDUCAÇÃO DE JOVENS E ADULTOS", "latitude": -22.903201, "longitude": -43.181774, "tipo": "Centro Municipal de Referência de Educação de Jovens e Adultos"}}, {"type": "Feature", "id": 1576, "geometry": {"type": "Point", "coordinates": [-43.18267440386244, -22.965262552378427]}, "properties": {"objectid": 1576, "cre": 2, "designacao": 2050091, "denominacao": "Núcleo de Arte Copacabana", "latitude": -22.96526255, "longitude": -43.1826744, "tipo": "Núcleo de Arte"}}, {"type": "Feature", "id": 1577, "geometry": {"type": "Point", "coordinates": [-43.22008201225525, -22.979158884410808]}, "properties": {"objectid": 1577, "cre": 2, "designacao": 2060051, "denominacao": "Núcleo de Arte Leblon", "latitude": -22.97915888, "longitude": -43.22008201, "tipo": "Núcleo de Arte"}}, {"type": "Feature", "id": 1578, "geometry": {"type": "Point", "coordinates": [-43.30077435337868, -22.90156401306886]}, "properties": {"objectid": 1578, "cre": 3, "designacao": 3130551, "denominacao": "Clube Escolar Engenho de Dentro", "latitude": -22.901564009999998, "longitude": -43.30077435, "tipo": "Clube Escolar"}}, {"type": "Feature", "id": 1579, "geometry": {"type": "Point", "coordinates": [-43.26282635866836, -22.872887883612453]}, "properties": {"objectid": 1579, "cre": 3, "designacao": 3130552, "denominacao": "Núcleo de Arte Nise da Silveira", "latitude": -22.87288788, "longitude": -43.26282636, "tipo": "Núcleo de Arte"}}, {"type": "Feature", "id": 1580, "geometry": {"type": "Point", "coordinates": [-43.312586560208906, -22.837336821954292]}, "properties": {"objectid": 1580, "cre": 4, "designacao": 4110201, "denominacao": "Núcleo de Arte Grécia", "latitude": -22.837336819999997, "longitude": -43.31258656, "tipo": "Núcleo de Arte"}}, {"type": "Feature", "id": 1581, "geometry": {"type": "Point", "coordinates": [-43.356578999890225, -22.809462999609977]}, "properties": {"objectid": 1581, "cre": 6, "designacao": 6250201, "denominacao": "Clube Escolar Pavuna", "latitude": -22.809463, "longitude": -43.356578999999996, "tipo": "Clube Escolar"}}, {"type": "Feature", "id": 1582, "geometry": {"type": "Point", "coordinates": [-43.40525699985279, -22.83143499939352]}, "properties": {"objectid": 1582, "cre": 6, "designacao": 6255021, "denominacao": "Núcleo de Arte Sebastião Bernardes de Souza Prata - Grande Otelo", "latitude": -22.831435, "longitude": -43.405257, "tipo": "Núcleo de Arte"}}, {"type": "Feature", "id": 1583, "geometry": {"type": "Point", "coordinates": [-43.390380000321265, -22.94951999935668]}, "properties": {"objectid": 1583, "cre": 7, "designacao": 7160351, "denominacao": "Núcleo de Arte Silveira Sampaio", "latitude": -22.94952, "longitude": -43.39038, "tipo": "Núcleo de Arte"}}, {"type": "Feature", "id": 1584, "geometry": {"type": "Point", "coordinates": [-43.38258000042448, -22.953279999558465]}, "properties": {"objectid": 1584, "cre": 7, "designacao": 7162041, "denominacao": "Clube Escolar Rio das Pedras", "latitude": -22.95328, "longitude": -43.38258, "tipo": "Clube Escolar"}}, {"type": "Feature", "id": 1585, "geometry": {"type": "Point", "coordinates": [-43.334550000059394, -22.969219999129013]}, "properties": {"objectid": 1585, "cre": 7, "designacao": 7162051, "denominacao": "Clube Escolar Ayrton Senna da Silva", "latitude": -22.96922, "longitude": -43.33455, "tipo": "Clube Escolar"}}, {"type": "Feature", "id": 1586, "geometry": {"type": "Point", "coordinates": [-43.37222999997827, -22.88535999909292]}, "properties": {"objectid": 1586, "cre": 7, "designacao": 7165021, "denominacao": "Clube Escolar Vila Valqueire", "latitude": -22.885360000000002, "longitude": -43.37223, "tipo": "Clube Escolar"}}, {"type": "Feature", "id": 1587, "geometry": {"type": "Point", "coordinates": [-43.3837200000003, -23.002619999765262]}, "properties": {"objectid": 1587, "cre": 7, "designacao": 7240061, "denominacao": "Núcleo de Arte Professor Albert Einstein", "latitude": -23.00262, "longitude": -43.38372, "tipo": "Núcleo de Arte"}}, {"type": "Feature", "id": 1588, "geometry": {"type": "Point", "coordinates": [-43.484720000068116, -22.878919999582486]}, "properties": {"objectid": 1588, "cre": 8, "designacao": 8170281, "denominacao": "Polo de Educação pelo Trabalho Presidente Médici", "latitude": -22.87892, "longitude": -43.484719999999996, "tipo": "Polo de Educação pelo Trabalho"}}, {"type": "Feature", "id": 1589, "geometry": {"type": "Point", "coordinates": [-43.619162000089034, -22.91250099945218]}, "properties": {"objectid": 1589, "cre": 9, "designacao": 9182051, "denominacao": "Núcleo de Arte Dr. Dilson Francisco de Alvarenga Menezes", "latitude": -22.912501000000002, "longitude": -43.619162, "tipo": "Núcleo de Arte"}}, {"type": "Feature", "id": 1590, "geometry": {"type": "Point", "coordinates": [-43.241079999538066, -22.83861999942064]}, "properties": {"objectid": 1590, "cre": 11, "designacao": 11200301, "denominacao": "Clube Escolar Fundão", "latitude": -22.83862, "longitude": -43.24108, "tipo": "Clube Escolar"}}]}